window_idx,start_index,coef_cosine_similarity,coef_pearson_similarity,transfer_mse,transfer_mae,random_mse,random_mae,persistence_mse,persistence_mae,transfer_skill,random_skill,retrieved_state_similarity,retrieved_mse,retrieved_mae,retrieved_skill
0,0,0.9306964846704313,0.9267202633791658,0.12272480304331013,0.2614256084472946,,,0.12847291378096368,0.2691796889429304,0.04474181030449442,,,,,
1,12,0.848132987209122,0.8408718365775009,0.18198788102623178,0.33039244661301986,,,0.2002967397569786,0.3455126615694821,0.09140867072005798,,,,,
2,24,0.7640104025150752,0.7502008151128555,0.2156141435545362,0.3769834768382509,,,0.26817764805398703,0.41315831503017825,0.1960025560701063,,,,,
3,36,0.8056921561542542,0.7945790536342947,0.2564364310416461,0.4330904350486322,,,0.4033614344950623,0.5425538086577127,0.36425148982658817,,,,,
4,48,0.8041870622502529,0.799475821756323,0.269224251480043,0.4542148040134784,,,0.42366082134738364,0.5805005319252077,0.3645287977684142,,,,,
5,60,0.7253490647183922,0.715766339856838,0.2607058335091483,0.4516463230284444,,,0.14781934110312775,0.3195630478788484,-0.7636787687158209,,,,,
6,72,0.8999360773003192,0.8956638851700385,0.33819710048414114,0.5028233543688164,,,0.23030398204945687,0.34920190245512434,-0.4684813413756548,,,,,
7,84,0.885598099455072,0.8781667024220166,0.23071282698181383,0.38870381622849703,,,0.35956336798795907,0.4193142936132885,0.3583528036439466,,,,,
8,96,0.8887189553296836,0.8801152554427013,0.24159877966260201,0.32952609884478035,0.27155158245412153,0.4310707054291452,0.3795090911208507,0.4477655684057578,0.3633913249638928,0.2844661990780907,0.4992925165274566,0.27155158245412153,0.4310707054291452,0.2844661990780907
9,108,0.7702465629358191,0.7545500657300759,0.24121601526478612,0.355789643081797,0.24414711054615199,0.3928431632287486,0.24503650535558133,0.42530671461346287,0.015591513947079694,0.0036296420736930957,0.35855559322992436,0.25749099900249844,0.3989601665138596,-0.05082709463573165
10,120,0.7232804817454662,0.699272345042497,0.27578957290440126,0.3628628971426279,0.2475988779691717,0.4012441000636017,0.320596779996434,0.40473654797502995,0.13976187500239745,0.22769380911459636,0.38719007187163007,0.2475988779691717,0.4012441000636017,0.22769380911459636
11,132,0.8233905071517749,0.8057978410501332,0.36494935458448713,0.44771857597569614,0.2217395395710221,0.383979998470304,0.5161555296169921,0.5789170424156785,0.29294692463084904,0.5704016970707227,0.369883613686657,0.2309801223045382,0.3942967347268354,0.5524989871251895
12,144,0.50521900413317,0.4682064877488868,0.22190619642515264,0.31936493721082343,0.2501673498367918,0.41297775426584976,0.2174486442842385,0.3637226859206913,-0.02049933286816663,-0.15046635797731156,0.37291458557123414,0.24777818855016384,0.41567422506007823,-0.13947911409500446
13,156,0.3886424342637273,0.3561415479143251,0.2386319586949478,0.3358367392906918,0.21786618357887697,0.3971707978701359,0.23540748626573724,0.39916420594812707,-0.01369740818510179,0.07451463402934844,0.3987785103810256,0.21961860449620438,0.4030035611244429,0.06707043187109929
14,168,0.8397220461013186,0.8247393964074746,0.08949615190067921,0.22630657319075032,0.17227037312302515,0.3673306228225794,0.6350803942539652,0.7436575414645422,0.8590790194274361,0.7287424164221087,0.28881095407755875,0.19136952469829893,0.38168655997275086,0.6986688198379947
15,180,0.8768211781851484,0.8651629474500115,0.0639738447967893,0.19170521736752177,0.16603706470208338,0.346199285648348,0.05532651503931676,0.17735877755730142,-0.15629630298108377,-2.001039638663166,0.3818074828642397,0.15633499987351118,0.3433186445281051,-1.8256795094072817
16,192,0.7447287175897166,0.7216014021160085,0.09868392794845456,0.24420389835916212,0.18948716293713744,0.3808717716548742,0.16980825618686982,0.3529853239462595,0.4188508252516573,-0.11588898674403358,0.49961114404922413,0.18552662926868546,0.38447873623435896,-0.09256542311180649
17,204,0.7269449459089614,0.7044882039356051,0.08503391938311418,0.2273014893562116,0.21611609787126337,0.41699286258652934,0.06486942766283957,0.20291319817731823,-0.3108473813747834,-2.331555490122898,0.32032102804256535,0.2061108188097446,0.4057297907584849,-2.1773182874529216
18,216,0.7002951268622708,0.670303985826069,0.12120067464563074,0.28415569268235724,0.22897883026552793,0.4238165377790429,0.05818740151527637,0.18487003971418303,-1.082936709483599,-2.93519600983406,0.49258986089586415,0.1182147224728509,0.2819861472070286,-1.0316205809914902
19,228,0.7060100599660273,0.6735093744639026,0.1135648839154969,0.2709280866360298,0.2340594114959699,0.4324040717406286,0.0948835223462201,0.2520196704116757,-0.19688731096122725,-1.4668077839892097,0.5853834493136016,0.09122118870776641,0.23792437012521997,0.03859820491370691
20,240,0.5940938289654438,0.5617501399169629,0.1299419729845341,0.2859637624583882,0.07115542811534988,0.21565064801757727,0.08992804085113519,0.23941277178007336,-0.44495500796728193,0.20875149239446977,0.6291255637067256,0.06620399997834908,0.20669023953855273,0.2638113835044882
21,252,0.41315523447055247,0.3787895098627279,0.23986004140811054,0.432254123516582,0.11368227301998868,0.2910052088954267,0.8474766063804712,0.8805982138719851,0.716971489711627,0.865857922019205,0.7256065927777565,0.049373907361624114,0.1729474787292138,0.9417400940746936
22,264,0.7914179221647272,0.7716965905364137,0.15536794558264355,0.3294521757297386,0.06409712484856421,0.2017702606620845,0.2572029199327957,0.44414783281166237,0.39593241933940915,0.7507916128428399,0.6563307141979835,0.11068870328686131,0.27267027969981467,0.5696444530420454
23,276,0.777869918909219,0.7581417998763454,0.20064136820537493,0.3882990321011612,0.0855751441390864,0.23476042062955313,0.20974115521613967,0.3972629567612735,0.04338579617999794,0.5919964107621098,0.5122157972880146,0.595709716675232,0.7317818538256216,-1.8402137675905768
24,288,0.7041007089004575,0.6809623503785559,0.25684060975952555,0.4312399653315855,0.20579373946575022,0.3734923622843455,0.14301210036644876,0.2992327311977914,-0.7959362117010165,-0.4389952943732185,0.5554787379473496,0.7312781119028916,0.8034050377659309,-4.113400264936271
25,300,0.8478741152791094,0.8366321231449378,0.29246161965523754,0.4776582842417774,0.5303482831722128,0.6813377720657373,0.4454133735376747,0.6112949051711009,0.3433928188272055,-0.19068782995882372,0.5472837492942987,0.6763694939019008,0.7813525197726346,-0.5185208484645802
26,312,0.836891947998041,0.8241400524509511,0.3419044540137419,0.5125153018895975,1.0149261730932866,0.9651556561695133,0.1482439327211815,0.3069460792687145,-1.306363894546692,-5.846325205107508,0.47417204221862097,0.3773458392690386,0.5361605697087941,-1.5454386722103086
27,324,0.8556588407524061,0.8467783500056199,0.2705169787010829,0.4519816224577209,0.6954655765576092,0.7823297896286343,0.10957617375822572,0.2594956432587126,-1.4687572984430437,-5.34686860021339,0.6037491274930266,0.5855475754746794,0.7013614366971233,-4.343749059596299
28,336,0.8461710725043773,0.8453390731320376,0.0707323668123467,0.19998179705581398,0.6521294205545628,0.7438698221489449,0.13638626655459385,0.30141547211735936,0.4813820438142623,-3.781488906681986,0.6699828536565495,0.3254375913410927,0.505411269874109,-1.3861463442202502
29,348,0.8384769243503074,0.8374398463915493,0.0946255382982033,0.23649623177917287,0.2499057629393043,0.4438417950029485,0.16225841665523974,0.3410469670972922,0.4168220037592263,-0.5401713395878514,0.6127248538830049,0.6917634374999051,0.7908683804961442,-3.2633439408553864
30,360,0.8921551787172737,0.8971690487429967,0.06546759243880336,0.18924892682563457,0.4063464202149854,0.5907635584589364,0.11357051831710507,0.2672248097048562,0.4235511697145864,-2.5779216845731767,0.6690145082118146,0.32104119068480613,0.5139730334830857,-1.8268004359054997
31,372,0.9362805748198608,0.9463199839675703,0.057794966734485594,0.17436293344896603,1.3245185505432249,1.1131390471785698,0.04865134626577502,0.16162334596314157,-0.18794177696050474,-26.224705012428196,0.6540219065441163,0.652762861652086,0.776338984287829,-12.417159272143062
32,384,0.8422409584947222,0.8482882569639718,0.07309047013408372,0.23748102878791055,0.5679463889293833,0.7193094509909704,0.043191954126154564,0.15643571565530281,-0.6922242026976115,-12.149356180332385,0.6895672100461246,0.33385788312532333,0.5291411819013865,-6.729631360280552
33,396,0.7954701051693625,0.8023700425082028,0.04488177407287958,0.1624454981072174,0.7088299028105863,0.8175385845471338,0.04569813224176459,0.16161992507170328,0.017864147369658245,-14.511135095424537,0.7061008038624077,0.6257737662852881,0.7567113295229957,-12.693639883893962
34,408,0.7910166748443447,0.8048458331179678,0.04394959522707318,0.16149585459655597,0.7395156619955706,0.8139259994990958,0.04356671240005592,0.16099218283227382,-0.008788425977645398,-15.97432790440762,0.7698001458817226,0.24363808008640234,0.4252809040975685,-4.592298951758628
35,420,0.7780388446242671,0.7848526318367798,0.056811732906756236,0.1757413481173503,0.25255504712732507,0.44521207312580374,0.08728155013948337,0.22190758963292723,0.3490980302713891,-1.893567388797753,0.6923606601193051,0.25255504712732507,0.44521207312580374,-1.893567388797753
36,432,0.7984933305661606,0.7970982040793824,0.059392999614422605,0.18702956151230285,0.6061722007959587,0.7301363819956567,0.056914571200246844,0.1898181383374571,-0.04354646555195352,-9.650562553888303,0.6393903094128119,0.6046841498642307,0.7215712659220296,-9.6244172118371
37,444,0.8581260119614663,0.8537545908603232,0.05914834085652609,0.1960282721159433,0.8076191623811152,0.8533863276761782,0.10035812303192848,0.23204438380365303,0.4106272709214748,-7.047372130745957,0.5876350834025651,1.3367475522529688,1.1098681657591547,-12.319774342807195
38,456,0.8850658456090551,0.8813866426981096,0.061837635598436295,0.20954137609939485,0.3798130820496806,0.5571043701270949,0.06726375990424331,0.20042947077408,0.08066935766795735,-4.64662282617538,0.607869245007953,1.2556626671772615,1.0760078011331533,-17.667744249872783
39,468,0.9348859310969363,0.9376531138933418,0.10788768869999998,0.2750287564662402,0.534545322394887,0.6679098850768023,0.11699865792538607,0.2469818578278692,0.07787242509393955,-3.5688158468944513,0.5668301018516959,1.1327656604767824,0.9965288819289478,-8.681868839890324
40,480,0.8840870608750878,0.8879720283194067,0.11733183004008897,0.2868411414419434,0.6604117805145201,0.7497860990257555,0.09659889216504984,0.2355713791697842,-0.21462914750217443,-5.836639279321484,0.5400857967084727,1.0549699486560162,0.9413125025943838,-9.921139207823252
41,492,0.8713970827710859,0.8737502300796894,0.14376476189386908,0.3288237724328443,0.938738017778042,0.8971948236982668,0.1773780297372264,0.37349854789809117,0.18950073970915748,-4.292301527808822,0.5720709319793873,0.9200280836775704,0.8826650269226232,-4.186820966725867
42,504,0.7612411778954173,0.7734185416158535,0.17228408872662296,0.36392061847183726,0.45951063175805734,0.6000973461622975,0.1774415469659886,0.37015332311412363,0.02906567445759589,-1.5896450950471865,0.577606627006741,0.16333628940672212,0.35402662219647635,0.07949241764652859
43,516,0.7159374627788528,0.7224126433842932,0.3191664627082976,0.48608160328117606,0.264765132427739,0.4505205243543176,1.0088697168523526,0.9421812877463241,0.6836395647754313,0.7375626128874209,0.5669591463272259,0.22957160218235254,0.4266130771297881,0.7724467308835377
44,528,0.7053206976271507,0.7038923726400074,0.42600897167573454,0.5716398465224586,0.4298887425042661,0.5560333763845322,0.16192724863456498,0.3068018930248284,-1.6308664864500062,-1.654826449095252,0.5860086586634504,0.34169094957379226,0.48623720644815105,-1.1101510243338684
45,540,0.6427572018624659,0.6298851306350914,0.4853487740141666,0.6343842651874133,0.5114588346656495,0.6122298683333693,0.23234262242421985,0.3953729423881375,-1.0889355941244334,-1.2013129977151107,0.5445810968593304,0.38814041347335415,0.5442048404758046,-0.6705519177823209
46,552,0.7054727928953622,0.6925007181677444,0.5107536193263296,0.6620430733955355,0.5672377685152509,0.6783432310195253,0.27040545303465113,0.46037715452467975,-0.8888436368214772,-1.0977305085728508,0.5421695966543936,0.07183325805203272,0.22021810304601186,0.734349817113978
47,564,0.7575427532739835,0.7444792890448655,0.3336519607424268,0.5097650658199919,0.10709919211491746,0.27319840987699795,0.08477768844855231,0.2421348248953874,-2.935610499039554,-0.26329455396641355,0.5884849197595384,0.06753396198786911,0.21145370770545005,0.203399346882967
48,576,0.75809536023433,0.7450135349108027,0.3157942841234513,0.5099068891655216,0.056400227013345496,0.19223431157609835,0.12482742715433885,0.3006971563642954,-1.5298469360663631,0.5481744012586973,0.5589516348052075,0.04670853629080423,0.1636030809665812,0.6258151164723361
49,588,0.7691947584208348,0.7589094128849342,0.313314947785354,0.5172699551755461,0.14419902262336062,0.32185289179909105,0.39944114871391506,0.5891356803315071,0.21561674656169627,0.6389980774698858,0.6368855551557145,0.16527359713673206,0.35279665270977006,0.5862379284936836
50,600,0.8071169534170602,0.7992521805261891,0.12739675509208295,0.32297449799912503,0.28193864019278186,0.4978045552934692,0.06715394040108232,0.19197380874711692,-0.8970853285927167,-3.1983931026069454,0.522803830791911,0.07641450661356995,0.20238306834772224,-0.13790056335009027
51,612,0.744049518889319,0.7329779379636033,0.07347447653683738,0.1973506198074955,0.07843837436156718,0.23614788194836214,0.3635087566543937,0.5585014329515048,0.7978742597205346,0.7842187487215265,0.6245091408011528,0.19560967593948342,0.37812231800503165,0.4618845561251238
52,624,0.8043654916756969,0.7935339622933347,0.04874962741008639,0.15273169228604022,0.08219098969053483,0.21154364764390707,0.1607707987365075,0.3400355827086537,0.6967756097922748,0.48876916494493305,0.6754873783821036,0.08219098969053483,0.21154364764390707,0.48876916494493305
53,636,0.7600339152814564,0.7475497199986725,0.04590100241352005,0.16595587452717986,0.24166882215372634,0.4516321384646908,0.04456013945809012,0.1758490883677526,-0.030091085255490313,-4.423430561320879,0.6913817034688299,0.22796397972421198,0.43746159673132273,-4.115872223394129
54,648,0.7781954823054936,0.7657501929480459,0.053038851341281806,0.16003055108672817,0.4418652594669699,0.6307248399026504,0.10971858988215422,0.2668730121577193,0.5165919339808376,-3.0272597373112937,0.6593698884984728,0.04497613588433608,0.14832641701357854,0.590077343022329
55,660,0.7331361140851025,0.7177701215822002,0.04593453653605493,0.15289026587331267,0.1304111041030789,0.2845135559157786,0.0434053945209501,0.1789604497543622,-0.05826791906900208,-2.00449069850372,0.699646375239291,0.042732532759092286,0.1533177764844555,0.01550180039333715
56,672,0.6833404548449835,0.666448504195355,0.06689349922764788,0.18321102141533496,0.5458477730891121,0.6880203829678134,0.07325469927217444,0.1949956618597045,0.08683675051196127,-6.4513686973314845,0.6167152551389442,0.04799447206185392,0.1630459670079022,0.34482739621204805
57,684,0.7199867942861081,0.7051330102607319,0.03664481033318418,0.15116410939687938,0.3502955165517863,0.548848271026105,0.3422869261623582,0.5451635959104562,0.8929412503596403,-0.02339730143718488,0.6399882369878175,0.057048381281183815,0.20761672771042475,0.8333316965365956
58,696,0.7029941840259634,0.6895485123072306,0.04463870650438053,0.17380398299930852,0.6171979921590522,0.7539644204970198,0.03600659224850333,0.14981104030319425,-0.23973705137941792,-16.141249799464347,0.7141855442611201,0.19193874780889195,0.3781365717819715,-4.330655744487182
59,708,0.6834095435238206,0.668990976341003,0.07216481229146869,0.21462146506252136,0.7386440826380286,0.8276440753014597,0.07176841170315469,0.2132089425531435,-0.005523329538816846,-9.292050013495846,0.6631822970628121,0.4607423705698655,0.6012041551875541,-5.419849062224863
60,720,0.8966152187000861,0.8911643715962919,0.08449587277087685,0.2314646232042374,0.09670486297872771,0.25598295360577095,0.07283496340448939,0.2173466038480877,-0.16010043557828868,-0.32772584015284933,0.6423979091675373,0.5897072036238559,0.708801663922784,-7.096485205174245
61,732,0.8198510990147208,0.8107328640103918,0.12269076504509684,0.28970334600553543,0.059201422985315354,0.20594006322245148,0.12167507070802065,0.2911244022381259,-0.008347596029046223,0.5134465701081949,0.5975495453918367,0.7103710274477716,0.7900105998905763,-4.838262705040243
62,744,0.7993911168211378,0.7886097318084513,0.14328224632396547,0.31172999110408234,0.11643488541581226,0.28679698413199933,0.11040908553103455,0.28012923062626716,-0.29773963469420006,-0.05457702919823504,0.6342250757152023,0.8362482776875106,0.8842000883472677,-6.574089339345648
63,756,0.8346996219419375,0.8267269804106949,0.17013362342633168,0.3603179808280496,0.15659907509981894,0.3495971777317084,0.08182860522018878,0.24967684692863937,-1.0791460757338713,-0.9137448900471146,0.6595731974387281,0.06795976967021398,0.19104154399211315,0.16948639797361564
64,768,0.8300861367719297,0.8239947389612055,0.1468937820861377,0.3438136233475874,0.06466775393947008,0.20075374314621555,0.05109377457835021,0.18934362821813489,-1.8749839544714417,-0.2656679697896409,0.6954099540809019,0.07005464906618288,0.20730861014806343,-0.37109950565028127
65,780,0.7743814891600485,0.7700188588033849,0.14591979563028323,0.334106120876146,0.43050540540352406,0.6058121239872536,0.08607296939960897,0.25558415268563267,-0.6953033762879122,-4.001633014481313,0.8055648258303258,0.048916781393599174,0.16012137483810782,0.43168242324144335
66,792,0.8021464121175975,0.7996801962709903,0.08569171724326495,0.25447152085925784,0.05187270001928268,0.18743134532304273,0.10644484338659853,0.2530106052309252,0.1949660075872347,0.5126800099570301,0.6856107806347835,0.06541836688157927,0.18378375290775817,0.38542474393066295
67,804,0.8305663532296226,0.8293313200316218,0.06503714527436856,0.21922543374997663,1.0566150087397068,0.996311415795159,0.051656066288124025,0.1740816111919884,-0.2590417727824721,-19.454809757409414,0.7540522872991527,0.0539636171075549,0.19791474395530817,-0.044671439101846344
68,816,0.7957077996300556,0.7923929812335415,0.047821846485549734,0.173661632907855,1.0575918693453232,0.9486497529856647,0.09843507871615749,0.24235043415621618,0.5141788160352222,-9.74405469207723,0.7185892775173935,0.38005466090330087,0.5704801349754489,-2.860967714560453
69,828,0.8448042584969082,0.843184203723738,0.044398421017497,0.1653716042898464,0.07401029261319693,0.24055151105993758,0.06438882314213291,0.18366449592008213,0.3104638530278584,-0.14942763357897415,0.7611848756411103,0.3637765354701052,0.5471873949553486,-4.64968449053804
70,840,0.8250823841892581,0.8271067219758766,0.04838811727179294,0.16342130677632974,0.7599933052793362,0.8407794004599262,0.06605997387701222,0.18909056236117686,0.2675123159769943,-10.504595909987202,0.6288073124602851,0.19955715845375224,0.3934064487645543,-2.0208482798567204
71,852,0.8966928096305704,0.8978801152634107,0.0516376680995943,0.17322926195834878,0.0827337535864192,0.254529644352322,0.05693624293171595,0.19180920324553777,0.09306154672826361,-0.4530947130748053,0.7518061451728838,0.07610737207512606,0.20973723116760604,-0.33671222680432544
72,864,0.9658952826095362,0.9661442216327436,0.043686406528278675,0.1603679378408374,0.12156599283665,0.3060706099331365,0.05244068155323254,0.18357828079535002,0.16693671336188487,-1.3181619543454701,0.7563558877636848,0.08322094633121609,0.21741859936200322,-0.5869539423651178
73,876,0.960435992847884,0.959959703916756,0.0449095098719966,0.1620784936171105,0.12000753941156722,0.2966451396149406,0.058745784438070985,0.20060088558171826,0.23552795657466108,-1.0428281034884734,0.6903814485405172,0.9704133065669652,0.9615522662316974,-15.518858601504622
74,888,0.8739004423307156,0.8712930387594422,0.057934643258660296,0.19238571637216875,0.06699402348501775,0.20717761069440677,0.06633543938027457,0.2053799098933319,0.12664114687559191,-0.009928088377733957,0.7424261335061643,0.7947715417799502,0.8547543765293563,-10.981100135989792
75,900,0.8655132693448018,0.8621683400844778,0.059519027581510675,0.18811900073674934,0.12277787122717987,0.298265261200042,0.06788074620668666,0.21297061251082458,0.12318247945766259,-0.8087289561216626,0.7032710088317494,0.8415674467471966,0.8699885824949765,-11.397734170227746
76,912,0.7291084262877143,0.7224220932264264,0.08177399705967446,0.21641769769551344,0.10666637681142233,0.27703097220140044,0.08842592235610001,0.24347316423093288,0.07522596450436314,-0.2062794932674401,0.7741894978088211,0.6995452237961852,0.7840821758120917,-6.911087667019709
77,924,0.7625321423138649,0.7578173304583499,0.08116808007555046,0.23269875605162074,0.159884064526389,0.3281339791989466,0.1100024835734839,0.27558191541645455,0.26212502264707027,-0.4534586795904767,0.7367164120235248,0.723551330173744,0.7838112903599207,-5.577590856759129
78,936,0.5882128888018205,0.5833217023233762,0.06686226323233006,0.217283745098403,0.41386638638463663,0.5789171624039658,0.13625612952618552,0.3072650427534054,0.5092898685377631,-2.037414814466019,0.761268400575596,0.16172227376245016,0.3239318431805878,-0.18689907253948967
79,948,0.6555867045199186,0.6501254092854731,0.10992357238744616,0.2632185299616148,0.13046700557204657,0.2917473935238037,0.14381657432696346,0.32469183885394687,0.23566826075597092,0.09282357626296234,0.8365842259116986,0.12153684402236466,0.29251768163801223,0.15491768183788313
80,960,0.7259307124068549,0.7206398728673822,0.10445791471138482,0.28346179352738815,0.18602103460813704,0.3486093781237843,0.14358867773268535,0.3220480527035729,0.2725198367948556,-0.2955132503862645,0.8128340398147966,0.1194443155681077,0.29160909428015896,0.16814948466568147
81,972,0.7428366544782766,0.739038389089665,0.13154835599075765,0.3248839676984047,0.8143892877848504,0.7687913259675169,0.1620969860158147,0.33666532262867155,0.1884589638333969,-4.0240865533761125,0.8787488739503674,0.1395075635006151,0.3269587247627361,0.13935744932972227
82,984,0.8727902372146421,0.8759968599732193,0.22897775268275153,0.4117556751232132,0.16492057473502206,0.35464513172276885,0.17245009845334824,0.3608632104000056,-0.3277913711640781,0.0436620436048234,0.900896015814034,0.17145164427485873,0.37022172869433706,0.005789815067920201
83,996,0.8936197817274516,0.8907543019634695,0.191716948046882,0.4005327432467156,0.31585544890989065,0.4909139428008468,0.6911536413052305,0.7508465772991375,0.7226131259544142,0.5430025539424148,0.8634619590420782,0.16192936040344927,0.3609528214533145,0.7657114847899105
84,1008,0.9741870914794174,0.9737238876683004,0.21565841773957065,0.4142339147280126,1.391188844932201,1.131441279108839,0.28960240373920526,0.47945561980019,0.2553293240833151,-3.8037890120035183,0.8815570395307767,0.21110368996131612,0.387111994838296,0.2710568447096846
85,1020,0.9061729588963993,0.9013045190409805,0.3225300107736293,0.537269700025099,0.41136382364638163,0.6094920268350955,0.5962158126957317,0.7428924915711633,0.4590381470841216,0.31004207723636146,0.8375051657022734,0.12760187468811798,0.31557972018671143,0.7859803917122249
86,1032,0.6531473569237617,0.6420515732866979,0.23593420802281628,0.44487785705746896,0.16821549784528278,0.35793796591880095,0.05421364731709124,0.17702392208326992,-3.3519338708730695,-2.1028256937114733,0.6490269912786896,0.3348916210969273,0.5302967509396014,-5.177256791784794
87,1044,0.5950088259225839,0.5852737633148749,0.20543932784303398,0.4028035243557033,1.750538863412105,1.2941190090188128,0.06821037977933096,0.22038655953872377,-2.0118484680433637,-24.663819334759832,0.6884656651729849,0.9793560687266442,0.9407029214124084,-13.357874445135513
88,1056,0.5943131585228869,0.5833869002997869,0.10070500854816643,0.26709607152163933,0.26997016576199323,0.4570422342834042,0.08489409146487596,0.22509401793539738,-0.1862428445898625,-2.1800819244728067,0.7064954543943773,0.8086774938931903,0.8510728206173362,-8.52572175447301
89,1068,0.7558797661992248,0.7470301872922857,0.07081782848349577,0.22904044130493628,0.19790028891971653,0.3783640706311677,0.05996026243196789,0.20490993786796854,-0.1810793617497437,-2.3005240619861884,0.7729628005646622,0.8268756896764362,0.8627823617271301,-12.790394773782484
90,1080,0.7581750407743358,0.7501527294289284,0.09187357200351291,0.23832853817106922,1.644889732741871,1.2451425014880992,0.12724045235083156,0.2719948401031559,0.2779531170622054,-11.927411859606778,0.76000317081798,0.625663813114821,0.7005612346371389,-3.917176900548264
91,1092,0.8405640676566256,0.8368752334793325,0.11619550871180385,0.28017979100154794,0.5844853746507055,0.668890614545233,0.1323841432671801,0.2979442979050661,0.12228529909888108,-3.4150708704673676,0.765733850787474,1.1057886831229704,0.9509818429813892,-7.35287864416849
92,1104,0.8412962890434295,0.8363414993371904,0.12787475083747338,0.29971902578091864,0.30568931841029284,0.47308612836624886,0.14190857249756758,0.31732015989335793,0.0988934030770745,-1.1541286268349475,0.6406974969586134,0.30568931841029284,0.47308612836624886,-1.1541286268349475
93,1116,0.8661771417790123,0.8631912489874167,0.16568092900666184,0.339293105568746,0.6589042075058575,0.7203013145819707,0.20957425031381413,0.38960626125071623,0.20944043097578502,-2.1440131911206732,0.6990386939848914,0.3984651383166804,0.549406202564625,-0.9013077118015365
94,1128,0.9617388900905793,0.9607530350893345,0.15466765578331643,0.3148092153852293,0.8072899185495119,0.8377157941741423,0.14527838713308094,0.3127012311359398,-0.06462949400473805,-4.5568480245447756,0.7526531664698024,0.38395710249126486,0.5410553440777156,-1.6429058724305938
95,1140,0.9447421833157795,0.9443935471797653,0.18290978376065767,0.3685676345176309,0.6822430863659141,0.752621285381276,0.4598641352083354,0.6139057013703063,0.6022525573171893,-0.48357533047632173,0.7568454482632723,0.46926059120791946,0.609655068357879,-0.02043311334841791
96,1152,0.8941051763251281,0.8919832951805213,0.205586779058795,0.38033327929805133,0.8597514778568479,0.8837546035792151,0.1781043868952711,0.3559162203187672,-0.15430497048724612,-3.8272335838779687,0.7935314843523353,0.484443605264391,0.6554578080997608,-1.7199981634885466
97,1164,0.9288828117313838,0.9274143558409865,0.24665657980518305,0.4219271414898988,0.5996144677724837,0.7260468728016015,0.10399845831207706,0.269189890993853,-1.371733041128548,-4.765609197524538,0.8724536639426431,0.6854351772898394,0.7660683010126402,-5.590820560368265
98,1176,0.8313896696076944,0.8270003754940255,0.12947555326317992,0.30723777875666347,0.6082842008129882,0.6932692925979893,0.2255949441232139,0.40605677390692146,0.4260706782840672,-1.6963556438603504,0.7514745123107132,0.6089974162985445,0.7376697947287382,-1.6995171308711887
99,1188,0.8069773354111665,0.8017867092861821,0.1151917783640957,0.29203299921570336,2.8638061833918464,1.6624580514134681,0.06789825654914722,0.22121178897484306,-0.6965351427059945,-41.17790454337984,0.8451893369208561,0.6652568919669795,0.7661631612481958,-8.797849396699052
100,1200,0.7725978478920249,0.7662761694214645,0.06450611806602961,0.22616585221741467,0.5550702820190591,0.6771313139497396,0.09166868935880235,0.23145417393959303,0.2963124212069308,-5.055178555531069,0.8491762487706845,0.3279245237667335,0.519854118872047,-2.5772795057993814
101,1212,0.6034515679576381,0.5937164899460196,0.04188559385398841,0.18634902811677997,0.9728951761745505,0.7830140332165421,0.04875939883570821,0.19833627710071547,0.14097394852796818,-18.952977259885028,0.8599689191255037,0.1919834507218087,0.3897554347972503,-2.9373629557797685
102,1224,0.5756810731844543,0.564439469811266,0.0379691940243022,0.16081898050929547,2.339465038716659,1.5076646604900785,0.08020207656628191,0.19849066972576623,0.5265809109952024,-28.16963174617106,0.817434227627099,0.39176507378835074,0.5891130297358712,-3.8847248171259237
103,1236,0.7176671690271426,0.709064028635008,0.045136790303779484,0.16515856976923673,0.5420311626453391,0.6908683402461558,0.048278137795545135,0.1704797589267487,0.0650677021775169,-10.22725911551947,0.8324957305865764,0.4288470983160957,0.5971837082598228,-7.882842584613268
104,1248,0.8605078710802918,0.8561227474390969,0.06543534119117723,0.1819431775080508,0.46131423317118775,0.6241746090733374,0.09713646683970407,0.21398992773828598,0.32635658553281,-3.749135398680444,0.8017002794370823,0.37869741174751076,0.5567832061154668,-2.8986121697471496
105,1260,0.891745382350937,0.8897090792464261,0.06444454873530875,0.1985848310266809,0.5905286813872133,0.7232213042830837,0.061099446346594026,0.21878711525134042,-0.05474848936828702,-8.665041447959572,0.8332234288530427,0.402313040871859,0.5543926497999384,-5.584561152807988
106,1272,0.9445228873420205,0.9439524387924565,0.07959720499320101,0.23639468290182064,0.43017987009250697,0.6066480661910484,0.14064344628938366,0.2939225225552791,0.4340496689093907,-2.058655639078852,0.8664710622344723,0.34406640024821994,0.5143079469881776,-1.4463735021131336
107,1284,0.96280070475479,0.9626005887468777,0.07633334035295274,0.20818062186942646,0.8847166295953249,0.8409742881164624,0.11093040421129201,0.2538210966872844,0.3118808058468925,-6.975420588121019,0.8756928421786923,0.4019632000902085,0.5221059009034411,-2.6235620247500298
108,1296,0.9612568056129748,0.9606406862456628,0.08295626211489875,0.2220815965110209,0.2483939207468745,0.43643523859345673,0.11871699628049055,0.27833232295852706,0.3012267433139948,-1.0923197901671853,0.7779414849287865,0.8336351219352349,0.7438329123794327,-6.022036844375846
109,1308,0.898887751179762,0.89691104625593,0.07424222749311009,0.21316308708962253,0.41381506970016835,0.5923050428639317,0.050617261043839214,0.18566463268583822,-0.4667373532678798,-7.175374588952302,0.7191867684267148,0.2970937974927151,0.4908655190097733,-4.869416704222784
110,1320,0.8927632372366678,0.8900732732695892,0.047693987745828594,0.1635706256973754,0.35917701960215803,0.557672404047986,0.04595955078948868,0.16881338208371574,-0.03773833570054386,-6.815068107330256,0.7573848916403885,0.183773507812833,0.38369905243599794,-2.9985923416567313
111,1332,0.8544711160967304,0.850077045418096,0.041693797992515484,0.1643058840772296,0.4413457426170688,0.6167115768197707,0.05582592978580614,0.19669027837807374,0.25314637566294107,-6.905748176706265,0.7986057144144112,0.37925639473107814,0.541175746381286,-5.793552676797599
112,1344,0.8506257498881226,0.8456511362067388,0.10019772603632245,0.22524494412751675,0.35770841039322204,0.51349331558023,0.11249603989196529,0.24444025024056618,0.10932219362969076,-2.1797422445869614,0.8440195774947151,0.1879826053890917,0.3288558608940823,-0.671015313691214
113,1356,0.9118247137184908,0.9082236777655478,0.18749440341885673,0.3088014428137252,0.9164959726334349,0.8738236623197143,0.42234717480549167,0.5359256063232295,0.5560656857591018,-1.1700061638994486,0.8309468670140938,0.3281936509950965,0.44606115692619563,0.22292921422703194
114,1368,0.7884470458342213,0.7790271356516799,0.22160748672285957,0.35937394299791076,0.999263349602897,0.9324346108614727,0.2292745407603872,0.3698081768192014,0.03344049457955467,-3.3583703026461116,0.8604918296340416,0.386668303439647,0.5245517093173467,-0.6864860012684557
115,1380,0.7620680097736481,0.7515775870249438,0.2738942720194512,0.4305055039790808,1.117933109122604,1.000625365192417,0.45671301639537526,0.5926773140818252,0.40029238890283425,-1.4477802667984663,0.8620814796450544,0.45139126206483643,0.5906748114661512,0.011652293977826522
116,1392,0.7811957864545546,0.7723004115594593,0.27894106188339324,0.43508837980181353,0.9083857647261834,0.8890640728551128,0.12027322016985857,0.2639137332118793,-1.3192283493320658,-6.552685156706498,0.8652033349300489,0.14709523060864085,0.28555719061303425,-0.22300899901825444
117,1404,0.8276289292771164,0.8205526562241079,0.27364596608981967,0.4303880091162376,0.9013975909024282,0.8667887713359752,0.1947406613668706,0.35076617001896393,-0.4051814560406566,-3.628707659589856,0.8733974331729986,0.3349157023739075,0.49069851924950325,-0.7198036610493075
118,1416,0.9030200399154354,0.8985200096724727,0.2532107791050247,0.40929467701627026,1.223350183005928,0.9570084249430716,0.16659715818927578,0.3208527282813643,-0.5198985496339903,-6.343163570749778,0.836122878477041,0.23759845377406283,0.39315637805289017,-0.426185514545935
119,1428,0.8894380732674108,0.8842882065496814,0.2313854270706386,0.37727585075893155,1.4418213937356292,1.1762880754955887,0.10928381700178207,0.2610452291359419,-1.1172890316126627,-12.19336598310908,0.8666425143789094,0.21137289230717052,0.36520457611313745,-0.9341646193024509
120,1440,0.8977063201331938,0.8924015958131187,1.8287655537875545,1.2079213864582035,0.32374582141078534,0.538196860308093,0.6207603951272965,0.7274896312482078,-1.946008746921649,0.47846894880528545,0.7709076925405596,0.20504020273136234,0.39014512928497647,0.6696950959809289
121,1452,0.8784520227740731,0.8723661062334861,0.07169429156631285,0.21841221375495512,1.4777614952400266,1.0915281176535228,0.13591328291564245,0.31595683289446413,0.4724997437460805,-9.872826139864722,0.8776557213433003,0.11703218274592216,0.29070870485728295,0.13892019797240318
122,1464,0.9200758437093537,0.9161416166073997,0.08201591264813786,0.23546468982658786,0.6270909293328758,0.731379037937366,0.12698155055160026,0.30787122688140967,0.3541115832034998,-3.9384412665369917,0.8687167242863021,0.06676286993492715,0.21062175836484995,0.47423173173651423
123,1476,0.8107222549558801,0.801420579691448,0.08642026196695977,0.24578592671146957,1.0586997152786937,0.9737235311383058,0.06598051018602545,0.19516923962338542,-0.3097846882860784,-15.045643058742584,0.8560648280503761,0.10829048533692555,0.2533978665440721,-0.6412495906990012
124,1488,0.8447430754071577,0.8369726263024606,0.08686078742893479,0.2541870620281366,0.928376818718779,0.919397409927441,0.07047809326663909,0.20954021402540426,-0.23245087094390038,-12.17255867303986,0.838496894707447,0.08198011725914767,0.21364103796517808,-0.16319998824305704
125,1500,0.8979463430576121,0.8926785685148555,0.057480909448553615,0.20065326238288173,0.48327044836083655,0.6435046995387271,0.10723740006419942,0.25771587685522396,0.4639844922187434,-3.506547604394724,0.7825313510613716,0.07291629000324171,0.2039168393694513,0.3200479500660294
126,1512,0.9070829074405876,0.9026449275110595,0.06442151679270926,0.20885286087402077,0.6640487841259516,0.7606074908334964,0.0752246095803843,0.21170835986320868,0.14361115129658408,-7.827547099680929,0.7873098813818139,0.7774115209526175,0.8311696840395303,-9.334537132052283
127,1524,0.8668188627348331,0.8604104671067992,0.04678667255249092,0.16641901145043986,1.154234876297706,0.9874601583707051,0.122376631561064,0.28830356113948247,0.6176829517558251,-8.43182421001481,0.7814949559723791,1.1397198152513868,0.9954498730055507,-8.313214465154523
128,1536,0.8289773906845995,0.8198101968587594,0.07047307719759742,0.21531288430861695,1.3436749761972073,1.1242948893600275,0.04981479954260717,0.17639960290039994,-0.41470161166303576,-25.97340927866119,0.7972070119295203,0.8306608032799051,0.8803240470891557,-15.674980345337563
129,1548,0.7390960919738895,0.7247986135646283,0.11613425094550205,0.286689183142575,1.4209784901349078,1.1508452388953911,0.105868187565081,0.27252384415704345,-0.09697023833632867,-12.422148076931808,0.8328546647597675,0.2740547092047895,0.4592618542124258,-1.5886407948215626
130,1560,0.8512045545008907,0.8429537383057601,0.14298458806241135,0.2931563595351854,1.879513060287896,1.1476394091025404,0.15681073772621454,0.328737507398334,0.0881709369159599,-10.985869638400994,0.8483833248143231,0.4481917630091418,0.5958274595500085,-1.8581701068945113
131,1572,0.8403658095949748,0.8321556334495379,0.31480178821773847,0.40696236502131233,1.926232351673793,1.1959248253764232,0.25633314881247027,0.36269307878977924,-0.22809628671180193,-6.51456594902986,0.9065922749624244,0.6690672827981788,0.6736328125895775,-1.610147325454419
132,1584,0.8599923506069054,0.8519605638112283,0.33379299166135884,0.4451592709526817,2.048254905144404,1.3622531306097792,0.2577577413989802,0.37553391876310194,-0.2949872614870741,-6.946434097488206,0.8817852203871179,0.5771985272357444,0.621903011270413,-1.2393062730259787
133,1596,0.9118414436502041,0.9065480607855825,0.33800456210802204,0.4563260303172118,0.4512477159624971,0.5588748152483535,0.49469339273224416,0.5970908432072609,0.31673928321300804,0.08782344257680907,0.9154074477267988,0.22567262383956677,0.3423900932860233,0.5438131433428838
134,1608,0.9267089322426089,0.9220547820119012,0.32030442379654517,0.4456931384272686,1.6432044434826467,1.221044691156204,0.29202777438865785,0.41719827415005745,-0.09682863031464306,-4.626877261666614,0.9197290896017964,0.23601080757000592,0.35491951606311556,0.19182068190575363
135,1620,0.9281720045853691,0.9234612436027555,0.2880157799641256,0.4144631090954634,1.492675693837328,1.129884878340568,0.22485984447727758,0.3508898363270225,-0.280868003060591,-5.638249249470441,0.8591126036929665,0.2506262167207458,0.37786825215555114,-0.11458858874231748
136,1632,0.9179979978929979,0.9129010414748988,0.26792422437973457,0.39835268414133246,0.821468059479519,0.7950523087326745,0.18308079049825077,0.3217313203762407,-0.4634207316375687,-3.486915624757299,0.7217846873924627,1.3670226042641802,1.0774233034931864,-6.466772458999412
137,1644,0.9131493235434918,0.9078269339832987,0.16820595185527096,0.2928392862980627,1.948786534085425,1.196928585820905,0.323991607491151,0.5069986944658715,0.4808323797095113,-5.014929056885064,0.8400782575924439,1.4398266646583853,1.1212725507559382,-3.4440245715244657
138,1656,0.8681110439377147,0.8611867374944306,0.36817149594475035,0.5534726518574336,1.784606400267271,1.1705367200169905,0.6953742511995423,0.7679292079046448,0.47054194872812305,-1.5663970116649693,0.8499199387542066,0.6178753127898418,0.74416673411584,0.11144924948833301
139,1668,0.8703958134437757,0.8647516744657581,3.591720226223402,1.7912670819251566,1.8745532051683915,1.123566214172279,1.066021750419304,1.0029274058883209,-2.369274805894581,-0.7584568086261501,0.8892643598180392,0.06982274465625417,0.21625510434604026,0.9345015759492802
140,1680,0.818685545579409,0.8092163360448723,0.14481528593324663,0.3080197062368975,1.0637441904777296,0.9336499124539963,0.10446551432477859,0.25091523994103343,-0.3862496812395182,-9.18273061070275,0.8659057307719833,0.055536504024815636,0.19391906053080143,0.46837476095551356
141,1692,0.7390318580675076,0.7294103589226788,0.13066396380375203,0.28482003233152203,1.212538424361482,1.0447734694104294,0.049777391489489564,0.19133924637602231,-1.624966071822819,-23.359219880324748,0.8625743388454146,0.060037344569318384,0.21075763460579144,-0.20611672835438144
142,1704,0.7398530253742802,0.7301621653902003,0.14513623574488232,0.3098042538238336,1.0102759999751298,0.9468118016390304,0.06372582983108556,0.1883719738028465,-1.2775103302630457,-14.853477352166477,0.8379680719620225,0.050040149217092635,0.18520005703024012,0.2147587665828563
143,1716,0.8049264618729302,0.7963616404960406,0.06034943775572391,0.19358126829451874,0.12942548066759615,0.30949322800339213,0.19879514840434487,0.39161891025167606,0.6964239910273137,0.3489505065568923,0.8305415947198741,0.06105917387915937,0.21256911854652874,0.6928538026744677
144,1728,0.7922964915229107,0.78400937155853,0.08502370464394975,0.23030224477887096,4.226112725049373,1.9842322563246306,0.05358106156630099,0.18262359659974162,-0.5868238171940985,-77.87325486860685,0.8866576213949227,0.0520721408432114,0.19643110515843829,0.02816145628661093
145,1740,0.8188573957110951,0.8102731298370947,0.04552093259241152,0.17811152757663865,1.3181384198083894,1.0984017905044627,0.08588232700488231,0.25170070909210546,0.46996158371647623,-14.348191715083066,0.9008473782966814,0.07508776898329919,0.236511019522441,0.12569009711357104
146,1752,0.8717289971141773,0.8669642421210314,0.05233102708153703,0.18765951861147845,0.7993901657455112,0.8616892683391182,0.06419515582673997,0.19668467071425996,0.18481345815599748,-11.45249981015751,0.9051292181461943,0.11462697732722875,0.2809103352293277,-0.7856016680853948
147,1764,0.7621173003106599,0.7530609665785424,0.0548776889860337,0.1976635310192558,2.4810840731660484,1.5093701044785302,0.17427951572755074,0.3645024802891939,0.6851168150373829,-13.236234607426269,0.8354448365117071,0.33392453923415055,0.5357800866534621,-0.9160286155268593
148,1776,0.8164946921821598,0.8110267910477527,0.06017613259799575,0.2009862753774383,1.7387026382183255,1.2883060558354809,0.06881656292342589,0.20769559141746208,0.12555742336397402,-24.265758188955594,0.8291226034293726,0.13656834712194138,0.33028527830015175,-0.9845272899476947
149,1788,0.785499876508717,0.7792598865514673,0.055138106968127855,0.2045539878133019,0.31243677512417717,0.45389063334212437,0.11208848324393324,0.28653154153951726,0.5080841013065257,-1.7874119274523035,0.8344515725397671,0.14453041296322194,0.3328066711098239,-0.2894314275685823
150,1800,0.7973818927441344,0.7912997302730552,0.06920877811111954,0.21562451379278405,1.090601125120628,0.9753290760651376,0.16429813094133916,0.33119840901170583,0.5787610138070909,-5.637939938038706,0.8442961612419657,0.32273683696067473,0.4847543641445369,-0.9643366306820884
151,1812,0.883793913585138,0.8800523867788419,0.04390026110791397,0.17360249612252746,4.006576222334821,1.9544458706792007,0.05397803154971381,0.1990798446619093,0.18670133297688352,-73.22605284605017,0.8996996155747148,0.2712825494564591,0.45979711658813843,-4.025795525844762
152,1824,0.9258831500620904,0.9233955210002796,0.05259211259595601,0.1809255739678841,1.3111494664847338,1.1191735150542967,0.12873726605485,0.2923843880038832,0.5914771673530139,-9.184692487768876,0.8981533010963644,0.21039303713083699,0.38740322072145084,-0.6342823145024425
153,1836,0.9200711014229326,0.9183375749305671,0.04995968055131278,0.16341009752279312,0.1287710667677366,0.2989034076449114,0.06472145878839408,0.19358801266547213,0.22808166740098879,-0.9896193500327588,0.8772286736110728,0.15141918056916956,0.3331114494075429,-1.3395514162347992
154,1848,0.9059602464315756,0.9032880474325199,0.05591439848914973,0.1719063958779011,0.04296879826330611,0.16289694562800233,0.11227294237554537,0.2707269451497877,0.5019779716637347,0.6172826920347523,0.8276146330497456,0.036387963155203214,0.16492560025817418,0.6758973053944917
155,1860,0.8783048807600472,0.8743535210676444,0.054746821232037224,0.1847003708936499,0.6488901961329446,0.7522551797495524,0.05101564084114587,0.19493768857542962,-0.07313796963777497,-11.71943634215004,0.8648720686608634,0.8286316144065408,0.8613160051158815,-15.242697352107374
156,1872,0.8314080711595873,0.826456529971864,0.12697245399257526,0.26362881805139265,2.9029441922891492,1.6082491417106313,0.1287943109147329,0.2588146639375534,0.014145476684632285,-21.53938214872718,0.8839441020020938,0.21309189180982066,0.34027193213123913,-0.6545132335146093
157,1884,0.8409110844270216,0.8364840631328945,0.3389763671215942,0.4059431797757998,0.37082931152176246,0.4098128190996859,0.462272736102953,0.4689212682465367,0.266717803911108,0.19781271409617618,0.9264665356884605,0.5210361594188165,0.4935032072920757,-0.12711851408597097
158,1896,0.703663240587335,0.6933091375818867,0.5398605427837954,0.5359905976205138,2.112745456729561,1.1869113498314083,0.5720270534509612,0.550304558114175,0.056232498923101004,-2.693436252680107,0.930133179153532,0.8221278355713864,0.6643145961178883,-0.4372184507910968
159,1908,0.7660554113792558,0.7579697829351704,0.7377685817667023,0.6651044446656613,0.9816924733226697,0.7786570276267156,1.0248393123946011,0.8099194129441522,0.28011291834340357,0.04210107726167933,0.917809184433725,1.1139139431105118,0.8382063581145239,-0.08691570438275087
160,1920,0.8036707162431569,0.7971149240309255,0.8251934405655176,0.7459903504807327,7.28768370996308,2.6071840051688686,0.7754134197311245,0.7244769723226412,-0.06419803883669473,-8.398449297524529,0.9016328751904709,1.1820270731994915,0.9138921011976114,-0.5243830492505026
161,1932,0.7455151359057315,0.7383749764290983,0.9314334887237351,0.8377497796366477,0.46248537295895326,0.551848642286817,1.153725123755655,0.9543000175917435,0.19267296035671533,0.5991372958461273,0.9195440489844521,1.3116975200011416,1.0197314509547708,-0.13692377238977693
162,1944,0.7796555942910178,0.7736158663472362,0.9813491301058309,0.8822605957999606,7.554792192295726,2.706779279744842,0.7877226990290241,0.7723790504422355,-0.24580532123230392,-8.590674740753364,0.9280070796463531,1.3171286564905027,1.0570699653585625,-0.6720714765666189
163,1956,0.7578081225899914,0.7492050904315418,1.0057881901811438,0.8717577235701189,3.5284632333814834,1.8084927774655437,0.2609884074249688,0.40221891369181084,-2.8537657672412,-12.519616707097905,0.8625209513506327,4.2289094532850475,1.8334594927732082,-15.203437903657889
164,1968,0.8695303931425777,0.8633452771407525,12.93805234102353,2.7951969177165097,1.1486887820121277,0.9896838420618043,0.21686386042695624,0.4316214983385551,-58.659789858722476,-4.296819764024385,0.8868651053933819,1.3331960472767437,0.9542767163597224,-5.147617425291517
165,1980,0.861829634226032,0.8543640412434932,57.6858777269683,6.013087594300948,2.4528615264935816,1.500991592537244,0.7965831668056058,0.803336738777495,-71.41664163993774,-2.079228420467195,0.9402991366192004,3.8525040403927435,1.7331371664238147,-3.8362860287918803
166,1992,0.899961853739513,0.8930044686612001,4.338383099644807,1.8769820795894219,0.9835541196679389,0.9513788774284598,1.0263666375119913,0.9434071273862111,-3.2269330871485202,0.04171269435241376,0.8136593803590685,0.03743613940711266,0.1284411051887672,0.9635255687013937
167,2004,0.7469933579338173,0.7326336388970177,0.6461837494234793,0.7434516484809545,3.083498157700967,1.4321825756833644,0.2927367857046177,0.49314530418616287,-1.2073882784089278,-9.533347048540499,0.8906418114783796,0.4988018325133086,0.6439570726649225,-0.7039260416578401
168,2016,0.810469329453826,0.7989317750961719,0.32446126472596726,0.5098330365953526,0.11193649701678161,0.27875793837906954,0.12006373660053453,0.2907973736771003,-1.7024085199470855,0.06769104322309372,0.8147485012514852,0.25919591364587086,0.46564148170167097,-1.1588193153461868
169,2028,0.9200580165300221,0.9143765825859741,0.6170250073140658,0.7519663130032189,0.17570660885031752,0.29184194931884594,0.4359683494014506,0.6249994834255582,-0.4152977117746999,0.5969739337923302,0.7440742238407753,0.07005990796074996,0.20720971950006786,0.8393004720252363
170,2040,0.9060686106300753,0.8995854364737705,0.501372501333362,0.631619156219339,0.25312031549761344,0.4116428228826407,0.07384647664406595,0.2173659123986242,-5.7893896109619005,-2.4276559559859967,0.7323922173169977,0.062399505227369,0.20228766417330912,0.15501039368297054
171,2052,0.8982323770051983,0.8916467657351275,0.43328632199693345,0.5948067038158813,1.3258672793447805,1.1199424289544515,0.10857517463858708,0.25816196542903186,-2.9906573803745524,-11.211514130722604,0.8472877818172871,0.8944928201282449,0.9080416941841515,-7.238465405243259
172,2064,0.8853008588549437,0.8773088381273525,0.2145052242117095,0.40939356121426984,1.2861666439877715,1.104767417452094,0.09791632723823047,0.24562990421044725,-1.1906992455897387,-12.135364451104538,0.8332357219714241,0.85524633022081,0.8243770976959359,-7.734460884546815
173,2076,0.7437483353165438,0.7237769177882576,0.08379608418833688,0.23898811837264985,1.2792588933205535,1.0742085362955311,0.07815437571148658,0.22575236741015525,-0.07218672563743778,-15.3683591823834,0.7855365842278236,0.1260119501508238,0.2712733826263627,-0.6123467048858209
174,2088,0.8742691332926639,0.8641710990293157,0.08154575125060493,0.23282158241400405,0.16873371153183267,0.32422565800321035,0.09025939696770104,0.24436536411232224,0.09654003915198162,-0.8694309645367269,0.7688478514133259,0.10844685216141005,0.257302956976637,-0.20150206853495067
175,2100,0.7319011170167485,0.7145169907549556,0.08520233373689956,0.23843959861622585,2.0726186962405118,1.3619135875927586,0.11953598367417591,0.2858152923946036,0.28722438952659624,-16.33886845228072,0.6870405600412004,0.1054829649906275,0.2680603379435823,0.11756308227531964
176,2112,0.7567552763690493,0.7409915560464756,0.0851114300039234,0.2383344725860673,0.8258337722156831,0.7959958872985062,0.1824639776833736,0.36928030404112205,0.533543929686682,-3.5260099154954148,0.7080056499611309,0.13393442520420554,0.3126274209817567,0.2659678534651947
177,2124,0.891843045107239,0.8829010180238037,0.1581154212749371,0.3488621054977483,2.1211829289955637,1.4053668356729963,0.4796850185807647,0.6449383905852312,0.6703765697274634,-3.4220328899815735,0.7244452342485533,1.7006230436725254,1.2416013258907233,-2.5452911343867437
178,2136,0.8811490534166906,0.8722148591956016,0.1551739972948642,0.3466447239402564,1.6030186779163336,1.2452350082487131,0.1091741144688146,0.2798693219038721,-0.42134422660409476,-13.68313881652077,0.7999707229229124,0.7665482213379798,0.8451146136140819,-6.021336743307802
179,2148,0.8895420954145448,0.8823234553021515,0.18726868793259518,0.3880954437352584,2.0815459804693983,1.4053212198693183,0.10161483537394878,0.26973818302962543,-0.8429266478997384,-19.484666169159084,0.7504344588123573,0.927392124028521,0.9333160560972381,-8.126542601930728
180,2160,0.796757118326355,0.7833925868118856,0.18016852803772518,0.3909940770747545,2.067128289084063,1.4112833109352583,0.03836262716109064,0.15093370650683613,-3.696459585032316,-52.88390843004235,0.8032909720173597,1.1253253394461888,1.041605767692016,-28.33389662602545
181,2172,0.7270706087705839,0.7068314202649997,0.07745489021468205,0.23324943812539164,0.38587397086588804,0.5885017661375435,0.02914735245138056,0.1359088947425645,-1.6573559414660801,-12.238731425420122,0.8482911287299639,18.774469399720772,3.437729581672246,-643.1226327858647
182,2184,0.8026968155414402,0.7925058088253415,0.13155095446343845,0.33144482983080814,0.3286270812376329,0.5491479103585539,0.08357295249416902,0.2549393384658288,-0.5740852816300455,-2.9322181570713517,0.8190715242170526,0.6136150559649032,0.6705768443876773,-6.3422684929997635
183,2196,0.8040598769675139,0.7982058175789937,0.12572703574482322,0.3146077340529051,0.3413386807004852,0.5427560050769116,0.1613274054735022,0.3618497088859914,0.22067155685167383,-1.1158133653649416,0.8424126845942499,0.06147376613955746,0.1995349201217078,0.6189502585804961
184,2208,0.7837925947888501,0.7750543375579141,0.07285626434447477,0.2254053091080038,3.2916373345921937,1.5910251294352502,0.03648569063059331,0.14730917134972685,-0.9968448749435124,-89.21721331573619,0.809263056295953,0.04207173906036287,0.17616551877997444,-0.15310244463580625
185,2220,0.7406701456795385,0.7302718654306829,0.054602261003893614,0.19518801529658067,0.4350164191869168,0.6270230158116697,0.027179014200030018,0.12880852278473567,-1.0089860729324505,-15.005599613926996,0.7636272921070433,0.7775567294702567,0.8520569738157681,-27.60871714285347
186,2232,0.6780318393925557,0.6604359603349317,0.04004107464040452,0.15887151005594913,0.5210190856529969,0.6231215365315591,0.057234607314580514,0.21475958284437957,0.30040448394578123,-8.103217617783276,0.5966174855216884,0.4630080958207006,0.6552300245160118,-7.089652703928822
187,2244,0.752349129019168,0.7358298158916141,0.048738320419447596,0.17324234569516514,0.770530701244924,0.780359879624088,0.03201816453256189,0.13750378144989836,-0.5222084442061508,-23.065423877165358,0.6815792150667501,1.3069949431708272,1.102499643353912,-39.82042060348703
188,2256,0.7782415651996837,0.7626535493218306,0.05888333980461999,0.1944655379090151,0.9781100210697667,0.9177552415188774,0.04294442406901195,0.16382098508143592,-0.37115215959105896,-21.776182060281865,0.6664546625641601,4.145485647579461,2.001091958805246,-95.53140628728983
189,2268,0.8363461616245927,0.8238698734217066,0.07314365063310004,0.23249905171377502,0.02184949924098481,0.11542197272580397,0.05693216619275521,0.2019937480809647,-0.2847508802924803,0.6162187265629597,0.6878539950935624,4.398854380630733,2.031823971002518,-76.26483418420325
190,2280,0.8077751273283899,0.7975452662323018,0.04910616571870787,0.18841418919782557,2.2131795241979972,1.4117157536334375,0.031366896624377666,0.146294343335877,-0.5655410959764389,-69.55780974130423,0.7597424547022226,0.6499821045325495,0.7495479306655879,-19.721913051079383
191,2292,0.6336894521147358,0.6158009885869988,0.045968331348770375,0.18198016936795822,1.1775913561929212,1.0255421480078744,0.04717936036911238,0.18558180922340864,0.025668618880531735,-23.959883876761342,0.8196446379081535,0.4870799912533014,0.6533554392580332,-9.324005824635668
192,2304,0.8585562431957653,0.8544891800319996,0.059277653194287135,0.21221465287077126,0.590679573068528,0.7240358015996596,0.06777231921634529,0.23183450453598306,0.12534123253095664,-7.7156464453125615,0.6975015509407351,0.4096766520622803,0.5812254056032484,-5.044896453292316
193,2316,0.8591241195548704,0.8575218235112614,0.0636393711601685,0.2266377957593323,1.1794102382681346,1.0518568159026191,0.06849878446976461,0.22894666376293393,0.07094159914240594,-16.217973244309565,0.712062150662625,1.0089359070148836,0.9582646023157393,-13.729252713385423
194,2328,0.7839711488377401,0.7740795684370255,0.0732316688248588,0.24311875887893153,2.7104232749164616,1.5623208187621795,0.19187106693929298,0.36465576761989044,0.6183287559034165,-13.12627405555641,0.6631669337306558,1.3247253409232387,0.9771374120597418,-5.9042475348426295
195,2340,0.791601408171652,0.777247490779594,0.08662560394318337,0.24950923344990436,2.159542277633514,1.3971728547870306,0.2668850825718865,0.46759542490778677,0.6754198357270476,-7.091655992244652,0.7625432634295023,0.1510687867047242,0.35666917080454813,0.4339556739218151
196,2352,0.7708556796908972,0.7530827219413682,0.1293102778646262,0.32585918403698794,2.296360791431719,1.3988934856565276,0.1828431364249615,0.3928527879038833,0.2927802465382948,-11.559185082531885,0.6726800495493604,1.600004100253579,1.2022682107538238,-7.750692705986356
197,2364,0.795953852413284,0.7825012165183685,0.13636344882734894,0.34987644471107116,5.432223361179471,2.3031240042263605,0.07943593022671042,0.25857524375672875,-0.7166469686723274,-67.38496566573698,0.6432793436423473,0.7189655738758359,0.7633166076660644,-8.050886315851098
198,2376,0.8019602238294129,0.7898414094281623,0.05220071651905931,0.20629587260501783,2.2671774938938807,1.4899711846079737,0.03445465151767324,0.15797053540619674,-0.515055710033328,-64.80178275002868,0.670950176539429,1.5097955041577915,1.2086178311754852,-42.819787391648816
199,2388,0.6402155855555272,0.6240129561188369,0.028551320819762863,0.14075503808691417,0.36654297770996314,0.5824670325935066,0.06696266937603386,0.2134053861614329,0.5736233175020131,-4.473840590965897,0.7823053555862309,1.6315925518425536,1.2417987546301605,-23.365703563581434
200,2400,0.8926554451625875,0.8875307050846114,0.03935508914585517,0.1445309978041529,0.28804718662215173,0.4776427403001862,0.06532532945073834,0.17039801910746133,0.39755238164496753,-3.4094257012414664,0.8456744422598759,1.5825359217310428,1.1653425921060208,-23.225456420000594
201,2412,0.6647907945863428,0.6510254098218936,0.049082805443898925,0.1582607596048644,1.0428066679122254,0.9801850240641442,0.06355530401828187,0.17615553745211887,0.22771503964830198,-15.407862160682278,0.8278678397950925,1.8909691686276078,1.3016466547873298,-28.75312915006535
202,2424,0.7611107807051523,0.7510554929175588,0.06339079243307338,0.18647713209131825,2.2029286808392787,1.453568379719905,0.047871100295432734,0.16322734674801356,-0.32419752297027005,-45.01792453576537,0.852349073403497,0.04305587404954527,0.1531621455846206,0.10058733173398293
203,2436,0.8635181891993883,0.8506607843853922,0.13664833244191824,0.26746605019656317,0.09779046648317864,0.23107853270599865,0.13219839382933155,0.2631952031118206,-0.033661064130110274,0.2602749273230477,0.7551625535057487,0.34114778691464026,0.48645745555611763,-1.5805743703290593
204,2448,0.7960514708747329,0.7789652135165396,0.20529820716458377,0.352836603977884,2.8678950060838075,1.6249274257552724,0.19458142878575355,0.3418234098582336,-0.05507605965125317,-13.738790972912124,0.8010994932849763,0.5201440021979455,0.6281457784175136,-1.6731430920401813
205,2460,0.8367603815315952,0.8262279165333627,0.2512516142532077,0.42285121551734034,3.4294087588937905,1.8030115833955291,0.3753156509630404,0.5436696406564029,0.3305591876903904,-8.13739874714552,0.6802820825708171,0.16195638810995502,0.31728093999061246,0.5684795246497625
206,2472,0.8512133865735336,0.8428340004976341,0.2742945753028476,0.46797788174504745,3.846484654951096,1.9281685309107424,0.18694293406557763,0.365250664971269,-0.46726366885109405,-19.575715654499085,0.7117962808527893,0.9735949025745585,0.9453095604041434,-4.207979148508665
207,2484,0.7638733054723766,0.7575713478968077,0.2701868452942577,0.4578997801794486,3.5363627355470073,1.845750814275443,0.10045889689105164,0.2471987618311535,-1.6895263003661802,-34.202086076877954,0.7474220905334864,0.9795433914515191,0.9277412340767542,-8.750688309009012
208,2496,0.7493505399153896,0.7344105920860646,0.0932454952617503,0.254876420988777,0.10289969624252117,0.254130751709332,0.0731859206856087,0.21337814893719523,-0.27409062273484697,-0.4060039865393863,0.794117619998918,9.279664638200686,2.3705919356968237,-125.79576278153513
209,2508,0.59238909552754,0.5734856613902469,0.16953497463666548,0.34497350351160944,3.685836589374446,1.8425488574216375,0.2125373299669693,0.3950834299640731,0.2023284819517912,-16.342066873368864,0.6875868804073306,1.851865507807578,1.3191682733600263,-7.713130573793219
210,2520,0.39971702922719876,0.36745680526377744,0.1475534859636083,0.3163230445827921,0.2592257811486924,0.4644405133428853,0.0578116290211817,0.1847156600798591,-1.5523149660692992,-3.48397295730439,0.6530054229539983,1.4006207070780088,1.1367473358687885,-23.227317769662452
211,2532,0.6896935294605576,0.6614157539082732,0.12645184373506677,0.300616475268824,1.520492474651153,1.1484899019785224,0.23708003292529156,0.4317327677041116,0.4666280319991597,-5.413414305245559,0.7461810619279413,1.9107473496316931,1.2822198847358566,-7.059503476759707
212,2544,0.6544917809835898,0.6208185010037489,0.14279422248891097,0.2924952522869148,0.584139564373582,0.6724987784652116,0.10710073504887323,0.24563332672572682,-0.33327023781629284,-4.454113495178365,0.7591120229450868,0.9217632909376979,0.8590208445770454,-7.606507607226693
213,2556,0.7693764083827866,0.7468223517242596,0.15988784694496694,0.3196164623782795,3.0408746989930706,1.6865740666869717,0.19890788238840995,0.36113336176934535,0.19617138835779313,-14.287854168871577,0.7015865751435463,1.1105097612700163,0.9614773764996384,-4.583035463127146
214,2568,0.7795804128465051,0.7615186944923583,0.15850986563074762,0.32854064236896724,4.55618623527545,2.041865744749425,0.19158697629184515,0.3659679798970748,0.17264801241349015,-22.78129413314084,0.6853801865373053,1.1704532913633685,0.9857810600594915,-5.109252904437579
215,2580,0.7373672066301644,0.7181553995538702,0.17784927350341484,0.3497057820019673,1.3144117192109686,1.0894584873718263,0.4565690712033268,0.5930383236782323,0.6104657877182134,-1.8788890928304105,0.6765130952374798,1.3352978092841783,1.086768517777175,-1.9246348329397058
216,2592,0.7634221905691915,0.7487677513607767,0.1944035561367489,0.36675600956345217,0.5179925605358365,0.6483745073709968,0.13803361907017528,0.3044759461199817,-0.40837831715413886,-2.7526550707367377,0.6878064722758015,0.18826172627407112,0.3606741147573414,-0.36388314341276695
217,2604,0.8460389567365589,0.8336882801037144,0.2788722794496798,0.4431341372939925,5.498635471369522,2.2702936705923853,0.24983780603461683,0.4136838711286126,-0.1162132900376176,-21.008820677074176,0.5412140363877581,2.87786790918199,1.6473509068254915,-10.518944850097029
218,2616,0.8475452467502265,0.83661149483477,0.268670916381949,0.4484537400480389,12.859611762119215,2.8276419668961243,0.13568867262453296,0.2951552461979063,-0.9800541282130018,-93.7729203431986,0.5980141264584299,1.4294308026550258,1.1306112148664733,-9.534636200697713
219,2628,0.8518899592448715,0.8404335137420007,0.14787909519356537,0.3017794880652013,5.254950368064471,2.203133403209565,0.2855356246129089,0.46268366838452263,0.48209931634961445,-17.40383446089584,0.7145862090335485,0.8550593480171361,0.8243903352829127,-1.9945802705925453
220,2640,0.8298249249018631,0.8152263805828639,0.11923129256290242,0.26284798333424453,1.8039191285838179,1.2424006908140164,0.25327898519878295,0.43141491059633474,0.5292491697669857,-6.122261356061711,0.8137017672461343,2.4398692461036924,1.4091938930319359,-8.633129429150195
221,2652,0.7717398302458205,0.7527789683927975,0.11025176316536611,0.2455763673675387,0.17428551010933577,0.3380237379950531,0.11030061419696191,0.26592519843284323,0.0004428899326758273,-0.5800955541200987,0.8277708153776564,0.11083967298811086,0.26290587800553084,-0.004887178508238943
222,2664,0.7318869992490301,0.7107785946704226,0.13705882242343234,0.2693482691105871,3.911180470249709,1.9231807936576668,0.40475047232280675,0.5745126679638031,0.6613745213517088,-8.663189391241442,0.8180735015910271,0.2715906674807038,0.442114914215969,0.32899233959609064
223,2676,0.7250011576205078,0.7055908700302739,0.09721108531183024,0.21443723727471375,1.9026510097701737,1.324769880671496,0.08229577353254747,0.24506801250736632,-0.18124031331188428,-22.119668581979937,0.7793534112241475,0.1300234097018672,0.28388666070531493,-0.5799524583172397
224,2688,0.6816513093001426,0.6613737798449343,0.07128852660000869,0.19231289595830425,5.963682909088866,2.4179379777200696,0.103722609186795,0.2802280776091478,0.3127002187958411,-56.49646056771301,0.47780239565557286,0.1523443005874052,0.3408098986280022,-0.4687665667284453
225,2700,0.8405192093374584,0.8287780391753953,0.03854443269863546,0.15705761381160202,4.382776861425185,2.0495997608921073,0.1382848490441467,0.334012491684637,0.7212678542511164,-30.693832634014786,0.5999548601216416,6.31861962907944,2.4618729768474847,-44.69278321345424
226,2712,0.8519751212331091,0.8417075118205974,0.06496027560287637,0.20033635532322439,4.484246964241634,2.0781597773957854,0.06148435079092124,0.20114008627372568,-0.056533488070404925,-71.93314325608488,0.5044625271671754,4.207964299904561,1.998056768470363,-67.43959878854098
227,2724,0.7367083199092568,0.7163501184574557,0.09244260115137737,0.24014085428854556,2.7256386525161793,1.6013115647243505,0.07147340242733576,0.20739931407232223,-0.2933846439640282,-37.13500630933627,0.6415979296590333,3.761850010150678,1.8749248807038577,-51.63286596682179
228,2736,0.9133428298773644,0.906297975675857,0.1470168931913228,0.29108301221143723,0.15807454674714144,0.32642645431009065,0.11392104580825525,0.2495518404105809,-0.2905156562446978,-0.3875798420355321,0.6489434428123931,3.7962315862542155,1.8891154884608472,-32.323356183402616
229,2748,0.9134797320749435,0.9063452430353304,0.16355709585547532,0.3163439599246031,0.45381252337576033,0.6271502772681558,0.12375971719369964,0.2818013926730492,-0.32156972853685284,-2.66688397215296,0.7360097862973455,3.7485844704314517,1.8799675905884012,-29.289213287102474
230,2760,0.8502983777865221,0.836867192902959,0.28991550285504714,0.4409581853351452,1.4293767817431142,1.1594254609868588,0.19116979325906527,0.3718753154244843,-0.5165340607036479,-6.477001242586913,0.7630711112777411,0.36728104753492513,0.5450758976472082,-0.9212295063645399
231,2772,0.8317579300313005,0.8166345886873451,0.3566630309077718,0.5096439322309307,0.9418763930138052,0.7751581851752203,0.5053331031718451,0.6325720607312304,0.29420212396716094,-0.8638723390608904,0.7325304639430287,0.29428780654350617,0.4911061806157107,0.4176360014882504
232,2784,0.8237410881004309,0.8108466659794725,0.47713025396437647,0.6158229848246027,7.076872145143334,2.5945016394840468,0.45768632182927876,0.6005790525928694,-0.04248309640844039,-14.462275815581556,0.8183860001213815,0.10070147069262565,0.2711570997090111,0.7799771024614797
233,2796,0.8223055124318672,0.8100787484529074,0.4201119909842747,0.5966304621752986,0.7550491978348507,0.7040279250238751,0.2122795526512248,0.39773284867715386,-0.9790506703889588,-2.5568625824051745,0.6679183427960362,0.10428451934369438,0.26725156779056874,0.5087396876371141
234,2808,0.8817098453188642,0.8748986110174517,0.4201220878538774,0.6049968883780281,2.124536649152076,1.4280486590762056,0.23555831008530315,0.433107438314061,-0.7835163094086464,-8.019153891801626,0.7805490152781336,1.987985369991575,1.372975390745842,-7.4394618439555895
235,2820,0.6011285509832369,0.5876850947644421,0.14787575601002662,0.31854082191300864,0.07214697380045404,0.22820198804402594,0.048321758452925974,0.17679462167876356,-2.0602312652608457,-0.49305356655714583,0.8569531964725378,1.9156766666384961,1.3357012310552847,-38.644183654961715
236,2832,0.7533154225423286,0.7377222443829409,0.16877991331800954,0.3509268872136629,0.7082829905198187,0.7614663044794842,0.12477480722569656,0.27684872347899875,-0.35267620981145,-4.676490361060261,0.9080780646056169,1.8156687167404577,1.18862626489753,-13.551564992252159
237,2844,0.8922979874962731,0.8849116925605275,0.16763864439731369,0.3208037674989575,0.8186289730631285,0.7707733136565563,0.26198500213364784,0.3583965912429215,0.3601212167412726,-2.1247169356874744,0.8701358256353912,2.7574584452675244,1.516173348960885,-9.525253059565781
238,2856,0.812065060988398,0.7997161147758649,0.24008175613138436,0.37308996332223604,8.431974747325489,2.8307884301882127,0.30120408278336996,0.4184424550726014,0.202926620672488,-26.994224611456808,0.8782420442163753,1.2913569984433995,0.9793992361248156,-3.287315718001608
239,2868,0.7746525934462545,0.7607762139514698,0.4081726040340075,0.5206992393507427,1.9996775768654926,1.3064950786549165,0.4773835303981655,0.5618602904208793,0.1449797111903548,-3.1888281633797586,0.9172637790787943,1.414918609933472,1.0550515902164619,-1.9639032765821396
240,2880,0.7192877496060581,0.7022029072355396,0.5696062980491504,0.6481121872102857,0.48736465355614184,0.5877272163585282,0.6517428032264648,0.6924590642083381,0.126025948841623,0.25221321793898743,0.9113017045690915,1.896993788841426,1.2704135788403021,-1.9106478498118018
241,2892,0.6983614377051074,0.6809797997628381,0.5542186134852197,0.6623600030482822,4.254465065294288,2.011178784054058,0.5317234119287889,0.6485129785622189,-0.04230620855085365,-7.001274666205722,0.8098795611434405,2.1310519759735436,1.3842102544129782,-3.007820472383008
242,2904,0.7486470005109521,0.7351644593528028,0.6322055339800143,0.7400623400904359,1.3557292433914483,1.1039760429774086,0.34010156632809957,0.5196294787141499,-0.8588727502951838,-2.9862481611847738,0.8273196701501835,1.683847196506984,1.2670563582741574,-3.951012765647068
243,2916,0.6341271997764936,0.6222655701283236,0.66414807178404,0.780835279084869,3.311890712846885,1.79203339744213,0.4398241520465133,0.6232285821106739,-0.5100309264367171,-6.5300337588024,0.8295168867601641,1.413661130456214,1.161812621361864,-2.2141507552016226
244,2928,0.8554379781987754,0.8469235806670996,1.1322956232337547,0.8740487495589938,0.15631207745074946,0.34018509325335006,0.15312063235323398,0.314865942009018,-6.394794586673741,-0.020842684937149025,0.8944490329439113,25.235609815559105,3.9758467023881523,-163.80868337418485
245,2940,0.8135029021739877,0.8018049545794071,0.43212501813054766,0.5486406616445824,1.593282904789488,1.1296538321641112,0.1483697169137754,0.3137830063200071,-1.9124879868961115,-9.738599074873342,0.937577140215645,55.16264976724139,5.708781835830642,-370.79183808309745
246,2952,0.6491023747519671,0.6313110980564266,0.8568165016171019,0.812272605370432,1.6059808349162825,1.2226147513609174,0.4691258104950764,0.6073978943870828,-0.8264109167493661,-2.4233478503803996,0.9397716453354262,3.1991860614684247,1.5465774654680644,-5.819462902909285
247,2964,0.7023846893247786,0.6874161292978377,0.5825522434042062,0.6935559417138043,4.981069325640018,1.9518654011286516,0.32911351396111227,0.5068726876618354,-0.770064791301885,-14.134806424960647,0.9438144353702126,0.2522331147143864,0.4414954511848754,0.23359842724601687
248,2976,0.7212856282692885,0.705161487190082,0.40120452002216256,0.5537837225440099,0.8428487254025563,0.8263451221951389,0.2800311896987652,0.4530087871169102,-0.432713693263046,-2.009838747995266,0.9287173595500449,0.07626549708773468,0.23199397277059838,0.7276535618415403
249,2988,0.7364672683973287,0.7200907414234619,0.4490579022374059,0.6044624836756106,4.120420200971047,1.988886961458724,0.3254092773477235,0.5056693836855785,-0.37997879438930315,-11.662270217231939,0.9104314188965033,0.12413174568007586,0.29898819245775415,0.6185365497510631
250,3000,0.876157310022891,0.8701621034660357,0.5372549308813147,0.6881679284078274,0.08631993053147376,0.2538604928726262,0.35796165393850954,0.5518029702701436,-0.5008728587828126,0.7588570463296,0.7727270291018903,0.10142938405389414,0.26976454376730935,0.7166473477315042
251,3012,0.8773974996859997,0.8708255723567112,0.5107558476398016,0.6813439365801276,2.973171682493062,1.6883210365051733,0.1415670569623611,0.3254443797598033,-2.6078721886236425,-20.001861211846403,0.7507324152335654,0.07779167299397956,0.2308645803116247,0.450495936956136
252,3024,0.8140672668086456,0.7993455884231484,0.0812537336249553,0.22342253516222063,0.5527677368061304,0.6759116083855773,0.09675313140694534,0.257769179973149,0.16019530899521284,-4.713176708267764,0.788399906664523,0.062326143488312925,0.2020587398838517,0.35582298389735745
253,3036,0.7658665128780227,0.7493764559331327,0.10044121470935748,0.2650271198574576,0.6006510628981011,0.6819241982963115,0.10163205781053584,0.267982119290075,0.011717199541490753,-4.9100551129038905,0.7768167248010323,2.4339245605973248,1.4586573947992603,-22.94839397166086
254,3048,0.6389854233429525,0.61785804447454,0.101372770044399,0.2660244663176057,3.0836013341645914,1.6891410313290276,0.11281304248583297,0.29138089548188556,0.10140912955938264,-26.33373080113347,0.8115231201461215,0.10756661563764301,0.28321931912370024,0.046505499121245686
255,3060,0.5432960823730224,0.5139410409350336,0.1255979441450659,0.30086238455903574,0.19958268529784348,0.3714627615088042,0.2096597317694856,0.38058531856477035,0.40094388614807086,0.04806381457513986,0.8043400572328404,0.6226984473569945,0.6849465438149029,-1.9700431365696502
256,3072,0.567932807544917,0.5361630019371286,0.26216877240736713,0.44641887956030346,1.3368213460014877,1.0964984664244615,0.2834055538348476,0.4654602419571372,0.07493424578353902,-3.7169906443700462,0.8355636518070502,0.11426206406309526,0.2779927289350043,0.5968248945125452
257,3084,0.7296772266817448,0.7067217002820468,0.28629386331766443,0.49166019159042923,0.08918220790664648,0.24381674995975722,0.26237511894174087,0.4689791116235417,-0.09116239555182282,0.6600965508225307,0.8359168254089758,0.1455006112126762,0.3332977078054417,0.44544813624273605
258,3096,0.767103603645911,0.7488276341821272,0.17814818053336104,0.3654193683841602,2.4905652964692497,1.5152904489536698,0.05937215548525097,0.18933570170955508,-2.0005341574236093,-40.948372534461,0.8378619306961715,1.0933336146717663,1.005659171643084,-17.414922041079823
259,3108,0.8480346253071942,0.8343385753488686,0.13987523967072854,0.3137809577109466,7.836679877735754,2.7531832868177144,0.10862409446688022,0.24979363681188257,-0.28769993763563084,-71.1449501254547,0.6452020819615173,0.5718078494793833,0.6787795471956297,-4.264097733433617
260,3120,0.7043760370559844,0.6808469075985757,0.0844359279520297,0.22432795840401046,0.49954583943271663,0.6526725875098036,0.365513827065368,0.5206397653863598,0.7689938883298955,-0.3666947799033018,0.7489594824003267,0.4077593176286487,0.5808656064232385,-0.11557836512632269
261,3132,0.7468573044881351,0.7271726451555288,0.07832099098146783,0.23677205340473004,4.284942741125775,2.009308142456481,0.14599377585994275,0.2919280096917453,0.46353198607176194,-28.350174114521703,0.8610301045808499,0.18863816181127366,0.37379125697312693,-0.29209728771068466
262,3144,0.7744905307425768,0.7586592147112167,0.09989994933498308,0.24874863388559523,3.0805613138798624,1.7178605607999469,0.15366333172957097,0.29977420201933863,0.3498777606176403,-19.04747182822562,0.8727380840822769,0.2840101527446495,0.4541694772753259,-0.8482623638830982
263,3156,0.6991945925280293,0.6778660144253781,0.09593440856624734,0.23954753261052786,0.11275820926816804,0.24688473054300586,0.08109032911681538,0.241558155699085,-0.18305610066088396,-0.3905259788221258,0.8732395708090884,0.24351257385342903,0.40909697530969175,-2.002979227062143
264,3168,0.5810665759446192,0.5545573625096685,0.12540138218939154,0.2645899272865011,7.262757252636625,2.6550134203906937,0.13379949938604366,0.27101295982061235,0.06276643212559063,-53.280900047927894,0.8598195216424682,0.19182344622608016,0.35710537604893844,-0.43366340760830124
265,3180,0.6938322145268144,0.6760786707854531,0.18950056371144444,0.32309522977659505,0.5619233712746553,0.6020005016640307,0.19289922705326293,0.3388186888081331,0.01761885412262465,-1.9130410725777467,0.7787679557608941,0.9327705363732312,0.8239876887415108,-3.835532783735191
266,3192,0.6473615539542951,0.6269801204320797,0.35875520302001834,0.4219164927806167,4.866353891656035,2.03164499218437,0.5947283404663698,0.5915909358501649,0.39677466397735095,-7.182481917441454,0.7964905100557722,0.9864911980752193,0.816755306326665,-0.6587257256004309
267,3204,0.671404510817594,0.6446097395430622,3.126638787737782,1.5379787177978763,10.665413431320067,3.2052488252318345,1.524162355102181,1.0757028529105337,-1.0513817161743044,-5.997557311146849,0.8556762886942202,0.7270737715605867,0.696926676364439,0.5229682919757961
268,3216,0.6416462046363903,0.6146695243089787,1.101045535573703,0.8578151113643268,2.481184148903497,1.4467741955348428,0.9707140442590753,0.7848996198742849,-0.13426352702469346,-1.5560402299498306,0.8343841749261525,0.7976565686550292,0.6841004435027953,0.17827853282594364
269,3228,0.7277697820854708,0.7066817583024839,1.1688194630944784,0.8892736117803622,1.9334937202193327,1.2502989703576635,0.7764861828709594,0.7057447576891663,-0.5052675615848261,-1.4900555384906973,0.6424026062936034,2.6612694558668006,1.494475585888897,-2.4273236466708186
270,3240,0.7605229372095419,0.7435139982333866,1.206923540614755,0.9455178862229587,14.455207458983375,3.720593031946127,0.7213051401896923,0.7317679968662464,-0.6732496045950156,-19.040349989994354,0.7106241893300604,1.0743164745980922,0.8899910234964086,-0.4894063756644842
271,3252,0.7766375300313756,0.761533718769124,1.2277092509004595,1.019957235801569,10.265192333441297,2.8617946695504473,0.8789596618096752,0.8584572167815067,-0.39677542012877987,-10.678797992056275,0.7162527108629343,1.4629853369191481,1.1185095556055495,-0.6644510555888676
272,3264,0.7463806887509704,0.7314124496160536,1.3212944040799037,1.104345123386117,0.6071845318313294,0.6832782020805527,0.8790811191665555,0.8896125130189606,-0.5030403625692752,0.30929635662407073,0.7354488322856696,1.1597298847456032,1.03275412873081,-0.31925240965831114
273,3276,0.7425429794833026,0.7281880281893938,0.2639999653505287,0.46583550262644224,0.8223270651986105,0.8722222131793392,0.06730858578239308,0.22495208896564467,-2.9222331338833025,-11.21726850504886,0.8389165194898813,0.41336684560804154,0.5993510764133213,-5.141368754120698
274,3288,0.6444896260371105,0.6210479464582858,2.423702726801274,1.3713048915695367,3.9486964405747713,1.8428724468112119,0.39867879457582234,0.5418476821308397,-5.079336949385514,-8.904455652766835,0.8482441822369421,2.4505809715633697,1.499856098823318,-5.1467552448348455
275,3300,0.8766349683292879,0.8676713217595287,0.19069205295562974,0.3546150543663571,4.521479335283701,2.070934410789962,0.4040297980120964,0.5348495097106933,0.5280247796230104,-10.190955116504378,0.9043344721340745,2.0241604101347765,1.3614276149509728,-4.009928525306875
276,3312,0.7894472505456369,0.7692318556040869,0.548311424818047,0.6265451325130625,4.795120174312639,2.1393182844473055,0.5619857978906222,0.637038856708812,0.024332239575984183,-7.532457923867144,0.9012594948078644,0.11194176905647606,0.26800715771410594,0.8008103238967206
277,3324,0.8239846947113022,0.8074760535601169,0.24461951170224908,0.39693942197466764,90.19541048586579,7.373118754974803,0.20471248572529355,0.35804921703832226,-0.19494182699978202,-439.59555120101584,0.8996277430033898,0.1009117652794707,0.25669345237104435,0.5070561283942125
278,3336,0.8306416493028886,0.8160720429236088,0.3969680523683916,0.5314973727726232,2.4574531107050523,1.427029400738121,0.3170029419927872,0.4709849924557445,-0.25225352759478126,-6.7521460692341675,0.8798574559959799,0.0950661619457805,0.23471359437283792,0.7001095278543391
279,3348,0.8518145547670031,0.8388232121198141,0.49861166065868573,0.6285437357015791,7.492143473853711,2.3770380225707686,0.3262130568556354,0.49605925632044423,-0.528484682571565,-21.967025127903867,0.8461753568819261,0.12030356023008189,0.267147223694232,0.631211695234744
280,3360,0.8495524684063636,0.8365131853353849,0.5989037175710807,0.7241616633829641,4.779432142848762,2.111318324604582,0.18224191731689007,0.3687229926518622,-2.286311548893997,-25.22575647367713,0.7255636373576728,0.15065611627037698,0.327106239571177,0.17331798036118307
281,3372,0.878430372848347,0.8675840753143135,0.6264389530900273,0.7586596152459252,10.884691949963667,3.1742062457357747,0.23448451220961042,0.43576937575770963,-1.671557908822741,-45.4196626352602,0.7885130665949627,0.21529088690265663,0.3752475679225074,0.08185455459760271
282,3384,0.8549114467075881,0.8414860702267436,0.05489650153747328,0.19277275726483709,0.08128525180013212,0.22456317100416157,0.0499245055505537,0.18270417916176693,-0.09959029002069775,-0.6281633819652441,0.8309739346194633,0.24410788025732844,0.42947012914942584,-3.8895402681583713
283,3396,0.8415902276679117,0.8288285247556387,0.0738189097054495,0.23440390488201782,2.329335493708188,1.489788137931723,0.05278010642290661,0.18957068880479752,-0.3986123694781343,-43.13283056013798,0.8291138462021409,0.23324845211362574,0.4201547496988464,-3.419249371054616
284,3408,0.8805430781801603,0.8717001729624055,0.12530713770230306,0.28425776030797756,1.444515156632864,1.1654642441679388,0.08185685169728764,0.22077360309328142,-0.5308081743199411,-16.64684478673553,0.8898812790129554,2.5819991626074033,1.5340724672100194,-30.542859382813997
285,3420,0.7579820509335059,0.7433077579834638,0.09815057355556507,0.26527866378158305,1.5975617921575462,1.2223648544674581,0.0742965237510442,0.23134978695293537,-0.32106549001474116,-20.502510635769728,0.8868693926373807,3.2761241442813636,1.747907041999909,-43.095254782836584
286,3432,0.8169981756414179,0.8028039098449308,0.06439217710626571,0.20963291080511,0.07028083730345032,0.21919696757890805,0.10881917780091095,0.27710866143052987,0.4082644400780735,0.3541502635497584,0.8915730944228145,2.600356472102332,1.534386005441472,-22.89612313428602
287,3444,0.8366626266698156,0.8243602043439484,0.0935095003572068,0.25431473591748815,3.80909356379829,1.9201709527519348,0.2253807825399772,0.43678980818769114,0.5851043762321642,-15.900702539368666,0.8372394503010154,0.29370693571930473,0.47785035342302246,-0.30315873611454913
288,3456,0.8172883514153426,0.8043181885181493,0.09947149569880098,0.24717955310477988,4.224122144393527,2.025404145406228,0.06427204750283222,0.19953843248019484,-0.5476634021098776,-64.72253893432267,0.8375216919136809,0.3266362769475945,0.5170985311574875,-4.082089176219272
289,3468,0.8960932570159533,0.8878684825874261,0.11061887266093236,0.269291230996112,4.4666658197166775,1.9606086366952618,0.08911259574090218,0.24386930670718035,-0.24133823890127037,-49.12384368988259,0.6762272401214676,0.1958210495292411,0.37015541351356784,-1.1974564639391416
290,3480,0.9072544995691713,0.8993799033615207,0.10478121413501246,0.2607633515218217,0.5913180114124679,0.7135294008902866,0.07614482048982132,0.2351615942650851,-0.3760780242304085,-6.765702349925593,0.7276663744025982,0.2036437735196069,0.36761543370072375,-1.6744271272768847
291,3492,0.9143399165205723,0.9075996948531494,0.08994243506257445,0.2606486639490135,0.16616394481050142,0.32004728224288415,0.14567148728688464,0.29082239923006903,0.3825666454174227,-0.14067583097616798,0.7567910204515664,0.46151581021895577,0.6250774343138983,-2.1681959099521584
292,3504,0.8203365817209328,0.8078156506382286,0.19932835335923174,0.35513014055952535,1.0856487412710782,0.8635213149674253,0.1930835101693835,0.3443286949669371,-0.032342705932629556,-4.62269010087235,0.797125303344651,0.5970069878745589,0.6334874137623191,-2.0919625780100612
293,3516,0.7705125765641921,0.7573608087764007,0.5281241914034065,0.5299578567719632,1.8973732235818783,1.1486740820910155,0.5148782915019213,0.551624696460149,-0.02572627380122472,-2.685090738720333,0.8005139225034777,0.5235117092168283,0.5907791118324851,-0.016767880598972162
294,3528,0.8043047363402961,0.7902455727670845,0.8350997610158791,0.7152056821936262,1.14928332699864,0.7322064520132604,0.7599078864931214,0.7344912222931811,-0.09894866977859484,-0.5123982096072683,0.8067293852002996,0.7574870510190653,0.7469787317243792,0.003185695946949396
295,3540,0.8078334994620465,0.7951685811362227,1.2881241270628438,0.9221063980170295,12.730309364800567,3.409818161764503,1.4078073591210127,0.9308591752946764,0.08501392699985244,-8.042650105728201,0.6872955973517134,1.1042605911478942,0.904058921679138,0.21561669358131696
296,3552,0.8924081314577205,0.8865061714066741,1.515524936752976,1.034906048276519,9.635571585409025,2.2161620719083897,2.183513390356033,1.1719099707765654,0.3059236808683541,-3.412874969288783,0.7776431508019347,1.2277123242573995,0.955231993692844,0.4377353811156547
297,3564,0.812135517809266,0.7997640692191954,1.69846861501578,1.0847203641183556,4.068616348061814,1.8355224516481627,2.114746501074269,1.2141283454860512,0.19684528894930164,-0.923926270120319,0.8202872535099665,1.6483849165026623,1.057477311488628,0.22052836325048886
298,3576,0.8416529373693971,0.8290948647547437,1.816670647212398,1.1211611778851684,3.8770166702608684,1.789411428569558,2.4204001511073128,1.348831745149741,0.24943375731434891,-0.6018081425450108,0.8059783793588579,1.679205711962604,1.0663371602716805,0.3062280585322301
299,3588,0.9369576981692223,0.9320340661639348,1.5288750639654083,1.0257355279982494,1.5042387992514563,1.0203484871241892,1.1459197057922057,0.8818764513046817,-0.33419039417640084,-0.31269127465744617,0.8039325717098973,1.732069494055536,1.127721254916251,-0.511510348675005
300,3600,0.8560559446754665,0.8455726259136678,1.2159507497095612,0.7957641762236847,14.76589719879855,3.063840402592767,0.6796012085866373,0.690255677606766,-0.78921216493768,-20.72729685032065,0.7678365520138692,2.0368693913838603,1.2517473752766755,-1.997153868545828
301,3612,0.8575982964734725,0.8473526241572841,3.976887302778806,1.7340697728166543,0.39528792158838194,0.5340000639485161,0.8086385087416796,0.7651095439553145,-3.918003854364085,0.5111685662812565,0.8986307060542955,144.76854404542544,9.414559644107383,-178.02751659786696
302,3624,0.8741642983000459,0.8650341599392365,1.4755732798652357,1.0921769277179803,7.384949884002389,2.429728595682478,1.6031419887030378,1.1490821198161008,0.07957417978990544,-3.606547602172723,0.9489909704827465,6.429339722867113,2.2911245475483084,-3.010461810727402
303,3636,0.8712057152349354,0.8625703332412756,0.052641877331899546,0.17134879156432073,4.140391988771612,1.7654005038013372,0.7990242297571198,0.8119037071800541,0.9341172953567364,-4.181810306340987,0.9616256031775384,0.5925940954417482,0.6770007270747235,0.25835278409281826
304,3648,0.8233519297959331,0.8141992102318016,0.055357359025568244,0.19446086930997353,2.8586823353172925,1.5551080886603381,0.12210272663754533,0.2566487958072133,0.5466329004274142,-22.41210891877231,0.9550254177549351,0.09861382114578025,0.23801048401182415,0.19237003250132567
305,3660,0.692344981420955,0.6781101550337502,0.08141940816304945,0.21460538051369005,0.41970273100544486,0.5801312350025635,0.2087263781164916,0.4130777362571152,0.6099227663615725,-1.0107795420625076,0.9290612294858227,0.09131397035147477,0.22788177713482613,0.5625183018290489
306,3672,0.6582168471960355,0.6425978628055959,0.2450973206225994,0.4072634056941083,2.7151159820952238,1.5980784414763536,0.4833460579536452,0.6352452789974213,0.4929154451775726,-4.61733345584793,0.8991519306540031,0.5310802050376601,0.668186624324571,-0.09875770433736064
307,3684,0.8365167979069406,0.827774339227378,0.2823765826675976,0.44745210447320855,6.416783561172377,2.4807637211678144,0.08995304972250857,0.230700476317755,-2.1391551874971024,-70.33480833576154,0.8740607556449942,0.47592284504211824,0.6192656497279043,-4.290791657539878
308,3696,0.9532551137435664,0.9495163994142111,0.151755633958065,0.28302282177260335,6.1041813919400925,2.401230467784274,0.13108390718473725,0.2539392013403539,-0.15769843314324583,-45.56697777048587,0.8981735813632472,0.12733726023835612,0.31454175437353493,0.028582051197947322
309,3708,0.9283589513099267,0.9221822909821379,0.0991883179917223,0.2193925673607724,3.909922320403197,1.8912458128948488,0.1220946707890505,0.24268081703120456,0.18761140555352107,-31.023693541535316,0.8664965095594696,0.13312820256406935,0.31122959948457396,-0.09036865985807085
310,3720,0.9354428285451585,0.9299417726928259,0.08473245136630736,0.22161343467263106,0.10555095117984382,0.277311151782892,0.10427156225698925,0.23260523895497667,0.1873867665138219,-0.012269778021560374,0.8516433949575579,0.15607877786132968,0.3475831693653939,-0.496848944074086
311,3732,0.937632106559303,0.9320406305798653,0.0794139875958991,0.20930741255334828,5.966667107613623,2.350647336250948,0.12338519179436636,0.2629136702418044,0.35637343151963996,-47.35804865107042,0.6784125018068513,0.1561613612479726,0.34255536343168574,-0.26564103015077367
312,3744,0.9200185873270031,0.9117578550558548,0.08918924245030875,0.2345527576666616,0.14920276340864977,0.3323991211658332,0.11074062601952521,0.2595252799784793,0.19461135758268722,-0.34731731950244815,0.7855026942799359,0.2756201144336626,0.4780627379971083,-1.4888798658684363
313,3756,0.8681838213693029,0.8667475946429412,0.05425366459181172,0.18323161027360513,0.5499767042286022,0.5671897136211915,0.5708952983193605,0.7095667923570924,0.9049673998865865,0.03664173474950627,0.8268253807336542,0.20530863565900412,0.4045763345264943,0.6403742748216612
314,3768,0.7450459158517704,0.7358586826154531,0.07326401479151326,0.21773761367763603,12.920016588175018,3.5030835156577247,0.13250640091754465,0.3077542599995113,0.44709074969817053,-96.50484881266087,0.7955113948838705,0.31241084484707166,0.5226666842132692,-1.3577037990902565
315,3780,0.5343536988977633,0.5054942988789091,0.05011759657778384,0.181624394502618,4.3550950811021565,2.0559387705192833,0.13285828112108197,0.3238438112332558,0.6227740103598919,-31.7800047114345,0.7354061876086797,0.206161734847627,0.4200239939093888,-0.5517416988086656
316,3792,0.7915886733277712,0.7782335370889228,0.06793615062501694,0.20283297815073228,0.2139399031158921,0.41797621400327856,0.3005224379881644,0.5030971786059921,0.7739398393018078,0.28810672325133424,0.7234594607291294,1.4523295598235377,1.177501936152787,-3.832682609478682
317,3804,0.8531868415152277,0.8457809069339709,0.07115673888705012,0.207682389442439,4.755187224975318,2.0396332481791846,0.0818795514740281,0.22990927663224334,0.13095836987308385,-57.07539415361411,0.6784683061455717,6.99985617036672,2.596480282573367,-84.48967409264631
318,3816,0.7000726957426936,0.6891905469089363,0.10948546061897775,0.2679128739430842,6.477804943382835,2.4656788890449164,0.12934167280879175,0.2955127964719743,0.1535175149556618,-49.082891327369,0.7111354519470281,0.627720898696318,0.7617091925833295,-3.8531991667085492
319,3828,0.7980839499286443,0.7885722879162369,0.12729278891896564,0.28008352295538946,0.8214470846100896,0.8287343919717065,0.06816071393175888,0.20707694160435888,-0.8675389616137033,-11.051620900457495,0.6936125045889904,0.5214022665818502,0.6794036291010772,-6.649601016560178
320,3840,0.8196835990848498,0.8096913383541313,0.14367640589662753,0.3092470327701584,0.2328755314238967,0.43568840555873084,0.09365017242394467,0.25376551586189516,-0.5341819686804126,-1.4866535255236175,0.7861209431223174,0.062030891120676335,0.19111000824529176,0.3376318535766396
321,3852,0.7908919394876351,0.7797434915475878,0.16712743880028655,0.33650979857759716,10.03952321468436,3.1183230019601513,0.08365135671353217,0.24627242556693937,-0.9979047007285484,-119.01626284514617,0.8216282123288015,0.13210290444644937,0.26825304161464353,-0.5792081519830179
322,3864,0.8603453780819591,0.8500161244456554,0.17786861314189562,0.3483811571739522,3.2308441557392222,1.6941303436983794,0.16612689453428794,0.3320475094499333,-0.0706792156713929,-18.448050027037546,0.8159039054881008,0.2188757388530412,0.32974263875917337,-0.31752140113511906
323,3876,0.9025821094187071,0.893784764084386,0.12222523596130998,0.29308175917275786,6.359108774467437,2.317228670235179,0.10694156520810953,0.29018558567424474,-0.1429160936952647,-58.46339724963383,0.8651916472653867,1.18170874387918,1.005072325203226,-10.050041595889876
324,3888,0.7673444040945296,0.752074663699466,0.1205845388662145,0.3051748532237439,0.6449273179424543,0.682618219099094,0.13250701726967162,0.3107896370001668,0.08997620389562544,-3.8671182193312115,0.8622988131623838,0.6348903920739528,0.6672267432222722,-3.791371846985702
325,3900,0.7241432272816098,0.707599590239475,0.13168974292753743,0.33792798372765537,0.1416582692254567,0.3497767691338856,0.251534911375391,0.42674037124311165,0.4764554064982117,0.43682462028483304,0.7728410474303353,2.0478740427034285,1.3527999845003815,-7.1415101844339155
326,3912,0.5499609807916661,0.5291194269782771,0.14393015441270132,0.34399688444907744,0.1202382483499645,0.3107584166735701,0.28671393853767346,0.47345391909070883,0.4980008466041519,0.5806334042801846,0.8120048497460925,2.1559256982518122,1.4253194079571205,-6.519431072126022
327,3924,0.6698968121009545,0.6506531882420992,0.24017034018391525,0.4295495383906245,0.20532085531677582,0.38876786624348897,0.4096061740874735,0.5817140401175089,0.4136554686487083,0.49873593635595814,0.7956605461983844,5.0946666516609636,2.1696414146723155,-11.437963521938933
328,3936,0.7474407535069358,0.7319895123884395,0.14450044626431127,0.33035660002215683,0.12146769133973752,0.2686844065764202,0.045072276724659154,0.17704774545271254,-2.205971758361492,-1.6949535316746545,0.7808529240245374,0.578935524649244,0.7299947916211927,-11.844603528370401
329,3948,0.6939724620831115,0.6751150014369273,0.1724825240194369,0.3508622182699042,3.1897698522573243,1.7426830679510426,0.04851005746899145,0.1855080040319057,-2.5556033742011333,-64.7548149535029,0.7553740758753092,0.8919580891414723,0.9050759860418144,-17.387075498964908
330,3960,0.7923147719234293,0.7759692396218677,0.1570500741523065,0.3231949686688415,8.987919334382974,2.909564888514987,0.054485407340934135,0.20482365670704084,-1.882424520928872,-163.9601200215397,0.7869958180316465,0.572834350260163,0.6974566384759631,-9.513537077473595
331,3972,0.8981063487399981,0.8881567382813338,0.1137894875363266,0.2785369237685463,0.6660877064579361,0.700536427614446,0.08457867440391777,0.22398834847416937,-0.3453685380892628,-6.875362331607816,0.8056566778560061,0.5207956760595721,0.6236760404351106,-5.157529421334231
332,3984,0.8525517228764674,0.837218605212053,0.1125661873351436,0.2928247237557153,0.5795413997173989,0.7011177075640403,0.07055189207933837,0.22942229758014018,-0.5955091212657841,-7.214399113005813,0.8162625931210429,0.4866470776638505,0.5866718409158159,-5.897718308058936
333,3996,0.8315748702695646,0.8155662208679092,0.093677616717925,0.2739158625232647,0.09707720317196226,0.2777204267406855,0.08310523868026291,0.25416736207920776,-0.12721674596637644,-0.16812375144549851,0.8240364649601396,0.06273838031109324,0.19839770737365314,0.2450730987913846
334,4008,0.8106001582103735,0.7927885654908922,0.136061659337128,0.32506134283565397,8.13898993900875,2.7527145301236815,0.26593032099630665,0.45347080123943706,0.4883559767559651,-29.60572374190376,0.7869796141034385,0.03112261858063087,0.14301501030982688,0.882967017585546
335,4020,0.8026540929367877,0.7855856463439489,0.14487695485078952,0.3435995983491192,8.798686961616992,2.857993983903725,0.49544054996815706,0.6723033483107121,0.7075795373226899,-16.759319381876395,0.6978356769704855,0.04224859897457716,0.17133052175804683,0.9147251895766454
336,4032,0.7860830476224409,0.7714467017805997,0.10707246278184306,0.28620777297383965,7.735913910411203,2.7231404051220696,0.031094681904937565,0.13430039212951317,-2.443433288984406,-247.78575487800077,0.6668852436443298,0.7796708866372993,0.8314011883420244,-24.074091094448352
337,4044,0.8314492062147422,0.8201540096809133,0.08054444895152274,0.23420524133817944,13.353675926451224,3.62867422628064,0.033156404530934235,0.14293543931639796,-1.4292274777977343,-401.7480094831309,0.7378671458718311,1.3898738476008605,1.1502087560547378,-40.91871426541853
338,4056,0.8697812867237479,0.8617388409707855,0.06911411290861987,0.21070662567316326,1.6768118869245823,1.2497991419149719,0.03581316232032238,0.15060109734601185,-0.9298522786244059,-45.82110649505715,0.7739861805595936,0.5596390514121642,0.707038771535495,-14.626630410534672
339,4068,0.7837652495596581,0.7664131473837594,0.05373238300527885,0.17602928863630438,1.696944702046815,1.2675821016320346,0.03477474454815554,0.14183435395795332,-0.5451553621298659,-47.79819317427082,0.8217312641351592,1.0130097213153741,0.9708077693492045,-28.130615752261637
340,4080,0.8987449520640546,0.8903507848699351,0.10065608947855115,0.22332909412692703,2.8308727542330936,1.6688383799118103,0.1605364142008898,0.3628133967379581,0.37300150885023786,-16.633835714622577,0.7960576191977098,0.5971648180022314,0.761452872520699,-2.719809122277764
341,4092,0.8589272241628506,0.8482732415776272,0.022032494201073543,0.11908384749543115,3.743017944642592,1.9076176200558639,0.03380889214611351,0.15579211633911175,0.3483225032676417,-109.71104987605663,0.818449592680077,0.4652965317956941,0.6426342106236165,-12.762548911239083
342,4104,0.9042215809632866,0.9003747735763127,0.055736866460048745,0.18242671600656557,0.04629581089598001,0.16516936160436152,0.0377427454479822,0.1508417397377334,-0.4767570773797152,-0.2266148195230211,0.7393330632660103,0.055348876570694115,0.19592991237798518,-0.4664772239999613
343,4116,0.9147599415352171,0.9094850469585056,0.10111486393197726,0.260446722995187,2.8228755297199406,1.600219590569707,0.04955378930668914,0.17727024142268213,-1.0405072012994983,-55.96588634724021,0.5930370380008537,0.4042195238254342,0.5891667853704092,-7.157186957463809
344,4128,0.8516104028950244,0.8434472538046403,0.10803239579922008,0.27574532329042706,0.4645507101740758,0.6491791588031884,0.05757085330109545,0.20187000382854423,-0.8765119779311044,-7.069199665054059,0.48942246890549873,0.20589654282974937,0.415547150667772,-2.5764024853498495
345,4140,0.7804110717735124,0.7705995774468544,0.127616202077969,0.31526317370189655,0.07562159676428651,0.20403139192746744,0.09836163989566073,0.27183253450153283,-0.29741840633544436,0.23118812532503752,0.4998188507109684,0.04455491986958345,0.18296512066271875,0.5470295135700659
346,4152,0.7250053016533742,0.7105008142544227,0.17480595438018742,0.353539104486664,3.670844114152635,1.780592263271174,0.11762338733118767,0.2834814038253293,-0.4861496369594678,-30.208454351146848,0.5380473539341419,0.11237932941552249,0.2862842540410502,0.04458346281849279
347,4164,0.8009575527231542,0.7909726134758223,0.19364354734533532,0.38567834767645515,5.087727094575783,2.219890616371361,0.13805190701748785,0.3206381929206325,-0.40268650776990245,-35.85372556230817,0.5507752743862666,1.3725630618123288,1.1399485257671864,-8.942369442520327
348,4176,0.8351752856355292,0.826554275557072,0.25435552625956775,0.46270984807457466,0.061144293478351014,0.18635966109248744,0.2712249454235857,0.47647231558735886,0.06219715202697207,0.7745624268340846,0.6610422892610963,2.7925800288550975,1.6436392803370958,-9.296176940855437
349,4188,0.7673643616616276,0.7536593499632726,0.2526564626115629,0.4738218699238717,0.1730189678256128,0.3748827311747247,0.20594575095064002,0.421901255076165,-0.2268107569362683,0.15988085684233877,0.6799859886578279,1.2204764971433477,1.068873945713127,-4.9262038255689236
350,4200,0.8799939004438403,0.8737189119757649,0.23166475910158402,0.44652937260167996,2.7707402122951224,1.6332800881427094,0.034704324877300366,0.14428513471244592,-5.67538584659553,-78.83847033737938,0.7285997676178539,8.022211925057897,2.289910567783026,-230.1588527776006
351,4212,0.871888911198208,0.8643837624368883,0.18122601825762633,0.3873429550469268,0.12226378420473101,0.3184466025386817,0.04849954106192034,0.17510890380837674,-2.7366542917643577,-1.5209266217310051,0.7514314889539414,3.8553458086333534,1.9212317821369913,-78.49241836559146
352,4224,0.8679759132580088,0.8611475898105241,0.1516339267045242,0.34704863926497964,1.091449713252823,1.0032412375685342,0.05942973908340404,0.20369644862047787,-1.5514822888877275,-17.36537952355934,0.8506998370860116,0.10114059860679488,0.24002402115835242,-0.7018516346648194
353,4236,0.886384183726865,0.8819874737588237,0.11216314556284268,0.30026741257116035,0.1041390195993525,0.28262661160098584,0.10717602338978229,0.23102058028001923,-0.046532069536887155,0.0283365970706404,0.8008909657865754,0.10219117425059233,0.24254150252828896,0.04651086111919678
354,4248,0.6662010192579155,0.6475290147627765,0.131802808367783,0.2721067682597609,4.228989212820704,1.9238537100224817,0.25758254441538164,0.36926790709861984,0.48830846179065723,-15.417996112349016,0.8572336169244749,0.380557352029242,0.49444315876215145,-0.47741902656085755
355,4260,0.59515981625401,0.5720534686563015,0.18864137653965643,0.36393144894144186,0.2285727502066838,0.41054546950187415,0.16369120764010572,0.3729911620377416,-0.15242216890724247,-0.3963654707052302,0.8295962740756062,0.4495192350311315,0.5097311060876337,-1.746141601077635
356,4272,0.4562239755082754,0.4236880383290476,0.2916604696605451,0.433094192832969,0.2949240834161344,0.43679175337934134,0.41850625100906663,0.5305063868071741,0.30309172453859834,0.29529348079021855,0.8372733122851178,0.6974259615217947,0.7268961261022086,-0.6664648612540927
357,4284,0.6829166924842721,0.6620270906399843,0.32921448651359375,0.4893344264261166,9.491770863990999,2.990315942112589,0.2722986089614068,0.45357639176282155,-0.209020081921365,-33.85794841256893,0.671753544576336,0.6673226689672872,0.7162987937519762,-1.4507017186483964
358,4296,0.7529936079040931,0.7364878044653405,0.39151211116070145,0.5627215612073616,8.458100773890978,2.8652877437285134,0.4385922687037305,0.5951133430539105,0.10734379263495808,-18.28465542470479,0.6207730143222459,0.4337048116137517,0.5936274616724794,0.011143509447678612
359,4308,0.7624574934316017,0.7471553497432676,0.48687959233538175,0.6703356189409888,1.8618400312352152,1.3371554981873752,0.7770523646300632,0.8543854851851532,0.3734275648627954,-1.396029039975439,0.5960788100424126,0.5602522406867934,0.7208075635614956,0.2790032355753571
360,4320,0.7030770550856368,0.6843398975878774,0.41226217491314926,0.6129275328742545,7.229870955860197,2.629640943294563,0.03008178421713055,0.1358203529245019,-12.704711526997126,-239.34049655016912,0.576841701187777,0.5051535098102143,0.6627731756752403,-15.792671144903256
361,4332,0.6385808317487138,0.6085982490662822,0.029281630439572024,0.13766029507182861,5.260126227594282,2.1236694712928643,0.09658047878090435,0.25523101519913616,0.6968162633983389,-53.46365863982754,0.8358500631073161,1.5244456854119617,1.0658017313300232,-14.784200955041975
362,4344,0.5885350711152697,0.548823203664105,0.04010251375245829,0.16294214254404446,3.457754697257265,1.7511185312367907,0.0999175954683,0.25984310163239704,0.5986441270478604,-33.60606393750015,0.8988991375300843,0.3982420466756545,0.5705569512787537,-2.9857048681881198
363,4356,0.7927124189375341,0.7730343728836702,0.039160928558386335,0.16069871161881608,0.050921104439568786,0.18163215649820008,0.04265324099056414,0.1724787863385484,0.08187683634522369,-0.1938390438099109,0.9422584307682994,0.06314119193669816,0.2202051343735214,-0.48033749535390347
364,4368,0.6829443335484424,0.6533562697410412,0.04257154487773449,0.16945496062672985,0.08494023776187547,0.24956579669163792,0.05643504590073586,0.18938793796402686,0.2456541108761745,-0.5050973452077574,0.9313656094180668,0.038966387184083996,0.16484030804158992,0.3095356517894511
365,4380,0.8048000347409158,0.7822597899465233,0.051163910193007645,0.1798322747331309,7.253002079770305,2.6507420097579337,0.0662166334534756,0.20226048938447158,0.22732540866856565,-108.5344432583745,0.9040925853363971,0.06511846095622094,0.2075709338169721,0.016584541375487594
366,4392,0.7821434122228069,0.7599755455061271,0.07649092586327154,0.23107326922938673,0.07761075801780283,0.22386271704742808,0.06614145485022035,0.21176394339499924,-0.15647480141596404,-0.17340566810263125,0.8616512349296181,0.09761531828802965,0.26597434458433866,-0.4758568360657165
367,4404,0.8103516273988595,0.7912660020047226,0.0910874332024972,0.26048810224692703,3.1099917744432974,1.57254197600088,0.03587364262270063,0.15845063316196187,-1.5391185991482672,-85.69294632698696,0.6903140161600669,0.03857632854024099,0.15433899057150793,-0.07533904337414898
368,4416,0.7992232953901384,0.7826521600093438,0.06799188410064973,0.22548225940501157,0.6071845086007582,0.7210862553529859,0.03804957779278242,0.15276921070699856,-0.7869287399437854,-14.957720001716666,0.5981528665576675,0.29533910364491345,0.47605592158357785,-6.761954817299865
369,4428,0.6772048303129331,0.6487087959071753,0.07969274936497098,0.23854504983965685,0.08076743730333906,0.24797765005186645,0.0741285914408797,0.22766963632849793,-0.07506088832847846,-0.08955850547563804,0.7259548953861878,0.2832722149960019,0.47776927264813324,-2.821362439105861
370,4440,0.46544815288327035,0.43302612003978935,0.037327386869736794,0.1610537556954177,0.08821090455998139,0.2547491063335549,0.07041774882601344,0.22253424877049444,0.46991507834247237,-0.25267998523967106,0.75858315558209,0.3757315609460827,0.5763391140018291,-4.335750818652718
371,4452,0.5105953800300157,0.4866505462810778,0.029815541643152487,0.1457651407740013,9.949298092618442,2.722115084927769,0.03168729750064041,0.15106991752691631,0.05906959586724281,-312.98380036724063,0.7620555126348372,0.0369088990735242,0.15490215254325224,-0.16478532360729936
372,4464,0.803229583220762,0.7990903094437484,0.029162345182905867,0.14196991772373288,0.2091910050213921,0.4204942876357182,0.04272568888679418,0.16887356216773655,0.3174517265204475,-3.896141185123165,0.7396721945418017,0.02954846014633471,0.14221250974880253,0.3084146583422869
373,4476,0.6241332487096861,0.604171145055067,0.04319993100061401,0.17789291130998852,15.026434488655298,3.7386591166381016,0.03849662052559578,0.1664920214467737,-0.1221746327548694,-389.3312624198913,0.7377191653217309,0.7360730430073043,0.7822098556686651,-18.12045870410628
374,4488,0.5488852431750771,0.5268338573697119,0.04655555635952341,0.18049239890011362,1.283478104897717,1.0894784560242303,0.08181707650820384,0.24250372744099633,0.4309799574071159,-14.687166538748448,0.6545857970880198,0.7002181415172423,0.7775537458917428,-7.5583373471799735
375,4500,0.5984607040892899,0.5797122126357718,0.05787211828904378,0.20488970926816044,0.8787775354455949,0.8420729672013131,0.042397579143863794,0.1731087968130367,-0.3649863850167403,-19.727068695684725,0.6539941447289089,0.844058296880028,0.8531675841006109,-18.908171974063965
376,4512,0.6479016700641316,0.6305483214322313,0.07089122453357678,0.23216234992419374,5.452515324533711,2.2822057994881964,0.1427340019259212,0.3433513212487753,0.5033333082724798,-37.200535618440526,0.6544401335036181,7.8720824863909575,2.7456259893359616,-54.152117786738444
377,4524,0.8536970028498722,0.8457402956510984,0.05892568143720047,0.209699980233537,4.668965277421866,1.9960674173825899,0.038815730028631486,0.14598104489071007,-0.5180876771797249,-119.28539136009852,0.5711700213312378,7.796609498671228,2.724015005472834,-199.86211164701135
378,4536,0.9043791829044695,0.9006705840575384,0.05090629433854752,0.1885549732551989,0.3014510548899448,0.5154412774921575,0.05081327972931044,0.19150045426121567,-0.001830517725535108,-4.932525050455656,0.5388573822075002,0.375800608052622,0.5858100139890533,-6.395716435832625
379,4548,0.8292685872976081,0.8231120371947294,0.050466541299404484,0.19409383802747834,2.9560093529622455,1.6791834418234124,0.04416317160386001,0.1804668149416447,-0.14272909908022857,-65.93381035849066,0.5363396640915933,0.5008508283796593,0.6724976414712986,-10.340916202129904
380,4560,0.7884927674494978,0.7794160361788102,0.046365151035279085,0.17969257892806242,0.1810383132820349,0.34806103309279185,0.05644411776482141,0.1898930775111695,0.17856540466337134,-2.2073902551962,0.5821459942079782,0.321959601649211,0.5312021605884839,-4.704041703524883
381,4572,0.8020481960326441,0.7935049348760159,0.03626007886950417,0.15655416628681676,3.2418754812730413,1.7210665679097776,0.06226466678800607,0.20373391712477348,0.41764598222359905,-51.066053646616766,0.7085722582562065,0.03333996274640304,0.15430919699677664,0.4645444283847794
382,4584,0.8106696434767968,0.8032927626284454,0.03956545477518472,0.16613436803886222,1.448615369852155,1.1637395385874612,0.05676904168426966,0.19979382259472192,0.3030452232180615,-24.517699909553997,0.6572958345208766,0.40107449597163036,0.6015654477145936,-6.0650214284446085
383,4596,0.6067062964336187,0.5887520718237718,0.04343251575082793,0.1638837878963191,0.034339794856020546,0.15776382436248984,0.03982791870016652,0.1639458828021557,-0.09050427861414567,0.1377958985369483,0.7374672480716761,6.771977036691648,2.5658925132335177,-169.03090439328767
384,4608,0.7932716175014054,0.7851516032795999,0.05061583384300029,0.17862719177897043,11.484221288345523,3.3579060141733046,0.08111034752707699,0.23329087274535723,0.37596329708606846,-140.58762276923738,0.7330455567043145,6.65959582747842,2.5498936715878386,-81.10537903632152
385,4620,0.8023707731816287,0.7915392784279421,0.05077021193486062,0.17482056116573477,0.047667687184398795,0.17186278427259985,0.040189927204778875,0.1606028686068958,-0.2632571260000609,-0.18606055048367343,0.8189790528859252,3.6307609728889005,1.8665860330699433,-89.34007338179943
386,4632,0.8266395179004008,0.8175119228172943,0.05339026159558544,0.18311673033032635,0.14130151241544678,0.3217466771132732,0.06773769603075373,0.21420221570324974,0.2118087162080975,-1.0860100165097761,0.7671659697421709,10.43871184906408,2.7164379897157622,-153.10491440873304
387,4644,0.7458704775618986,0.7288855658952053,0.03296249377034994,0.1484940913385099,1.7260733096224732,1.2664877377733206,0.0406896666679546,0.17448116156894722,0.18990504298454336,-41.42043376044299,0.8088598335821587,0.0374559543260215,0.16721408277505012,0.07947256900189426
388,4656,0.8064461747167647,0.7933141612678745,0.03729615656337097,0.15651784681491238,4.3644524225982595,2.0395833830237553,0.04643724996479557,0.17215527366365221,0.19684829330665643,-92.98602255531893,0.767207198105258,0.04483778848633263,0.17792073596527622,0.03444350127700291
389,4668,0.742406281655909,0.7221233897651421,0.03884996741875007,0.16137227907353036,6.879692024478096,2.5829697943441063,0.14758740357855357,0.3359785848971379,0.7367663738452305,-45.61435771391135,0.7282344507350099,0.20768698675292094,0.4100206736532382,-0.4072135000490018
390,4680,0.6599606784066494,0.6361507492693594,0.05073869961322517,0.1887143907780151,0.3017848978146721,0.5133445454316483,0.0402900189101466,0.16594942665670256,-0.2593367038715184,-6.490314126873514,0.7060475082929438,0.36826295612381815,0.542123954433441,-8.140302389658972
391,4692,0.5381607392234247,0.5076046244511023,0.05820786649637746,0.20093658630933833,0.05085716947514507,0.1847924407578366,0.047741907982482366,0.1800774563312828,-0.21921952758434582,-0.06525213642081007,0.5871398365859253,0.28079631297117413,0.4778872285375666,-4.881547781337204
392,4704,0.8323154497430891,0.8176365601363467,0.05464217476599111,0.1898596955658033,4.815798441786444,2.113748913671825,0.05471314053061175,0.18520604595011306,0.0012970515662673598,-87.0190461575136,0.5698554469213972,1.7770996342486083,1.2857009579149523,-31.480307600956102
393,4716,0.8537841177810063,0.8407534301375288,0.06056057361578482,0.2014980816032931,7.849327585933129,2.7137653947085862,0.10318236341148268,0.2758089505629436,0.4130724320175311,-75.07237638694768,0.6325797352318313,0.05171218410435673,0.188089738458974,0.4988272957255995
394,4728,0.8148725114842618,0.7984714967726251,0.0725361042832825,0.22832217995137516,9.564351648826701,2.9933332867482627,0.14210116045295917,0.3324925473986969,0.4895460103769197,-66.30663999040924,0.5973862597293079,0.7196902622649969,0.8097226291278498,-4.064633251205865
395,4740,0.7409245812480012,0.7159089516201584,0.07568303451652064,0.2433734454831092,7.022611109855362,2.5722321060820943,0.07002681678339363,0.2310001577746441,-0.08077216690604083,-99.28459713623202,0.6557472803203065,0.14937224816407674,0.32988626938920634,-1.133072086171127
396,4752,0.7616310782612434,0.7402018387444704,0.09930054607745918,0.2794944040018485,0.16086468806557794,0.3398985149245067,0.10217881728937428,0.2834098920384187,0.028168961906886447,-0.5743447843010656,0.651027355999974,0.3594820002264491,0.522993834657905,-2.5181656018622967
397,4764,0.7456457974994462,0.7239969028888433,0.11539601606561734,0.285815386767767,0.10545001220145211,0.26534398303072787,0.13761132786976477,0.28253242499462683,0.16143519685510177,0.23371125158206518,0.7398288066360055,0.3072011821606633,0.44549929900166085,-1.232382950707359
398,4776,0.758173362602673,0.7373581357080423,0.10667982902466962,0.2634163841318575,7.809500236979091,2.75657863717078,0.26071854005731016,0.4199703634861012,0.5908237711011282,-28.95375869802906,0.7792729885511527,0.28937817350426687,0.4715083912707561,-0.10992556739791826
399,4788,0.7106350630626739,0.6907817682845504,0.11030670236757874,0.2658723761664816,0.2787053599688088,0.45667063797508023,0.14722220934726474,0.2849968154301133,0.25074686179046846,-0.8930931766646995,0.853686883012678,0.7692356885775592,0.8251892677546161,-4.2249975869000975
400,4800,0.8508954667534767,0.8396862778497436,0.14616865555771907,0.3093580564026946,5.954731258277441,2.4016547219982054,0.20455297365199346,0.36406663598617045,0.2854239518101741,-28.110949364188865,0.8609088843823273,0.3105666008211589,0.43611593506370067,-0.5182697923009749
401,4812,0.8159047289703311,0.8047850413437735,0.1943342396820602,0.3658397056638519,1.3187914330661838,1.0541659254367575,0.15567722479744084,0.3340317747949997,-0.2483151593620574,-7.47131900496124,0.8791920020317595,0.3365300600707169,0.4578474340929806,-1.161716721945631
402,4824,0.9501426662880949,0.9472064171284663,0.17009486792157613,0.326972408064403,0.36197992086429226,0.4818537693889122,0.10589529530743709,0.2805232117703132,-0.6062551922420512,-2.418281424244446,0.7814138323358041,5.929456511037486,2.3753752370630203,-54.99357831547646
403,4836,0.9620362690560417,0.9604424803474558,0.1030873867187494,0.26935012014619336,0.2124138822548097,0.4010415597004055,0.19544318803305094,0.3877753008279556,0.4725455117866961,-0.08683185324877574,0.8756693127853301,5.8245835768777185,2.3258069688094953,-28.801926767039518
404,4848,0.8846306515605076,0.878272019053028,0.6947592850419939,0.7531445702416438,0.09617287269656,0.2425871407439233,0.5571178052982252,0.6779256859623235,-0.24705991880853495,0.8273742612748148,0.9032663395379062,4.990145689867053,2.1244130955446967,-7.957074504549048
405,4860,0.9219003440405472,0.9178181277489549,0.12968647206490636,0.33138240476834674,6.880000015970374,2.553183832469614,0.09938042387914986,0.23229649132385535,-0.3049498784852209,-68.22892605425692,0.8355217658585504,0.2351523885851171,0.4334835028938208,-1.3661841981180398
406,4872,0.9377916641545643,0.9344920678111663,0.12285273859313404,0.3036368467609508,12.131041132458876,2.9000847660362177,0.1226003809240059,0.21249044574182255,-0.002058375897580511,-97.94782578186545,0.7693568058409159,0.5221957571071617,0.644659999709771,-3.25933225632346
407,4884,0.9154238816747332,0.9096626967270801,0.14899657386862797,0.36081395730647775,4.795508939072952,2.1467167411807373,0.1143160207604369,0.3034531956571543,-0.30337439037410485,-40.94957895816303,0.7137038715781255,0.16001661553153662,0.3804026326263195,-0.3997741914658739
408,4896,0.9675711042237137,0.9652609424470592,0.18297418557526213,0.4071828096513501,3.346826308502264,1.7651501475775682,0.472701048758336,0.6616692731707473,0.6129177499058058,-6.080217649809568,0.7150707122385537,0.15579632313330946,0.37263164956597244,0.6704125714496587
409,4908,0.8701059521654115,0.8631719608220189,0.19503219287192572,0.41545869042718575,0.02806847871508236,0.15240387324510796,0.020759852149890266,0.12659840417869553,-8.39468120792742,-0.35205581005213116,0.6315320599982871,0.08920354568504174,0.26527390719555016,-3.2969258663777747
410,4920,0.8700279660852789,0.8620778483363329,0.18206633753969328,0.40569128723994,0.24488166163801872,0.474028273663925,0.0598466348222513,0.22477840578762734,-2.0422151233806725,-3.091820072512589,0.6242888876490271,0.11350905588783976,0.3132517230815332,-0.8966656391787042
411,4932,0.8323402973849173,0.821245029555821,0.08268432220584913,0.25637558751078204,4.080637814330619,1.9911946892761805,0.025879980874550807,0.10836227036073515,-2.194914347373306,-156.67545710759518,0.6771483011147943,0.4423497230758902,0.6317738547070243,-16.092351235501752
412,4944,0.8603176587984546,0.8507701295140675,0.037843994542705095,0.17166013044656647,0.06564735800619051,0.22098356317175213,0.06802391807094214,0.1920146689137152,0.4436663512496062,0.0349371240608799,0.6101073447730301,1.7604867478690194,1.276879916328621,-24.880407918182655
413,4956,0.8428263652875048,0.8320591979382473,0.05513332943602339,0.19274883013180202,0.932027524125945,0.9165031504976356,0.10329966344185004,0.2346133217154028,0.46627774380833953,-8.022561091407685,0.6625497012842886,0.06093625430450398,0.20725765050847622,0.4101021022318575
414,4968,0.8718559590480035,0.8632949365934205,0.06918844978292249,0.21956405098576126,1.1878903692909768,1.0497687812179628,0.14067267726583427,0.30232824498004446,0.5081599986031788,-7.444357442960847,0.7211053148867645,0.0647097169075888,0.2141736348470916,0.5399979714233739
415,4980,0.8913386517195275,0.8837465477576028,0.10265931481437758,0.27193050999850926,1.4863586882730473,1.1782421000369703,0.1521914610367513,0.33036411150687295,0.32545943041057124,-8.766373738367099,0.7990200688526143,0.11827750397833307,0.2906975076098334,0.2228374497977167
416,4992,0.79091393795023,0.7786229673406795,0.16585010026838456,0.3572336666895924,7.706113742663551,2.7171143855206488,0.05944577270514225,0.2099295612688801,-1.7899393467559048,-128.63266170139207,0.7172264731318982,0.07648385115033883,0.20622444512848123,-0.2866154760862034
417,5004,0.7210394417763684,0.7054913338586639,0.18633666509014166,0.37791832440967904,0.10695171353507094,0.28381726306382177,0.3540135555270633,0.5466879489243652,0.47364539526538907,0.6978880840428869,0.5274886950096506,0.2071201756055762,0.4162114236656504,0.41493716166543104
418,5016,0.6517205677120566,0.6326813315036481,0.18601676432708367,0.3762123698850371,6.323801507782271,2.430455949470868,0.14160748292917782,0.32560557086530756,-0.313608295827956,-43.65725523096117,0.5412619415135018,0.20060624707112348,0.38893749039079367,-0.41663592150319295
419,5028,0.7093025890807733,0.6921705728223089,0.15449761239922902,0.3402305546796593,6.921796599541885,2.5859462850526156,0.10988843753314055,0.2614357111735474,-0.40594966920550735,-61.98930765536078,0.6357809712780333,0.5888459386727041,0.6820236096186516,-4.358579591188725
420,5040,0.7740511470403684,0.7630292141227942,0.08144920202389977,0.2512622182237967,5.758845366109413,2.348419360596597,0.1960814495681751,0.3363258957719431,0.5846154636082447,-28.369659285934304,0.7782863728476145,0.4136542643974314,0.4924073831851123,-1.1096042757150717
421,5052,0.886785509745732,0.8805925946128994,0.3145417753958984,0.4497441867412311,5.211988000263448,2.2297264145831264,0.398283742120102,0.5147085521584984,0.21025705512968518,-12.086117882993525,0.7670258668712218,0.8872291024953173,0.8060504860743616,-1.2276307282152992
422,5064,0.852337428646311,0.8403537563609537,0.2706131126733676,0.44122654648860493,8.794868726352918,2.8845651435754966,0.38632946986012745,0.5321160499928288,0.2995276472919748,-21.765202793193968,0.7798642554635941,1.3580956509799123,1.0501794621452107,-2.515381965221596
423,5076,0.791344534600441,0.7763165365720848,0.26695127987874256,0.459854625286712,7.607519428864973,2.661340527339155,0.2593439952600333,0.45311095356883446,-0.029332796431557062,-28.33370183195193,0.8445375335005664,0.10230984064363301,0.2541808197706132,0.6055052651554502
424,5088,0.850657541719626,0.8422360290756769,0.2452117511405608,0.43935251718042023,0.46314359069039285,0.6320945191441443,0.1687142853920979,0.34453420468179846,-0.45341427710570037,-1.7451355978187082,0.838547379145027,2.0050691776201552,1.354240840138388,-10.884406663966269
425,5100,0.8019869283509742,0.791655347585357,0.2418553896809084,0.42604981374237255,0.16437206869792684,0.34296639746975366,0.055997123561212,0.18119330544796144,-3.3190680931410625,-1.9353662874888062,0.809059331056753,0.9953226791681153,0.8836059373173963,-16.77453225932401
426,5112,0.7813102754597752,0.768819062442949,0.14952565931558026,0.3166281233399489,5.848067035764937,2.3373045474020864,0.061141553274326854,0.20578740173173857,-1.4455652712108251,-94.64799588139547,0.8408653959494198,1.3468401479479348,0.9400355167559485,-21.028229179998092
427,5124,0.8040877527373043,0.7927253728528402,0.07282456593421865,0.2388492485980586,3.3340498926751216,1.774556650957048,0.08675077141225308,0.2644858595103608,0.16053120048760083,-37.43251003303707,0.9046852675683908,1.3452701400196097,1.1005708507511232,-14.507298876071982
428,5136,0.7237925530898657,0.709920149890311,0.2763588514817522,0.4733279592694432,0.8615418002265537,0.9098410862075109,0.18477410243336134,0.38739389937617014,-0.49565792955980315,-3.6626761482295285,0.9057712698433813,0.48810848105874355,0.6734473970183462,-1.6416498558545536
429,5148,0.7689319892598143,0.7553268333775912,1.588450514731174,1.197495980280047,0.04478450793173403,0.1573089283800434,0.7410185827423286,0.838934965403225,-1.1436041574729572,0.9395635831884303,0.8686390108065382,0.15722438005231304,0.35431415385078263,0.7878266703238884
430,5160,0.8030851785040977,0.7850770307791531,0.12009475678988335,0.28091645815723393,0.3423347547713694,0.5513070178138907,0.06523626211653377,0.1883595016223839,-0.8409202626501495,-4.247614496364691,0.8424360873871873,0.06391983133326778,0.22131726906175134,0.02017943304161729
431,5172,0.8717972553718719,0.8620989340333959,0.1843620338443028,0.3687780618829278,0.08602297107226992,0.26107359136047864,0.07524231432298979,0.20879328565488411,-1.4502440615117043,-0.1432791753720175,0.8277734634416846,1.4322101604777657,1.1559068693458092,-18.03463726979173
432,5184,0.898640463282537,0.8912631875312607,0.27091436406025887,0.4510091983988738,0.33808474386534576,0.4713735140982694,0.07529222310360649,0.2038553907063735,-2.5981719345365177,-3.4903009889895458,0.793605334074454,0.13486439691941132,0.2910681942443118,-0.7912128419136999
433,5196,0.8672618386061741,0.8571679483163541,0.28072422516267054,0.4695828973043776,1.60453080688377,1.2329794265598597,0.10173066359446621,0.24257640406309286,-1.7594848519000612,-14.772341889756934,0.7855275754521972,0.08525138915765258,0.2138846094335188,0.1619892552997172
434,5208,0.8605187156472835,0.8490621865343491,0.285777950943341,0.4852463639465139,5.809449883718547,2.3680472871374554,0.11651327191740746,0.2757408445116233,-1.4527501995302297,-48.86084235825667,0.8113074939085367,0.04428657994521066,0.1622269680312133,0.6199009845281489
435,5220,0.832977126423224,0.8215952851422652,0.21268005037570137,0.4060439860442644,0.06072299605400716,0.18443436644840713,0.0778380734024534,0.20643899081864311,-1.732339600391469,0.2198805366103368,0.7949671821459281,1.4394072141705063,1.1432409185412988,-17.49232838444248
436,5232,0.8533620119131189,0.8451212934551577,0.22092688700967145,0.383496947432064,0.24087243931332802,0.41272405992483696,0.08410966981718832,0.21456208482208386,-1.6266526487365156,-1.8637900949660402,0.8605470875800878,1.0007269922587938,0.9330198267315021,-10.897882781300483
437,5244,0.8534008067469782,0.8440813457764997,0.161875043222125,0.3243045755158421,3.450818310180704,1.7286583130495767,0.06424912930329725,0.21440998181266355,-1.5194900690088824,-52.709962260976646,0.8154801939646764,0.06414275463791445,0.21389801113639453,0.0016556592522933844
438,5256,0.838545930080295,0.8267185496555691,0.1058973385461305,0.2706750686514047,0.3078791520624031,0.4588224067608428,0.12866479836093994,0.28355520576915055,0.17695173897479322,-1.3928778965534763,0.8661687253712567,0.12777801172870804,0.2888774595619697,0.006892224163319582
439,5268,0.9172826300155037,0.9108506383430427,0.1360564638027664,0.2985105937746714,10.064514157532628,3.1272250946889137,0.11100864826296748,0.2751051671031295,-0.22563841585083844,-89.66423485934972,0.8578149085436391,0.21837284080678118,0.38720954524522083,-0.9671696234826637
440,5280,0.8884527007631469,0.8799000672168756,0.12581452470558205,0.3001878675044576,0.1256623559747075,0.2903635539141332,0.10914035236563767,0.28412163069466795,-0.15277733650779535,-0.1513830883898788,0.8948885120171058,0.29493367729584363,0.4500458211989768,-1.7023339296887054
441,5292,0.8148895860474675,0.7994926668724431,0.13571672024125114,0.31356286943781897,0.13743350060838175,0.32029042519540807,0.13120170947303797,0.31231301029674946,-0.034412743449360406,-0.047497789170379834,0.839898418118605,1.8615313385447871,1.2960243455747646,-13.188316189030548
442,5304,0.8286075348320485,0.8161188412130586,0.13034717009331012,0.30670237566127473,6.130689370567076,2.4417019267271622,0.23617334133618817,0.3783570013034301,0.4480868613034379,-24.95843093840197,0.8314014371903449,0.7619213656463847,0.801468613383069,-2.226110793604789
443,5316,0.810933282704742,0.7985294590882308,0.1044082208177718,0.27882517153378483,0.7826393641550812,0.8116334323581595,0.14722765841623056,0.31407704005834114,0.29083827087301073,-4.31584467602184,0.8201540779525128,0.7625909420579987,0.8111617444419502,-4.179671742805697
444,5328,0.793751556643094,0.7816318115364401,0.10844716156326077,0.2810468146726894,5.797425926880951,2.3464349328183216,0.15163039134978704,0.31808977494470975,0.2847927081247813,-37.23393104293464,0.8369719930506538,2.975664214834692,1.6685573725592124,-18.62445779072291
445,5340,0.777564971926266,0.7663113787714881,0.10378084782352819,0.28374154052767914,0.10385601195544784,0.28130334315916783,0.20155664457764924,0.37066752964741884,0.48510331653419225,0.4847303983797093,0.8049475396784099,6.009663686324839,2.3972968085593256,-28.816251897414524
446,5352,0.836312578859905,0.8266924419335416,0.15937413335109277,0.3322372938074112,0.12547421808357187,0.30509108869771434,0.45989451649828933,0.588137868816802,0.6534550258076721,0.7271673969088548,0.8351880097215558,0.5246052097345484,0.6397340758595202,-0.14070768603412942
447,5364,0.9079222491045057,0.9027132786444708,0.2443739887548794,0.3883742089951787,11.145739425542581,3.2810527125735405,0.17742930578348762,0.34273041104917734,-0.377303414877149,-61.81791712099375,0.8298191218116159,0.5516961318480972,0.6075281406478621,-2.109385619314307
448,5376,0.9095316825287675,0.9055047625743589,0.30349146787389664,0.4567604416538312,1.8872369166958525,1.2719798492921952,0.19929685594800015,0.3844947400939383,-0.5228111172666094,-8.469476614263618,0.812250803389493,0.20183186907850792,0.3907319095323883,-0.0127197848578664
449,5388,0.8725374070806511,0.8686975384082157,0.37948510737806673,0.5232363522723958,0.23318475737390165,0.39648839847690215,0.26450866700507664,0.46051326574620594,-0.4346792930259007,0.11842299908673237,0.867803951655506,0.269041328349381,0.46324815618374626,-0.01713615434845983
450,5400,0.8966240550097161,0.891329268165799,0.4767714970246842,0.5996700313314923,3.9673740807439493,1.8911077344847342,0.3300181106241326,0.520338931340751,-0.44468282702125195,-11.021685940934644,0.8111454398605618,0.3469057612740305,0.5302251127680496,-0.05117189059097349
451,5412,0.9087171954462547,0.9040151973647433,0.539726062678637,0.6703157184579918,9.711291633438748,3.067884207220363,0.8368231119618663,0.8241860177481426,0.35502968911399746,-10.604951506025431,0.8749048486149206,3.8026546682394184,1.8549045291828545,-3.5441558841801015
452,5424,0.8917130457402048,0.885512615456009,0.5809741433605381,0.6988442789526784,1.3564555749845024,1.1003651224672888,1.146294125863397,1.0030704003006663,0.49317183936283004,-0.18333989887875446,0.8372622957810262,3.946291491742276,1.915322825973188,-2.4426517616234844
453,5436,0.8984164579547709,0.894276278618405,0.4173031530531819,0.5478362658507999,0.5716518860632113,0.672933628910538,0.11763811725375391,0.3032806352974402,-2.547346411138397,-3.859410362970336,0.7289748243813374,3.809268789672599,1.8753836458843498,-31.381245795151003
454,5448,0.8541866834018722,0.8455388367475113,0.3077418252198361,0.4601676288781542,1.0171196092456116,0.9230533375014175,0.20304314760836428,0.3483244116626601,-0.5156474318129554,-4.009376682868719,0.7496631571460263,1.6799064143761762,1.2309091558385206,-7.2736424950249
455,5460,0.8500200490510463,0.8410419505054992,0.16367979209481354,0.3184990541601346,1.6761582879752837,1.234220561486133,0.29685703434199406,0.4406515952244403,0.4486241754128478,-4.646348558627269,0.8689451046898448,2.0932154890558814,1.2344681878420574,-6.051257834248903
456,5472,0.8464074126394273,0.839431586042338,0.16926757747250595,0.348342948311913,1.5673096554269137,1.0817446574111036,0.5783478900478558,0.6503325537630011,0.7073256764911864,-1.7099773032754135,0.8817406153759395,0.8020882734328442,0.8005749724206345,-0.38686124257577004
457,5484,0.7230324882279102,0.7108088123769959,0.2791826439289888,0.46490052595455483,0.22337726426638685,0.38061461140446123,0.6339931031113136,0.7188591170131189,0.5596440362538595,0.6476660973594734,0.9155729121462962,0.09417247337942132,0.25367555026191807,0.8514613598834577
458,5496,0.844679364936985,0.8363996680518947,0.40758148293946167,0.5890284461462335,2.456538817790059,1.5430466899966264,0.3846599245611945,0.5723922129792275,-0.059589151129832985,-5.386261372541955,0.9074634502180209,0.17042795260644858,0.3559799174392249,0.5569386314395337
459,5508,0.8178534977426634,0.8076056773205779,0.49196240368582184,0.673611580480327,0.35966646513392647,0.5700374638541782,0.3300239931074752,0.5485631966298854,-0.49068678023542955,-0.08981914238216593,0.8978420081353427,0.226490126311323,0.44840825775411747,0.3137161811215208
460,5520,0.8591376279921231,0.8512159858384343,0.5191235610394206,0.6924233294583226,0.40086358235712094,0.6036379782754505,0.12013616158711633,0.30152347485636005,-3.3211265798847744,-2.336743716973478,0.8174864536889793,0.3246779731702822,0.535057410113548,-1.702583209592917
461,5532,0.8672951879743946,0.8618473422319691,0.0348086832066985,0.15296146572874544,0.038677987105553306,0.16661690126889803,0.058103793171197314,0.20050893721614535,0.4009223614000894,0.33432939581771737,0.8678495534543752,0.09956497621090539,0.25366653710984377,-0.7135710213883393
462,5544,0.7422627682699862,0.7343115740529085,0.15127236562607135,0.31248524304633896,4.459806255047333,2.0152382101752973,0.05289565550760814,0.19045610319646022,-1.85982590015003,-83.31328078363384,0.930334884514258,0.05998446813270041,0.19079728569129864,-0.13401502556429534
463,5556,0.7965202681472395,0.7944586311349883,0.07551959085028409,0.2128420170460786,0.2610139288457663,0.45623947270319154,0.04231081466921649,0.16953874963640914,-0.7848767848289355,-5.168964858898562,0.9189948900142325,0.1950464911803563,0.3817805364801736,-3.6098495787712555
464,5568,0.865195375716328,0.8625906570283709,0.1039972036529611,0.25959686727215403,0.16950732881842426,0.3337759234035132,0.044851835159410526,0.17951669861041095,-1.3186833556160762,-2.7792729821637927,0.9514581472873476,0.30461553511993056,0.4789834649908033,-5.791595796187128
465,5580,0.7789567026101749,0.7647276232135573,0.09332701779370271,0.2501688331046081,5.862056661193986,2.371704945060251,0.10362440498265178,0.26904686687875157,0.09937222018956826,-55.57023229397919,0.934067106081122,0.555276236288924,0.680602360718729,-4.358546921276751
466,5592,0.8926935997124643,0.8848443322269087,0.08699314551440973,0.25154376392497746,0.16728929169147203,0.35037050781204887,0.0735294034846503,0.23436586298097825,-0.18310691222416997,-1.275134623204099,0.9315555476724869,1.6403259178441196,1.2268516227606452,-21.30843499480514
467,5604,0.8740195374206423,0.8650954637593584,0.06879969344551706,0.2345985042966757,0.1743070494352487,0.3533720060673986,0.06250614044383973,0.21696860616975142,-0.1006869558252752,-1.7886388152834263,0.8481757319041783,0.8223519013684281,0.8527824051193683,-12.156337849835595
468,5616,0.9374468019344322,0.9338560512343823,0.06689618475467386,0.22814176731753796,7.495634998000713,2.640206553582163,0.060731057800286294,0.20091875351510116,-0.1015152242969577,-122.42342237229035,0.8359215692682089,3.545797565141514,1.7588046800446007,-57.3852429641823
469,5628,0.9153072383767388,0.9130568689086372,0.058125687958168866,0.19784520388923296,0.05711754272347317,0.2082937417973673,0.05869287653220398,0.21297515276990467,0.009663669725301416,0.026840289687734886,0.8398945803698941,9.404105405374194,2.5045418642421615,-159.22566895685014
470,5640,0.8366948063414771,0.8350396805712054,0.08562041836908003,0.23372171874157946,7.863599465141587,2.749074145761817,0.16814267524269347,0.3480156293219401,0.4907871053823939,-45.76742209431032,0.8631779801933931,7.367323471266308,2.4851282192123954,-42.815904919036605
471,5652,0.7835262493134223,0.7846091173581098,0.08312854178254876,0.2326459102276773,0.13675050215308246,0.29833382663389474,0.061071508146319675,0.19924327450269672,-0.36116733163659887,-1.2391865913225102,0.7621118799523242,8.365630690619088,2.4709732213922533,-135.98090884829773
472,5664,0.8090062950521015,0.8046128022047986,0.056223802313784405,0.19606633230338458,0.6321407696566957,0.758517102103936,0.15270277795778828,0.33297379645764097,0.6318089096628852,-3.1396808762145687,0.7874484964867923,3.608452896997975,1.867059756108415,-22.63056484797848
473,5676,0.7093886486913333,0.6953166948251636,0.06310243310216344,0.21796425288744503,5.385807479553463,2.254178365768198,0.07426944360104504,0.23414565283767708,0.15035807402661705,-71.51713784856845,0.8546374533387646,3.3566805540097993,1.771875809370676,-44.19598358701812
474,5688,0.8508045822726343,0.8433129727954825,0.06011582241240837,0.210223093653906,0.056383668866176934,0.1907210150119845,0.07611253183044037,0.237560159333757,0.21017182103032195,0.25920649976819055,0.8106707564713728,2.71125304065638,1.5937035715021655,-34.6216377967346
475,5700,0.8009531466141446,0.7913875949993581,0.056158070973244954,0.19771295450125215,7.055348720877613,2.453532427364074,0.07766594291431443,0.23655101422168112,0.27692797040780415,-89.8422463712503,0.8292981811298284,2.80668974193914,1.6094793626818127,-35.13797292122807
476,5712,0.8286681083746875,0.8210541139491864,0.06861871686406718,0.219996818470386,0.28681936553198495,0.46847638848030365,0.06695787147757261,0.20428219508725876,-0.024804333677943546,-3.2835794986113687,0.8057992002131494,1.7818017686669307,1.2667504418156974,-25.610788684699173
477,5724,0.8922066255689493,0.8883367931470041,0.05500675110261169,0.19125904075983227,5.772160602525942,2.3510803458675245,0.10411814134800873,0.2592028577127292,0.4716890794395294,-54.43856745610582,0.8637255971321915,1.9945614167288166,1.3629886767922788,-18.156713622673237
478,5736,0.788628106791525,0.7795260427693844,0.05468558037616098,0.1940426750352622,0.06640081680265957,0.21020033881984443,0.10226628573858627,0.2699549609146024,0.4652628676086994,0.35070667402164435,0.7817189173332454,1.8635741517121016,1.30563468500751,-17.222761668256748
479,5748,0.7995104566049607,0.7918274538140375,0.04027266180990522,0.15873905271190258,0.15484709340266414,0.3485729665775805,0.25613115740633224,0.4541030972699536,0.842765471340077,0.3954382786901196,0.7982153291273874,2.4604774999965335,1.5413591003036193,-8.60631859439567
480,5760,0.7937193455082107,0.7848695223752136,0.07358531096127685,0.21689848025637412,0.18452153281519687,0.3742041759935762,0.08711726309682122,0.23933441983412682,0.1553303174883386,-1.118082297995537,0.771344048708626,0.17205363279331784,0.35373441455589977,-0.9749660018829933
481,5772,0.8887128118710268,0.8842367389225367,0.0626747440712009,0.20810418507995534,0.7001932543920152,0.7916187906799084,0.1526655502233817,0.33621576607203946,0.5894637396616682,-3.58645223737435,0.7362664955838181,0.2042489191010355,0.4004608783213299,-0.337884799826657
482,5784,0.8246006155786395,0.8155800427411058,0.0815428090363738,0.22560669086688442,0.07309375271916065,0.2209840633336918,0.12590746221143692,0.28698221962891196,0.3523592040999236,0.4194644905445397,0.7253342158571229,0.27792051667011525,0.4654254161939558,-1.2073395157739117
483,5796,0.8381461106551764,0.830589523164564,0.06957319661953186,0.20045917652785727,0.550515263139574,0.6176554558560169,0.05884218600100302,0.20098346628027794,-0.1823693398873032,-8.355792171456546,0.6873441808938965,4.728932312210987,2.133073598613901,-79.36636015069831
484,5808,0.8157223664661016,0.8071908756422557,0.07483942185640524,0.2119225814562183,0.21895075269922581,0.4074260592818805,0.20390907639023115,0.3886901974038621,0.6329765051106345,-0.073766585456984,0.6762603321193358,2.243832024319724,1.4599032364376086,-10.004081152452423
485,5820,0.8473391291016472,0.8403910970929068,0.07502807939365262,0.21168143034777756,0.09926121663000537,0.26155049621750104,0.048745719987973814,0.18509252973006937,-0.5391726578695113,-1.0363062983682334,0.7002433276342563,1.919003579121554,1.3140780575868316,-38.367632267920065
486,5832,0.8956992246735966,0.8914056515921608,0.09184660924128428,0.24015592885916914,3.0555672086826333,1.5861987319975224,0.08098358264831203,0.22663664294808603,-0.13413862708627255,-36.73069934374312,0.659698646205348,1.7325398550702273,1.2622636780737708,-20.39371707712834
487,5844,0.9191194069414325,0.9161319729386684,0.14658991907428237,0.2999381928167971,0.15962097143490597,0.32711636329075233,0.2578526120315066,0.3821813093485778,0.4314972498460835,0.3809604247274325,0.6937263388997577,2.1496601037849685,1.3958030785987543,-7.33677846754682
488,5856,0.8599927422314838,0.8534353011636356,0.22417513118361865,0.3729590399132465,5.675522026183522,2.2139179429831892,0.28649330502730486,0.4054381893857532,0.21752052404068167,-18.81031293433752,0.8506657494934933,1.0522807331081718,0.8861105463262101,-2.6729679704308693
489,5868,0.852386158178298,0.8409804146329789,0.2719927196555751,0.4146227864080136,0.9323841376900847,0.8393727726310612,0.4810405050214894,0.5820273291579307,0.43457418488402666,-0.9382653393157248,0.7475421642847395,6.871145411484437,2.527963180695247,-13.283922746126096
490,5880,0.8529683226844106,0.8422128769815952,0.2875170921549173,0.4180204823256197,0.151625005306079,0.3174055762610101,0.2073855324825807,0.34350685685482024,-0.3863893431383272,0.2688737565682664,0.8257852509994735,7.075296214764916,2.5977790791630944,-33.116633547517125
491,5892,0.8387747280799736,0.8285874863044213,0.3089240413025915,0.454493666559129,2.6400960132574576,1.527870108922281,0.28783581931738217,0.4408298510030349,-0.07326475917841346,-8.172228875192062,0.7684186707555832,1.2162281453519075,1.0322637508858339,-3.2254231882475803
492,5904,0.7634178172129783,0.7473063912822976,0.33491462458985827,0.4924630725987063,0.0979264606553862,0.2509350628805896,0.15542357538217708,0.3050684930293572,-1.1548508568685523,0.36993818077733054,0.7928562274979001,0.15003839607067357,0.3042545682994733,0.034648407091792066
493,5916,0.7862439346813893,0.7741271407577512,0.34514366459343737,0.5213758902777068,0.30861096281860795,0.48634112191404055,0.2654516558424052,0.4402065699957631,-0.300212889982288,-0.16258820024775344,0.7890358461585941,3.08471802452515,1.718526784337744,-10.620639602852966
494,5928,0.7483328516735526,0.730648848599479,0.2626343684908659,0.43222528830474277,4.512544670646142,2.0760139145751313,0.08496460773226382,0.24689108546138797,-2.0911031722581015,-52.110875117152844,0.8287105349000563,0.4044672671478322,0.6061361643062191,-3.760420579147132
495,5940,0.752053654697863,0.7322742554985,2.801994026206195,1.5158331169801016,3.7497327998616456,1.775191832175999,0.5601819945328604,0.7155694643263956,-4.001935180981311,-5.6937760164686715,0.9083204505813657,4.133436613835991,1.8431107918564387,-6.378738792350674
496,5952,0.8784184277874104,0.8689962280399064,0.06722015416659059,0.22305087005300717,0.8958504552551423,0.9295049217044888,0.10616228090816417,0.2948794124680729,0.36681697499755606,-7.438500450363335,0.8875528715921601,3.171599681106015,1.6291239889601605,-28.875014496435057
497,5964,0.7424745362797106,0.7278749801509585,0.030384701586167472,0.14772251715773013,0.02092932968021789,0.12395769245535133,0.022695079850989158,0.12886643815201976,-0.3388232949902208,0.07780321472163976,0.8643354903145509,0.0242810551226862,0.12771868815897025,-0.0698818987247547
498,5976,0.6897211107854523,0.6715741887936248,0.023763763998841475,0.13416529871011387,0.41370749907922,0.6309937756944263,0.014791102796288617,0.09981802510776742,-0.6066255725573266,-26.97002392431668,0.8136550226270489,0.23903921136026332,0.4613332717852597,-15.16101345872892
499,5988,0.6207826816721957,0.5934888458683291,0.043974967706641443,0.18210329603264266,0.22290049154518907,0.4431786544052379,0.043211042879809834,0.18061667353233876,-0.017678925939289325,-4.158414995101595,0.8148825322941615,0.2857979412707839,0.4800983561317316,-5.614002399009946
500,6000,0.7155675967525948,0.692431559293607,0.04075019938805662,0.1666264627675406,0.04982773576670654,0.17997511725146678,0.05335205295546616,0.15876279491851794,0.2362018492133473,0.06605776148298226,0.7242861186719728,2.538116667665985,1.5437569574124177,-46.57298973639483
501,6012,0.9369773669758029,0.9313265299357912,0.05357485962036024,0.20136062572653501,0.04056890448535516,0.16939174989521324,0.05111909273905887,0.17600114969859068,-0.04804011084150117,0.2063844972280301,0.6654654140615227,2.6718066248430326,1.5774386493673493,-51.26631541528845
502,6024,0.9299397919511927,0.9227833237569663,0.04767241138246366,0.17954764771731244,0.6323566938228558,0.7464775919779516,0.1011345116907949,0.2568179491457965,0.5286237053458505,-5.252630118551428,0.7985248300698209,1.3153576037566463,1.0634493614224232,-12.006021206471777
503,6036,0.878082860050057,0.863614405649119,0.044602393390522466,0.16924690805055362,1.7751801608307216,1.2438553533388486,0.03960109099665521,0.15978557650496203,-0.12629203559795044,-43.82654684894053,0.7244760972118743,0.8347087080362533,0.8016027452507215,-20.077922022571414
504,6048,0.9521528009907366,0.9485429698664987,0.048523260655792065,0.17319027010311153,1.756463579695688,1.3015797634822042,0.08568845324404273,0.2320444785277034,0.43372462894625163,-19.498252835691158,0.6247881558728212,0.10649254548101161,0.2816523704813018,-0.24278758046569404
505,6060,0.8993814638525286,0.8953509447485772,0.07629118306080003,0.2185535202330342,8.530811522368186,2.8830409219051814,0.12197353480984542,0.29502471456127843,0.3745267513995013,-68.93985650795125,0.6172182962356573,0.04727046219311237,0.1755859823070309,0.6124531254521222
506,6072,0.7677143712737626,0.7550589386401264,0.11319904494471218,0.2745623127673664,1.6927338198951336,1.2690488345382478,0.08612835595706485,0.23123742014158918,-0.3143063476231003,-18.653618150321652,0.6017585985034123,0.051419638106680286,0.17754474904204498,0.40298827795676173
507,6084,0.7182360456750019,0.6993299108232593,0.09295773252778422,0.23102482669753557,0.15504559496877154,0.2936916750509731,0.09978222980771212,0.270486263244605,0.06839391435808984,-0.5538397494980429,0.6470222643350939,0.055941226961968994,0.19449449806927918,0.4393668384664088
508,6096,0.6972247398732948,0.6728524665017225,0.05479509429788911,0.16756905781536524,0.756930395708657,0.8195712441076165,0.06562205143463164,0.22024918503665844,0.16498961705772985,-10.534695718293127,0.8056273554554826,1.008742244365335,0.7722109737775265,-14.372001062328533
509,6108,0.8355814511070733,0.8205103519894037,0.06331132940631674,0.18843225269937916,8.458843000812408,2.870343339093237,0.05491509956749275,0.1943746455691695,-0.1528947394241671,-153.03492058529673,0.8099506219449872,0.0734927680562235,0.22856615460670415,-0.3382980024628397
510,6120,0.8163154941909274,0.801807086683094,0.05943456256015948,0.19331419901465083,0.40463046947886094,0.5698853083126934,0.0767915948102837,0.2163125008430795,0.22602776115023238,-4.269202579768196,0.7355355998822264,0.8392153188316964,0.8506463307840683,-9.928478838146374
511,6132,0.8591489701947576,0.8500603299797793,0.06680628723178791,0.21022632002964867,0.18594483509624304,0.3695324993851535,0.06541906521008278,0.2081065119282112,-0.02120516423232721,-1.8423645996638927,0.7618477192406091,0.06098230263734918,0.20812275041354425,0.06782063544450923
512,6144,0.8196554722069441,0.8061587643191959,0.0713812425276636,0.22069645485697112,0.12962618342575408,0.28153169280651885,0.08945864340759986,0.23476996281878193,0.2020755087640923,-0.449006809047384,0.7293557625631324,0.6600414348407205,0.7794023955291968,-6.378173977369385
513,6156,0.8636227035234275,0.8520720451034772,0.050419563220752195,0.1889940147987125,0.16204633067327118,0.3549286194659349,0.2723643901331521,0.47358334056145984,0.8148819557648365,0.40503848320975144,0.6082085761137564,0.04840114558688884,0.18644605209272047,0.8222926809072701
514,6168,0.6188323356873903,0.5930484632446827,0.06962163550836603,0.21834930872961802,0.16000252561772121,0.3266054702483366,0.04976911184035552,0.19491040886068942,-0.3988924642997749,-2.214896141425261,0.6553893726808022,0.14118659826891605,0.2996461074832185,-1.8368317827692122
515,6180,0.8547812049779507,0.8439330033476252,0.11135944442897032,0.2805239214268554,0.4793105655180445,0.6659302008728691,0.06734906991738575,0.22495775522304975,-0.6534667006622399,-6.116810463841513,0.5837349298850358,0.06792410092446781,0.22641542766238432,-0.008538069015465721
516,6192,0.8279525870438827,0.8163810959574539,0.212296750109935,0.3809734461663336,1.829280306116259,1.300898717274108,0.493451655295209,0.6308636559093715,0.5697719364566164,-2.7071115001567607,0.6022692865043299,0.4309344741868406,0.6234789505732669,0.12669362933024775
517,6204,0.7305906291686699,0.7143326631201268,0.2766935694201505,0.4556793787248896,1.2022876614966223,1.0584889931817962,0.3204093076918707,0.5002479587229782,0.13643716715545762,-2.752349362624731,0.5943605960788672,0.03905328949967895,0.165411812850209,0.8781143725786035
518,6216,0.7616163248926653,0.7493942451556509,0.34310181590944255,0.52036473173071,1.6769712206205758,1.1054825563953241,0.13878989899653907,0.29124127439597314,-1.4720950039598941,-11.082804532211624,0.536361151686649,0.264588787822981,0.44030618675460537,-0.9063980140916372
519,6228,0.779154211155746,0.7669413707034389,0.3584013430294181,0.5538396914676843,0.25308632637514844,0.4518298144644863,0.23538631644375005,0.42724552432226126,-0.52260908129324,-0.07519557720606973,0.6079615706440531,1.4105596360713755,1.1439699119444768,-4.992530310947174
520,6240,0.8390217488438225,0.830505801390264,0.3687070529735077,0.5596158185433597,0.3750456988103137,0.5629928465888484,0.11553801793439221,0.2691808169710566,-2.1912184367129828,-2.2460804288964162,0.7315716601296997,0.11013678371377104,0.2624810953087154,0.04674854491348668
521,6252,0.7528397048361342,0.737143708768487,0.24705481376355087,0.4331922896682625,0.6927657642885298,0.7852419541107473,0.13252148172452236,0.2991260307791707,-0.8642623863587149,-4.227573335835539,0.7585383990601833,0.15813040129112285,0.3303796739306743,-0.19324353480920764
522,6264,0.5835054281777918,0.555275309693576,0.1561321510210855,0.33005856364986563,0.21448981561913105,0.40556742629638814,0.1440406895335023,0.3009626719385839,-0.08394476259967387,-0.48909184143583984,0.7739020552970992,4.209869291500681,1.9270715347423213,-28.22694486630815
523,6276,0.7137174741404735,0.6928943203899711,0.5450113902039272,0.5628869861862213,0.16631617800046375,0.33919179379988806,0.31187202313713563,0.4232429787667287,-0.7475481921130067,0.46671658352845713,0.8460048417147984,0.7197203389099535,0.689628209726736,-1.3077425530839606
524,6288,0.7611252983130155,0.7448455527479694,0.4210920840029453,0.5252831588054282,6.5338160478876075,2.477869766673535,0.3436295837426542,0.4689655625659406,-0.2254244218923338,-18.014125549739667,0.8753378360344244,1.5217820784705303,1.112599490670905,-3.4285537406179794
525,6300,0.8166419398258374,0.8062879289203742,0.5501404560715729,0.6477436314821634,0.07273863602073004,0.2026031754412827,0.6067478702898141,0.6926576602177043,0.09329643660916787,0.8801171959845754,0.8683437023172169,0.8236350964087755,0.822998393697188,-0.35745857009001925
526,6312,0.8167354335717496,0.8077921763417786,0.2007719011840985,0.355909365552977,8.902325817800534,2.8712309316196616,0.1333181399549296,0.30983953122389885,-0.5059608636302062,-65.77505267332796,0.8271336148011608,0.28708644157069846,0.4301871551591128,-1.1533936917193173
527,6324,0.8237357413946336,0.8141005474111442,0.22279364080056488,0.37488635102122664,0.1560114038201961,0.35419550768167324,0.17911210635410532,0.3469713288668918,-0.24387817962511704,0.12897342901120845,0.7543301053868545,0.18376289647209212,0.3485990526638188,-0.025965805509495565
528,6336,0.8241097194111624,0.8147326217611096,0.251086087699307,0.4041350141560824,0.2666228212240538,0.4480305916408878,0.22003997503241957,0.39250094515984263,-0.1410930566698767,-0.21170174276183662,0.7926751374945582,0.23539800842565753,0.39055867591425164,-0.06979656033398118
529,6348,0.879859519190707,0.8727439458076185,0.2039868076267796,0.3613773595915137,0.8173197577864344,0.8169270135825802,0.3630067906381433,0.48752182335057753,0.4380633836954303,-1.2515274613723815,0.7399116888296883,0.21336203320938105,0.36960410805521393,0.4122367991124797
530,6360,0.8844562173752144,0.8765137533085879,0.22376581427398556,0.3928530770403557,7.106976834048976,2.2945444031460074,0.9984524096599756,0.9059165550931324,0.7758873511555855,-6.117992570591589,0.8920432724283685,3.63841215640899,1.6931860078395438,-2.6440516555496685
531,6372,0.8802202322183675,0.872167736463628,0.29487723529956666,0.4723970127541662,1.65966644268347,1.2551711769567,0.6082434798920818,0.6943649283509524,0.5151986909060077,-1.7286218390338322,0.8884889247697595,0.7776464801409824,0.8436119682075268,-0.27851182273085273
532,6384,0.7720593766932057,0.757348947976829,0.5069272637283057,0.6734873936156642,1.0568610295639804,0.993089419477331,0.7170105039888338,0.8080816884122367,0.2929988320837763,-0.4739826316134961,0.9005781573307783,0.5646637540142662,0.7140966778172911,0.21247492069787055
533,6396,0.8486643647220982,0.839398014721794,0.39170526596255534,0.5714730975452281,0.14743384969280623,0.314700292672692,0.1270406633994613,0.28369363820354404,-2.0833062066977237,-0.16052487249079817,0.8384769178072317,0.6881718611986173,0.7665735523303389,-4.416941653041898
534,6408,0.8231899388875416,0.8135143167083395,0.3503525902663524,0.5331699000976332,1.1147761464605708,0.981750718609972,0.12340291842357982,0.2825346899820039,-1.83909485076981,-8.03362870750032,0.7803157042426204,0.8309390151661503,0.8510755367416641,-5.733544277404825
535,6420,0.758728932199273,0.7515415168204861,0.3061716588802568,0.5025733265825463,0.30939844586825604,0.5088821174782506,0.12330409931463134,0.28301713527039085,-1.4830614763180572,-1.5092308170450472,0.8823522782860506,0.12627058542711941,0.25243541188704854,-0.024058292700541717
536,6432,0.7457984929858936,0.7323085835114312,0.17621866926791072,0.359883740884919,4.750849102089971,2.040078247914288,0.09806371760980044,0.24139809370426754,-0.7969813256427014,-47.44655309717906,0.8559972776623825,0.14039917036387684,0.2693306613392285,-0.43171372436165334
537,6444,0.8375096577222615,0.827275536471078,0.10899892633096743,0.2586261176214896,0.24697550930093062,0.43066258549954856,0.13610214679339075,0.2854644940508843,0.19913881669748557,-0.8146334581764583,0.8780709101113181,0.2632874937240129,0.40403412226727364,-0.9344845024648676
538,6456,0.8341774278025059,0.8237287335233787,0.15508090445848396,0.30342135680605437,0.11340388132130064,0.27667607885006373,0.09801383940974849,0.23525582142068294,-0.5822347679919533,-0.15701907000310245,0.903023488181391,0.111196180219158,0.24785501121023956,-0.1344946885949494
539,6468,0.849544470865114,0.8402855062295089,0.09130172331338238,0.22545324909302863,0.28802795313035606,0.4892449634567251,0.08504848360061797,0.22830757412348643,-0.07352558738294745,-2.386632435246185,0.8335934296663495,0.08848400271281298,0.24040773090222844,-0.04039483088643858
540,6480,0.8572990522556827,0.8495534437402054,0.10767342963609612,0.23830619974371273,3.067044353808487,1.6575226923742896,0.09229393630043799,0.23157454222683907,-0.16663601046979237,-32.231266069577444,0.8485169993084303,0.2430935824318757,0.44237780409360977,-1.6339063233856468
541,6492,0.9027867763459105,0.8975443606701229,0.18567673635031254,0.32162053174736177,5.13155529479209,2.2245878811094535,0.4036611009261211,0.5295098310627435,0.540018258077596,-11.712533565951102,0.7525937330294048,0.19957315239038978,0.3862421572715397,0.5055923101519855
542,6504,0.9199617792603562,0.9158442291368062,0.28053635734938004,0.42097069088066386,1.855370482092896,1.2907250483797887,0.35753220366132804,0.49218048478774773,0.21535359758776362,-4.189380042113335,0.7774147603293434,4.851732133702593,2.1453502607663717,-12.570056302671942
543,6516,0.9224941006796654,0.9234166726924662,0.6854803904805435,0.6839691917991361,0.1896012633843068,0.3640199007503036,0.14245379871855676,0.34497799518247185,-3.811948832862183,-0.3309667070296831,0.7802333786799907,1.176212516446873,0.9761516529328894,-7.256799938137792
544,6528,0.861241422338433,0.8544879495322516,0.3470476648823424,0.45907808858002325,8.488099438533132,2.501919861038353,0.1954670506953471,0.3809110840482372,-0.7754791083600441,-42.42470717360234,0.6900994480932177,3.9886698469659745,1.924775080138594,-19.405842482284516
545,6540,0.7670919945973865,0.7552050429467457,0.3315120316377053,0.4822289492491585,0.10835850884920402,0.28206735464132465,0.25417185555045113,0.43208918264276946,-0.30428300536958064,0.5736801440327224,0.7391506426412902,6.830320068940509,2.497558977469192,-25.872841818573196
546,6552,0.8503544418187668,0.8433941427011904,0.318340626333526,0.4649907657955957,8.121446412715484,2.7941816204527945,0.3715460816852742,0.5077909704872418,0.14320015194458968,-20.85851718817189,0.6770387008949569,0.1466313899998489,0.3075336004913453,0.605348038297828
547,6564,0.8489179358017198,0.8411910715961477,0.3280780390474967,0.46472537374893924,0.3675706274014745,0.5016976974230271,0.3941714660122156,0.5266310396842376,0.16767684285566886,0.06748544961881309,0.6944673326603551,0.11467998731398203,0.2874035581203844,0.7090606570937632
548,6576,0.8979946151342734,0.8923414606382528,0.2521324048398185,0.4016177358802418,4.848477042747091,2.138970862326099,0.24772620295017103,0.3888764164980965,-0.017786579849745632,-18.571918452737677,0.7030477975927083,0.1741467735503576,0.35207456062740716,0.29701916278357354
549,6588,0.8527790727843426,0.8444345717063078,0.19452410149196867,0.35630037179897567,0.37980325896532824,0.505500895540932,0.2149416579474617,0.3902578882949012,0.09499115550920201,-0.7670062778531455,0.7445938998880167,0.30413604800206984,0.4523428985583559,-0.4149702338129817
550,6600,0.88297274823827,0.8757691494414209,0.2646236150794852,0.4163390330361468,2.271842521711918,1.4524606238334732,1.010209462559656,0.889864463703199,0.7380507460215378,-1.2488826386119487,0.8296486987086411,0.06850230810753664,0.19290830221113728,0.9321899955936204
551,6612,0.917555778194303,0.9123182891327616,0.3058857069937751,0.47390160705228657,2.892827889001243,1.3858463231727034,0.3985477840480887,0.5476721153042171,0.23249929058226304,-6.258421711992745,0.9011846335337602,0.23486881410199004,0.3867098796105511,0.41068844564532614
552,6624,0.9200594808238618,0.9145354869442726,0.6028801193725667,0.708332971057037,3.0842150620175293,1.5918735758058375,0.5965800922610835,0.6923829585755993,-0.010560236912374288,-4.169825647932906,0.8594232565075415,0.06713394780647926,0.19178548453003505,0.887468675744716
553,6636,0.912192765342302,0.9092618174062157,0.5005564962791988,0.6244166234869748,0.49071722029589493,0.6147208907759675,0.2411284259420711,0.4004469319814656,-1.0758916926677613,-1.0350865659189648,0.8515783598924996,0.09018339723241536,0.2388307518352342,0.6259943352589996
554,6648,0.8680085308049971,0.8622048523244915,0.8077916548254448,0.7942920785273754,1.5241001775135585,1.1666500460311564,0.3412632443407142,0.4681300636895022,-1.3670631637638442,-3.4660542932420535,0.7776389369534998,1.4190751406525237,1.0678890530758458,-3.1583005617673017
555,6660,0.888725476312575,0.8831281494153356,0.9919146330733913,0.9240549749332128,0.2952856621405336,0.4586070669518296,0.3944957287078817,0.538965562013865,-1.5143862427161783,0.25148578133481314,0.7883660434064063,1.2100502167242093,1.0130301186014885,-2.0673341399349696
556,6672,0.9348936642112923,0.9308117271964528,0.49553331673842865,0.6175324739532285,0.9228602252344116,0.8876816107314215,0.34360627126074594,0.5064572074059157,-0.4421544604533505,-1.6858072812474898,0.8591239548193004,0.20678079142516248,0.3786884672062463,0.39820425667304926
557,6684,0.8751293648795472,0.8697249915335902,0.19911074298927403,0.37336956491319045,0.48878219224883734,0.5928509257487699,0.17990487742586866,0.3463935010601264,-0.1067556690969611,-1.716892389147394,0.8804582907736714,0.301934706898463,0.4597544816943096,-0.6783019516681963
558,6696,0.8546570326457266,0.8486020149214837,0.13355263201355694,0.2653202072056231,1.5237164754630061,1.15007936905115,0.1786718921999042,0.3519205476697278,0.2525257869652284,-7.528014433060463,0.919562965335707,0.2037979745549315,0.38163347349568194,-0.1406269449864861
559,6708,0.7587448607401712,0.7488794835967553,0.26089269928392445,0.44243057926836427,1.1573863785093355,1.0184145961346829,0.3159215414147634,0.49562449133032094,0.17418515332765283,-2.6635247261909227,0.8910756946712328,0.16816322097736036,0.33960092904730615,0.4677057467360728
560,6720,0.8007404104374001,0.7946727412108331,0.18859295026495826,0.364183732249501,0.32091247311693694,0.4958510556600883,0.15395086393604643,0.31855065237862573,-0.22502040874095175,-1.0845123236869196,0.8986475795071978,0.18047308180333924,0.3554457695528293,-0.17227716161638784
561,6732,0.8633293596478727,0.860408913755344,0.13434004613144251,0.292806103190629,1.1947714835475762,1.0359919353800795,0.13325625960029328,0.28556099891394615,-0.008133100346656041,-7.965968931826049,0.8481527789532924,0.13874377235881263,0.2972104316113984,-0.04118014999805153
562,6744,0.8062077305067239,0.7984063663917389,0.10169266175042047,0.23476364951386927,0.2193679671046067,0.3664718299444005,0.18264933238987138,0.3260925390918054,0.4432355135393875,-0.2010335008307511,0.8516241059594578,0.11035463454747002,0.2418905317213708,0.39581145409327756
563,6756,0.6360278498003862,0.6225892772860637,0.17407349269514197,0.3081605369965708,0.25330653557196875,0.439813667794529,0.499360894015862,0.6197120302064741,0.6514074394267393,0.49273854118836435,0.8680566934861476,0.6096997100532712,0.7156178295563235,-0.22096006587553152
564,6768,0.8171919875608643,0.810955932578793,0.0896112614130174,0.2369340086911077,1.4007907651823661,1.1127828975800016,0.09171738372288483,0.23947745369227316,0.022963174748103166,-14.272903656025768,0.8878446470262007,0.6268472025306998,0.7402547959913045,-5.834551718403326
565,6780,0.8240730851410648,0.8160057072261266,0.07604526792607717,0.2289190105914891,0.8358794954040855,0.8811613227416927,0.11600161844617592,0.28736697627424035,0.34444649182751064,-6.205757183395926,0.8054047241015334,0.05919647551404605,0.19159943361708578,0.48969267578354636
566,6792,0.7899352335489258,0.7803981893236973,0.0869998035801427,0.2504263518068129,0.3672639422831044,0.5684488466001092,0.11559741724007899,0.2903650011458627,0.24738972844473872,-2.177094705501514,0.7686200198553643,0.373407865493421,0.5683591757300546,-2.2302440176315295
567,6804,0.7922035584541651,0.7842632790998327,0.13414038930126918,0.31089993864843585,0.6568271480646277,0.7565052445458761,0.06212152260745271,0.18773742767016066,-1.1593223036226155,-9.573262220488914,0.7591916804989514,0.3274380276973534,0.5191626440959657,-4.270927272121799
568,6816,0.7470232779322658,0.7372129524840554,0.12896549420014555,0.29915562064282203,0.5406193190402876,0.6766963807168449,0.1431776676515356,0.3231866108965549,0.09926250150951965,-2.775863428338849,0.7600047882241024,0.1619353210524065,0.34867732856731815,-0.13100963096090568
569,6828,0.8621128291175786,0.8568522468911158,0.1260589075794694,0.29703617315391495,0.24354051546018818,0.4176081096608442,0.06783290335462956,0.20585889856578102,-0.8583740536717854,-2.590300627218644,0.7426620851927683,2.904530606865747,1.670574339205972,-41.81890444348073
570,6840,0.8176047349531685,0.8102166049077859,0.09064329771778024,0.2538832392231269,3.5890768706358203,1.8670445668034397,0.07103367737748408,0.19540878321611643,-0.27606089202009865,-49.52641230388375,0.695222034216203,0.22460670424099405,0.4073200110155329,-2.161974890408656
571,6852,0.7305040016125918,0.7212450219266234,0.08941354836980409,0.23043778614011692,1.0902776414753867,0.97649640230322,0.09206851051391647,0.23370745017642622,0.028836809993912915,-10.84202541552562,0.7525862025087099,0.33798283910515775,0.5272680784616475,-2.6709927989339035
572,6864,0.6722480640213344,0.6596672063930314,0.09519038837854492,0.233561033654521,0.8402192555634382,0.8605238131044173,0.09839060342636467,0.2609793910490405,0.03252561663792197,-7.539629053014769,0.7446643113136441,0.3798121174157276,0.5101491720551846,-2.860247871129058
573,6876,0.6784097209704144,0.6615742175015229,0.09618345828633208,0.23554281429522503,1.1578476795198347,1.0175099959287015,0.11910300566786684,0.2571391860077095,0.19243466823539868,-8.721397650942858,0.7436173051071598,0.2948894585070136,0.45584327483559434,-1.4759195358121233
574,6888,0.8021904648265262,0.7912679737753214,0.11149053065402614,0.24306031799158076,0.5717735472973993,0.6815309650760367,0.24182405219324132,0.41429238276186736,0.5389601255836447,-1.3644196766684553,0.7000495796961171,0.3224399078499767,0.4940201841683279,-0.3333657463994333
575,6900,0.7496729556243058,0.7363776802911122,0.12909299306056213,0.27538514379287754,0.8544373886126673,0.8285297899576105,0.14808769314977224,0.294982730426156,0.12826656749929477,-4.769806865372063,0.7491337115823058,0.6854960358201124,0.7368907316913637,-3.628987198327269
576,6912,0.7303312063818902,0.7169724549159721,0.14424715043555217,0.3153239125836835,0.3110863268600518,0.4447778194688637,0.1627526789526753,0.33124386789565524,0.11370337272607423,-0.9114052614182064,0.7293317339952502,0.6918375547972061,0.7211373198912518,-3.250852024367454
577,6924,0.7907672509313144,0.7797859902670252,0.15057558934335744,0.33220291482960623,0.9611667155291772,0.9112010010165336,0.2430474058404161,0.40821253092142773,0.3804682307852949,-2.9546470870801036,0.691250956940153,0.6141103932098105,0.6835517598421429,-1.5267103390234613
578,6936,0.7536060056460921,0.7408448884576172,0.15288171498055725,0.33082849321061125,0.24070763584136146,0.3813160707607022,0.16208950215680937,0.32834923838519764,0.05680680768174784,-0.48502915141595637,0.7659613841314432,0.16626548624375972,0.3388095939706313,-0.02576344569749134
579,6948,0.8257882529271565,0.8154052487590956,0.15578629905551925,0.34230629282082353,0.13527337287868374,0.29026362667696837,0.31240954636725504,0.49069110903559593,0.5013395049318254,0.5669998741982671,0.7537974083645944,2.4244484243358406,1.5096893474822084,-6.760481241779227
580,6960,0.7333462617337756,0.7178152940765256,0.19173612953306537,0.36729390423920344,0.15837884109130182,0.31942005781017263,0.2521452417756788,0.4274997701702537,0.23958061558963084,0.37187455937715586,0.8438264722952862,2.5428127564821184,1.5680410227619213,-9.084714423222522
581,6972,0.7857105714119017,0.7735341245652342,0.19510294905697,0.3720821847754185,1.311379976426121,1.0586214031427377,0.27058089161680304,0.45827368302115135,0.2789477930567432,-3.846535794121407,0.8664015385439803,0.31526782475731535,0.5036855047449906,-0.16515184377394254
582,6984,0.8331838952272018,0.8242308818754949,0.11899698434792459,0.2857825709524889,0.2011959513881262,0.39263198007422967,0.6799195159559873,0.7771046460588967,0.8249837200501426,0.7040885771527845,0.8675777706575966,3.3887227031065894,1.7883991425499526,-3.9840056412293787
583,6996,0.648320140568832,0.6286022551664966,0.07258180894419973,0.21277942260672042,2.840005677332258,1.6105265873780494,0.16215933890695797,0.32071987103396643,0.5524043855047723,-16.513673257892137,0.8936520249133365,1.549263333564425,1.2013135583528785,-8.553956892074805
584,7008,0.6374610937769422,0.6186576645265253,0.09276354072846715,0.2289186912393235,0.11889123095767921,0.26882735539907743,0.3273862604231071,0.4802966362172733,0.7166541423925931,0.6368472189271881,0.9062700098511968,0.9300584692083264,0.9182699279107461,-1.840859808858009
585,7020,0.7562582408554936,0.742380558169694,0.1015458982329527,0.24543536216722475,0.6945422536704458,0.7240978515307396,0.088126536048385,0.22256030113217495,-0.15227379613786174,-6.881193166257145,0.8931940607459199,1.0393917204384073,0.9737015209914092,-10.794310397809573
586,7032,0.7735419901991557,0.7595849870051969,0.1518602108803214,0.31339297329473387,1.3807213245783665,1.1111290815135026,0.2940328783691857,0.466379714787263,0.4835264283280364,-3.6958058984299784,0.8576442387558515,0.7010808545913312,0.7903765504027488,-1.3843621110665687
587,7044,0.8328078600859102,0.8211860014772633,0.23562587003780242,0.4260979278997718,1.4289719240505565,1.1367566841070589,0.3418165557205046,0.5242040890651914,0.31066571792833764,-3.1805228568828987,0.8525190753808284,0.8914448952863658,0.8541941094627088,-1.6079628981320595
588,7056,0.8218593058252807,0.8082868593888513,0.2212877951073191,0.39879121437008863,3.7987280764869893,1.8849659319990486,0.19007468197685637,0.3333041436081299,-0.16421499594703137,-18.985450124017703,0.6973759346321822,0.1923362727914728,0.3579366863851807,-0.011898432716524576
589,7068,0.8133170800858728,0.7990433997236336,0.23513788320635456,0.4299122362387615,3.77231367516662,1.8324506934488989,0.2268610546679648,0.4003822516931062,-0.03648413144558371,-15.628299999256377,0.7450892612504779,0.8210714273978653,0.8163244886710191,-2.6192700796511343
590,7080,0.9115153900180292,0.9039617922277636,0.30987281471960565,0.460098853236471,0.5400932033708435,0.5671289721346279,0.35387255006982227,0.488405017681127,0.12433780280933082,-0.5262365031259935,0.9265234875713599,0.37074409145277043,0.4974645477335126,-0.047676886437275856
591,7092,0.7764096130672182,0.7588320327686738,0.2626706316703949,0.44543661091450576,5.48775117786528,2.277263740324535,0.41373923945698343,0.5584969008116295,0.36512999826862,-12.26379191170685,0.9029184028815576,0.5383258855653951,0.6400411819558026,-0.30112359241518094
592,7104,0.6746044103380965,0.6510410161930364,0.3375293727957412,0.4989798252676221,4.294538608123241,1.9677235809378413,0.49525885686537885,0.6224930000576107,0.3184788760123307,-7.671300974412622,0.8898444194267853,0.12425162865019385,0.28422420033813794,0.749117805915447
593,7116,0.7060942014746389,0.6856417660848257,0.3072085261727049,0.4756859643876193,0.1434963252186301,0.30974136602544206,0.34707076314791613,0.5134395396643096,0.11485334176138184,0.5865502357008556,0.8737813355673334,0.9411238472600592,0.9091764809364946,-1.7116194943189926
594,7128,0.7058957829021948,0.683196069113917,0.30158697937647105,0.4658447764134676,0.13058886057521168,0.30218385279006854,0.13652717135635703,0.3118453332998193,-1.2089887044483065,0.043495450188779206,0.85769089769911,0.28726919738300344,0.4323124787366672,-1.104117404096701
595,7140,0.8109752406451639,0.795134905468614,0.1363216472788434,0.30057094749505997,0.4157501281630902,0.5542902239418903,0.49362860875043707,0.6294129216159051,0.7238376284066564,0.15776735628124772,0.8275637433457494,0.13840680804014596,0.3007699995625282,0.7196134794729452
596,7152,0.881686783129846,0.8711805542882654,0.06627933130077242,0.19877859390691455,4.355141519358783,2.0340012804086025,0.17245724794829406,0.34647296641963116,0.6156767425591517,-24.25345597921484,0.8741000275464785,0.6826090002443786,0.7274901417379741,-2.9581346006926754
597,7164,0.8910032929161792,0.8823987424355774,0.0780965749307916,0.22586774324896627,0.2360186648917899,0.428735904610368,0.1912171114639967,0.37988150262813863,0.591581661636511,-0.23429677963851403,0.8916994648349197,0.24079714709944053,0.43158359161062504,-0.2592866049269811
598,7176,0.8821850357996094,0.8730336066660923,0.15768660031183315,0.35105582641360655,0.8225029009989573,0.8531608274221778,0.2085932564965677,0.4117200889123138,0.24404746845482128,-2.943094397265384,0.8630094095652944,0.08399428642542295,0.24438062612646347,0.5973298090448814
599,7188,0.8876804919984533,0.8803914167411235,0.14917844689317136,0.3340483741506579,0.5460112235162219,0.7052097023764059,0.09787786833910343,0.26125181200663966,-0.524128482000999,-4.578495249043788,0.8217267293042821,0.9422399611333909,0.9261541753833223,-8.62669066176377
600,7200,0.7966110050345779,0.7870163070760808,0.1291048598786916,0.3032317572434668,0.47408545406351726,0.636756363662285,0.04458295317182746,0.17481722085034593,-1.8958346339487138,-9.633783101723687,0.7710016729103836,0.9948899221868176,0.9242589529647146,-21.315478258077828
601,7212,0.7966023307198719,0.7836569011605501,0.12035075736692676,0.29421872038433233,0.2800744930588504,0.45409617046147854,0.08811181287477961,0.23755678012090073,-0.36588674594589987,-2.178625929044034,0.7547755227677889,0.5234971890179292,0.6755106416181172,-4.941282694545157
602,7224,0.7981749224173458,0.7872945051327054,0.13619476214536713,0.3088622136609229,0.0886360196929582,0.2276167697390373,0.07704303297054367,0.22335834205928307,-0.7677751886720152,-0.15047417365885574,0.812964764128316,0.06546562696236997,0.21599966781523297,0.1502719397430804
603,7236,0.8305636321770722,0.821534829264945,0.07364894358269444,0.21969188982676272,0.11336351965349183,0.2569978813069966,0.0954110858205222,0.2364579421582239,0.22808819384745838,-0.18815878342208525,0.8538121778370367,0.18970989465872168,0.3611501701856052,-0.9883422668051904
604,7248,0.8726192264080138,0.8677522385791888,0.11026841451171816,0.2633244072394062,0.6323766542299866,0.7149156102737328,0.1004655524948217,0.25242038562382046,-0.09757436030028033,-5.294462515025548,0.8864614639047936,0.2157704383438579,0.37492965878799334,-1.147705686035812
605,7260,0.9021510590951521,0.8967817008435144,0.1197009046857707,0.29026683389270325,1.2617612039863644,1.0673003936478418,0.1274016231269376,0.2810101805380907,0.060444429608987216,-8.903807918751545,0.8476403052967617,0.3621796264898484,0.4975794560294493,-1.8428179924284636
606,7272,0.8133567878391442,0.8027853489428434,0.14065123101870955,0.314284251183444,0.4285791395893052,0.5379883138290452,0.13828313270541356,0.3110200751758444,-0.017124997582610213,-2.099287174107584,0.8501415825370888,0.37958661475962807,0.5233422339060136,-1.744995773043894
607,7284,0.7338801196320323,0.7224012167949675,0.17127238999546257,0.3443175026704814,1.0278750344852852,0.9253821626331188,0.2612720611310439,0.43680685148021015,0.3444672604716086,-2.9341176780847724,0.7680713764423728,2.239866942896383,1.3439450313054515,-7.572929433020979
608,7296,0.8090504345967378,0.8016807825552059,0.18186040013417382,0.36334029171575666,1.6109687382426738,1.179482762319173,0.22340092943647538,0.41707344679577457,0.185946089871187,-6.211110277411612,0.7878027771517276,1.4006798846615982,1.117665448567283,-5.269803300258359
609,7308,0.8080556947736275,0.8007737010462534,0.16729174980463113,0.32036659638080545,1.0513698327256522,0.9707081283310123,0.4038445542981399,0.5783415699900989,0.5857521216415182,-1.6034022782673802,0.8475533619336931,1.1000479487184411,0.9659869505341034,-1.723939042907896
610,7320,0.7856521733378338,0.7779713430950554,0.2176053130475076,0.38760007815779024,0.9359943659692648,0.8927747390351194,0.14609163202583755,0.2981781975682039,-0.4895125068424333,-5.406899238443214,0.7435886490186929,0.5000348463805625,0.601677499537858,-2.422748034549488
611,7332,0.7732249536787459,0.765299243248236,0.2058670443335889,0.3719184549059722,0.6621452273901807,0.7501979533342799,0.13111394228253873,0.28156754930306155,-0.5701384669676393,-4.05015115755819,0.7501413343141649,0.8251337084431172,0.8466999042559933,-5.2932567969394775
612,7344,0.7518014363305581,0.7432170050377422,0.17242799352879354,0.31255407443446165,3.2419192242908537,1.5403653184361017,0.17198375914271424,0.32571454520243037,-0.0025830019549151206,-17.85014748166232,0.8066331053803821,0.17663516970389495,0.32983790277069835,-0.027045638404268768
613,7356,0.766892505131394,0.7597054898193429,0.13150258133794007,0.277834377565155,1.0684474527175125,0.9400879204625184,0.3916149310754757,0.5394479407247758,0.6642043729619806,-1.7283113281285778,0.8774749822352642,0.31644094611628987,0.47363313304990573,0.19195893464209512
614,7368,0.8592722536128155,0.8539432429062849,0.11135602431256175,0.26417655887160635,0.48359200899565646,0.617894958165132,0.1770804801310548,0.32721180876162176,0.37115584828915804,-1.7309165224634402,0.8606161199829266,0.234535404650573,0.41891085788544774,-0.32445656617260465
615,7380,0.8213098730919323,0.8141044350887418,0.12400924953411348,0.2915938382944081,0.09262032300368093,0.2374444870071523,0.12179217373172957,0.26447225003234703,-0.01820376247875699,0.23952155408856712,0.8447350899718382,0.16629140577189155,0.3606925226762297,-0.36537020956847366
616,7392,0.8553739039421994,0.8497748355143608,0.10195646588004993,0.26451968756707406,0.6347327582047798,0.7107692119387675,0.09941264584894971,0.26351641182715835,-0.02558849540093089,-5.384829141045196,0.8602535543395953,0.14131254418071196,0.3133909488059054,-0.42147453147385394
617,7404,0.8100443134592318,0.8028431256213087,0.10958654256360405,0.28170201140612633,0.15546802742064436,0.30827400084580847,0.1160965961953286,0.2903535584805133,0.05607445734904759,-0.33912649048792676,0.8690580929520767,0.1527263356167215,0.3287790836414534,-0.3155108816434602
618,7416,0.8183598539224254,0.8121745676732506,0.126311710678452,0.29432298407858765,0.4710515033088389,0.6306207554110032,0.25069959243410406,0.43411537366468683,0.4961630792772317,-0.8789480219544192,0.8273918044560505,0.15067442198631187,0.31911515318978717,0.3989841765462129
619,7428,0.7748959641909583,0.7670629196618938,0.129960758188991,0.3023413123278746,0.9511564231460747,0.912099418553745,0.11116011031072996,0.27972860201896876,-0.16913124524352208,-7.556634394183957,0.8328611300989234,0.14684338921009257,0.32245622169124116,-0.32100794790159726
620,7440,0.7544695696477979,0.7459183559191166,0.12543011080445488,0.299434244448225,0.3689323058625255,0.48841547497343524,0.1432800863718052,0.3041774165075515,0.12458099390748878,-1.5749028717442508,0.7892380583808656,0.12714794090062176,0.30116841481621637,0.11259167885564547
621,7452,0.7677125461861252,0.7607408191686033,0.12560483356891286,0.280224146984783,0.7393597684531308,0.8066193622399722,0.15331065221617005,0.3164857958110494,0.180716853309003,-3.822624897653059,0.7941074704873158,0.13026981452749423,0.2857359743696555,0.15028856348603836
622,7464,0.7591810599566092,0.7503878474670942,0.09422968020735044,0.23664723843641777,0.25879043580999406,0.437799962141171,0.4282478368293275,0.590431958940769,0.7799646090333798,0.3956993741613888,0.7871388201861809,0.14073610438518455,0.2891708043148543,0.6713676234136519
623,7476,0.8091673031344988,0.8031538011222976,0.10106451009988675,0.2366526433001268,0.7721246586246524,0.8302148011272434,0.14580645549511914,0.304342055568509,0.30685846688543994,-4.295545084082366,0.8699095869602225,0.13794533794285357,0.29337331513400083,0.05391474283886366
624,7488,0.6567878683647255,0.6456327999019602,0.1201121045764092,0.26181942289015286,1.7141007308209393,1.2512447053839535,0.07696865895626515,0.2184715445115121,-0.5605326402355388,-21.27011297929615,0.8068438778459874,0.22098821060332394,0.39259965288105064,-1.8711453934632414
625,7500,0.7087242903703567,0.6990707818701697,0.10949540170816735,0.25002474152103754,0.2222616722036046,0.41734501337509805,0.06353021888224623,0.20762407205262734,-0.7235168339513822,-2.4985189113792976,0.7875437125448134,0.22339389035064594,0.3957731837794783,-2.5163406372754404
626,7512,0.7283848875457418,0.717127962701394,0.14336640470734355,0.2936993727866553,6.67151540848499,2.065201037444073,0.07957211737145418,0.22319036221637065,-0.8017165992716817,-82.84237631055346,0.8091398933051215,0.25698318959137306,0.4273851480374902,-2.2295632952902116
627,7524,0.6614095560569184,0.6473613185934427,0.09878862614946253,0.23811882956099248,5.705810957069375,2.35488343882822,0.08622241437428553,0.2521002984412453,-0.1457418220815292,-65.1754950667566,0.829510288918443,0.13282901150193704,0.27706537266174663,-0.5405392259759221
628,7536,0.6803042782221019,0.6714123472661835,0.10176486621119156,0.23730136439378693,2.1620071362762645,1.4271671543026496,0.07986334964844954,0.22367846713147874,-0.2742373899811401,-26.071330538891782,0.8898092169377049,0.12296762919506772,0.2646757812621012,-0.5397254151792892
629,7548,0.815174263029687,0.8071524376824243,0.117658125963587,0.2621080663220134,0.15414147805814124,0.303663727428166,0.11502298415732064,0.260733064131704,-0.022909697792766304,-0.3400928448119289,0.8800435908574944,0.36992053135245645,0.5099473718182256,-2.2160575041811144
630,7560,0.9121477149168076,0.9097801881221854,0.15165852713514613,0.30434677181266706,0.2504734382709805,0.41275623636243264,0.1650599184996573,0.32524573855353317,0.08119106980256374,-0.5174697803543418,0.8714905131510269,0.30100117506660024,0.45851788467027416,-0.8235873239403375
631,7572,0.9048347705995856,0.9050259725953003,0.17592956668327364,0.3376174122427704,0.9606372808988265,0.8787827214403477,0.3390082879307041,0.47949634464671576,0.48104641406514814,-1.8336690137062024,0.8373905633061544,3.0441287952484672,1.6470924885566767,-7.979511426784677
632,7584,0.8721830187169225,0.8719503755054446,0.1763300565810623,0.32971756286968357,0.12305897604240817,0.2834470517883175,0.24988448129062665,0.4149064327750585,0.2943537122820258,0.5075365408575125,0.8760341246283817,3.770274686995989,1.676489230535739,-14.08807056573871
633,7596,0.9120798118706392,0.913686827213408,0.19366731628981185,0.35631924588258906,1.1197242829474525,0.9780172411288947,0.2202831376309818,0.3913011126847307,0.12082550497240863,-4.083113918702275,0.8437120486029384,1.2382301944580003,1.0458262790770219,-4.621084790122623
634,7608,0.9322758661074926,0.9322079316460962,0.19089507019458243,0.3456208799816151,0.4472663759478441,0.5851190875728732,0.17661662576650236,0.3371250503832499,-0.08084428272883559,-1.5324137747889983,0.8674897165389241,1.291640204566949,1.0686274917096847,-6.3132424479367755
635,7620,0.9142117571968501,0.9136565136552058,0.19421078136503153,0.35763298067223,0.12364185402658011,0.2798939807837126,0.18696628828671677,0.3459473821746213,-0.038747589978387786,0.33869439694404857,0.8438608898712162,3.2071422432556957,1.705672124591923,-16.153585668542956
636,7632,0.8059132275356788,0.8026706821729722,0.1976982272400949,0.35444985063075096,0.44127061497739123,0.5678307468383325,0.16059399365207397,0.31599771795995574,-0.23104371928384215,-1.7477404661434703,0.8618415896899709,3.336759074441096,1.7089226364161938,-19.777608169270433
637,7644,0.7125407291700913,0.7003689065084613,0.2066424520863289,0.34523131203636065,0.9344478496084024,0.9186550959232864,0.7214212761877373,0.7788641296073252,0.7135620213777092,-0.29528734520608824,0.8092557423203124,0.8360405905316686,0.7343225776106047,-0.1588798641337874
638,7656,0.8563671389814926,0.8508245463277005,0.09447892312852608,0.2299016304030168,0.7137035428528482,0.7796740386916029,0.5663630560123348,0.6771731507399101,0.8331831108587202,-0.26015200899209856,0.831745681634439,20.33715192436364,3.7055431422499443,-34.90833072261817
639,7668,0.8568608595609325,0.8532661122987358,0.12721062373183292,0.2754299755754147,0.5835018775373737,0.6907029099035876,0.19182115182170686,0.3597598863062779,0.33682692172512796,-2.0419058169337063,0.8343107925322173,0.2912204933075008,0.4582392966278552,-0.518187595798524
640,7680,0.8363109543605192,0.832576295645243,0.19980761847292672,0.36306954900322336,0.08380368683595764,0.22696580422298882,0.26673411079610115,0.43900457233182805,0.2509108869631409,0.6858156364559631,0.7960536494912914,1.2543860447162707,1.0700135227547687,-3.70275826729622
641,7692,0.8651649906692792,0.8645896397400804,0.20162083522903085,0.3652878553859978,1.6554853743206548,1.1886851719407072,0.12835705170600775,0.2744501199794263,-0.5707811339483577,-11.89750233678178,0.7942078810097007,1.0019742641245042,0.9484445357401371,-6.80614894785408
642,7704,0.8278088549826175,0.8273991086752257,0.265608975627333,0.4365785401479183,0.13458619640476147,0.281542602169879,0.23736226071067326,0.4023505519759931,-0.1190025526049836,0.4329924394813044,0.77681803297211,0.11995550272861932,0.29520154983845287,0.4946311078708673
643,7716,0.861269093804612,0.8657175849662128,0.252101962539172,0.4338153742554322,0.6203344403203149,0.7329398737338179,0.11249467517538796,0.2544431836302345,-1.2410124047749407,-4.5143449176875725,0.7917441556102581,0.646601933773355,0.7567956142209873,-4.747844800345014
644,7728,0.7802202206314738,0.7798671054931887,0.23492010269281025,0.41219505555388763,2.144121136343861,1.4077648168473977,0.08139710192882414,0.21977696101464483,-1.88609910090203,-25.34149233247566,0.835364307237819,0.6626245301027464,0.7664040762365184,-7.140640322577619
645,7740,0.7525206281747483,0.7479325580863911,0.08014929145191846,0.22351553666137466,0.11354904465109311,0.2951162078223766,0.061682485318041665,0.20036142101590984,-0.2993849232672763,-0.8408636433117402,0.8934761403528673,0.1504224229584408,0.3434697170474186,-1.4386569734154886
646,7752,0.8554151289844565,0.8516021840095098,0.06254474274242096,0.19927641183223965,0.10061598267061518,0.26208736981114905,0.047950772378891615,0.16599142594767305,-0.30435318639317166,-1.0983182893401584,0.9038813753643756,0.2219331594808082,0.4237727233081583,-3.628354215593517
647,7764,0.7647883248799533,0.7577555485856294,0.049535373098998116,0.18327931874606215,1.8416268932877522,1.331766707642205,0.09305342389608211,0.26511013586442767,0.46766737831896443,-18.791070722388447,0.8906252582063163,0.12655726329689657,0.32114030408592065,-0.3600495070254486
648,7776,0.6956416578561577,0.6860611867847761,0.04760872877124662,0.1702712110993029,0.30978495662965394,0.5134146650881144,0.10346730577441265,0.2761517136007448,0.5398669327000085,-1.9940371435308353,0.9028295732262923,1.6420186382055384,1.190111929854174,-14.869927470476453
649,7788,0.8168498917065823,0.8118167917022505,0.05049231485937734,0.1812908361345862,2.290882767889667,1.4592107314950187,0.058329410111549324,0.19277178472059053,0.13435924068466154,-38.27491746459593,0.892410811694637,1.7807458775234466,1.2420467881301767,-29.529125429486484
650,7800,0.7373260718718836,0.735097160015174,0.04678815612481232,0.17660938836349796,0.4969328148976868,0.6649859563601709,0.06314007716779911,0.217260288045222,0.2589784773232132,-6.870323211310838,0.9175267025449794,1.8784603108833497,1.2886789614426821,-28.750681265263772
651,7812,0.6786817009327861,0.6764928878234546,0.05847056512984964,0.1911206027697224,1.055624854573879,0.9841481544209297,0.08651927358614969,0.21778140456271,0.32419029071448635,-11.201036957652716,0.9037626792930206,2.3356439435140044,1.3306771059428084,-25.99564902366335
652,7824,0.5978735810920623,0.5925228861951208,0.061753072507378125,0.19992174728136436,1.1506100809706936,1.0157097748679487,0.07186392124466777,0.20106065447359925,0.14069436460148432,-15.010955999093465,0.8543032061738156,2.7904869946263724,1.3922036989760906,-37.83015213052299
653,7836,0.6725907533945132,0.6685795705060332,0.12823751456187793,0.27716682031470624,1.184425352913835,1.034915585346339,0.12712971073205903,0.2752447540883838,-0.008713964842991917,-8.31666835465513,0.8320120578262272,2.026520500018324,1.3716909662827224,-14.940573516205482
654,7848,0.761236299045266,0.7582834262638202,0.15052876298242931,0.3267827707178317,0.11475472120195751,0.26961216513366115,0.14956377465665505,0.32586549366099044,-0.0064520190667127775,0.2327371954512828,0.8014652825960595,1.032928921803147,0.9530650482654445,-5.906277433652517
655,7860,0.813458333156616,0.8111686985706084,0.2754118711058666,0.4387052575300068,0.09378071111861536,0.24907606311414535,0.44490725893381605,0.5800556217185924,0.3809679083099954,0.7892128994627933,0.7604182663950226,0.9516824308307932,0.9181546799983292,-1.139057998539791
656,7872,0.7316118742202784,0.7211684092677313,0.5119416838664806,0.5774608418157768,0.8705915584397995,0.8530327203467957,0.1686102767527861,0.3318727305852867,-2.036242474218117,-4.163336275856116,0.733117540626596,1.426421871666806,1.1078884909142765,-7.459875039278922
657,7884,0.8198805104128961,0.8108769006251481,0.5669573483043719,0.641278685584942,0.19369202667881033,0.3307338278968324,0.3360881710828603,0.45133327671024875,-0.6869303863853999,0.4236868674825903,0.7507050196886151,0.22058596304268094,0.361117869539068,0.3436663886980511
658,7896,0.8714528244160618,0.8623235990633779,0.5534862589703973,0.6405506293852139,0.19438626454407815,0.3816393481743663,0.2573008521947353,0.39965917104964177,-1.1511248573381998,0.24451760308605952,0.7458690775767224,0.16531556253404517,0.3416267812189431,0.3575009133318847
659,7908,0.8525395943027587,0.8419674279328443,0.52056928281499,0.6308344467063637,0.38662968266933423,0.5676602550281591,0.3112828769543637,0.4596482632372922,-0.6723351053174353,-0.24205252294046664,0.8294772462862442,0.1574214236055136,0.3468079353295434,0.4942817762873841
660,7920,0.80057311366277,0.7859190306923692,0.4420744589524758,0.568708928793895,0.4173043346623391,0.5476505615732313,0.2610967685395147,0.41533784399249957,-0.6931441221018857,-0.5982746052224075,0.8209675289801256,0.16527767339272198,0.3136466915355492,0.3669869055935533
661,7932,0.8329798351962147,0.8194031291707067,0.3185579732534321,0.4473381196586688,1.2228632314123304,1.0173556325535869,0.16932901179150386,0.3236360868024244,-0.8812958859387605,-6.2218175637737225,0.8701517621036203,0.80333434184718,0.7046955861383112,-3.744221520859827
662,7944,0.7974623396843108,0.7810195367103147,0.24011481842262192,0.38391059687829227,0.3401756526915507,0.4860336795985911,0.196274690728643,0.3614966631465039,-0.22336108405637223,-0.7331610684428798,0.8532738943362683,1.2581193941615314,0.976423441343553,-5.409993002617581
663,7956,0.8510968318842552,0.837177481027917,4.099183853513515,1.8250296525985081,1.1707678683631986,0.9960543340272244,1.1328154163707982,0.9794661903085551,-2.6185805686208563,-0.03350276792135176,0.812534558248478,1.5216342054317884,1.2009481665661248,-0.34323225429492243
664,7968,0.6887801550923685,0.6652356054479189,0.567896032599482,0.695502678477085,1.3394185122789992,1.1059342873105675,0.5957342634356192,0.7051374984431845,0.046729276029203404,-1.2483489610863212,0.9084398726834134,0.7413910606390984,0.7762542158994808,-0.24449961357513939
665,7980,0.767291022071479,0.755106554607076,0.1999378626083342,0.3759986345997279,1.097412074316729,0.997690043085704,0.34299068193802684,0.5173285600686737,0.4170749436147658,-2.1995390315443455,0.900979827814011,0.86933194344431,0.8589750998325251,-1.534564316827082
666,7992,0.8354876020258798,0.8247978146426794,0.2072174116814162,0.39125710096775945,1.8772434643964087,1.3231326918782116,0.13770744338536212,0.3200740251339282,-0.5047655129398965,-12.632113255803528,0.8629498156740685,0.26489995089816626,0.446706893473352,-0.923642937418184
667,8004,0.8627548707934883,0.8536009231878141,0.21574157870225963,0.39771304231871946,4.0975939326532655,1.9117238380572321,0.08701762355878499,0.2468388320889269,-1.4792860328633868,-46.08924198424156,0.8335161286967787,0.9123144710306325,0.8960774626313013,-9.484249439589854
668,8016,0.8398684740874038,0.8287137645099512,0.2186091652408938,0.3842105521299429,0.07782276376635959,0.21855810440010762,0.08008306114627951,0.22550037653585506,-1.729780331967866,0.0282244128479463,0.8278490253476959,0.6723312014819612,0.7606253282778841,-7.395423349937671
669,8028,0.7968696862317995,0.7818406470034972,0.10401258717738969,0.2581356071196854,1.3778968763200385,1.1253894459514582,0.1341190580816103,0.29801013166172546,0.22447571087101637,-9.273684411663554,0.8605364224306635,0.5023685990891493,0.6693819041039895,-2.7456913750726044
670,8040,0.7906310045900918,0.7755027301441837,0.0655146908504703,0.19145659584829558,0.5885156981028699,0.6871442950092783,0.12503852394550818,0.3001669712368133,0.4760439520301629,-3.706675027284752,0.8905532691783923,0.2499033507082519,0.46049065238433046,-0.9986108506619915
671,8052,0.8153700172438171,0.8020603269202121,0.16517977773870535,0.36050031800413773,3.709080953925948,1.8846231461170024,0.21113792182962332,0.4149552486793721,0.21766882847318947,-16.567099845374873,0.909056378178411,0.04269176680672034,0.14922964433335498,0.7978015202727521
672,8064,0.5155980790114536,0.49028038249686007,0.13838216735730885,0.34178719416988007,0.9219865221135027,0.9264466171029673,0.031646076196891214,0.12929438788200043,-3.372806489384076,-28.134307721981504,0.8844036253089828,0.03465355252540142,0.15396501558746348,-0.09503473068189261
673,8076,0.6180479200457709,0.599062415790283,0.14877857943319936,0.35761505431063195,0.7604576943880659,0.8470494546725537,0.07232757757283642,0.24351857656477716,-1.057010402199273,-9.514076648319351,0.7770932950707741,0.6114592088967444,0.7648937056863648,-7.454025828267005
674,8088,0.8054293460766487,0.7916698677792182,0.1180270241976845,0.31503724493195856,0.04318268599950015,0.18595716096750645,0.04232745426647327,0.18023181539695524,-1.788427186162513,-0.020205130401718785,0.7638312642298098,2.3138841243112895,1.457045011286078,-53.66627191288636
675,8100,0.7866790237367832,0.77030091732722,0.0758960908322086,0.24208156946315404,0.4762762402780023,0.6741629949973968,0.020963815218370787,0.12753263853427413,-2.6203377124646727,-21.718967674387674,0.7854401912717932,0.02353250959933471,0.12116781448000724,-0.12252990947530162
676,8112,0.7537399247496018,0.7369139211218154,0.05784965129596198,0.21144890823279572,0.04566621292102626,0.18689416063018185,0.03727994504167847,0.1692038811716503,-0.5517633202325503,-0.22495386916402538,0.7671863553733577,0.0794746291093611,0.20048428916305325,-1.1318333227291388
677,8124,0.6813438832684894,0.6589590359949651,0.028680825827258328,0.13766874040930702,0.05337822523156908,0.18444558585386753,0.041168215927564866,0.15977874608897127,0.30332599601299215,-0.2965882545283871,0.7796151991278898,0.10429471828398285,0.24805220048315535,-1.5333795971991728
678,8136,0.7490814934351979,0.7323978407677404,0.04522279675577162,0.1759878712329601,1.8119142511599102,1.3085023512917717,0.07783339051052954,0.21958056612158172,0.41897948349489234,-22.279395119178176,0.7289992993434355,0.036439539006146236,0.1595543878731757,0.5318263952382161
679,8148,0.7015035360401358,0.682638294053251,0.05579954599403086,0.1842929847949438,0.028747469952511293,0.1347364397615153,0.12164602267312984,0.29471142125827393,0.5412957631671396,0.763679326945547,0.6878355439605189,1.7168844559132423,1.167677999870004,-13.113773867696553
680,8160,0.6132014138046495,0.5965434006071779,0.07738124092760747,0.23221100059267252,1.1171302900484186,1.006776810884688,0.08358401137743075,0.2420859960003469,0.07421001155130191,-12.365358656979517,0.5549452208148373,0.21975690554792535,0.4204035417771294,-1.6291739523674478
681,8172,0.6681390892448746,0.6555377762451613,0.08655869522659154,0.2480393523453975,0.8451301874038722,0.8619822391285826,0.06759507165933944,0.21331798022006046,-0.28054742900227336,-11.502837361621507,0.6488761512600281,1.2406952487726886,1.0880905469682578,-17.35481815930977
682,8184,0.7138194068444651,0.7070260866667091,0.08177275082088363,0.23200720555030996,3.868662827505849,1.917663209151117,0.03961122899095953,0.15585682720980734,-1.0643830778274168,-96.66581159066773,0.8302304318577833,2.2167355504026722,1.4570601756081836,-54.96230177328247
683,8196,0.7736304153049881,0.7690419149124856,0.0470690334702611,0.17342789195551966,0.7047195084111265,0.7884324260716976,0.031888454985426806,0.14684488709765994,-0.47605249272101435,-21.099518735955915,0.8844217241827926,2.100910283953437,1.3985930968702291,-64.88310047989356
684,8208,0.6976784001429376,0.686134547566408,0.03246340041848233,0.14945588631630316,0.42738248497247944,0.6223568395501902,0.03567294051343777,0.15898078310622513,0.08997127931594062,-10.980579083787251,0.9512168324454733,1.6128727207497133,1.202906259567439,-44.212777459210415
685,8220,0.7555908307053711,0.7447483778872467,0.04085878218016685,0.16785659296806607,1.2630167620567856,1.1049596040590484,0.03826568811235883,0.1607572476999394,-0.06776551515796525,-32.006508555346315,0.9147736332623296,0.08152606412816404,0.24055141367676366,-1.1305265408733947
686,8232,0.9257405315584718,0.921492569493045,0.07856220541010735,0.22331810452744802,2.752934563319689,1.6362952759134028,0.11269737715772854,0.2777387355054525,0.30289233528342396,-23.427671989799265,0.9122597103449135,0.35162172344163944,0.5225694791421195,-2.1200524121295046
687,8244,0.9401467070117985,0.9363125165540133,0.06752685846243824,0.20795638520229298,0.678320553755079,0.7819728118459159,0.061891775479233524,0.20029781408636774,-0.09104736355633292,-9.959785019944615,0.8803885164860987,0.5158699073860996,0.6706068728884252,-7.335031648254926
688,8256,0.7366236390641898,0.722249704736997,0.06447060957267152,0.2034812439350336,0.03289986980880099,0.14717927358597727,0.07772174366871752,0.2326143238033788,0.17049455494112253,0.5766967098803913,0.8801170665618374,2.700754041977257,1.505460503175124,-33.749015069566596
689,8268,0.7999273237431679,0.7912938128217152,0.06584320046113544,0.20951459655976945,0.626198554643916,0.7708035929178223,0.071298994881147,0.21739992861722487,0.07651993452511041,-7.782712234411829,0.8685306671844204,2.665602208321286,1.4813905569704273,-36.38625225733903
690,8280,0.722239734482466,0.7147184049951241,0.06809501504784073,0.2163767188178961,1.0642682930676433,1.01370481135519,0.07984144269812535,0.2300976843933342,0.14712193634447468,-12.329772823514272,0.9314076191425934,3.17010261743613,1.4649910520417704,-38.7049766425446
691,8292,0.6365097712233345,0.6230548869189675,0.06150258283101793,0.19555891637713915,0.08529494847607932,0.24663348506562496,0.03192022392100464,0.1463045551298449,-0.9267591287336505,-1.6721287634812683,0.9026524819186521,2.297817526607019,1.4631649502163715,-70.98625962943116
692,8304,0.812951931496537,0.8065398540148698,0.06790666894292285,0.21022337659790638,0.07131588135940528,0.22479879087366259,0.05405669505110624,0.17729178004801702,-0.25621199887863266,-0.3192793472109583,0.9082200534674364,2.0885824038056087,1.4159169167688568,-37.6368867321804
693,8316,0.7819260093327534,0.7725654477863022,0.050495311399622815,0.1745782913518096,0.8275703465763818,0.8896568436428914,0.06832004127061396,0.22280899019670083,0.26090045526155115,-11.113141783659009,0.8961455989362199,2.1642607057224477,1.4364500959706656,-30.678269882037476
694,8328,0.8102587502397961,0.799598010365285,0.03422409666853065,0.14867856549668015,0.8852084672920076,0.89757100466315,0.04600837439617552,0.1812057626755561,0.256133320994372,-18.24015962114913,0.8964620878392315,0.031647253142539446,0.1530978448229404,0.31214146211672833
695,8340,0.8987414841833232,0.8917344610813726,0.04123264852227629,0.16855176764322213,2.0517162830353795,1.3753703865696252,0.04196341768053152,0.17162172610300316,0.01741443377702445,-47.89297384343533,0.8627046117326544,2.04635621399875,1.3948645565897333,-47.76524189658973
696,8352,0.8107504338419299,0.7975165575775492,0.04430149217463256,0.17884758497333442,1.301581127722612,1.1114554845889353,0.08017586896433809,0.23643859030526437,0.4474460614285616,-15.234075720483304,0.8938492182483648,0.2640468859758249,0.478304978840932,-2.293346107583466
697,8364,0.8750448806974368,0.8661205689403431,0.031147823700029192,0.15237616146914268,2.4387356750600113,1.4440279286173199,0.08897060817072282,0.2485142613035446,0.6499088368569916,-26.410576652240035,0.7810845162911797,0.3392007963610544,0.5583958654608118,-2.812503964344865
698,8376,0.7556745977754332,0.7378538681495117,0.030427772785101188,0.14935349836733347,0.3913481836208382,0.5969359391189549,0.11236720509998684,0.29977311079827235,0.7292112698004202,-2.4827615697356524,0.7953063746138075,0.17089973250253143,0.3590979106051539,-0.520904007094072
699,8388,0.6832050054814306,0.6640838416287971,0.03599618324929743,0.16190496058353604,0.12814096887332882,0.33512191864630464,0.13835244971443172,0.3511576347509373,0.7398225812148911,0.07380773424814702,0.7288960015032415,0.19212552901193272,0.37896295629535875,-0.3886673449475746
700,8400,0.9487498375454633,0.9462431289596612,0.03598745216209535,0.15152356962603916,0.9301921185898898,0.9232476698182648,0.07421609174203325,0.2334351039155064,0.5150990665584538,-11.533563769743258,0.7448138130105383,0.3196045404001368,0.5370210252514801,-3.306404890074865
701,8412,0.9242867371101972,0.9209420491013737,0.03743548480401645,0.15744216845741177,0.03644065921914469,0.15555647287250066,0.020728273773873648,0.1120106164378409,-0.8060107277819208,-0.7580170744886274,0.7746509314030728,0.3038650249495578,0.5206211687260868,-13.659446718257634
702,8424,0.8445329634259058,0.8390616707654039,0.03921237850531157,0.15404169391650432,0.020077246638456992,0.1117782729991655,0.023207797374068317,0.11999867075175104,-0.6896208577349217,0.1348921952890414,0.7497752930136892,0.06573581827708234,0.23030204830781661,-1.8324884614226051
703,8436,0.8710908575409353,0.8691206392709859,0.024807477162914825,0.11642932958748847,2.697096345367663,1.5938495378161939,0.028053809946805452,0.13694190003114254,0.1157180714507654,-95.14010897207163,0.73102181688082,0.08163791208985989,0.2637715747240945,-1.910047235817828
704,8448,0.9396818470992669,0.9407121025679048,0.023833958691534263,0.11369872137572228,0.03342558183577166,0.15538425665767883,0.022550645875697207,0.11928695645311478,-0.05690802928265937,-0.4822449884592599,0.7511442851679381,0.7018243997590782,0.8050440823816093,-30.122141850288784
705,8460,0.9233390938772414,0.925560188308477,0.02468489691981368,0.1136970857425154,1.77907402621945,1.30743387731251,0.021929696040678803,0.11011380791449364,-0.12563789639510192,-80.1262510396556,0.7815193080629881,0.0496112153132774,0.19675280381870774,-1.2622846765067042
706,8472,0.7963222816263147,0.7856786322163716,0.046435540231499324,0.15110092465108796,1.8887490210697193,1.3338932551083236,0.046157953759567216,0.15043876955189675,-0.006013838338199129,-39.91925371969584,0.8142133208927472,0.1193271934337116,0.28819248562438365,-1.585192447119225
707,8484,0.7876634553030382,0.7744307766079999,0.062090726766576954,0.17369425918664158,4.59123780997668,2.098217513473711,0.06804852682024613,0.18461915738191856,0.08755222680142705,-66.4700544525333,0.7278938635565086,1.9648330909654774,1.3696962897679097,-27.87399893543163
708,8496,0.91030991551347,0.9067249127023499,0.07730280736851053,0.2056754327150089,2.406157994579406,1.5161751326181416,0.07425101206472573,0.20089493501718078,-0.04110106002493952,-31.405726570863727,0.7642634550764839,1.2708568639357731,0.9594318808526491,-16.115684064049496
709,8508,0.8571258272615294,0.8505810722990376,0.15410159002517557,0.28980398960861203,0.9174284957993417,0.8993670479033639,0.18839511778317575,0.33466068241089514,0.18202981139600793,-3.8697041971926875,0.6911115520340667,0.29997531280561923,0.4619304417672674,-0.5922669140017807
710,8520,0.8489720604025399,0.8440184775731497,0.18791201832710622,0.33702366768894737,1.943364669903317,1.3414313589634592,0.11749559632466372,0.2590337092456685,-0.5993111589294624,-15.53989367000116,0.7221376143986634,0.8072683791495888,0.8404093100929174,-5.870626682203013
711,8532,0.8449781224862731,0.8409292427811651,0.18378518746807404,0.3397906616517054,1.1856357614889055,1.0440933290127947,0.21967340987300288,0.38436081896012936,0.16337080771713086,-4.39726570536845,0.7630448281981912,0.11757925173783353,0.2611020733402265,0.4647542831614978
712,8544,0.8961273171473574,0.894824871555485,0.19185275226882928,0.3518289611692447,0.2883108674200452,0.39961881607451594,0.13738748524921016,0.2788931055782922,-0.39643543166121264,-1.0985235074146078,0.7982935381973424,0.9649272652848379,0.9169562598506212,-6.023400010084872
713,8556,0.9269947391984575,0.9274201576737289,0.1906305937250552,0.35709417560542267,1.2636088663072396,1.0808389654140085,0.13682515198349196,0.2750665159013983,-0.3932423312641735,-8.235208936290418,0.8070131347860091,0.9842451463778993,0.9459407615902649,-6.193451877156687
714,8568,0.7460694457520388,0.7335625544835442,0.15390016245658833,0.2985762431733184,1.4547138556215522,1.150125673740019,0.08057892934845001,0.2124177997020625,-0.9099305947721519,-17.05327853551996,0.7984763507833101,6.549708942252079,1.936504845162496,-80.2831467880265
715,8580,0.860643092507843,0.8512941527172655,0.08089997196555376,0.20424529276264947,2.04913891720819,1.3661068586508336,0.3713430205840697,0.5531151636025178,0.7821422041585442,-4.518183468172328,0.7841487151179749,0.9773142404773685,0.9260872082674244,-1.6318368363035134
716,8592,0.8723431365963237,0.8624152557302538,0.0957833177922414,0.24481014279616412,0.9636352717154701,0.8711743198297409,0.1377610160521375,0.32164281888355967,0.3047139129985008,-5.994977964961942,0.7610338738723328,1.2200296478032662,0.9969238284417677,-7.856131311789467
717,8604,0.8950821400779702,0.8890059274385821,0.1535726103631986,0.36112587720328077,1.507148205783653,1.1792855187798905,0.2387023490492164,0.44858861864742616,0.3566355296673912,-5.31392280715639,0.7799258016027838,1.60416347172088,1.0975995560084983,-5.720350587710926
718,8616,0.7388526313281611,0.7191914611167951,0.1929070227581167,0.41104853316130735,0.9287736996178614,0.9015183933179788,0.17346804295203377,0.3810279667610505,-0.11206086997510001,-4.354148717033025,0.7170315324507468,1.1711600219137424,1.030056369560063,-5.751445407368686
719,8628,0.7505508383165187,0.7327014280742511,0.17113888213999826,0.38456287156758356,1.3873715590497266,1.1548072527253277,0.06422469274240872,0.21785404762542804,-1.6646897763512722,-20.601840348449347,0.6957605312327428,1.2122175957722394,1.084075542410176,-17.87463441256435
720,8640,0.727154316521171,0.7070519077005893,0.19698789996658242,0.4175397827021907,1.636665516469798,1.218741252196825,0.04500920620258649,0.18395060152599574,-3.3766135105769175,-35.36290560431492,0.6215485428811164,1.4494437126942412,1.1648664582565076,-31.20327206328175
721,8652,0.7180812213868882,0.7015204528273816,0.22147249957653317,0.4578879294123996,2.626466056136588,1.5971732340247893,0.09251096711728231,0.2864770194583767,-1.3940134502729578,-27.390861515984827,0.6343773827570437,0.5053845641915659,0.6857996308093334,-4.462969201812108
722,8664,0.5220958560267042,0.4877486879561408,0.06519083178096535,0.2302391359954238,0.7235084375017934,0.833413237947906,0.013196405700490943,0.09111711926533027,-3.94004452883258,-53.82617418126792,0.7320440328562825,2.993095483021063,1.6973714305103804,-225.8114175142184
723,8676,0.49679681308902385,0.4523444449302423,0.0163369229223789,0.08851836041762744,0.020171603833311524,0.11737688050719354,0.03380664011842182,0.14200235978231987,0.5167540203595498,0.4033242060538377,0.8026289181245512,1.2244909993592892,1.0667711713222303,-35.220428740330306
724,8688,0.653269873803012,0.624586908542439,0.05641195771720833,0.15950658956204455,0.16841525140167188,0.3796562513473147,0.07561374416300622,0.19870522240746682,0.25394571659357523,-1.2273100382201219,0.844804990565887,0.10603532942435656,0.2941523653573413,-0.4023287776329163
725,8700,0.878520313314882,0.8656147264706913,0.134460172630265,0.23938310818757114,0.801649845465246,0.8462488078836493,0.11228029108311814,0.20936311577471176,-0.1975402925409917,-6.1397200499935085,0.8500932814329893,0.07310891824959151,0.21406060565271845,0.3488713153097287
726,8712,0.8279385079108728,0.812258038575106,0.1554035702419235,0.28692759595485856,0.881972329539049,0.8945902015409614,0.14008771199054276,0.26148344099895754,-0.10933049040314624,-5.295857909354608,0.8162057889110721,0.06597446737898749,0.2185583399524442,0.5290488620198082
727,8724,0.8794330562831512,0.869692660760426,0.1271862504483551,0.2507648778922576,0.23344373367877067,0.45573476013424385,0.0695215107607617,0.19220878934699584,-0.8294517632971188,-2.3578633594730154,0.7044583179964203,0.07129832469275375,0.2004068890218833,-0.0255577577723598
728,8736,0.8282290569277323,0.8150973037347071,0.13684041096009394,0.2695494601897121,2.3962993630563996,1.5057141761469293,0.1195493847226685,0.24400552205750312,-0.14463500818124064,-19.044430748141043,0.664265849150078,0.0920632464579106,0.2064406297507161,0.22991451046377565
729,8748,0.8314877565849208,0.8208936880309132,0.1378494725018307,0.2712982297470694,0.6681253726576174,0.7437603889495153,0.08541625833123438,0.2091440206688097,-0.613855198003012,-6.821992975467321,0.5498773512473981,5.52563097498899,2.3163808840691082,-63.69062310785414
730,8760,0.7916234295265007,0.7743269622738478,0.12193234880759851,0.24995114352524708,0.11353517660332019,0.26567513706825346,0.0982353254105109,0.23565084128160718,-0.24122710743880837,-0.15574693857706956,0.588956300684635,0.3311487945818934,0.4846504402658361,-2.3709746794044966
731,8772,0.4605287343716702,0.4221101158545351,0.10368264852621027,0.23898199563610634,0.2698121286652129,0.4609721801937603,0.1306609341491665,0.26088514224223097,0.20647552995570195,-1.0649793331278898,0.649505067968335,1.070502802815376,0.9119688340606018,-7.192982927806543
732,8784,0.5600028109141834,0.5257991431799693,417.14326569897116,13.450384061087334,1.6165554011956658,1.2377432278624514,0.6836400651262048,0.7868294122593976,-609.179664677733,-1.3646294061148074,0.7250610339485678,1.4508920128141336,1.0891210409250895,-1.1223039532451753
733,8796,0.8081344444700054,0.7916482523065401,0.48892165642636604,0.672826816565112,0.14424429129529096,0.3414641576562807,0.20555213323939472,0.41712234226829126,-1.3785773892064022,0.2982593319656871,0.7837681121914093,2.460249197763869,1.4277097933891856,-10.968979153811839
734,8808,0.7461133589009146,0.7271629011997252,0.12202388154627303,0.3191930287730339,1.336251569927575,1.1331962653042897,0.1302286853926223,0.3306740751241679,0.06300304592350658,-9.260808253565278,0.7497550141548419,2.0246769666863815,1.3639003921083763,-14.547089034817848
735,8820,0.7694502099742275,0.7613551168205973,0.12379892642290978,0.3343731424545903,0.3161476848069472,0.541573296891645,0.07161669648226637,0.24525537505621564,-0.7286321836076968,-3.4144410498637185,0.749383056661309,0.04431304364570111,0.1818361834860982,0.3812470300598989
736,8832,0.7272705610611162,0.7153925988439446,0.11909261473537915,0.3287687917803659,2.0375229732591302,1.3801246165147159,0.038384504813216695,0.1715740652908295,-2.102622147006902,-52.08191373508517,0.7873420991543392,0.05735840565379242,0.2201092044369366,-0.4943114658611554
737,8844,0.7933485684364114,0.7835164250167317,0.10498708636366078,0.30642240148714267,1.05317751422622,1.0013052499471726,0.026030404815134984,0.13611431710831837,-3.0332483151632594,-39.45951346918224,0.7936871488763422,0.03414063144118521,0.1606565112640416,-0.31156744136897396
738,8856,0.8284712564350852,0.8150566720537856,0.0990343516106739,0.28672151426747206,1.6355344537877257,1.2595883724393346,0.01928624758113749,0.10124826896518219,-4.134972533876023,-83.80314518970117,0.8334811486735029,0.022347209984332633,0.12297353802164883,-0.1587121802889666
739,8868,0.7933804692738544,0.7817477921042585,0.06703043223283815,0.21066387272622022,2.0733051698364218,1.389993671692964,0.021980786790275816,0.12400234568861056,-2.0495010425419378,-93.32351942714085,0.8476756122262983,0.030803916538514886,0.15185266509850315,-0.4014019076033428
740,8880,0.7386197159926242,0.7219303981809041,0.05050731619889338,0.17156794737658923,3.575160127410117,1.8126093773932357,0.03706584038814838,0.140217942698572,-0.36263782690444124,-95.45431183999965,0.8476322283807018,1.1029672857536628,0.9811982339019888,-28.75697499917825
741,8892,0.7205516518552729,0.7023181922815952,0.051237952086743276,0.18095604691995004,0.37813438321010695,0.5755514368580618,0.09013644632789151,0.25993617829673693,0.43155122956197156,-3.1951330301458576,0.816953754809655,0.9840903802730415,0.9333189968915899,-9.917785428251657
742,8904,0.8028634994068058,0.7900938448984756,0.039510927776100116,0.15715667653490195,0.2555805002673566,0.4795320859957717,0.04906259173668404,0.17836232204220756,0.19468323263163778,-4.209274341621447,0.7929520159212292,0.028724178157263802,0.1273694785144882,0.4145401386167138
743,8916,0.880170988998644,0.876835083312889,0.0403373602738891,0.15828864736477857,0.041163240309480376,0.16416999713326355,0.1653642165133634,0.372070544399801,0.7560695951978863,0.7510752859512753,0.5625152582279596,1.0957408802630517,0.9615632231275425,-5.626227265887979
744,8928,0.9180073585331309,0.9154585920266064,0.04044278989512352,0.1619757757987107,1.5358179019816223,1.2131198454921321,0.0363691605560379,0.15317904432692367,-0.1120077911286661,-41.2285771379084,0.5695264557592385,3.830261907060772,1.923100463366989,-104.31620330249507
745,8940,0.8801341030136423,0.8747591760294171,0.03834814109714929,0.16078763244979222,0.7231320945907398,0.8244819383434918,0.03302753510977152,0.1494966127473405,-0.1610960663487,-20.89482479353399,0.47881584472589345,0.1602778031667997,0.3555279895321841,-3.8528539182259456
746,8952,0.9375741732829107,0.9330121996685435,0.03226807856517347,0.15039636883919985,0.36765645754980314,0.5526652636534515,0.034873527291120594,0.15580234193572698,0.07471136212282481,-9.542565840290404,0.6548211197923799,0.5551995117849284,0.6927148978105819,-14.920371551468838
747,8964,0.9707776591466154,0.9685849756232683,0.034051264081912884,0.15671801776648586,0.9164970253960526,0.9365900324941769,0.10243857401005647,0.2808660126977352,0.6675933415612556,-7.946796011686763,0.695623885353107,0.23568849841388106,0.4649758556511981,-1.300778790524196
748,8976,0.7941753396775574,0.7824081216033977,0.0723604821314421,0.23921795700125983,0.5564821565188423,0.7180330557158973,0.09171916478347504,0.2683453833188932,0.21106475072831,-5.067239685757618,0.8311481625052964,0.14882862195926014,0.3600009405049338,-0.6226556610126748
749,8988,0.7179121684404172,0.7069577431879257,0.04685202145029178,0.18887890604557891,0.3449387479844497,0.5719363499676565,0.022368270746725195,0.13190519165912948,-1.0945750335729953,-14.420894707962622,0.8190508823542039,0.19683080866921662,0.4220259952390856,-7.799554104915931
750,9000,0.7778100528699672,0.7732307658844447,0.04582678700242912,0.18860374432793559,0.13879651307369148,0.33324094738081617,0.026015492804370977,0.12123030642099325,-0.7615190819960005,-4.3351483332413245,0.8166657368987652,0.22656447672937977,0.4370475487382073,-7.708828944086489
751,9012,0.8351318721518608,0.8313227426986514,0.03729971556977617,0.16673169717882494,1.6787626890523368,1.2683739470855044,0.09287432963287777,0.25818568866162167,0.5983850896451374,-17.075637215238107,0.8182947338275628,0.33504988178798617,0.5544200472515867,-2.607561778506529
752,9024,0.8452731640292943,0.8415469912784732,0.03421503440400204,0.1603808253138959,0.12315283578093611,0.28176845981108606,0.042766049409530695,0.14773714218963882,0.19994867713039233,-1.879686982578538,0.7717108097494754,0.4236124313085627,0.6065730185934789,-8.905344009029692
753,9036,0.8560237372727705,0.8515317925316024,0.03495105916740659,0.16286043090885124,0.27880204190630814,0.48735143878512815,0.03398016630165288,0.13942671216008368,-0.028572340027261056,-7.204846304496941,0.8022168811653689,0.38461899505111335,0.5850778663820686,-10.318926212330059
754,9048,0.8933781486210474,0.8953562314842609,0.0317429392627342,0.14398045686429717,0.42311362177191053,0.6001074446051905,0.07454007722320488,0.21267427237717126,0.574149364405912,-4.676323898953409,0.7688035374346149,0.2011507781381865,0.3870809857656705,-1.6985587570006806
755,9060,0.8997720549548796,0.9058899268523702,0.038770133235235246,0.14803812127701346,2.895825037799373,1.6798612249063638,0.05157681616268663,0.16604021045772974,0.24830309197558442,-55.145866558827336,0.7711185012519367,0.3602147941427761,0.5399018729212238,-5.9840447887780694
756,9072,0.8588023114200233,0.8610226085422603,0.04309568736905641,0.15443166059953015,0.505487130558247,0.663806132422211,0.06219054243412784,0.18484388721564857,0.3070379243804905,-7.128038617666963,0.6786806680241726,0.9913476734635553,0.9707948198520682,-14.94048925547787
757,9084,0.8621957740254952,0.8593484506804822,0.04158258885433813,0.15659106957616398,1.0647917494315557,1.0075150345668995,0.06676809904865628,0.22967769202490929,0.3772087352069823,-14.947612177120757,0.7629083094730297,4.3664675987732,2.0460301068086952,-64.39751259941069
758,9096,0.8694829167358648,0.8666776592963505,0.03571631055686766,0.15755013932228976,0.32686664551858247,0.5344645370994234,0.039943881190941714,0.1525183576038699,0.10583775306824128,-7.18314684935293,0.77242437152416,1.328465474188032,1.1225037784825982,-32.25829725553297
759,9108,0.866889730905187,0.863790187041807,0.03534762717697279,0.15498589123909048,0.08596851840328512,0.2312717471471504,0.1138420802667834,0.30127829437067943,0.6895029755768927,0.2448441015675218,0.7657464947467265,4.558836653959421,2.0973915161295102,-39.045268351351346
760,9120,0.8601447292126168,0.8574700659508728,0.03165427786096212,0.14894964215352102,0.27399940365340947,0.4845536415013636,0.03405841990209947,0.1463749453839927,0.0705887721170867,-7.0449828395156775,0.8218464243250655,3.019997180029361,1.6839018367331409,-87.6710889322026
761,9132,0.8340719575106255,0.8315303026097006,0.03986243990535763,0.17525755279103997,1.995925539583272,1.3707744866255414,0.03631880274188714,0.15794208354898698,-0.09757031884158307,-53.955708583458744,0.8856263570543996,0.06374419873691263,0.19409163427545947,-0.7551294074844399
762,9144,0.8471898349834368,0.8446085636292364,0.030715219199200172,0.15190312279512672,0.058707580836894285,0.18399513602742398,0.03579281897893662,0.14685282010160314,0.1418608515502654,-0.6402055638993551,0.8899872421050549,0.05130266789176502,0.17296574642720128,-0.433322922174854
763,9156,0.8209072672947408,0.8177867298182401,0.04137351574316295,0.18185907720541242,2.886455762925769,1.6667713267686173,0.04808874433406258,0.1940238255742385,0.13964241911267894,-59.0235211565134,0.8732362680800079,0.04411358029351412,0.1648931436042542,0.0826630866660567
764,9168,0.6901819097784482,0.6855129511527602,0.03683804664816239,0.16092825219708537,0.8201786887013993,0.8347208108477355,0.031471457584481416,0.14454278737858872,-0.17052241858436323,-25.0610328104355,0.8521258244910053,1.8341823745481747,1.2051457136197872,-57.280820633252475
765,9180,0.8403546497977914,0.8369833743929618,0.06753588627758898,0.22650315070128457,0.18127881322073547,0.38725281809890655,0.03993473979138245,0.1569908267401802,-0.6911562872424828,-3.5393763467028716,0.8678660767483678,2.025986097290101,1.2238615759587441,-49.732422644388684
766,9192,0.7288199093375196,0.7221268459534923,0.08120428407051233,0.22326926715434048,0.6176601938767039,0.7445257798231667,0.05563133962442868,0.17967788863335485,-0.4596859363576091,-10.102738097744435,0.8656256922639239,1.4941083043489476,1.187607750505614,-25.857313061950048
767,9204,0.7079724079377622,0.7025552123396984,0.1084627278106019,0.2590165219466755,1.1180930328501446,0.9973093038172319,0.13647099513404606,0.30520242492111227,0.2052323814004109,-7.1928986577105185,0.9295583925787236,2.284546761814594,1.3351552116391512,-15.7401634286512
768,9216,0.7024200117762287,0.6998323990526578,0.13556115316516437,0.29555052601021964,0.9132577143179926,0.9149882704553702,0.11791992460889715,0.28427708531164947,-0.14960345857392254,-6.744727766295457,0.9252159937348251,2.6067143294015103,1.427696750297877,-21.105800508668505
769,9228,0.6477669366464331,0.6449618470451415,0.16425900721349188,0.34072948159005906,0.43091514775317813,0.6002892859063323,0.15092888855894626,0.33702971252049513,-0.08832052486320041,-1.8550872657150816,0.9276606741992611,2.7600017595233095,1.4722348369641687,-17.286769258526494
770,9240,0.637065336725051,0.6349976959728061,0.1978724655171328,0.39604897298930486,0.14743615512535654,0.35356668709112055,0.15535301268993754,0.3517049719682774,-0.27369570818725,0.050960437956757976,0.9369744480200913,3.076690619614625,1.5705199581706932,-18.804512100162878
771,9252,0.6938271258900742,0.6931898490403591,0.2621307041714293,0.4611309731860782,0.24762903839367514,0.4490978702968557,0.15535919424083736,0.3515766463194743,-0.6872558167692031,-0.5939129937157201,0.9468888412470596,3.6884977673669646,1.6426162976970067,-22.74174110126412
772,9264,0.753629449488976,0.7606123326231972,0.2902552272204965,0.5091294028703347,0.0860980376392209,0.2528332175960463,0.13651899486687155,0.327380919339062,-1.1261160580880563,0.36933290694690046,0.9259641332040045,3.2805967846936146,1.7175363548872393,-23.03033210061893
773,9276,0.7355453628546827,0.7333756480200451,0.3239661391351294,0.5388549655577024,0.6352026801272203,0.7200360719576905,0.12904182187289662,0.3237291534530792,-1.5105514974380085,-3.92245592094074,0.9255511978737334,4.351159584152609,1.7716187391190121,-32.71898754218153
774,9288,0.631178018574653,0.6101139624713986,0.1409494332358636,0.33276092750288944,0.060088379237995225,0.22482335006145834,0.022075179646926093,0.09422059744578302,-5.384973327068276,-1.7219882328958698,0.871038361178775,0.2321126006652655,0.45586799204531075,-9.51464152852711
775,9300,0.7872565895252357,0.7697472572167048,0.07671359881126544,0.22587102563193187,0.4630727695385694,0.5990998441322302,0.025980709736115794,0.1055584492795583,-1.9527137476396894,-16.823715142579488,0.887582216521494,1.5275368830593568,1.2010817782365544,-57.79504057334997
776,9312,0.7682775364544611,0.7463879293453881,0.05264501824616221,0.18350843311990586,1.215169641611948,1.078706928904286,0.038184363788520324,0.14229522056626362,-0.3787061776838956,-30.823749855884053,0.8781424626592148,0.037114807392176645,0.13951899562565226,0.028010323866263565
777,9324,0.7743115901482363,0.7507394624017498,0.048620909172979364,0.1764153114485749,1.163698598942425,0.9960811205855239,0.0563626936822873,0.18303905736957074,0.1373565385811376,-19.646610779500985,0.8962144427777343,0.0583344795978441,0.1878211077771037,-0.03498388360697646
778,9336,0.7727931434353107,0.7487720728775783,0.07430148096588861,0.2127358897512642,0.2710356953206812,0.4431427912013362,0.11765304596440122,0.2734081131996106,0.3684695508149417,-1.3036861740297794,0.8452324795891022,0.6038232938747988,0.7441936133031938,-4.132236814825008
779,9348,0.6952051677689299,0.6673934625444539,0.13384992036704388,0.3115631834321371,1.1813615588098507,1.0354727199609643,0.12329160051598127,0.2946739516714179,-0.0856369761352398,-8.58184948419678,0.850555518568672,0.895985837320544,0.9183326260634432,-6.267209068345291
780,9360,0.7773698848159473,0.7590143721106782,0.1914328126670216,0.3852539097758479,0.2724151717295522,0.4234426576887653,0.26900149891280956,0.466948407677199,0.2883578216451872,-0.012690162807788452,0.7230923877553482,2.472236547207361,1.53013774914054,-8.190419225168249
781,9372,0.7312732256181658,0.7114323709817657,0.19156665448169996,0.3888893922036143,1.7105930113266867,1.240102995134242,0.1256040529789849,0.30493906716070346,-0.5251630018161233,-12.61893164078782,0.6172899392666802,0.45728936684016186,0.6097762190506734,-2.6407214257383242
782,9384,0.7438575536019482,0.7268730516583602,0.21712060209299144,0.4280918708510586,0.4664192841324533,0.6297118311003466,0.1861614923963002,0.3931593571524739,-0.16630243611705442,-1.5054552266885621,0.6502526789550389,1.7600470206117225,1.2819172033244288,-8.45440970608969
783,9396,0.7404756739089233,0.7198269025435445,0.16055298540589258,0.36456749114294973,0.09259173096428704,0.23314682776895088,0.057626775878856874,0.1767889122542553,-1.7860830830343066,-0.6067484177656157,0.6087691346689623,1.5475587169041773,1.2025586878342749,-25.854855113835598
784,9408,0.7173128829264457,0.6909023430297195,0.1161325088305293,0.29148795573456143,0.12670907791676636,0.23816653089026232,0.10984353004965468,0.26869379894677275,-0.057253975523471334,-0.15354156826066712,0.698888563615926,0.18107176417749718,0.3898720155375366,-0.6484517940714745
785,9420,0.7961508363735978,0.7759011651410787,0.332597736562424,0.4103241115516039,0.5699548106450463,0.6702958054617794,0.19616242910773118,0.3147740152946566,-0.6955221143788108,-1.9055248410083188,0.7981983743534105,0.851038258350625,0.70341345194284,-3.3384365814681063
786,9432,0.7728793675287128,0.7510566358580458,0.25977737839497794,0.3887404715093105,1.4226249043673895,1.0944315272312737,0.1778677145588902,0.33809675676144596,-0.4605088902121599,-6.998218832998908,0.845051716617834,0.2291536912789052,0.3678274992284803,-0.28833775059854805
787,9444,0.7164473483324276,0.6926738364985199,0.214814907227035,0.39051959986578594,0.07509077621738657,0.22310096839144658,0.2613392546712204,0.4130970323582051,0.17802280603698684,0.7126693564965775,0.8626186810900013,0.0716359187997171,0.20896658322830886,0.7258891746292031
788,9456,0.7367005497847234,0.7156693511222726,0.2456345564376362,0.4090816677575666,0.08648497800001487,0.2185180410158157,0.28511469911868903,0.44280840983297526,0.13847108831319088,0.6966660145290775,0.9025736662709196,0.08619577377834847,0.22770407054188746,0.6976803579584423
789,9468,0.6520735689796008,0.627326888866678,0.302951182004517,0.4818156048212591,0.07862400490308957,0.2071409728164567,0.42493844679095666,0.5884478159250479,0.2870704350422071,0.8149755441127037,0.8974950260225478,0.0937143031722827,0.23462716903607972,0.7794638167480659
790,9480,0.6482427920918005,0.625221972773424,0.21167204644761037,0.39336197800696754,0.7448136387699936,0.7885480167443362,0.07131290756157575,0.20338312798281885,-1.968215063519045,-9.444303341956402,0.8650820265910272,0.7936456526445932,0.8433089914923831,-10.129060359224772
791,9492,0.6129819549935774,0.5897141103796182,0.12066819339891828,0.31452251065002645,2.311178079695321,1.4255970163717917,0.3342993660779017,0.5301432085712817,0.6390415129569854,-5.913498242041977,0.8041440309647998,0.05189507725737872,0.1676909633601764,0.8447646555055518
792,9504,0.8284944860333067,0.8149115199887416,0.16054219425738983,0.3277520113482722,2.2714039578475336,1.4245051664048205,0.08422021591044977,0.2343840256411387,-0.9062192197190779,-25.96981874592541,0.8873148141760099,12.768572585922804,2.9424077576476897,-150.60935468865878
793,9516,0.8397693584015499,0.8243001503346812,0.07521517105426968,0.20211931370028635,0.8129215757051611,0.8501991905335009,0.06681701823403162,0.20035231126861439,-0.12568882961557648,-11.166385109521684,0.8858205796230805,0.08344621088056799,0.22903678235856165,-0.24887660488367458
794,9528,0.7597741214416036,0.7370501578316799,0.07592401137168218,0.22032211995015857,0.24790786306895915,0.3822843535977425,0.07497291855383345,0.21383784313239543,-0.012685818242033742,-2.306632152661254,0.8799684639896249,0.11185345768008843,0.2802007360719148,-0.4919181464140725
795,9540,0.8013856648315671,0.7818498792851026,0.07213807659270527,0.21169576995946557,3.8386700706475754,1.9134537225961097,0.09896380890747657,0.2512965556675529,0.27106608578345304,-37.788624983466754,0.8823316044233696,0.6880880979799273,0.7768660667104128,-5.952926585750514
796,9552,0.8633447161531468,0.8497560668952259,0.07154216321144831,0.21019686913232238,0.066150539180585,0.19478060692597055,0.11068120195066167,0.27296198457106025,0.3536195672744895,0.4023326634086165,0.8478889835924952,0.7545003580859769,0.8236334894339153,-5.816878971212387
797,9564,0.8607698570324873,0.8477585791404503,0.06464540320443522,0.19965080623060158,0.7840086971227963,0.8490404645880466,0.196081204628353,0.39776008265370866,0.6703131066184422,-2.998387803710127,0.8343827255627285,0.0779857936257579,0.22947738789571626,0.6022780777302441
798,9576,0.840050848923031,0.8266258429314325,0.06138634349068675,0.192647949634248,2.9212499284358553,1.661923328586847,0.08743341305183279,0.24555502132988546,0.2979075007137679,-32.41113913400662,0.8415903942810286,0.08535671144140378,0.24421855630528144,0.023751807666456903
799,9588,0.6732413509212322,0.6557438216043477,0.04597350860733992,0.152546353782567,4.205335797745682,1.9251437843312715,0.3085293846852685,0.5234707587381389,0.8509914747529231,-12.630260216658305,0.7933037559033951,0.0435167537174475,0.1791255337426516,0.8589542653713874
800,9600,0.817921003543173,0.8089434996443226,0.0431947074461271,0.14686590889810103,0.1498064937180332,0.35130393674209587,0.03236630086139216,0.12641677838900958,-0.33455805255927484,-3.6284712720052754,0.7840900707786719,0.21602493753059784,0.41999390626997785,-5.674378343565396
801,9612,0.8194149615820006,0.8171564147298224,0.03758586192853377,0.13894606780988708,0.10104373128095952,0.2604622873962121,0.0719404106725643,0.24155133448485933,0.47754173798638355,-0.4045476017763998,0.8310628826199227,0.054815665301310566,0.17130856368758998,0.23804069522478488
802,9624,0.7659636465141351,0.7578234790044523,0.04268367131723253,0.14814228601581944,0.564198533876805,0.6204633724431192,0.04353237867951067,0.15379313222973529,0.019496002470400287,-11.960434301798342,0.8732428530821713,0.041462399037513725,0.14442523953429998,0.047550345393168714
803,9636,0.76405716479223,0.7551357662416638,0.04397969924414225,0.15606346028493062,0.9552628715771828,0.9339292377982794,0.04535378425074491,0.15611224547090954,0.030297030982152084,-20.062473338407106,0.8864931174740264,0.050897150268557546,0.16887122273805621,-0.12222499421802024
804,9648,0.8033087819368272,0.7991390012152376,0.05843888304953104,0.1903505955980914,0.07664725033541732,0.22495782473145817,0.07112261948292747,0.21248479612878643,0.1783361822948757,-0.07767755030192602,0.7535759249623567,1.2892090918130885,1.0556664438422383,-17.126569313473542
805,9660,0.7872962416518254,0.782364570943436,0.07350417542074067,0.22795945179536617,0.37402034936031,0.5568133516878421,0.06190503408404518,0.2069577278679731,-0.18736992085244553,-5.041840617558217,0.6842735113640029,0.08298809112855818,0.24493954299106444,-0.34057096254707897
806,9672,0.7660478024186925,0.759094045209135,0.09121180855742124,0.2531048172655179,1.1156310890280634,0.9795426185218735,0.06796306207852815,0.19827501391483235,-0.3420791495831994,-15.41525638940464,0.5986999554511007,0.10588778520367255,0.27651129435588623,-0.5580196354502709
807,9684,0.7824720038650536,0.7724877606413828,0.10821747058802932,0.2785390983216643,0.09485454670694472,0.246920554065292,0.11898153892098788,0.29349454413744286,0.09046839056357026,0.20277929192078425,0.5656922963298737,0.3030770243639112,0.4568876259351849,-1.5472609205800882
808,9696,0.7152091877519028,0.7052093787139969,0.10045437392978836,0.26380811173681823,0.28479211215896877,0.4849962269215536,0.10921347943335276,0.27828246563093356,0.08020168892164659,-1.6076644901031876,0.5007981913653811,2.1736628954686146,1.4164097171731076,-18.902881098070743
809,9708,0.7636310600877635,0.7560791176106555,0.09659135274073886,0.258188446861971,2.584188500990955,1.5117638875144277,0.10189241179303021,0.21775185823675178,0.05202604353952445,-24.361932802612515,0.596722653679597,0.20698006650234577,0.3504781849817726,-1.0313589879762164
810,9720,0.7103660086814026,0.7012885878905144,0.0924210381022268,0.24772120105743597,0.13949072706366078,0.2633552125881969,0.0864339971889753,0.2264039660371251,-0.06926719934242653,-0.6138409838744896,0.6688857286646386,1.4484984386352018,1.14829491524893,-15.758434016053563
811,9732,0.6453942465033616,0.6348620539143534,0.08494556027758476,0.23117477968567335,0.8325041041580175,0.8668257176283102,0.13426542645880543,0.27037612948509887,0.36733109544289655,-5.200435407051284,0.6758157204625083,1.6602356693834992,1.2332558960440605,-11.365325260355714
812,9744,0.6604261362559659,0.6506730126720631,0.08476394485676436,0.21613222792356926,0.29303034908212755,0.45243982452358433,0.10440427576323774,0.22959602040693908,0.1881180704802995,-1.806689160381186,0.7956609968299462,3.4377933172681385,1.8141277267542968,-31.927706189583425
813,9756,0.6057631042546244,0.594820994396425,0.08574048719038974,0.21019418729673525,0.1052214575589968,0.23331585246563816,0.13716196795235916,0.28243252982246303,0.37489605558757944,0.23286710500141228,0.7864182524396994,3.502831083426168,1.8228229048528313,-24.537917949987534
814,9768,0.7271784749865926,0.7178624569984816,0.07375005175449567,0.2009377916236835,0.1181972957748036,0.2882520091180268,0.19015253246153355,0.3819622349466469,0.61215319722647,0.3784079851857137,0.7597365172767112,3.1624910091153464,1.758571724915477,-15.631337843239585
815,9780,0.8566769093569238,0.8513133682415378,0.04665869600150633,0.1724234193079982,0.5506894037958651,0.6945250342227332,0.05694859788221255,0.19231092460764346,0.18068753689052963,-8.669937878626307,0.8377710719795882,2.5574531240665315,1.5609443522030961,-43.90809640925913
816,9792,0.7474824003787215,0.7391295856209406,0.05408078491725188,0.18250527451359452,1.0397240896857836,0.9600262607988114,0.12407746868941116,0.29646180588501303,0.5641369421177822,-7.379636534078601,0.8220112026153241,0.6100555836046718,0.7516866950619964,-3.9167313779728508
817,9804,0.757595433726665,0.7493530278502474,0.06301277943075974,0.20406465661644194,0.9076724375896488,0.9189463755579123,0.046609759390800365,0.18023867017055928,-0.35192243543735025,-18.47387091143837,0.8204797856766685,0.5582508881225396,0.7035043012416907,-10.977124435289937
818,9816,0.6351072886370204,0.6235278298492287,0.06615597079186138,0.21150025434570244,0.11785757099375067,0.2929539745128357,0.09368033766864774,0.2628557824798153,0.29381156773944905,-0.25808226066198725,0.840851214434959,0.5415365053517435,0.7053580330806625,-4.78068481421562
819,9828,0.6490394471856696,0.6377944876995265,0.08554888388905661,0.25355007821049547,5.738728040480098,2.352983345313587,0.08679768494010927,0.26026538388709203,0.01438749261474348,-65.11614174317947,0.8521048109131113,0.6072397930896143,0.7195223742627368,-5.996036743475497
820,9840,0.6292427505778514,0.6176085397246909,0.09770243186849659,0.2873083115049966,0.21737206929015462,0.3771141945688352,0.08755849380997116,0.2671920416786063,-0.11585327267667367,-1.482592605600535,0.7837827735576431,0.13098811135862226,0.30798283218169875,-0.49600690531414027
821,9852,0.6091491722614222,0.5971144995427796,0.10325822686257118,0.3030975995754306,0.14387114858151853,0.3068081326556651,0.15808189593604316,0.30767705340266044,0.34680548805950917,0.08989484387430435,0.7804573717877865,0.1286900733818672,0.3124063996648292,0.18592782165307098
822,9864,0.6293891382115551,0.611946312094354,0.09849230200853361,0.2875201657053535,0.30787113483948964,0.4623204353517795,0.13615026377236786,0.2933912624451392,0.276591177427282,-1.26125992200959,0.8882591925448793,0.16049870915345524,0.3133404215327333,-0.17883509518421503
823,9876,0.7640529295558189,0.7543306630981049,0.10008451916565397,0.27597283709161763,0.22449945880125163,0.389526605207529,0.13940305851689275,0.3081629401511367,0.282049330692943,-0.6104342414700104,0.8710058665091648,3.4590336093538014,1.7900769857609926,-23.813183054621707
824,9888,0.8364740267120543,0.829843682945572,0.11920875285887905,0.2948320695250267,0.0989486069546981,0.26894646928780624,0.14200378797968238,0.31303840545473766,0.16052413421580558,0.3031974121080807,0.8908619523903438,0.2304938609294165,0.3961466584419644,-0.6231529046421995
825,9900,0.8557083694901967,0.8498936977965681,0.1603066399324908,0.3497073261761679,6.878069932507555,2.582283335715451,0.32283776372007583,0.5050576622601982,0.5034452039152133,-20.30503523891136,0.9044290884432504,0.3082465908355238,0.4925176752598676,0.045196611190764124
826,9912,0.7101120529321794,0.6985795485090704,0.1687558847620743,0.3581476452550436,3.264598582963077,1.7618598241509027,0.0963421198017585,0.23412634591098144,-0.7516314267250952,-32.885475944276344,0.8873296977606329,3.640194796520618,1.8669164571774164,-36.78404299190202
827,9924,0.803720869968882,0.7942294895973966,0.14401874066837506,0.3207195053839991,0.11467553827434622,0.266150464444245,0.11131570180019106,0.26375821797150534,-0.2937863961625571,-0.030182951909030642,0.8962440039154936,3.4044353340406217,1.7905732635265033,-29.58360392095896
828,9936,0.7679404509934079,0.7557981304488613,0.1430898940573971,0.311056009409362,0.12341305237601681,0.30421348691548206,0.17829486875310765,0.32053827690917774,0.19745366168927914,0.30781489540839213,0.9113977323705976,1.013116192839401,0.9449115123958193,-4.682250980774468
829,9948,0.7802260605150051,0.7682116609196874,0.16075659447512208,0.3548684192791851,3.8766004141268713,1.9022794828719523,0.16609649519687505,0.3557369168921694,0.03214938831444669,-22.33944740695411,0.934930107918028,0.28469926656382266,0.4711260732356209,-0.714059446145249
830,9960,0.7301345560848131,0.713766176909027,0.20318628588339713,0.4030238812914259,0.12271548270662723,0.30549167273626465,0.21680525423994976,0.4168066676026472,0.06281659733891787,0.43398289337207874,0.8659880418634848,0.19473047621470596,0.3994590101057364,0.10181846423709118
831,9972,0.8487311297982761,0.838504805700761,0.29777274068154586,0.5022984247306082,2.6774632002616934,1.5813005324519651,0.5808899970643147,0.7074815988064268,0.4873853187584203,-3.6092430818106367,0.8694972102850177,0.4056480411327152,0.58421431027091,0.3016783845775143
832,9984,0.8120329872467791,0.8006830444402054,0.314851719359274,0.5336293645493629,0.025835890192216104,0.13679365699622317,0.45412266293575004,0.6445398659344238,0.306681332915949,0.943108124079966,0.8791793804526503,0.4011433812542333,0.5990039977107596,0.11666293273941342
833,9996,0.8441383257279673,0.8342007960181504,0.23710023915193443,0.4592946341484616,0.241511099422141,0.4301636798046973,0.09205393689493939,0.2724977149335615,-1.5756664749986253,-1.62358251660411,0.877940285363064,0.4742188558974834,0.6595038656907525,-4.151532589406867
834,10008,0.8036614163486491,0.7956546687277629,0.20290527360639546,0.42360320976540083,6.476103066624735,2.412340036825286,0.025538918702505926,0.12406474069158173,-6.944943792255622,-252.57780969752991,0.8342544463060001,0.02034292214964736,0.10979745042132177,0.20345405431549168
835,10020,0.5877820467813483,0.5637400091113454,0.14307332882719348,0.3491453527238133,0.899835505826832,0.9170797337525082,0.025820033548883032,0.12822055436236093,-4.541175171454523,-33.85028414557419,0.8910982993604672,1.5599244377806196,1.2093980282568981,-59.415275403393174
836,10032,0.5752314519353615,0.550123272337373,0.12326162699163307,0.3111860645024232,1.8625202133254188,1.354634579980483,0.017817773802258772,0.08583299870899734,-5.917902784017109,-103.53158929929315,0.9039233720943141,0.2643950670284357,0.455495858001433,-13.83883845213694
837,10044,0.5910743953669074,0.5700291732021511,0.02199374009422474,0.10308727564182735,0.7525654894122807,0.8386795252513178,0.02189854906460535,0.10348567540516714,-0.00434691035184831,-33.365997819857995,0.938918173673549,0.02913002281895394,0.12742463482423114,-0.33022615941422506
838,10056,0.6086549300973716,0.5829387146237265,0.0799823698888335,0.2040710116510185,6.4445064127954295,2.516646123157009,0.06056083970374045,0.17271261319948725,-0.32069453264026504,-105.41375589112569,0.8852230625162499,1.794696471649641,1.2618310497716247,-28.634603490129514
839,10068,0.4955050919735426,0.4604210166798566,0.0999181106318273,0.22557705633040434,0.7540455658724438,0.8115592396297466,0.07850269992211717,0.2013194622318825,-0.27279839713737797,-8.60534563295957,0.8944614522207941,2.5159773738167424,1.5065579896187422,-31.049564872454745
840,10080,0.5577520352562778,0.523682200885401,0.11661431931050265,0.24495057398141196,0.20773392900644527,0.3962003562866185,0.09931359475332646,0.24386932186302848,-0.1742029839937569,-1.0916968066900763,0.8236878643177021,2.784050959943699,1.6225001254586966,-27.032929095545082
841,10092,0.6134803227309368,0.5746666648739139,0.15792306442188983,0.3153124244704055,0.360741309119409,0.5209985268065996,0.15249865126916906,0.31205872060505385,-0.03557023690095695,-1.365537702249441,0.8245314485936497,1.6253831962996026,1.223347131625063,-9.658344731395072
842,10104,0.6646349381085098,0.6305458804072308,0.1946526242491542,0.37567847791510167,2.276724104699608,1.4595558153747525,0.21447865063043547,0.393977730732429,0.09243822787491873,-9.61515492571143,0.752033636683249,1.3885357341788815,1.1356921734871783,-5.47400442933336
843,10116,0.588625205332985,0.5481345229120651,0.24545741209324612,0.45211198283303916,0.6312322897273364,0.6983349401407001,0.5146419507748324,0.6685709619730836,0.5230520719819063,-0.2265465121468786,0.7443614203503205,1.2209145521170441,1.044338931245645,-1.3723572287079682
844,10128,0.6861473383512152,0.6571855434895565,0.3430489544740783,0.5669180528796284,0.6867414319187364,0.686601622653261,0.939272350705084,0.9483722352013461,0.6347715822609261,0.26885803526184937,0.7006334861092237,0.8685432339701201,0.899688199308771,0.07530203213356557
845,10140,0.7809062645937439,0.769013659436116,0.3289641792072546,0.5526557620827209,0.02508956871659571,0.1291458506642205,0.044894210951639514,0.1836134152990314,-6.327541173663083,0.4411402230986432,0.6462140085871092,0.018874366539544038,0.10675596603407426,0.5795812836564675
846,10152,0.8437747306432678,0.8461644524405845,0.29785406195164693,0.5145567903667848,1.3109921327439031,0.9989905205774733,0.018290096982008206,0.10764485746319656,-15.284990847486654,-70.67770264058817,0.779827316776412,0.06607874116032336,0.2220538647120445,-2.61281524233165
847,10164,0.6082887358386114,0.5950019907514377,0.13708342735213366,0.34042120955702276,3.6888159850990228,1.8692868043226654,0.018633986839981007,0.11019666601886159,-6.356634333239305,-196.96171462267614,0.8408574085182182,2.8315588376399723,1.6374961001507404,-150.95668334189176
848,10176,0.7171403542295806,0.7088268444517856,0.1275837854667744,0.3302973233816462,0.7302260774500144,0.8115306177507963,0.06185264142661728,0.2151194270643203,-1.0627055292075331,-10.805899644825411,0.8621183686532768,0.05619506982099448,0.19395932525326218,0.09146855292081602
849,10188,0.7287328280888271,0.7155762191160149,0.02319738693537246,0.12579796379616418,0.15074893298610884,0.3585871281538191,0.03141214939571987,0.14717861562612602,0.2615154524085743,-3.7990645621547143,0.8683613760314017,0.1356057423703669,0.326672682998121,-3.3169838734067705
850,10200,0.6192222984504849,0.6033343899501802,0.03547557331410914,0.15093489193354484,0.2111642990163601,0.4106784031385961,0.04005013397145498,0.15898756318314874,0.1142208578030296,-4.272499192308912,0.8566572146009263,0.20407876258510657,0.38365440741933127,-4.09558251991267
851,10212,0.7460958551502377,0.7327939799016967,0.04709239430013055,0.17917698575242377,0.766746828133433,0.8402918319777015,0.06286891445204906,0.20890564082870403,0.2509430978635948,-11.195960989882222,0.8102589132679815,0.3825212933213599,0.5474689375162378,-5.084426566854655
852,10224,0.71251552013929,0.7016785472394191,0.04919097857773458,0.18531560807630051,3.1639660841344317,1.6682333190790697,0.04876601431758598,0.18387905184946482,-0.008714352938114622,-63.88055520652718,0.7462999987742407,0.49219509115462784,0.6536713250726099,-9.092994025495592
853,10236,0.741211428945662,0.7314457478400528,0.04040337920528741,0.16419215857328306,3.39016112556923,1.7981140800440443,0.033869613531115755,0.14548838564323438,-0.19290936603599373,-99.094473249738,0.5366165488235147,1.8465383452887945,1.323713264245366,-53.51902613510467
854,10248,0.7433934347510412,0.7375957590136619,0.04207513750597013,0.16788263289049635,3.2810907071916824,1.780929833392749,0.03507890716200909,0.141101050153635,-0.19944265400428574,-92.53457597861389,0.6088154818223039,1.8156770924643109,1.3230032838355006,-50.75979639498897
855,10260,0.5470275623350219,0.5351100991833043,0.042882888443992885,0.17499050696474938,1.263818154348444,1.082611275134287,0.05543183621242272,0.20396662055846856,0.22638520795776051,-21.799500083405356,0.6293394535490793,1.000245552267499,0.9415925332334408,-17.044604339542623
856,10272,0.5675516164585573,0.5576811528549543,0.04399982952228112,0.17923684781068036,9.486692239579684,2.9909589833407204,0.03978301826444064,0.14938991449384068,-0.10599525731836201,-237.46084720171166,0.6298152236818203,0.8599793704766832,0.8782171845066212,-20.61674523436953
857,10284,0.5216159753097874,0.5076655414625653,0.04945771912435446,0.18510941469288897,0.32589039161053174,0.5404209450602023,0.05102170168379646,0.18975458661850433,0.03065328101235576,-5.387289738594283,0.7808756616036048,0.1885812326106103,0.38244740364421154,-2.6960984519749993
858,10296,0.8778193276098025,0.8738580412437509,0.045165553927365217,0.17990266102995536,0.6755673222589152,0.7980818018823594,0.1553752367334794,0.3603546829795225,0.709313048353778,-3.3479729232383386,0.765620760073348,1.34618845825805,1.0553272700111735,-7.664112033291472
859,10308,0.8864920693704628,0.8816409024704086,0.028913452295773346,0.1421357318064794,0.029627375264576802,0.14439939515872346,0.028735691123366585,0.14126906247336501,-0.006186076111536876,-0.031030544467578247,0.7994747662577284,1.126497547363374,1.0181050949902741,-38.202034241221234
860,10320,0.830054942608191,0.8244042279540315,0.030262035995624548,0.14921822596698994,0.04643908352173611,0.18167548409789624,0.03374101339161307,0.14781430602534684,0.10310826635851078,-0.3763393227922245,0.7465135755344969,2.0989941458363477,1.4144107232893635,-61.20898351435082
861,10332,0.6869473905651778,0.6775898925013657,0.03193319841143664,0.15483131136678172,0.08341257738632302,0.24795936704200705,0.03150830879659198,0.1516454359613207,-0.013485002244570277,-1.6473200426214287,0.7070689508528586,1.9375758592614634,1.3607692099172766,-60.494124352083176
862,10344,0.8674083738023877,0.8630770648377585,0.03003000795665284,0.14389371284158872,0.31084170726428617,0.5246695764981233,0.04260460601042502,0.18304586667563016,0.29514644615409114,-6.295964835075006,0.6848083660648675,0.3711170140943862,0.5781864285626827,-7.710725173789349
863,10356,0.8004826394861699,0.7949458687043119,0.03372187499138693,0.1533838974139489,0.37479684145225023,0.5268606586918424,0.04284092884210192,0.16378923574469348,0.21285845328715758,-7.748569454075856,0.6964331413217846,1.1501047937368298,1.0306798712664131,-25.84593506307371
864,10368,0.8339820807182234,0.83018712668954,0.04328090346912825,0.16430337198261138,0.37033620484273916,0.5768009730298692,0.10449954213619761,0.25588710185163793,0.5858268602486425,-2.543902655191236,0.623929539224182,0.056112789800043805,0.20564313757832067,0.4630331516007008
865,10380,0.7934030634578118,0.7880780116841215,0.04637330201938375,0.1697499195624029,0.08827030491011544,0.2625547202593313,0.052121677766876436,0.18080850299678822,0.11028761915921681,-0.6935430456578975,0.6776695009837908,0.18483875260279034,0.376272504129677,-2.546293222361622
866,10392,0.8321580192129274,0.8257674311318407,0.0561136755372697,0.18177115067007532,4.698638767228712,2.110558121063993,0.15572663171819856,0.33798324811932634,0.6396655156658594,-29.17235212363242,0.8138742000317535,0.059261131059658766,0.21562938698811274,0.6194541010371486
867,10404,0.9145982718388804,0.9113829927890704,0.06026891295351247,0.1949050398631459,0.042941959716003945,0.1698086271454662,0.047462199253962715,0.173134904385307,-0.26982975717208246,0.09523872911517828,0.8568104373828208,0.0782755525438179,0.22256942224610712,-0.649218826227959
868,10416,0.8400381852243812,0.8347830609151862,0.059847161911249475,0.19455658103866438,0.05367613233669772,0.1934354648336082,0.12018702067606434,0.2984846785881073,0.5020497090733838,0.5533949337061193,0.8751049794631663,0.08244343029252081,0.2161413515473176,0.3140404859961745
869,10428,0.6523911514981328,0.641753236432401,0.058285719811217905,0.20582249568977865,0.05382247758387467,0.18442340886961914,0.05682407574693677,0.18663859403772612,-0.025722267279638444,0.052822648210409384,0.8923897991601896,0.10021716803981306,0.24812184086204722,-0.7636392096569296
870,10440,0.833812602428011,0.82773436827906,0.07180442239133407,0.22905311987047372,0.07600160627967929,0.20806941604139598,0.0707871115531616,0.22214261137010796,-0.014371413324422155,-0.07366446535400129,0.902557536717368,0.1437015116490963,0.30194043598359327,-1.0300519190018864
871,10452,0.9130424750407934,0.9106210263502721,0.07780397379259711,0.24873513196069588,1.5132420498426356,1.1674385790337336,0.12974920873073031,0.29209155211883336,0.400351073014523,-10.662822953957894,0.8892844637320245,3.9237743399646425,1.9168872381398252,-29.241219798940634
872,10464,0.9300590380984213,0.9274989213195688,0.08181295801406467,0.2492921747525814,0.08183219598733826,0.25440255033760284,0.11454382524845724,0.28267658769282006,0.2857497308422866,0.2855817778929952,0.9116879277326732,1.1008750840094625,1.0042099319825175,-8.610950931851212
873,10476,0.8696996308969004,0.8650307650257879,0.08910624366879323,0.2683239576992429,579.7724657557445,15.569051409850891,0.1268243659554388,0.30797559546453745,0.2974043828446835,-4570.459603901779,0.8820805068762468,1.239702850352808,1.060498134510225,-8.774957998121527
874,10488,0.9156126836007898,0.9127132759362799,0.0994192708025764,0.27605494723625484,0.14593686710688922,0.3296405976375805,0.14595412723579348,0.32906777931086256,0.3188320694627468,0.00011825721705271963,0.9160173532477529,1.3317606249116982,1.1242043327203328,-8.124515011214427
875,10500,0.8497030790574386,0.8438623185224049,0.1350951107977324,0.32985928078264204,0.7463518497157159,0.840512800373472,0.2545379674578045,0.46893501027056184,0.46925359643988074,-1.9321827983852384,0.895209206802798,1.2612978040386433,1.0898867371764143,-3.955244267233855
876,10512,0.8372338271225488,0.8327070474724458,0.20097109132167099,0.40859266558654156,0.9454027841377824,0.9491218768586401,0.10764013715067018,0.28730230464636597,-0.8670646158724233,-7.782994979042501,0.8317550574409234,1.7042754771591664,1.2673124710764314,-14.833085336686189
877,10524,0.7023156594497528,0.6901274071793174,0.22986347137429744,0.4245202930134499,0.2705302572228055,0.46134569990136703,0.07070178752122701,0.20992954394791088,-2.2511691632306303,-2.826356683578663,0.8354378630990967,4.639654832713661,2.1123697137328796,-64.6228787896018
878,10536,0.6542462730369238,0.6376236578059682,0.16644215895138123,0.3458631924686661,7.370607397367022,2.6251954594955214,0.05287458816088839,0.16785986488841442,-2.1478667681519523,-138.39791596937863,0.8764814600684769,0.08916118847915433,0.2232672992396084,-0.6862767461725088
879,10548,0.6894193181186389,0.6736353754425047,0.08426085891890393,0.21702900372231995,0.29333435340621933,0.4910224737981433,0.055973054409310496,0.18135562045432982,-0.5053825417983278,-4.240635096687281,0.8949986712984532,0.15411368674219708,0.30999507802193466,-1.7533549556759938
880,10560,0.5860209510900408,0.565314934650055,0.08272260739046115,0.2293905365959704,0.8792619581673392,0.8492443518461602,0.07936091703161642,0.22677967409983113,-0.04235952008348742,-10.079281730288626,0.8822276686288375,0.15169883973478301,0.3058037004331385,-0.911505630338773
881,10572,0.698810858247558,0.6825122801746484,0.10867836173428753,0.2710506664373476,2.6801946604586657,1.5747286492286119,0.1629327263768651,0.317827535469382,0.3329862934784915,-15.449701174577704,0.8755863801220639,0.15915585159344567,0.31289730745037253,0.023180578066824165
882,10584,0.661385216230593,0.6411484784820299,0.09326400232219646,0.25199481925884193,2.3926265353888723,1.4739408160995595,0.1072899005166419,0.27213673889653256,0.13072897007924678,-21.30057557950432,0.8470135575827539,0.19127499403376058,0.35714258001319443,-0.7827865727593961
883,10596,0.5070244441188693,0.4820914813352778,0.0871524813810652,0.23712940942997116,0.2434703500639257,0.3788343284519808,0.09269033010153689,0.24835768623636098,0.059745700704758486,-1.626707120335185,0.7585200942970467,0.20861468257469087,0.3914784815992352,-1.2506628506572968
884,10608,0.6483719373406855,0.6295309002186187,0.08266170652507802,0.2230155852616964,0.19776646870537062,0.38368555340112676,0.4908643804856993,0.6324414909343422,0.8315997049056888,0.597105684242794,0.7327515921950569,0.2746682911531491,0.4642200372042273,0.44043955505312693
885,10620,0.7355071761968385,0.7176334373856237,0.1462556614029268,0.3341964565120718,0.16612665307046087,0.35865578682986526,0.3962269516249692,0.568655320753817,0.6308790686672962,0.5807285385581227,0.7647000809207517,0.13539156257406967,0.3184534991879256,0.6582979476312392
886,10632,0.7547313403431475,0.7369799402374725,0.0974259448561348,0.2531972275092554,1.0399637931016839,0.9184237175043893,0.08573197283769175,0.2264697813902544,-0.13640152712433373,-11.130407812620259,0.7527435465575457,0.8143111371794033,0.8254481031419156,-8.498336620820119
887,10644,0.6748856962059551,0.6536743641663586,0.07829779089402959,0.2263471346469398,0.16668540166591683,0.3463483348390139,0.12041016985619307,0.27811102917208347,0.34974104772427994,-0.3843133172637385,0.7338793257003372,0.1861146600528636,0.374202548525213,-0.545672265682724
888,10656,0.6364218797443225,0.6139014431654074,0.06300501461917442,0.18918042066771878,0.09847542646462175,0.2769134037966117,0.2119622805534156,0.3859795306607466,0.702753648174224,0.5354106107581464,0.8367615432006467,0.8127060964547779,0.8298875093389739,-2.8342015113862287
889,10668,0.8802033332379018,0.8725163743550755,0.1073033721382079,0.2532616055693354,5.640250473886777,2.287074811038757,0.3794027338733241,0.5577101542390713,0.717178178863533,-13.86613028932458,0.8578858190256832,1.0956531525562536,0.9907245831222701,-1.8878367358366819
890,10680,0.8638585203503588,0.8549805660916021,0.07308340169256324,0.20573268702866346,1.6764836975442297,1.2444011096151384,0.08158689044269923,0.21646003165788272,0.10422616555178355,-19.548444590147376,0.8486761384637433,1.0540853924535736,0.9746316455992318,-11.919788788786937
891,10692,0.9006664661129815,0.8948125087106702,0.08510943230280275,0.23002365036572212,0.19012186930853614,0.3847347970346233,0.062294098028096025,0.18997707176286813,-0.36625194034299224,-2.0520045289489053,0.8489504706961052,0.1489879387069926,0.3368965858920963,-1.3916862660054203
892,10704,0.8202582854987327,0.8117088620287881,0.06530758443880252,0.20489824772006315,1.1168512396994437,1.0116215321358057,0.20369866244752186,0.3975182721791201,0.6793911965149625,-4.482859957350844,0.8593380819383519,0.16174172759681824,0.3500362761309784,0.20597550492759287
893,10716,0.8897705807842746,0.8829399228567957,0.07816713421200712,0.23554020020741215,0.34081964747425414,0.5203882890549943,0.06404794846450095,0.20692140200637174,-0.2204471194784925,-4.321320286521839,0.7610983730663647,0.16119027907484645,0.33012913408815237,-1.5167126026556086
894,10728,0.8966128122558368,0.8903718887730359,0.07210358764639896,0.22186854309416673,1.2086784208023396,1.0131584996001657,0.0707526522639703,0.22532780934247718,-0.019093777253585742,-16.08315352324736,0.8155797394646116,1.8995557139566717,1.3372968627898913,-25.84783754635289
895,10740,0.8941252233958532,0.8861547532686191,0.07716777777619638,0.23614637289610063,6.812941729216379,2.53103266764505,0.06761852487528502,0.2131352158472828,-0.14122243746848828,-99.75555096450425,0.8152817652066946,1.5732459602593671,1.2038754757461658,-22.266493363483562
896,10752,0.9413601659353773,0.9364173544591501,0.10541008250840368,0.27147818113575134,0.3332745181031806,0.480465854998198,0.10838282702744413,0.27503364016037096,0.027428187661941217,-2.074975318910906,0.7179061768338486,0.1556447056923126,0.3299608222288826,-0.43606427292121697
897,10764,0.8758344361658734,0.8687164234838937,0.10807938884027211,0.27826960806184775,4.550566381223248,2.0121802153981174,0.10577908091558559,0.27134442146722026,-0.02174634062591485,-42.01953034413975,0.6946992915608082,2.217970912828907,1.43844764519577,-19.96795409480731
898,10776,0.7968178124107224,0.7830384016608277,0.120670085101985,0.3050801128344616,0.8047483211051326,0.8040527714596291,0.12107218923484371,0.3063307767329299,0.003321193210430451,-5.646847027306679,0.5705771253848101,2.1708478102005024,1.400083188658252,-16.930193745730566
899,10788,0.8642526281048969,0.8561587296616467,0.16547550777672845,0.3646130930547538,3.895676041919429,1.8335707449434804,0.5791444678003604,0.685022637569994,0.7142759415362829,-5.726604946630218,0.5731718806219426,0.17512914135371793,0.34043558502996385,0.6976071583332684
900,10800,0.8857834771957549,0.8764405110757201,0.20507303705980254,0.39326531078268073,1.5070628706359692,1.1928910284328331,0.3945497543784249,0.5818537134369693,0.4802352940686141,-2.8197029751297187,0.7033057838058404,0.1317837068813084,0.304756094587267,0.665989636493575
901,10812,0.7543371450837643,0.7355802454322344,0.1905831018365236,0.37081126827408056,0.12376551628142353,0.28845325445263187,0.056407050467429304,0.18167120662064615,-2.3787106444534016,-1.194149760638318,0.7367643750549147,0.061998123318494504,0.20612837327819922,-0.09912010652451353
902,10824,0.5592708891183703,0.5300895877186962,0.18811511749798707,0.3613096400678238,0.6792414363916626,0.7853974658837736,0.07951569880621438,0.21968612687455033,-1.365760728034818,-7.542230610926579,0.7279651232274097,0.052898355544826414,0.18580633595543503,0.3347432476982488
903,10836,0.6006519507564692,0.5748633293568742,0.13408287964010532,0.28831369737850165,0.9333490292022774,0.9265160402310753,0.054594841380934594,0.20035118188728748,-1.4559624361676273,-16.095919790110756,0.7631878110852652,0.5587494272470083,0.7087461497579208,-9.234472948613284
904,10848,0.678677852277045,0.6596931243636613,0.05859711175552936,0.18095570873359845,0.2315047441486481,0.4076719167199201,0.1574941979799668,0.33514080587747447,0.6279411400095964,-0.46992554086402216,0.8005813822202397,0.3246756261452737,0.5184760555519299,-1.0615084892623936
905,10860,0.4972754497263181,0.47251225560054666,0.06912244502339837,0.1902605523514045,0.24630466810495524,0.43227885438136227,0.08792350856192403,0.26303853846274866,0.2138343185575241,-1.8013516764004502,0.8144041709499265,0.2281396710864058,0.43816535501875126,-1.594751674698335
906,10872,0.3689756042127066,0.33934953148540287,0.13271164779399158,0.3238726279371717,6.675826322438579,2.5342454425287073,0.2936334197979927,0.4859064892389749,0.5480362968040506,-21.735240174743268,0.8959868489740683,0.17530299820028017,0.37428461212958924,0.4029869000576256
907,10884,0.5409555001561407,0.5157773208830768,0.22587228983925733,0.44151226962486695,7.833938018416834,2.658801107521129,0.2627438969209801,0.4787323664883128,0.14033287742859302,-28.815870550069832,0.8856609452627465,0.08398257147256057,0.25414344896614816,0.6803633787245752
908,10896,0.5419329990519863,0.517527899589608,0.21480329442350832,0.4042552329006544,0.12274277792100413,0.28589187219875695,0.08949603654035436,0.22747434564722846,-1.4001430982549947,-0.37148842189965126,0.7860910746203513,0.08247275035989922,0.2210705789497193,0.07847594655533485
909,10908,0.5816452923733435,0.5604530331329115,0.24018710702133514,0.4313079960250241,4.2657249758040345,2.0001235059342504,0.07095101130954622,0.1973180888188196,-2.3852527622677986,-59.12211661358089,0.7009525931170834,0.07772550056542563,0.20901510455819983,-0.09548122191413966
910,10920,0.756677796753285,0.7460439146464892,0.2592487452007068,0.448112027644501,10.215222545082577,3.1366647223966564,0.07235946993470922,0.21434301190867386,-2.582789446006582,-140.1732639045019,0.7462019038987021,0.06244354936771631,0.2040790686032862,0.13703694313875103
911,10932,0.7088320683919566,0.6909993443226251,0.22000674491803943,0.41443415987362214,0.4069703318051497,0.5360820994439291,0.11855494279475236,0.2909404508376702,-0.8557365870347977,-2.4327571859210884,0.8166226584763129,0.3073065334443987,0.43130282513207874,-1.5921022455927591
912,10944,0.7793261033200177,0.7672755236711774,0.17484087117923353,0.36697866923203687,0.3812479928819297,0.4759333020802973,0.13491086395636634,0.31143666992788316,-0.295973252649109,-1.8259250715734439,0.8794867921152753,1.0537671247852203,0.9127191565955316,-6.81083964539754
913,10956,0.7269781362133699,0.7169091991523447,0.18842340594651122,0.37302119288468133,0.27872349575471067,0.4164029237280796,0.2908403979676959,0.43553549395682123,0.35214156195921686,0.04166168901450573,0.8880200666143216,1.6828774604335675,1.160235204950371,-4.786257590737059
914,10968,0.5689375441818696,0.5509185239613563,0.24501261384742,0.438637530329049,0.827583345714035,0.7783405465685527,0.2746196237262076,0.461009323354328,0.10781097678695162,-2.013562302958821,0.9070081843585851,0.264162824622092,0.4512484924938233,0.03807739214784178
915,10980,0.6613073791165127,0.6447213713054472,0.2986816718363488,0.5006355466380104,0.11419529207464052,0.27913992225835765,0.42625919013493685,0.579199678956208,0.2992956427712492,0.7320989324863805,0.8707087751664463,0.5288482657554341,0.6367277932353668,-0.240672994259717
916,10992,0.658838961841954,0.6415220011410893,0.3601353387096918,0.5482924530528287,2.7242276099296707,1.6126292324395772,0.5275065740234759,0.6580958161989278,0.3172874871249197,-4.16434816944752,0.9060205720087972,0.14693138563533734,0.3337712663983325,0.7214605601696286
917,11004,0.6287316437359044,0.6105877697247797,0.4324862938327269,0.6194812777202203,0.07096084499728435,0.2129342911391555,0.5902709799520309,0.7342834767185886,0.2673088996042573,0.8797825957782118,0.865874343855243,1.1814849368318072,1.0502800047756906,-1.00159753225175
918,11016,0.6617472921510603,0.6455397256980889,0.37478294967567954,0.5730014219930271,8.422760388536693,2.8253986898483134,0.031381865766619256,0.13871724417465484,-10.942659893547006,-267.39578153750006,0.8580367742206836,1.3183098126381738,1.121401467060928,-41.00864991400396
919,11028,0.8113729481976836,0.7976666689238046,0.39009066661719033,0.5855541597571301,2.0128632914267097,1.3916448494014517,0.057412792304072646,0.1872856724329869,-5.794490408185891,-34.05949128490524,0.88982743293283,1.1775447453650567,1.0611992636584746,-19.5101458770457
920,11040,0.762893169166833,0.744104996311064,0.09040953003555878,0.2755284588297403,0.0814396362752245,0.2507920918023713,0.033667791542762296,0.15106650583724293,-1.6853418621392913,-1.418918275996393,0.9103607488976924,0.18197851686229014,0.3887929425279511,-4.405121884254116
921,11052,0.780570648156764,0.7610147138862372,0.03830031196496444,0.15547568374280182,0.020655211217309077,0.11292164735918049,0.10619074606096555,0.3016358273237783,0.6393253330852793,0.8054895366734627,0.9163992167330213,0.015126465303749566,0.0991556787345581,0.8575538277594805
922,11064,0.8093721356220522,0.7916271325208524,0.062452998373294676,0.21558264665318613,0.2603659894224237,0.4780752241555562,0.026114365456782796,0.1257005197716913,-1.391518893179673,-8.970220791054977,0.9143963473567283,0.01605906986713401,0.09659435225985342,0.3850484365124438
923,11076,0.7889644575063104,0.7722075306137145,0.02965927357892617,0.13604058579699063,0.813769287201256,0.8859652496927101,0.04006188720513236,0.1614701016642279,0.25966359430200536,-19.312804612384895,0.9146599977812407,0.01538290325217355,0.09612394058525627,0.6160215025965419
924,11088,0.7917873966410183,0.7754296161746815,0.020888412314779985,0.11082347445992898,0.02899518299510394,0.13480201630287572,0.037059753957939735,0.15278624723351397,0.43635858083443047,0.2176099434439993,0.8772218490112929,0.03698163580423646,0.16168825818734678,0.002107897256736546
925,11100,0.7112692125462468,0.6914205327404572,0.017563219361513675,0.09957840223001739,0.033484206480561635,0.14885836667346888,0.03826550753087358,0.159232724994659,0.5410169498642289,0.12495067644024505,0.7488926436671153,0.6184427468093565,0.7576804980925193,-15.161885382295825
926,11112,0.7278693398399303,0.7128926756202376,0.0236218233387957,0.1203361642273957,1.0962604034133996,1.0224302874010447,0.023315945819898404,0.12010083064065165,-0.013118812389598666,-46.01762527162093,0.7616544450699769,0.07550930622971792,0.22273296913365548,-2.2385264064765673
927,11124,0.739141123925307,0.7226581888570094,0.03013978549742666,0.14225618148097383,0.3408810002379487,0.5528438727103249,0.025940824779197513,0.13143867868546488,-0.16186689336093818,-12.140715576295333,0.7739304120103301,0.027585182551245147,0.1318673276828892,-0.06338880070483643
928,11136,0.6813239118512824,0.6585488266289294,0.04250105299908539,0.16584126960574483,0.49395090034742406,0.6772383576792773,0.06056012235639139,0.2028382982464266,0.29820067487694046,-7.156372231888225,0.8649428751678813,0.034262197771386685,0.1435294760256107,0.4342449050918946
929,11148,0.7397724133891871,0.7221839287524598,0.03590671184253286,0.1575416337581015,0.508766607036553,0.7003920385889538,0.05293165363678232,0.19821712317580178,0.3216400891435366,-8.611764834095602,0.7543545869637338,0.03234413342987515,0.14139392577409704,0.38894534352126975
930,11160,0.8680732248709583,0.8590595630197974,0.10628301160832088,0.2976288935727067,0.15437268302688067,0.3704034554118607,0.16164721949665875,0.37263810817905013,0.3425002178245463,0.04500254623883859,0.7858542595723093,0.017298069971792247,0.11320343339041451,0.8929887564682187
931,11172,0.691998611381967,0.6725585099333524,0.07366678236987172,0.2300475885040554,0.06797046074330047,0.21735372566084,0.025726427493618097,0.13143866650665828,-1.8634672415416436,-1.642048172454639,0.7537254204417376,0.040654929095817215,0.16274213081831226,-0.5802788438426749
932,11184,0.6187646580123455,0.5950428250849097,0.0991719983087611,0.27293224126768595,2.388731596021389,1.5161342721215465,0.055778275750921945,0.1965938325145634,-0.7779681600703103,-41.82548292973912,0.6779111681421315,0.03604619937387584,0.15839021443526405,0.3537591671918965
933,11196,0.6375439439291466,0.6169598079698397,0.10779095326635581,0.29800041495060486,0.08371426727831015,0.24480215435819877,0.05429248377805589,0.19839868671825409,-0.9853752447023449,-0.5419126452296523,0.6561450467821107,0.03708367507619157,0.15483804179073973,0.3169648449353101
934,11208,0.7173246924114223,0.7033336127431707,0.13635780860110847,0.33776971481964146,0.43828828398206926,0.6270129507138104,0.12114894042569664,0.3136785873978121,-0.12553859837296533,-2.6177640715799844,0.7622239915662588,0.45307757672621535,0.6490012738422953,-2.739839367428046
935,11220,0.7839355228243889,0.7733553360382224,0.12499835439968839,0.3244439426619839,0.10228333658602463,0.28580662062279,0.05758220710315896,0.20607573545030947,-1.1707808833335078,-0.7763010786089402,0.7731528621306355,0.06651915401697427,0.21550363698429875,-0.15520327134742695
936,11232,0.841134415967657,0.8328489211650985,0.0806284122508928,0.25021126027699747,0.2824385577166379,0.49533100457133883,0.038536357556947926,0.16301731808698386,-1.0922686357096008,-6.32914514038485,0.8742228779230402,0.2912690764338528,0.4846247765237313,-6.5582928667667595
937,11244,0.8714972117852445,0.8653619644817929,0.060254394081096924,0.21079745129457397,0.09881519389048725,0.28762362531109587,0.024823976097219133,0.12481281441119742,-1.4272660368798382,-2.98063523359406,0.8709346707443507,0.17275891948883024,0.3579545103771407,-5.95935730892777
938,11256,0.9466053315085665,0.9448637011877711,0.03735104653976247,0.15357313748050874,0.2008146668966875,0.4026390301906373,0.01779811358708145,0.1128313467521822,-1.098595806629377,-10.282918603376396,0.8671966175652811,0.7705951939001668,0.847466976798426,-42.29645330837164
939,11268,0.7930313467939434,0.7827221950156352,0.025241736272993226,0.12884062800308219,0.08485136297076146,0.23784988657185538,0.05449757496921372,0.1903221568931174,0.5368282664457535,-0.5569750217086709,0.8449103654255326,0.09736727313657806,0.27115483296444604,-0.7866349684656959
940,11280,0.7530565459141768,0.7407717952818803,0.023859972288322515,0.12917092372814826,1.8249891459457495,1.2066974547375409,0.02798509845867833,0.1352834053117057,0.14740438295926706,-64.21288994714294,0.894522423035298,0.8456817813122607,0.8806437921746237,-29.219003251353943
941,11292,0.7719782071947237,0.7605830891242599,0.020569764774915896,0.124435519300597,0.6648590622644974,0.7670589793636912,0.0279649798790722,0.1336011310665294,0.2644455721454164,-22.774701971520088,0.8235452508265899,1.019273687328098,0.9791182961900374,-35.44821815483869
942,11304,0.7499223549150085,0.7378776373359934,0.023162210976785474,0.12544720919339916,0.5142637397791695,0.6959854018317012,0.02767981224215278,0.13473061307159442,0.16320924527398273,-17.57901835750216,0.8754509411526654,0.0799796614610371,0.246203930477331,-1.8894582362534385
943,11316,0.8244145369116778,0.8155219867417018,0.02365206359458452,0.12675334580900657,0.13700485455261166,0.32323565035141366,0.029920863818053003,0.13893744674003192,0.2095126752218346,-3.578907059158788,0.8484985967499007,0.7069304787466608,0.8107261645657641,-22.626673449184594
944,11328,0.8595129451264176,0.8523344470453281,0.02964594812267675,0.13938444436389386,0.10191649781321481,0.27230453015006173,0.060916069391854254,0.19974504024978623,0.5133312372475394,-0.6730642477540281,0.8612366427997638,0.7281623959748105,0.827919318389699,-10.953535466820204
945,11340,0.8172979060495463,0.8086179107631463,0.027799355208862137,0.1289557131411743,2.019311779257219,1.393813568954385,0.03722656782264429,0.1537057252058026,0.2532388335850757,-53.243834373280734,0.8073901299890434,0.4648995833918736,0.6470467871075782,-11.488381566808936
946,11352,0.8684158830017059,0.8625004026478102,0.028812685186892364,0.13361798343633538,1.7915671126916084,1.1476811733771892,0.06149248980466312,0.20633225575808387,0.5314438351997348,-28.134730409887382,0.7643592761041248,0.033989606323737716,0.14397731094949304,0.44725597497013037
947,11364,0.7927020922143324,0.7826549407047276,0.03393543743308821,0.1447774012317773,0.4273259497249297,0.6282568637696259,0.07641621020736362,0.23669859321043032,0.555913106119752,-4.592085089869475,0.8096054512536132,0.038566980329489506,0.15192775932285268,0.49530367673516074
948,11376,0.7689868431799032,0.7576385427101364,0.03370276496338847,0.13930926281073666,0.04225821833504436,0.15990778846490109,0.04409270811403771,0.1631637771668112,0.23563858050581876,0.041605287074878206,0.7997894167554676,2.4164699305797472,1.5107516693397294,-53.80429835087449
949,11388,0.8349649392147312,0.8267267397798969,0.053395487568346035,0.1769517655787498,1.529262792206179,1.1499459167414552,0.07116652051188889,0.20667962779756202,0.24971057761035365,-20.4885142789959,0.8413687812842086,2.757394386298701,1.6071108407971348,-37.74566813812484
950,11400,0.8083269686162526,0.7988016720534957,0.05116029344316767,0.1752248112971799,0.12776881535698578,0.30904555906063347,0.05340392544045469,0.18447047959417887,0.042012492130165,-1.3924985720281526,0.8006417088280064,2.2523752838829805,1.417677764820893,-41.176212053819455
951,11412,0.8661968189044116,0.8577557218776788,0.05582309109159328,0.19064918079042234,0.3162228987980577,0.5156786800528272,0.1438506854843229,0.3230537861259755,0.6119372604750154,-1.198271754725286,0.8334403037202451,6.148886333906255,2.414929390032355,-41.74492202247011
952,11424,0.8343787127763019,0.8242584885425802,0.0706159105022614,0.22063827471444983,0.08795045773092092,0.2485179152394165,0.08100247027755819,0.23827871703911074,0.12822522251120028,-0.08577500697886342,0.8647083398352814,1.0660181163536862,0.9904519749802793,-12.160316132346738
953,11436,0.8265637052216249,0.8167537155026582,0.0727060318129776,0.22804937684023105,2.0403149599311963,1.3549345057753868,0.0738555071674605,0.23053925219415305,0.015563840782740423,-26.62576601505114,0.8356275514586341,1.1466571905744531,1.0307078885929988,-14.525682979530753
954,11448,0.8342082907963253,0.8252220201744173,0.08009802948672683,0.23990302637810348,3.7272268719565247,1.8954189756508715,0.056697836513462475,0.1973873055772968,-0.4127175640592238,-64.73843203120322,0.8877459617292646,1.8921733969290162,1.3278911667881523,-32.37293825099894
955,11460,0.5889699867621111,0.5708353967423379,0.08571509710844533,0.23863124086099155,0.04259081228360816,0.1658496625475692,0.046371372134571175,0.17089525975131933,-0.8484485828820727,0.08152788405725209,0.7878677890229231,3.0196687633006554,1.6410892635350691,-64.11924543741087
956,11472,0.6211662181571032,0.6021112366328871,0.05258754821271827,0.19339360328684485,1.9278074650706296,1.3441484932698644,0.15489850393488055,0.33194309323413973,0.6605031883663246,-11.445617072461083,0.797415003794869,0.11568375416990395,0.3038045331787665,0.25316416084601123
957,11484,0.7952937150627769,0.7832340889905367,0.04508437035425991,0.1736771809146239,0.10313130165817212,0.2510970702436843,0.08181588480137034,0.2266888689182324,0.44895333633909695,-0.2605290758457308,0.8882220164565366,2.023797231710484,1.2080342418540413,-23.735993953054304
958,11496,0.9305190389708367,0.9260877556821644,0.03476935397941266,0.1522701043644887,0.16955567168149047,0.38156241147304737,0.0729813467882968,0.217108205063172,0.5235857447208931,-1.3232740849978422,0.8653621058910519,0.9318570074373586,0.9301218305263316,-11.768427117965846
959,11508,0.9468742931441364,0.943461775669427,0.05454432066420603,0.19091741618405467,3.8469254979832876,1.8702241325267395,0.09963349898501594,0.26073192960821445,0.45255038496230027,-37.61076382113042,0.8541400535921856,2.9056347774138778,1.656956281193425,-28.163231312902713
960,11520,0.9024635588373621,0.8960485617230148,0.0697860679240233,0.22565397574366117,0.16165233643520227,0.3372093669618443,0.1013637205157586,0.27335022435506134,0.3115281525881448,-0.5947750892793131,0.8237244657306315,0.7224712352875023,0.7910665645312869,-6.127512995886755
961,11532,0.8971844530901074,0.8904284165935156,0.06469362996341761,0.22331511793174288,0.4136519686710975,0.5692257225595716,0.10177111048432054,0.24810116809370775,0.3643222555443699,-3.064532328502273,0.8054674236766548,0.06549419381564957,0.20602060048155765,0.3564559381933836
962,11544,0.8645853801711323,0.8556406006447711,0.057188594803648955,0.20029635694536604,0.05959062406406781,0.2018475270526315,0.10517531000445167,0.2626083026354594,0.45625456391591923,0.43341622609388497,0.8202551180372148,0.052464934597391516,0.18986299066723786,0.501166817619355
963,11556,0.7614352841280686,0.7507946116148545,0.052272355277061255,0.19789637492739032,2.381681596581871,1.4739642811464815,0.09599321796298133,0.26285690617769925,0.4554578293518664,-23.81093609655152,0.8123322998286832,1.2229191876430996,1.0576507439416423,-11.73964154545485
964,11568,0.7761309541259116,0.7645170679606285,0.07492549199299155,0.22741162620160948,0.665996598271709,0.7655674502268858,0.158653453019803,0.34058159270671967,0.5277411832716972,-3.1978071425182275,0.8574637872006038,1.2621966533393618,1.0827425409594371,-6.955683468054209
965,11580,0.8722975347664146,0.8645466156500827,0.09046770976500011,0.2513926216733317,0.07078997144375888,0.21463142152809636,0.10028630097051301,0.2665438422918632,0.0979056073510961,0.29412122335060376,0.8353059765758393,0.05205128320415519,0.18204195419779257,0.48097314687616477
966,11592,0.8996078230518298,0.8930291550201938,0.05579601414296237,0.19056644175121243,0.8497093771042454,0.8797853078239567,0.05921911153491222,0.20259423848158875,0.05780393023849717,-13.348566790018543,0.8104132359841512,0.8858645350420256,0.913479301035934,-13.959098711228895
967,11604,0.8855128116521686,0.877786269768717,0.04220441002149272,0.15971349018325853,0.09487511837307117,0.26519296054256797,0.10761334942806373,0.28398997075927385,0.607814362755198,0.11837036132313394,0.8402034345431965,0.720933071714175,0.8045578889319268,-5.699290334756255
968,11616,0.9143458313365836,0.9086598067165488,0.02765174521540444,0.13358329282915582,0.06698765511247405,0.2210928356285888,0.08024907653825954,0.24625654765088648,0.6554260010428756,0.1652532589513721,0.8926060058993873,0.43223088562431994,0.6393168322642505,-4.386116629245566
969,11628,0.9328646589452356,0.9283465612619831,0.04868179490710658,0.18561992847278994,2.218821684576952,1.466075144224397,0.14032604289402814,0.3315140257603583,0.6530808258886752,-14.811902329865946,0.9192353265946498,0.11729990889042936,0.2994694653280306,0.16409023962136327
970,11640,0.9811187678195724,0.9804748893901488,0.060066747885399986,0.21271854480513128,0.06580738535242457,0.22531941024646499,0.11063181847450665,0.29343779901814826,0.457057212710994,0.4051676429092699,0.8977609749232011,0.045617133080302304,0.17634826323175412,0.5876671493851107
971,11652,0.9736258580637637,0.9726572924373424,0.024568445880485845,0.1334125282615128,0.4063098949730377,0.6183040268278738,0.04037433938535038,0.15037405949312152,0.39148364395528956,-9.063567631287738,0.8850502371521708,0.030525336901756656,0.14278467186018048,0.24394213338305126
972,11664,0.9494179012706064,0.9465182693313138,0.024259571714856265,0.12712371222830723,0.7132606827931219,0.8063100048779536,0.04171397975361355,0.15904089498892934,0.41843065902253707,-16.098840412879436,0.8584460699767155,0.08977510331871004,0.266065246351243,-1.1521586731588012
973,11676,0.9399358674623239,0.9368119007410013,0.03014098394470105,0.14773988582892664,0.1750938051322005,0.3680673897009144,0.04210634711962569,0.16426030711032774,0.28417005970455234,-3.1583708184125427,0.8707834512125731,0.027369320006436243,0.14122429201405426,0.3499953836252051
974,11688,0.8908568609259758,0.8859261489203633,0.02451825143007248,0.12216526006502247,1.3697003192410353,1.1516798506963952,0.08530763428144221,0.2493225881800204,0.7125901844941189,-15.056011056668105,0.8808051010561919,0.22504245134201792,0.4165744989707947,-1.6380106919806305
975,11700,0.9042139990487789,0.9005619626593646,0.03571071369754494,0.15889551542664182,1.009847159659379,0.9690576281625137,0.03078119302657274,0.14652025749088357,-0.16014716085619707,-31.80727809307455,0.8657405786452601,0.07510197350962818,0.24336250433106468,-1.4398655843129364
976,11712,0.9125701648318585,0.9104581182253755,0.030438585828688625,0.1466972758581707,0.18920750875021683,0.3854866031415229,0.02953616231299322,0.13669554280211002,-0.030553174313320275,-5.405961165340115,0.8464001732226849,0.047108886617687196,0.18295861978350147,-0.5949562478184101
977,11724,0.8934221804188669,0.8882305431277283,0.031672591969450596,0.14807368112884808,0.15160607097126852,0.3474446932692776,0.025668120563334385,0.13295976696729958,-0.2339271935123015,-4.906395468152434,0.8852985000375623,0.04145392484300608,0.16860268802289471,-0.614996498895245
978,11736,0.8601230297844084,0.8526345888227491,0.032670119328983206,0.1514302281276322,10.822931131020654,3.249293935984482,0.029127240720049713,0.14277538056926228,-0.12163454283174713,-370.5741987043317,0.8344567847474843,0.03684263276056502,0.1528760521812133,-0.2648857856008455
979,11748,0.6681258145706817,0.6512294481615231,0.032122109234467185,0.14919421138032454,0.24096123976266445,0.46048986850903056,0.02821522222689495,0.1407900191316065,-0.1384673484459804,-7.540114900565216,0.8691803035691132,0.026700436454527104,0.1381988445860931,0.05368682763462129
980,11760,0.8216967882630494,0.8112917741044514,0.02478824197570258,0.1343699395310667,0.02519729268252981,0.1390291952763126,0.028837232507644205,0.14877576271995485,0.14040842965316847,0.12622361816965333,0.8270869906787748,0.02676986616018157,0.1427971221310493,0.07169087210135772
981,11772,0.823584535476924,0.8136240573124888,0.019802139307039394,0.12870216091419914,0.037936669101676083,0.16334389709676697,0.07616570562129411,0.24635527825850445,0.7400123960579026,0.5019192851661851,0.7945196590144199,1.3908721630999592,1.0393286455157,-17.26113408593046
982,11784,0.7557613007338433,0.7436324382914752,0.024562317993096144,0.142161249765918,0.080614142674211,0.2347038062718926,0.045544294019354815,0.19147998791213708,0.4606938471225842,-0.7700162975399876,0.7712794649918041,0.5704648688220665,0.7254571904119672,-11.525495917878052
983,11796,0.7485239053440117,0.7369047700858407,0.02941668259173601,0.15821709629355188,1.3096703956361755,1.0875293127424686,0.0316045924361667,0.16372109505143456,0.06922759244086807,-40.43924330874948,0.7768205307142546,0.02894161538856735,0.11721726061678638,0.08425918014851463
984,11808,0.7704284896658818,0.7612513501637093,0.032935863839646605,0.16228498695863242,0.12493479464966006,0.29693756147902123,0.034762179095909146,0.1340778831688166,0.05253742152422958,-2.5939862775853006,0.7698038106838322,0.037649068809661186,0.14008796154507003,-0.08304685692421887
985,11820,0.7198758492877366,0.7042220798238472,0.026547738961598344,0.14704787692212726,4.876151752072215,2.187121798388284,0.07727885562336306,0.22410185116220607,0.6564682700403188,-62.09813612972356,0.7775497562714406,0.4320993512113291,0.5993126920446892,-4.59143051130659
986,11832,0.8319635374040476,0.8223853341877969,0.04242177198598631,0.17094730633897703,0.7087004294100258,0.7762083161124878,0.04800398956804902,0.17760622972870263,0.11628653435459835,-13.763365207497873,0.778162794855459,0.5813248642022777,0.7034998766706956,-11.10992814208096
987,11844,0.8516841755239304,0.8432169158533167,0.10803738264665852,0.24680193080762644,0.07298027084737187,0.2151732527072061,0.16956383328054983,0.3083491009900798,0.36285126045772653,0.5696000176722638,0.7839674123828154,7.45779842922406,2.6602203567309552,-42.98224718643184
988,11856,0.8863858379694095,0.8791171738739922,0.15815709751710924,0.3140370321690308,0.18154316541142923,0.33933273668062064,0.2399496160208642,0.401720571474901,0.34087372115920744,0.24341131099937408,0.7856311288159764,1.0865891492942454,0.9478436985766129,-3.5284054515834855
989,11868,0.8790788698156247,0.8708088907867415,0.24873299344201136,0.42820456175990146,1.6568304825655804,1.251799988311989,0.2806850876089511,0.46040087850152894,0.11383609453258603,-4.902809075749216,0.7103312826652608,0.3826235270168043,0.5518663498469186,-0.3631772541827134
990,11880,0.8899781575308461,0.883405933723877,0.28946640966607684,0.4878021310842837,2.187286178276732,1.3967309988896222,0.16104029208098758,0.3363974694677871,-0.7974781709940233,-12.582229329146646,0.6972221623819822,0.4135233140125536,0.6002779398513974,-1.567825161448364
991,11892,0.8234507122481185,0.8137440290999391,0.32572114213534736,0.5302845504820853,1.040626929415095,0.9368240601592351,0.114015364537716,0.27594291466087606,-1.8568179688413804,-8.127076281643236,0.7347501769864223,0.4439914838213081,0.5452376026155802,-2.894137300016585
992,11904,0.8033869951654433,0.7898259794154373,0.1233998863324131,0.3048269890642071,2.128976088375284,1.4228650357062633,0.09790385137795136,0.26881189703681846,-0.26041912136873924,-20.74558057125365,0.8166111894676751,2.5506840945866833,1.534574597090239,-25.052949487553207
993,11916,0.685365398505377,0.6660699735370005,0.17268155883892203,0.38594690743134125,2.1064408518352247,1.4089643898101316,0.17563604897312338,0.38899674330974016,0.016821661335899574,-10.993214742365115,0.8834317619913306,0.41384341118070145,0.6172680236464,-1.3562555272695165
994,11928,0.569365701841333,0.5437350009832574,2.267231841061822,1.1750857374994483,1.757574921932193,1.3069684531418255,0.12362380797443619,0.3335027926629643,-17.339767057900826,-13.217123309254776,0.8062504379151543,0.5827856640886754,0.7223207758224507,-3.7141863176483607
995,11940,0.8266361526194779,0.8145226376147708,0.07075793426732092,0.23921922973158494,1.7881959520083812,1.3033564452771336,0.020877483488664025,0.12177857247531221,-2.389198430248588,-84.65189156917926,0.8682630149865211,2.4087396333777025,1.333175566858243,-114.37499884435739
996,11952,0.81449437098828,0.8004316559115404,0.009370711251854609,0.07383352074320464,0.19733079220583094,0.4258481948942618,0.05194454738931964,0.1913721751625186,0.8196016382312087,-2.798874032472642,0.8357435692315516,0.017083454108916683,0.11284952004344269,0.6711213213414344
997,11964,0.7728001900072026,0.755786334569151,0.012027463257788659,0.08383254064631818,2.2839445710641404,1.4792114551866842,0.0493474483459015,0.1964826110523128,0.7562698039930653,-45.2829314913064,0.8771935254326441,0.00989702188570501,0.08033896336616349,0.7994420741609227
998,11976,0.7033839689311824,0.6822000673943953,0.018300867758157518,0.10861773568101525,0.8149735908630076,0.8793458648406594,0.025788987724334262,0.1350200464687362,0.29036114353224574,-30.60161226855778,0.8787813279113099,0.01839528125539086,0.11604514805097305,0.286700143021386
999,11988,0.7424755060190952,0.7239257312290729,0.022376696288674402,0.1224578780284154,0.10600997577842519,0.304123072227975,0.012813873771372922,0.08799545839734578,-0.746286617764683,-7.273062281545085,0.849043543672615,0.05024840291149937,0.20268631138947812,-2.9214061109106417
1000,12000,0.8402377450645936,0.8294499899948711,0.0427344125921957,0.17218327779992312,0.6488516177087927,0.7919074488062577,0.019642051841519185,0.10691836675389961,-1.1756592914526425,-32.033800284411036,0.7955055411201623,0.12805785803789774,0.3431204091037898,-5.519576420586073
1001,12012,0.8359312533117039,0.827014050591255,0.06440322016706614,0.23340024347370505,1.1555997081537301,1.0497278554696317,0.049450694759651116,0.19821371500445006,-0.30237240305904467,-22.368725429852446,0.7302729798972839,0.09983647738869472,0.29662573896585126,-1.0189094991271075
1002,12024,0.8617874578796683,0.8541860983631827,0.053971739528161665,0.20080996809525653,0.504097844266092,0.6149714919814193,0.012324137300429062,0.09231128859539812,-3.379352340247187,-39.90329667526034,0.8159966452983646,0.13557058608448297,0.35163816166839273,-10.000411856800971
1003,12036,0.770569113313782,0.7538188422748239,0.04858476119241679,0.19289314366863272,0.34363541568325423,0.5633795938102154,0.019897690326361392,0.1209079204210226,-1.4417286828536788,-16.270115779618397,0.8106081541867535,0.7476404217508997,0.8256608345944535,-36.574231455416246
1004,12048,0.8250841451141405,0.8161686904610017,0.025762148237106725,0.1307759790878343,1.1316444646574615,1.045931041312082,0.01955775630498072,0.11353854352551063,-0.31723434096302494,-56.861671196366665,0.8846930765908406,0.8225544761026017,0.8703792290875748,-41.05771169636284
1005,12060,0.8141607193505841,0.8042583979344496,0.04108696618759117,0.17347253809060884,0.36178735342192264,0.524322022085839,0.033048833959300916,0.15420745901735491,-0.24321984364680094,-9.947053498694014,0.8308119889346061,0.6539625613268724,0.7400260125547522,-18.787765042851927
1006,12072,0.7956293966894701,0.7833920180188672,0.0347623332927496,0.1596507476868634,0.3567131336587992,0.573834990301156,0.02921670153721533,0.14286847699033237,-0.1898103298372138,-11.209219894464441,0.8564568706545854,0.14135650443638326,0.332651901621075,-3.838208866812967
1007,12084,0.6886344267491709,0.6709086947348877,0.03869252903185555,0.17767079178844516,0.08548249826219512,0.25156438019252403,0.027482978863104458,0.13726197043402888,-0.40787245897131497,-2.1103796530933647,0.7976254234847979,0.15527968970304148,0.34763986557131704,-4.650031260312267
1008,12096,0.7718464086115787,0.7605473065752144,0.033399357718852433,0.15456762963920137,0.026237216585046342,0.11364475042162736,0.026093232033879962,0.11675100632741199,-0.280000793902651,-0.005518080358133837,0.8541768214189168,0.35675443627300824,0.563021839848835,-12.672297698107743
1009,12108,0.8924551246837298,0.8861300582250516,0.03237697312773735,0.1548609924197853,0.9156958853650204,0.9362190029467135,0.030843147743687144,0.13623807381018563,-0.049729858858654996,-28.68879483296064,0.8222399210679893,0.4207596234148599,0.6053746113038718,-12.641915763963468
1010,12120,0.9037016166549942,0.8971997706744066,0.03605255680907496,0.15863919424058176,1.876867321645987,1.3201863342714624,0.050159277858139166,0.174491391766445,0.28123851960071944,-36.41814878105217,0.902275427108513,0.11313709131021703,0.28117611341506354,-1.2555566216521732
1011,12132,0.6856855710798582,0.66732901707154,0.058156007805991096,0.20505712975881055,1.0907521937655948,0.9852055384214321,0.0644656127796775,0.21337018656879628,0.09787551380688142,-15.919907323202391,0.8807147843601097,8.190228364196157,2.797713627207638,-126.04801848681241
1012,12144,0.7945925514317987,0.7832656891337619,0.06797755572857007,0.22300661912486944,0.4911747702070696,0.6339152743548399,0.05250680520031742,0.18829705533310526,-0.29464277000344197,-8.354497351975631,0.8274006427197502,2.528999071638087,1.5565449034769623,-47.16516758141663
1013,12156,0.8163155945623408,0.8062475509072496,0.07184742887794897,0.2361786732761042,4.426271649358202,2.051461191642879,0.05198913862290453,0.196682387729313,-0.38196998028922136,-84.13839172184605,0.838974110229032,1.358074037427938,1.1315137214628879,-25.122264638360825
1014,12168,0.7818034493888144,0.7690913157737341,0.07825738332505043,0.2581500533701011,0.08434142882097621,0.26322755965247896,0.07423645429001903,0.2524249249356599,-0.05416380770723328,-0.13611876574115667,0.8516855837468161,0.3054765692563352,0.5033655961614011,-3.1149132481857507
1015,12180,0.8022273547663994,0.7917790023311904,0.09524439172313627,0.28910367952738,1.3900866347763803,1.161360783763623,0.14143172017757444,0.345520597144507,0.32656979916844475,-8.828676572914892,0.7677016490289725,1.5991341757458144,1.232031420895797,-10.306757591140256
1016,12192,0.7690376443549124,0.7575481452730325,0.09831774706822749,0.2866888391508151,0.18102320728034663,0.4009477190601321,0.17158721838481492,0.38930437610644253,0.4270100768943499,-0.05499237638068011,0.8208857570230307,0.937626923744095,0.943831513370033,-4.464433380121004
1017,12204,0.9323137486456688,0.9284674258710105,0.09117770447893547,0.2652272330029813,2.8971626833919673,1.653773966549667,0.0167672175376606,0.10483990388833116,-4.437855402910028,-171.78732603574164,0.7525173436314727,2.703011581500276,1.6055646304153235,-160.20811789010796
1018,12216,0.9610215473104793,0.958776936147233,0.05258028273464902,0.1986721521262235,0.47837859445326747,0.6656903045970518,0.03627433593513459,0.14263122612559342,-0.4495174447486112,-12.187797436421699,0.7168045108462022,2.4110897087299583,1.5181907057934962,-65.46819704822288
1019,12228,0.8703769037783348,0.8640146391064831,0.022194321977542578,0.12359256592029987,0.8827865769754372,0.9007573634442135,0.06092231986981549,0.20421863633166237,0.6356947334742098,-13.490363775737004,0.780662750526072,2.1456864640321673,1.4176022008615228,-34.22003870859269
1020,12240,0.933391309995452,0.9290822474403528,0.016292616521690232,0.10734345729359036,1.3583522726512713,1.146420154516267,0.03410277912230815,0.15060790529887058,0.5222495954579695,-38.83113129225039,0.8934898864776445,0.44249414042958923,0.6319004162817604,-11.975310277282771
1021,12252,0.9256574518322297,0.9222527328419211,0.0220104905365268,0.12146432928663047,0.2808835891890152,0.48469035899523844,0.0627702156800135,0.21483111438802074,0.6493481773468701,-3.4747908884189256,0.9107581307074637,0.07708114052466107,0.211126730740699,-0.22798909784858812
1022,12264,0.9482836562695951,0.9452413541822678,0.022752459641258993,0.12359493341481764,0.25264009169370816,0.48115579009950205,0.026336340173672465,0.13358976796938285,0.1360811908101094,-8.592832186541385,0.9108013265646673,0.03087988407249072,0.13812700576394768,-0.17251994274285232
1023,12276,0.9613230508500024,0.9589217250477823,0.02246166405432339,0.12651980322080078,0.612823218444863,0.7414697987940162,0.021307838890747697,0.12258225949713449,-0.05415026692719671,-27.76045860807421,0.8774950234619313,0.02727467072194048,0.13534410068397962,-0.2800298923690334
1024,12288,0.9701565990885312,0.9680988840640481,0.022765145241645093,0.12430459030921094,0.9770678011412502,0.9349269425294328,0.024780281254675563,0.12615230396736068,0.08132014291202816,-38.42924582249834,0.8275798222500543,0.18113197677007994,0.39534198078125743,-6.309520618774406
1025,12300,0.8194042243611213,0.8080665317785446,0.01315171544712374,0.09042714208614695,0.13561744693959707,0.34134136279960253,0.06982257227525161,0.23293217928731483,0.8116409204278868,-0.9423152502169594,0.8793254128469136,1.087416306860234,0.988663371252326,-14.5739937877606
1026,12312,0.8184144360624727,0.8076989564006741,0.011570880386610744,0.08954557914053264,0.1653250829784277,0.3820405673976867,0.01603046390152184,0.09679625210466299,0.27819428946705216,-9.313181452143295,0.9176616429346265,0.2590778055888102,0.48327825847622635,-15.161591278978197
1027,12324,0.695885826736451,0.681057253971644,0.025533502541424762,0.1202518998528926,17.707965920405005,4.095285144374732,0.023515969750637872,0.1149234186221441,-0.08579415657447687,-752.0187403785326,0.8801836761329918,0.3341877576625049,0.5521138348123846,-13.211098296443422
1028,12336,0.8584931440391994,0.8486237477338661,0.01838919778703193,0.09845698619501271,6.48787626239703,2.5039525073230613,0.0405238531983184,0.17681162816422277,0.546212999611917,-159.10018175335446,0.8673395850590443,0.2723991464401636,0.49372596698056936,-5.721945840319726
1029,12348,0.8177627558821469,0.8077099687439095,0.027826539227492317,0.1292330503803506,10.356792355425538,3.1812378277832956,0.01970258707018228,0.10781285760412011,-0.4123292097820368,-524.6564693019129,0.8574220938177287,0.3488944797733553,0.5715499891537519,-16.708054202758433
1030,12360,0.8199006877585364,0.8086738866474847,0.021404390497924513,0.10867913781661472,10.74202001265396,3.095082284020634,0.02711062906578766,0.13735846771916668,0.21047975515493123,-395.2290947431347,0.8569730989401082,0.3250118741451327,0.5413032408097199,-10.988356056085856
1031,12372,0.7642643801797664,0.7492352101237542,0.020330411230951122,0.10597499429976061,0.6431382790367682,0.7399577676871912,0.018107548521042616,0.10932487727596125,-0.12275889844090915,-34.517689116745046,0.8965643069435109,0.1607977276395495,0.3545313333595887,-7.8801489308554356
1032,12384,0.8282878959577057,0.8163754203780523,0.019172707968669076,0.1034407779638104,1.2203234328723724,1.0865316107622354,0.02241731074506456,0.11035219100228094,0.14473648571382824,-53.436655973154195,0.8307447717962774,4.8904017594620495,2.158808572876892,-217.15291829947665
1033,12396,0.8434451055392224,0.8326552890935693,0.020487691250338228,0.10887604853675266,0.40583689320387056,0.6123476968451098,0.036721790636535814,0.14963621759484444,0.4420835450776113,-10.051664043857627,0.8233507338582278,0.2063577537856592,0.42603948306007267,-4.619490504374984
1034,12408,0.8104634969590099,0.7979716673309474,0.027838725779167812,0.13313767406746382,9.878665961092656,3.1088557749379078,0.02960905502330229,0.1379805281393827,0.05979012983498566,-332.6366511298033,0.7293348717568136,0.20118620895832393,0.419061113416467,-5.794752780863511
1035,12420,0.8019019247560928,0.7909855200345219,0.03291339530798539,0.1525137755510988,15.17856804765075,3.14926259745302,0.04581552301231504,0.17825214132663633,0.2816103987476386,-330.2974959070271,0.7897246385985482,0.6642591454622641,0.7847830244019548,-13.498560788746506
1036,12432,0.7612085038262274,0.746963593549666,0.03310713441085908,0.1502794264299441,0.5777165136994916,0.7195124442371185,0.05428487450609095,0.19300564297578593,0.3901222999577102,-9.642310937546146,0.7938188295758165,2.576824139028695,1.5752017137608345,-46.468547407981326
1037,12444,0.7752164090621229,0.7616217687458592,0.03893067215663597,0.1669250986803483,2.0750722368450276,1.4035025575050177,0.046584511750022796,0.1708101156849627,0.16430009258137357,-43.54425213212656,0.7812282223615624,0.9831173692914925,0.9540373665672158,-20.103953489241228
1038,12456,0.7220863925231067,0.7054277643448852,0.04815237560510738,0.19040517237587506,0.13087083496361318,0.309459394082435,0.06137174254641978,0.20290413342394673,0.21539826625117675,-1.132428207731373,0.8390561017812802,1.3455654688257364,1.1280010276271215,-20.924837278459062
1039,12468,0.8331845903328267,0.8228556171260404,0.07400655558923579,0.23488850059287456,0.3397467158067906,0.5253373985478956,0.08687797002923987,0.24834633815974247,0.1481551011801041,-2.910619869369008,0.8116219688178773,3.0920722963642135,1.7056800969641124,-34.59098233215553
1040,12480,0.8350692826929472,0.8252424297188226,0.08310964511774953,0.2617156216095177,3.798434826173868,1.859835573878813,0.09896161667976743,0.2806912193538407,0.16018302948014407,-37.382909996967065,0.762438903913842,0.4477150640572631,0.6147961625073249,-3.5241284356341547
1041,12492,0.8484738199449509,0.8391976755009392,0.08014720506479306,0.24621593683414553,3.836852293332793,1.8869083893180487,0.3154584924542134,0.5256230062265593,0.7459342291238971,-11.162780160022749,0.8077039139337631,0.2311699717943924,0.44330075131369534,0.26719369640066015
1042,12504,0.8707498335888313,0.8624067534495611,0.09437511976538165,0.2814724310104279,0.8298748338411123,0.8951472732915718,0.1296679919024895,0.33841798563947484,0.2721787514350352,-5.399997575848781,0.8639744402699313,2.5620554865728606,1.5566491689466087,-18.75858073362877
1043,12516,0.8335323671188516,0.820638553972641,0.08757719709844529,0.26173972127788026,9.80101276109364,3.0855536929566956,0.01996989970272516,0.10723393992948894,-3.385460037462993,-489.78928322089473,0.8369256250694654,4.445321675268422,2.0701688632807507,-221.60110173021044
1044,12528,0.6833864313594294,0.663298267041043,0.06874740901962817,0.22167921847106872,5.607046900392459,2.191233966834529,0.02009502596835443,0.11659776243445853,-2.421115709324851,-278.02660634638715,0.8993214776122647,4.214546078582253,2.017349694759241,-208.73081026216656
1045,12540,0.664003201028687,0.6424271756638461,0.04318020581557703,0.16051761291742697,0.3002525101533911,0.5297203091774562,0.02364727252515894,0.13160100269061814,-0.8260121022260178,-11.697130708581497,0.9016572299422502,2.873217084134326,1.6411221457887748,-120.50310701064728
1046,12552,0.6050146573388654,0.5769587842835603,0.015036186041283837,0.0971995740883858,8.919167709372351,2.9307881156406297,0.09145062894751975,0.2772619374620003,0.8355813818414244,-96.52986733957557,0.8816628074126083,1.0041902362320718,0.9513080378741566,-9.980681574189509
1047,12564,0.7227624622495723,0.7027229040604055,0.022091379309573472,0.12457768925924258,0.49113217757947175,0.6785305181578781,0.044607026381271155,0.18881695735294116,0.5047556158361448,-10.010197662170999,0.9162899546210735,0.10008692407772779,0.2733208012108866,-1.2437479517744898
1048,12576,0.6931237147363734,0.6723954687896668,0.028102716946851885,0.1346625672237675,1.4003007804957102,1.1688490086225076,0.025623409627718086,0.12605353357564128,-0.09675946156876059,-53.649275831774425,0.9068903180484154,0.035263982877651416,0.1627760923880115,-0.3762408434318849
1049,12588,0.6989898305445473,0.6780224495219467,0.03450400399374038,0.15584680253738953,2.400047363208291,1.5226700007136398,0.010858630442805698,0.08670479854814356,-2.177564995464114,-220.02671012240074,0.8515049652426668,0.02022134084407172,0.12536034623085815,-0.862236766467102
1050,12600,0.7644188808836355,0.7478927388562239,0.053560441701381266,0.20831980404878858,0.9547918081999888,0.9517772411612645,0.036202136600988165,0.16327273472424497,-0.47948289051865767,-25.373907670795514,0.6934760361102612,2.6301462326706697,1.5704002126963055,-71.65168522122194
1051,12612,0.8676351891779576,0.8537062342187516,0.04173272826003512,0.1741820155015942,0.01992217042192856,0.11609595663609638,0.009600714785656226,0.08177599223699714,-3.346835542118713,-1.0750715823464434,0.7584513411297048,2.6531602164137627,1.576933725519731,-275.3502797080972
1052,12624,0.7957989733426273,0.7769032855661278,0.04708601447454919,0.19424956446710187,0.10492758970388454,0.3132235932902508,0.02389847016956888,0.13295409245537002,-0.9702522437819541,-3.390556757791722,0.8282840010805059,0.255365293081476,0.4869623086227441,-9.685424266472312
1053,12636,0.8152837992721121,0.798376894545352,0.02416181277439299,0.1326505829436602,3.1025629891286157,1.7332682563369766,0.011706184797134788,0.08825653953285113,-1.0640211301214761,-264.03622169778157,0.8103002235624824,0.3265223373487976,0.5532200539202152,-26.893147341114705
1054,12648,0.8628527586268044,0.8521015186840544,0.03161506885153187,0.1459628402299438,4.820592980786526,2.1039501878159097,0.02686804405561796,0.1301661766249008,-0.17667920992266395,-178.41733945380244,0.8563933872372803,0.36670718965063537,0.5779345633827397,-12.648451256501454
1055,12660,0.7943845350497506,0.7780102229767285,0.0348200601938777,0.15871340947720863,0.3633832990825568,0.5824684574759538,0.010758537141734735,0.06779098207663575,-2.236505087555353,-32.776274069168096,0.7062477328998632,0.4975274887302072,0.6879354345559175,-45.24490134445774
1056,12672,0.8710946488688683,0.8616095150882326,0.04821674875656579,0.17481328443823016,2.0040088324656025,1.3928880047983452,0.0217900922332417,0.09303211724221234,-1.2127831420102537,-90.96880908142292,0.7363814257966461,0.5350708451579383,0.7081203048650263,-23.555694369281525
1057,12684,0.8816250403482688,0.876916012305802,0.05043048614567928,0.18368350076956716,2.514595344575947,1.5511665422857972,0.034375961048049276,0.1372574217851044,-0.46702767306460635,-72.1498194642806,0.7710451755693019,0.1942931519353794,0.415451678612997,-4.652006402491689
1058,12696,0.769104867186739,0.7577770023246324,0.046614898166559504,0.16876184019173168,3.44291641765289,1.8118276040030306,0.029732173175335736,0.1199339525737712,-0.5678268080729731,-114.79767134240137,0.7715508380778386,1.591425915200972,1.2401839674873756,-52.52538160651964
1059,12708,0.823111852863237,0.8136957642249141,0.045231085040732553,0.16836317590966007,0.2080957934423321,0.4177505489742714,0.03221490514391274,0.1311128807251807,-0.4040421611882141,-5.459612173703806,0.7787995129729421,4.2346335316187425,2.0250565750155824,-130.4495111098879
1060,12720,0.7620062234366665,0.7467224484894216,0.03860283533049939,0.14871023082057233,0.04209379225153562,0.1755470239967818,0.02779862906924338,0.12057532127388353,-0.38865967938001167,-0.5142398622135116,0.7587897200921655,1.9204304596026167,1.3415848240279076,-68.08363915425585
1061,12732,0.7933673493609723,0.7796802271029173,0.032407843994665377,0.13585726033124385,0.5952712138370954,0.7398193185043901,0.029171996911669412,0.14205343417864735,-0.11092305723169593,-19.40556961662691,0.7049176243617954,1.9532820434463634,1.3657014993119037,-65.95743350586362
1062,12744,0.7457395193735086,0.7311686203561919,0.027088939070545603,0.1227579895282207,0.04321669883237358,0.1764811390869411,0.02656752641387532,0.11825281041632328,-0.019625939146444837,-0.626673788110095,0.8001797884511307,0.16767159461924205,0.3652449804958369,-5.311148129005825
1063,12756,0.7295577405467137,0.712928402684252,0.01831823075435438,0.10680399351066117,11.226099379984788,3.044645121252485,0.10553406545940973,0.2951847760148156,0.8264235280370215,-105.37417720160269,0.7827039650940883,0.21138066173950873,0.4274655532810891,-1.0029614212181515
1064,12768,0.7976622515020468,0.7840560520857737,0.016660842618864205,0.10170979355172045,0.06701875616111562,0.2297970759272815,0.018972200295346905,0.11043164526553968,0.12182865669247545,-2.5324714644485673,0.8724671968162292,0.23574035881733893,0.454590872529054,-11.42556768047385
1065,12780,0.8778620126347075,0.8704388018325333,0.03205950580695723,0.1430815722867859,0.38359207884993624,0.5987241609705092,0.12168423086957492,0.3207153433596535,0.7365352471897559,-2.1523565223589456,0.8308666285655614,0.32074715317158203,0.5441011184832143,-1.6358974443892338
1066,12792,0.9107958604341088,0.9070061455250129,0.036684165659499585,0.15471010629191426,1.6376859643289452,1.2570885009005737,0.019120350023753004,0.11459195900533738,-0.9185927879943223,-84.65146361308582,0.790149329845502,0.02078803373736291,0.11128784474912477,-0.08722035483336654
1067,12804,0.9172464682488808,0.9141644126691416,0.03229950621281814,0.14736809948392224,0.4522258141286642,0.6536887643753351,0.014514936059670941,0.09383579628015039,-1.22525997221309,-30.155894333227696,0.8299575286595403,0.02146506037732776,0.11396253286319691,-0.47882569300235556
1068,12816,0.5429146544057425,0.518130916816125,0.022963756890265277,0.11417440591745827,0.6868262746930981,0.8079629073691853,0.0178587811427724,0.11091521222200916,-0.2858524166168477,-37.45874302407601,0.8211398390529224,1.1677768660936525,1.0447127476296252,-64.38950540677082
1069,12828,0.6370098170530819,0.6137065204972157,0.02763819022941216,0.1335203429485012,1.5265822014587747,1.20788520249099,0.03868256805430558,0.16058470851781656,0.2855130458088633,-38.46434474866406,0.7722633632252657,0.12181463510432362,0.3102862953406792,-2.1490834562304864
1070,12840,0.5786579423986721,0.5540078321719891,0.029296834874632836,0.13940300648307433,2.6720005439707157,1.6049309730653152,0.03223930730921865,0.14948751369033067,0.0912697163857622,-81.88020950148243,0.7827399116427727,0.11432710333968449,0.29048114483641935,-2.546202225846003
1071,12852,0.6889000877377092,0.6699397008700079,0.03164834404858732,0.15272998732390133,4.218908552175127,1.9808510138524345,0.031719772980683465,0.15371707301178095,0.0022518740011048255,-132.0056351520654,0.8237307632626594,2.199165576268382,1.445638106183619,-68.33106291799812
1072,12864,0.810058475349185,0.7961735961336848,0.03042748376795266,0.15184661742187852,3.5249321459079517,1.8490132477341963,0.04827772763162743,0.1784939312325745,0.36974076327446737,-72.01363006983614,0.7197803475219694,2.1092983241984182,1.434136496179202,-42.69091976103255
1073,12876,0.8310059765903683,0.8197041647364831,0.029625878841057524,0.13656518090563313,1.275138550227257,1.1021719023029142,0.10520372109721861,0.2827004416445992,0.7183951429466997,-11.120660152780179,0.7523455464493158,2.104236516622471,1.4321372362782772,-19.001540769436748
1074,12888,0.8686220623249926,0.8574336813346916,0.02802582216380849,0.12069703577633012,0.052990123584092184,0.17944976935858192,0.035576418114234905,0.1383256254484384,0.21223597963633267,-0.4894732632706966,0.7680769982566182,2.414572227494849,1.5209550759136174,-66.87002052150736
1075,12900,0.8994589231656055,0.8899029663318802,0.030928307087975032,0.12494907634056875,0.1992816670532247,0.40446614786583795,0.023392978654507863,0.13304036062557065,-0.32211923691962596,-7.518866707674391,0.7705230111404154,0.7065605591246739,0.8172151167707712,-29.203958613390114
1076,12912,0.674097905718666,0.6526831398192874,0.025440029204765197,0.1216894166629817,1.0552614822326316,0.9374639120891506,0.04707127124670161,0.19726130445670362,0.45954233801264,-21.418376523165946,0.7982240177024624,0.8326779521634253,0.8771591814754222,-16.68972730307922
1077,12924,0.7277621215854438,0.7065783179161821,0.013028867993697924,0.09290511905294291,0.5946503316695203,0.7412909287709949,0.16572601884709068,0.3856639821134105,0.9213830870714442,-2.58815312047158,0.8175214780545254,0.8843726041099126,0.8968647569403254,-4.336353399799526
1078,12936,0.601151871050192,0.5754275405991668,0.034809533630362426,0.16845259588666284,7.664721264497069,2.667863477004422,0.11508703774299804,0.32423542887691165,0.6975373220736125,-65.599344416295,0.859218966358405,1.255031401232997,1.0742705909007184,-9.905063036165894
1079,12948,0.5553592499981207,0.5264680677031586,0.026646631683788974,0.11961115650024445,1.495335856891187,1.1331217725589644,0.017161186477582316,0.08752551404493714,-0.5527266555023751,-86.13475952519637,0.8347558085231694,0.9683132405184063,0.9583566889848255,-55.424609206555466
1080,12960,0.6275480826885231,0.5890591210584022,0.10478857904528673,0.23954479457110853,1.0335537487028372,0.9818099730862997,0.072874497364266,0.168179984480147,-0.4379321001899601,-13.182653549383383,0.8204974707701161,0.3016121791723862,0.4627713002822884,-3.138789152325347
1081,12972,0.6434382147685861,0.6045348422281736,0.1857469614490251,0.313779922931669,2.347585056664283,1.4879283600473414,0.13315218458929695,0.2454029063446387,-0.39499747617325864,-16.630841460884202,0.7571181517964353,0.4914384800095363,0.5939013015104248,-2.6908029825072743
1082,12984,0.6434761267046513,0.6059711198455796,0.2510766189825287,0.3911976879744572,3.555396716753633,1.8257579141897953,0.18961401011823042,0.32925054483386107,-0.3241459258520738,-17.75070684142342,0.8146687853000258,0.2910218745972027,0.42705262173149855,-0.5348120870168886
1083,12996,0.6484344438757474,0.6140793423291234,0.2732134883894905,0.4286385334839458,0.6116546651541895,0.709278912419271,0.2292327800412357,0.3926530492518235,-0.19186046751404096,-1.6682687573922088,0.848960641125458,0.7659955505923463,0.774056789443543,-2.3415620159322525
1084,13008,0.5963347006845842,0.5597167485639081,0.22041253270701122,0.4011153085647247,4.2542957030622395,1.9529198557866814,0.1355168404915469,0.3096624394685694,-0.6264586150882097,-30.393114594695767,0.8346606234504916,0.6005151040269854,0.6696324214478954,-3.4312950467912033
1085,13020,0.5963974427315846,0.560869356870006,0.2384328325154262,0.42592512379965514,5.883334908880159,2.3807486527253263,0.37431987952446377,0.5511377221442486,0.36302385858231345,-14.717399023408406,0.7503254644859018,0.23286102210590798,0.41881712319419934,0.37790901620898476
1086,13032,0.7382752663261463,0.7200748811826541,0.2445616004911826,0.4431553999675084,5.521545495625877,2.303366867191541,0.18075686494960497,0.37103869799232503,-0.35298651345478027,-29.54680936829306,0.5891677402000892,0.9264098903706935,0.9250450064199454,-4.125171265993005
1087,13044,0.6829441184906501,0.6590757969777321,0.25202991996009555,0.4356197366608258,1.2910447242207832,1.1023353928934216,0.04342474955320938,0.1742393950733816,-4.803831284076314,-28.730619923065657,0.7023270794088657,1.2982671558000216,1.088686088439229,-28.896940550209138
1088,13056,0.8003105723629795,0.7786919950398424,0.09973029753318186,0.262479458104349,0.8288447629233905,0.8768734419449468,0.12542712575794293,0.2989171336645892,0.20487456815643224,-5.60817791936767,0.8799284499377089,3.708518636824421,1.5539822905581593,-28.567118072858904
1089,13068,0.8430959306346705,0.8247283633571613,0.03341745427860166,0.13611350807898695,0.3203735521121241,0.5406170936178395,0.12626876297078507,0.31785025442405096,0.7353466249896383,-1.5372352161733716,0.9320599235587393,163.11550931946982,10.012289584279179,-1290.8120482197962
1090,13080,0.7985137083958003,0.7764822354963572,0.019277492493271667,0.10604403617902718,0.19534316936226603,0.4217871449387048,0.06438071540176514,0.2211777207595045,0.7005703901708564,-2.0341876157050325,0.9580515107565214,0.03975444330309194,0.1735552151910912,0.38251007223194067
1091,13092,0.8054809625715523,0.7885846217328363,0.01751435689830093,0.1050706605136071,0.13625565430236938,0.34390570800258985,0.020445425047799875,0.1153888331689485,0.1433605876447337,-5.664359091768151,0.9438782003234951,0.30688873058761,0.5034979954994512,-14.010141871353964
1092,13104,0.7645579327284349,0.7415381382400345,0.023524865235703973,0.1245818810499137,1.6000324790341593,1.2082527949019424,0.04354489813913722,0.17950307834062149,0.45975610826931,-35.74443040196446,0.9473648458039257,0.2984828062497971,0.5074744332941449,-5.854598793550218
1093,13116,0.7234787644657568,0.6955173662144007,0.03909603855726737,0.15214393947790272,2.240363561387158,1.4762065885084361,0.02498311920848911,0.13815193496313694,-0.5648982111081942,-88.67509391805233,0.8881498026306051,0.19967023195445285,0.40570876318119686,-6.992205868617324
1094,13128,0.8039222720638646,0.7810485627422871,0.055768267553211105,0.1898526493208795,0.6140640468236742,0.7427245575836426,0.03344090069764,0.1524479789534183,-0.6676664321169676,-17.36266470140292,0.8241442392585624,0.14498094181345547,0.33669476422561684,-3.335437706188551
1095,13140,0.8757556956110517,0.8615744862937802,0.06461819430604655,0.21243925672103048,1.976559636529081,1.3778563987810906,0.07434975959345362,0.22487035966749325,0.1308889946735472,-25.584613687212432,0.881576323018073,1.9543213285483956,1.3343067781622295,-25.285509721008843
1096,13152,0.7747930981186982,0.7496036967951248,0.06101006918289955,0.21899038905819737,0.07040334540431122,0.2394239143431601,0.09020359707807,0.2639182827065543,0.3236403961795875,0.219506231626461,0.8733650652809952,2.572546207687815,1.5512099339159249,-27.519330614513194
1097,13164,0.9160597082775304,0.9060344468383051,0.04695783250780696,0.19967921718412643,4.119806777377486,1.9980204561253962,0.031074350825878738,0.1572292152069403,-0.5111444409870165,-131.5790134912974,0.7882490297924701,2.961207517902487,1.6970224912765925,-94.2942680764353
1098,13176,0.7835443232855159,0.7643488524386142,0.06220537626458422,0.23358715988060177,5.459062742729501,2.215761552018489,0.1586940963240999,0.38700568442340294,0.608017073694143,-33.39991070354939,0.6671284626228691,0.1470925852664645,0.3558909499967599,0.07310612887540391
1099,13188,0.8536893081990361,0.8421540251015356,0.04926588073037039,0.19837498581355006,0.9404728232492928,0.9491556632245263,0.0096968938463778,0.07817757859012527,-4.080583691113962,-95.98701853899321,0.6913073655075905,6.523292064581962,2.48344034532859,-671.719756236033
1100,13200,0.8644186340135174,0.850423071443534,0.03126536415303613,0.15146845481522395,0.871916905693424,0.9228891903307401,0.00915192402705547,0.08275448559344063,-2.416261330470792,-94.27143179027827,0.7904632736811973,0.13036669665895656,0.3158709141365578,-13.244731083164444
1101,13212,0.8647172974581282,0.849752016625366,0.02233106439592429,0.12078146976124139,0.37469111497142443,0.5918541480868905,0.018251569799874797,0.12025520405025192,-0.22351472452947463,-19.52925414525137,0.7638352655417602,0.1889899308600618,0.37111340868816795,-9.354721973633097
1102,13224,0.8607315115530755,0.8462924690946104,0.03569322682205314,0.12042187369228852,0.3567597513426349,0.49305988844791004,0.024371854074405928,0.1289765448475112,-0.46452652773497194,-13.638186748265726,0.7764776594320189,0.27477575175150243,0.4704624620667821,-10.274306456645736
1103,13236,0.8494742584331085,0.8344292305291168,0.03494287407028931,0.16797295774619356,0.8701007680277059,0.9054989425223511,0.05974074057762747,0.2193013185369538,0.4150913809833955,-13.564613019771521,0.8118949424710087,0.4064768625385713,0.6065807797197128,-5.804014456606759
1104,13248,0.842792500996327,0.8283194296648124,0.053848770673799555,0.17434580659044643,8.474271804078006,2.852877558597765,0.07329422381229465,0.20128541137134356,0.2653067612571298,-114.61991332059783,0.7869011129022873,0.4471277256433561,0.6353167528113408,-5.100449699671329
1105,13260,0.7692917116973937,0.7458003131502331,0.06082312824416786,0.20114801459610163,0.791041143654776,0.8631970321813025,0.041233397763277245,0.18206509899472442,-0.4750937721251136,-18.184476336298502,0.7296158795185994,0.5251155809360833,0.7010943799792179,-11.735200333254006
1106,13272,0.7026358000173314,0.6773491651045167,0.05895938349482569,0.20068927259101332,1.0193585211628933,0.98290839043571,0.07242229918261599,0.21694249399659857,0.18589461864284318,-13.075202426155185,0.5516606166827748,0.4543095257481001,0.6448579852817597,-5.273061348170386
1107,13284,0.8123485155127089,0.7980129570280036,0.07235041290901718,0.2266005949097958,16.05107764408245,3.9582796462136294,0.12603138931318816,0.3067201407560946,0.4259333860929969,-126.35777754695302,0.6430395364097311,0.0400779495974376,0.17632942815962319,0.6820002555248847
1108,13296,0.7783830624178831,0.7622401448968097,0.0895584983059689,0.2635032416969141,0.29902363819340033,0.5295654444283083,0.10886638740789407,0.2963085610448189,0.1773539984346456,-1.7467030486924897,0.7486706212176559,0.025847188417387135,0.13805122691681074,0.7625787992712164
1109,13308,0.6693536173180721,0.6497091979228262,0.07569016931904277,0.2494184318432436,0.5836230188469651,0.7364335946283515,0.016031358925975823,0.10396358232895488,-3.7213819906683634,-35.40508715086611,0.7170581437832966,0.025873327044949757,0.12702763482199966,-0.6139197659049891
1110,13320,0.6629268286783929,0.640880179202229,0.04110385199787938,0.16684302466560275,0.057675426798456504,0.21008232317938869,0.02012391573290996,0.1163298783529373,-1.0425374734927733,-1.866014127863599,0.7678797703423432,0.1977835272398707,0.42223487711838725,-8.82828242102119
1111,13332,0.6874405964595287,0.6676357681744353,0.02267726005908331,0.1241087188137321,0.04052747511948338,0.17776371880931333,0.026479416596083476,0.13550363277597616,0.14358913547825436,-0.5305274937770996,0.842930558497222,0.5114712493375673,0.6794394187153072,-18.315805070011177
1112,13344,0.6815249281456388,0.6603780842455521,0.014782425525783583,0.09759527090874053,1.5837006560478581,1.071552285389192,0.017522315667413864,0.11012628713159994,0.15636575630957483,-89.38192702994479,0.889669936801829,0.1662376677909103,0.3768987393818069,-8.487197408505851
1113,13356,0.5414436315518236,0.5131237680300992,0.015373753958605954,0.09906906846000751,0.1446532321696836,0.3668107777204907,0.01402316957648989,0.09765670400251081,-0.09631092134693597,-9.31530221328832,0.8670734415539721,0.018111713484290637,0.10379131086866271,-0.2915563336448037
1114,13368,0.7374206953264301,0.7222656332478384,0.017752476664158894,0.10509972187615411,0.8388312975914006,0.8302431603716584,0.04313501041570458,0.18657390508888225,0.5884438999069865,-18.446646459739792,0.8371691587135222,0.2222652566485738,0.4564454064201504,-4.1527808735071385
1115,13380,0.656234126243606,0.629347451954822,0.010819201296895405,0.08844756269631047,1.1253589286648402,1.0319827077522445,0.051914127204426896,0.21296834752344754,0.7915942754023068,-20.677315776366882,0.7482285924941969,0.18350910334153622,0.4185673739543545,-2.5348586834353593
1116,13392,0.7551258405999711,0.73783245788735,0.010127332236944786,0.07987855213981,0.011459380961654811,0.08623372092251874,0.009542320277694772,0.07746016691046737,-0.06130709745904084,-0.20090089497846564,0.6355929893839192,0.41326143419883593,0.6260186748770208,-42.308275364099536
1117,13404,0.7333130634490997,0.7184734344708031,0.011424241130569765,0.08436626386335562,0.012797609777027872,0.09144012752689991,0.0162090735247092,0.107173778248998,0.2951946875214929,0.2104663010184311,0.6104400620963446,0.3031681289110904,0.534640970419395,-17.703606251704592
1118,13416,0.8003834017036494,0.7886754856920377,0.00856148222917263,0.0689850724137507,10.1839625256898,3.0950740149401903,0.011987941323883625,0.0896652561318171,0.28582548096764926,-848.5172148866169,0.5535109932668043,0.3197791870690257,0.5525028970506822,-25.675071092642764
1119,13428,0.7761466823147608,0.7627214122448309,0.01507548324724261,0.09059230019954362,2.6497121838542195,1.604704606666555,0.017948831055725548,0.0963910085416046,0.1600855119512844,-146.6258913813209,0.6006446688357633,0.12567082627696466,0.3295617151565607,-6.001616199227446
1120,13440,0.8365075479614758,0.8273396567127335,0.025074324567550477,0.11318359579685593,1.9993590398651626,1.3888365549952706,0.059111547273443726,0.2001343888464627,0.5758134286088077,-32.82349358267244,0.6179619567258937,0.1635140668251537,0.37767373598776954,-1.7661950053304314
1121,13452,0.8527412819659592,0.8499817594790392,0.05255740367989667,0.16967732956285228,1.499601011476754,1.1887903395366255,0.03900738244821007,0.15060449726283895,-0.3473706868097828,-37.444030779757334,0.6705226403105694,0.21597948743714412,0.38885491348198425,-4.53688747825874
1122,13464,0.9159227866135495,0.9181200730693574,0.11617303591223205,0.2553954246062807,0.8103524405196904,0.8575255568191568,0.13528154206314966,0.28310565381340086,0.1412499137687071,-4.990118298188946,0.5845616688253903,0.23688299281463354,0.41938542532740214,-0.751037053554994
1123,13476,0.8950915566738614,0.886217762571868,0.17824506928051898,0.3260965490647041,2.134255545408937,1.4145698669048292,0.15052976476772914,0.30099104679867256,-0.18411843369020864,-13.178295891859939,0.6745271275256246,0.4030644504357022,0.5361795643848528,-1.6776395423034098
1124,13488,0.9203896204457986,0.914565595359919,0.25659750962489475,0.4099178190541903,1.823166053755872,1.2949687204493017,0.28294304214851973,0.4338418522842562,0.09311249473947458,-5.443579739270893,0.7420706091483616,0.5309158911170687,0.6177753037533725,-0.8764055376148301
1125,13500,0.8055266619857068,0.7886137810358698,0.3357784287977726,0.5069851097254762,0.2971734247556389,0.4767259743824521,0.4045909592460186,0.5640409576956528,0.17007925875675178,0.2654966257539695,0.6367453577051457,0.8651235331149687,0.8743327625042491,-1.138267090117837
1126,13512,0.5965335586082006,0.56033730557068,0.37895695940961754,0.5734583171242026,6.349069413155232,2.351887017074509,0.35270403087732344,0.5503930593700456,-0.07443331018075416,-17.00112518522236,0.635028599552281,1.8318831353215603,1.277901527480891,-4.19382534632478
1127,13524,0.6988187218276697,0.6722490018852664,0.33353164071822344,0.5368434231585043,3.168954872970899,1.7624211382521822,0.15358560221871623,0.3509068776912307,-1.1716335118655978,-19.633150680739554,0.7211331855299835,1.6857204425169021,1.1973636925394222,-9.975771284318194
1128,13536,0.6656507364309167,0.6408346529414582,0.15908457283972174,0.373499760696233,0.8537205170069662,0.8859991304002914,0.13754905846791152,0.3435227352106634,-0.15656606167779907,-5.206662019472336,0.8164327535574769,0.40704084659435785,0.47377647578599325,-1.9592412418389284
1129,13548,0.6638662540302397,0.6398105499899504,1.855672785566135,1.0166642316048737,11.954049304242679,3.3823475987474634,0.034521975110821716,0.14685170320355292,-52.75337823543101,-345.2736203785572,0.864553812174676,0.03588787922706126,0.15534654859207786,-0.03956622156915279
1130,13560,0.7237615900980048,0.7003940460121443,3.1765737603626505,1.4152271758013037,11.787810128461453,3.359941132014857,0.01757296937365661,0.11250555931303369,-179.76476961967552,-669.792162543252,0.9035526434222281,2.5358253720201613,1.342868479375096,-143.30261147678215
1131,13572,0.7329128679767468,0.7068201492719005,2.3023117316919373,1.272830249494869,0.023425665668223516,0.12522664034172792,0.06498037760014735,0.22311881852775306,-34.430876469494635,0.6394963136045182,0.9148648104209669,3.2040800330392454,1.5484354587322062,-48.308424348583344
1132,13584,0.8836913896905603,0.8718700045451111,0.2596259721724418,0.44148980852788583,1.0711216995215824,0.8883681840812437,0.03164633082772066,0.1477518753655365,-7.203983380753321,-32.84663155272747,0.9338250530773955,0.7159707228542157,0.79163805599284,-21.624130637826102
1133,13596,0.8906365078999884,0.8814276694171509,0.05730108582670366,0.20590297986704176,1.385915824770558,1.157374022947465,0.04297837408385899,0.18001956505097194,-0.33325392242382956,-31.246818413055195,0.9231583239514738,0.45694682453183616,0.6230307232382971,-9.63201748023892
1134,13608,0.8010747985191604,0.7819741028726731,0.05856871536429594,0.19947224583661397,1.1679188260931246,1.0508920879052084,0.03470450325081793,0.14941032471891919,-0.6876402160551189,-32.65323565222328,0.9000191535224967,0.36635458140876304,0.5789028859129394,-9.556398942264897
1135,13620,0.8569291274694066,0.8431644603033946,0.13367960626484005,0.34992202973164016,0.6646244019866908,0.7992756536134576,0.2173046683666573,0.437447081834041,0.38482864970354447,-2.058491135888865,0.8723454307702433,1.3830614872341191,1.1190720470252666,-5.364619304452701
1136,13632,0.809009097547536,0.7964867469420378,0.08789344155176827,0.267171610793297,2.593148808009007,1.5881008421205003,0.03305653272001166,0.1592429667958529,-1.6588826570597832,-77.4458802734376,0.7443419846933598,0.44951410661593644,0.6571764268033214,-12.598344098073268
1137,13644,0.734328007286313,0.7170487973740363,0.11810407981071297,0.3222240546930402,2.4906706184107965,1.5503491534298437,0.0915998871055127,0.2809091640699743,-0.2893474385472816,-26.19076078709383,0.7273980309204525,0.7454647023651129,0.8181045806968873,-7.138270973046309
1138,13656,0.5799310044003766,0.5453514100586137,0.14833845357906503,0.3659906815144706,2.8074830686933114,1.6390271532022627,0.07033151766408259,0.23646020880327212,-1.1091319867084226,-38.917851369316566,0.7267359878935596,0.365408760604943,0.5738391004436878,-4.195519345255827
1139,13668,0.7146429983773616,0.6877498604896591,0.1263749464471438,0.32943660671407576,0.037839444313177414,0.16428539805260958,0.053275041333485734,0.1962737344048923,-1.372122916922291,0.28973411627568946,0.7602497947927812,0.17680131249570943,0.3807432368984123,-2.3186518127501095
1140,13680,0.8280705347680154,0.8105883477473731,0.07386786966505704,0.23752330330643381,4.88573519869211,2.1732763071209438,0.021984090309172283,0.11299594217241599,-2.360060326637105,-221.2395891747982,0.7838953437336329,0.26282380267422917,0.48434544581962524,-10.955182087501381
1141,13692,0.8606852808917712,0.8479267745823296,0.039241826851458904,0.15455548688014742,1.1131233756127312,1.0178500787787073,0.017455822635937798,0.10963023351542012,-1.2480651682761938,-62.76802736990743,0.8137819066435518,1.772712321629218,1.2846129075881432,-100.55421251700754
1142,13704,0.8090211856484192,0.7926813580234879,0.032128771040586264,0.14325288287201432,1.6519000932669439,1.2629062372336701,0.01972029537493107,0.12025407622510602,-0.629223621134456,-82.76649851639039,0.8796908925472079,1.8959078889452516,1.3416691550222037,-95.13993365207789
1143,13716,0.8255513184348058,0.8098678317399365,0.024614962537530694,0.12232346293589913,3.2323966270201687,1.7731270051082146,0.026474646027750376,0.12734760951241944,0.07024394162892245,-121.09404513405063,0.8841238800296225,0.5782855132014596,0.6996794156886526,-20.842993201696004
1144,13728,0.8475929519782646,0.8336946748088243,0.02815921118814382,0.14143919568129293,10.739493109592027,3.241077703364637,0.03174459892288419,0.1517782453730727,0.11294481128743195,-337.30930218022354,0.8513622909560411,0.6057169830506027,0.7148288952025595,-18.080946164166235
1145,13740,0.7673866963110734,0.7461230662128947,0.015047650617654082,0.09549105458486647,2.4427044776235967,1.5401866487435043,0.05484814053821529,0.1977766504526711,0.7256488466155079,-43.535775573315,0.7940512503096087,2.304104196485682,1.449883080405088,-41.00879325854819
1146,13752,0.6679997553127812,0.6358645452661024,0.01746832681308086,0.10429394017041926,0.09811669554520878,0.2812269129900263,0.028870669389748953,0.12598542299109863,0.3949455560845673,-2.398490496380623,0.840888093840931,0.07995839850748737,0.2488557556864741,-1.7695373954813127
1147,13764,0.6790391515417638,0.6534852461447442,0.023823768250741836,0.12144406219090931,0.85749005998023,0.8959942874882949,0.03682351067426285,0.14828084599536603,0.35302832851857757,-22.28648312664978,0.7747162189659321,0.029049776631127667,0.1305834367322503,0.21110790092506038
1148,13776,0.8603277336053335,0.8486551877803878,0.015380078892438172,0.1060585731714383,2.4544248047109867,1.537275308078991,0.02342457310906457,0.12904692366711287,0.3434211662757446,-103.77991608569386,0.770106141625667,2.1208116598944007,1.4276199037612505,-89.53790009405608
1149,13788,0.9174748195277171,0.9107919620814249,0.013306051243539311,0.09649901947676026,0.06626403092470157,0.2362846818765879,0.02254350335374533,0.1236958409200345,0.40976116113165384,-1.9393847923682457,0.8119177438418578,2.4207779653929085,1.5321892859950497,-106.3825096040685
1150,13800,0.9286045016341583,0.9234686472483183,0.024280304601341073,0.1309629205611459,0.13592587119037636,0.34506487375663647,0.08816294669975216,0.27443655698385766,0.7245974016268977,-0.5417573513426868,0.765292491868039,0.980779030669177,0.9088539730139117,-10.124617170627467
1151,13812,0.7415397862814901,0.7286615630218047,0.01437339133980419,0.09970400179708355,0.06626864399571561,0.23281765233864715,0.013429261918433076,0.09239415982581324,-0.07030389511393742,-3.934645284172685,0.7248065429801547,0.901418011987371,0.9322998995634997,-66.12342178314952
1152,13824,0.7467033008698597,0.7343925850297479,0.012040811739360141,0.09168356901937752,0.4804665263913204,0.6682211547569219,0.012001940714397835,0.09063695209036766,-0.0032387282929731143,-39.03240291088428,0.7612620599967015,1.3545498663436042,1.1179774167677887,-111.86090296368916
1153,13836,0.6776967691632599,0.6646760449078132,0.013258686921655905,0.0942251234961124,0.2630555103591643,0.49936716921155305,0.01482128067424156,0.09877481979806753,0.10542906425767529,-16.748500695782518,0.7844411093607896,1.1122017124470005,1.0075193583412239,-74.04086434176611
1154,13848,0.6426156427189372,0.6248407295867835,0.022815891052604242,0.11650973584354722,0.35506598473265677,0.570279068719404,0.018606004749936154,0.11491320858733729,-0.22626492679372956,-18.08340826011426,0.8326379234709567,1.285022153291788,1.094035884712322,-68.06491590013152
1155,13860,0.6181936361198019,0.6035850877699261,0.031278243447740765,0.13441115929552488,1.959135630663597,1.3602974517004605,0.0653170511730246,0.2165951423904514,0.5211320338867591,-28.994244925017433,0.8090588194919068,0.15062753347958094,0.35682624871259055,-1.3060981898979063
1156,13872,0.7420526596012341,0.7336395992567426,0.028065321606124533,0.1290182309133436,0.9275464223019639,0.9454857329277586,0.04435844658882949,0.17153094324921633,0.3673060315599048,-19.91025483601002,0.8325594902956199,0.1670209786271204,0.37480550484511904,-2.765257610918689
1157,13884,0.8402959220245864,0.8330561344565978,0.02043422053209853,0.1070445598074047,2.6802840363874094,1.588964711233413,0.02012630230096031,0.12408632302530011,-0.015299294750408698,-132.1731977542403,0.7337175916260096,0.2157571956487966,0.4345715421231165,-9.720160734070953
1158,13896,0.8927132889682743,0.8864174891524815,0.01643072440673005,0.09359889434313662,0.3696418867955716,0.5903848266246698,0.015091678068134365,0.09558392255019559,-0.08872746506719098,-23.493093818112882,0.7710010333165065,0.38566351344735156,0.5991742373504962,-24.554713777102677
1159,13908,0.8664429895150698,0.8613192585383925,0.017118332278182283,0.09718894741922514,0.24894728855669326,0.45857541523681905,0.02168446792717071,0.10365368136485371,0.21057171724592072,-10.480442563442448,0.6676324294684631,0.4404044564055278,0.6435987700959976,-19.309673167202757
1160,13920,0.811831591854804,0.8036852826552009,0.017490052643003337,0.09999609771544515,2.274939746443813,1.4807041967007921,0.027345035658807387,0.12336211083538752,0.3603938622998256,-82.19388479974764,0.6586865081179496,0.39525474154752827,0.6106315712728368,-13.454350927870273
1161,13932,0.816053755328863,0.8105453614522589,0.016190235008600246,0.09888155003933953,0.21181444654447734,0.421934768773011,0.031415777739592414,0.15700219565608978,0.48464637282571066,-5.742295170924055,0.5846025159864138,0.27540217190391447,0.4975053360230926,-7.766364919778285
1162,13944,0.7938200620696708,0.7861519257465642,0.01833856892687259,0.10689600847983145,0.041578346305728216,0.16563333439492292,0.07488018323379891,0.24320526553484378,0.7550944971700464,0.44473498180542836,0.7061174603474785,2.0915035431279256,1.3982871835536994,-26.931335806131905
1163,13956,0.6802117978630882,0.673743531809096,0.03037894524162003,0.14392376890604971,0.2899117869208387,0.5023317911535878,0.05710172621788665,0.19101460513171975,0.4679855189368326,-4.077110730673956,0.6981269104838539,0.4635821082897445,0.6470044990334859,-7.118530541805777
1164,13968,0.5489607795451661,0.5300378935520479,0.04603908257432512,0.1775180599018068,1.1430203629968279,1.0394528493008464,0.1459949105732646,0.32911318122506156,0.6846528252694033,-6.829179513920289,0.6690990880298975,2.3840974855317825,1.5000783137470937,-15.33000408144619
1165,13980,0.6085592899729904,0.5882759770887863,0.04390484551898554,0.170875652026109,2.368961891989181,1.2908990926923993,0.05187872347693532,0.17639163160087615,0.15370227761087596,-44.663457641597404,0.6580860429627081,0.19332679124985805,0.39381957655257666,-2.7265140368345593
1166,13992,0.7086762221445141,0.691093826088007,0.04555424218449613,0.16725861911558706,0.2598570780019212,0.46532919475384943,0.0571737702603638,0.1796574566555745,0.20323179708026018,-3.5450400912613826,0.6584718678735306,0.20440534106775976,0.41262272177334797,-2.5751593805501662
1167,14004,0.7147451605127986,0.6931274672633169,0.05023195880386669,0.16615306614231065,0.5010949656331256,0.6759666403461271,0.13644345755402945,0.3231627393531668,0.631847801980717,-2.672546669631997,0.7754329234875759,0.07021040243808038,0.21358352056777416,0.4854249247511324
1168,14016,0.8681349619649125,0.8583674687302084,0.045303741841506706,0.1671345604923522,0.14013968569357835,0.3270327750175952,0.03321240071716881,0.15420631772786164,-0.3640610393480952,-3.2194988217498706,0.771886320202971,0.0677268818149178,0.21034562096733497,-1.0392046450260697
1169,14028,0.8968184175672245,0.8901308812114965,0.03774848072707741,0.1549309079234985,1.1318488337617025,0.9869574485519723,0.03966794624418458,0.16649315055746053,0.04838832606284893,-27.533083784937176,0.7684306249196371,5.77412163447255,2.3232930670502494,-144.56139606847054
1170,14040,0.9069812847027425,0.9020990691801155,0.02374182406578947,0.12509994262124854,2.0826300490439236,1.4093634904992456,0.07991093607284257,0.24419851635713793,0.7028964340481798,-25.061890291780696,0.7131655886055032,0.026810114408058427,0.1423734798720046,0.6645000581194576
1171,14052,0.9131022585104192,0.9097477447869561,0.3409967842990316,0.5274129348264182,0.29627353251639077,0.5108329810749085,0.1250040666711737,0.319786833449111,-1.7278855270847475,-1.37011115242951,0.8248563738125553,0.2481820851070251,0.4552120409034705,-0.9853920893619745
1172,14064,0.7750441495870056,0.7640140041317334,0.25794501385716767,0.4869177006036742,2.9097887830783407,1.6760788785142602,0.13192379480852415,0.34321739361960235,-0.9552576866936879,-21.056587951412745,0.8926150167574736,0.6089497107443774,0.7387597294459828,-3.615920210817273
1173,14076,0.6959936612068827,0.6794189831069021,0.02289142883738467,0.11917909647108789,1.1102462357574499,1.0187254484960742,0.019083084849172247,0.10771751432856243,-0.19956647566746089,-57.17959960522883,0.8655218078146816,0.22143304317851575,0.42612771268152044,-10.60362933606726
1174,14088,0.7277277320736597,0.7127934965943693,0.028943277783683056,0.14055618287227714,3.652789933882406,1.8230166019881577,0.015735726912203176,0.10236756191005159,-0.8393352874748559,-231.13353626832705,0.890696687459112,0.0542975644723754,0.19706807748889044,-2.4505914328156795
1175,14100,0.6866805135998035,0.6699226444818295,0.04704029461588908,0.18749424359483316,10.736153354125753,3.23647018498283,0.03251797132939835,0.15404741008092443,-0.4465937662403192,-329.1606131997409,0.8747794624085126,0.06339532386112508,0.22323350853999288,-0.9495473201248446
1176,14112,0.6951368924445768,0.6795825866667021,0.07293069852328883,0.23444920944347744,0.7181527698144471,0.8054402545046001,0.08940758105817698,0.26571751547761424,0.18428954614225312,-7.0323476076055496,0.8295521043464481,0.8105281752246433,0.8765428823593089,-8.065541933152597
1177,14124,0.7516302746488048,0.7385941584888682,0.06043055523166824,0.20993469706602044,0.023999532575438506,0.11954469235264949,0.017756642210416642,0.09671679763842395,-2.4032647904690925,-0.3515805686144633,0.8204384578697795,0.07916110889135801,0.2442645458831121,-3.458112516617553
1178,14136,0.7821840271228687,0.7713930312214411,0.042815649313441985,0.17392384589255883,0.055031703598551196,0.19855969223055744,0.019349239371022352,0.10356287205599272,-1.2127820371876323,-1.8441274896297641,0.8345533349542776,0.04358994507824971,0.17209490910091516,-1.2527988952129312
1179,14148,0.8712176461330214,0.8650647758999794,0.04886219965408863,0.18468619503128822,2.9225170372144653,1.6776731101569933,0.07735775664629758,0.23775653940927163,0.3683606948750986,-36.779237195011646,0.8170124269077027,0.055979858747638694,0.20054954188543025,0.2763510580639629
1180,14160,0.8408873966987734,0.8325126192073234,0.02953194656602387,0.13889584469014493,2.437089609700603,1.4928077444938104,0.06774764494429945,0.22922932229297502,0.5640889570360068,-34.9730528154052,0.5950389188316082,0.19259467736207517,0.39805049992130576,-1.8428246844657412
1181,14172,0.7772999157281062,0.7652588305282396,0.03105429296408023,0.14874241925550458,0.025419643124619428,0.1362001560015458,0.11725161924978933,0.3102186607869835,0.7351482805715195,0.7832043319549713,0.7403933047905238,0.02957326087578055,0.14841400827790086,0.7477795098694666
1182,14184,0.7740507907044577,0.7616018853912636,0.045318720533217456,0.17799126406355423,1.5862030065324992,1.2230590230442882,0.04216872693502189,0.171134771205533,-0.07469975565184628,-36.61562470161102,0.7486249210110293,0.042935965906032304,0.17362523626625673,-0.018194501631331184
1183,14196,0.6934509881684637,0.6766774889438366,0.048980582384634506,0.19033888715582647,5.142835369846953,2.1578705902092343,0.1850402144827984,0.3926042269874667,0.7352976350490136,-26.79306857280496,0.6579500125215146,0.03188406300332327,0.1545931302305417,0.8276911692280423
1184,14208,0.6555640385575453,0.6371542006334684,0.06897842673540476,0.2292989375108144,0.0942501057336168,0.26679729603829205,0.08764493717910293,0.26349032157585756,0.21297876459826826,-0.07536280779135218,0.6737720758567698,0.017134667275036625,0.10740995579367658,0.8044990637619851
1185,14220,0.6559910746113051,0.6353066470481082,0.07397365351235285,0.24466147487386725,0.0616726936874803,0.21191960819268055,0.05986511934374985,0.2160286937839214,-0.2356720294432353,-0.030194115764661467,0.5989809867392817,0.014685815084666034,0.09410626357761226,0.7546849443272798
1186,14232,0.7055802735065738,0.689478753092522,0.07234252935755635,0.245411368778745,0.5827222015614509,0.7417775165722634,0.01071771585438752,0.07274249130702283,-5.74980847975564,-53.369999119066165,0.6461481559293177,0.048915913562317115,0.20155104314527805,-3.5640241098846044
1187,14244,0.7328437074374872,0.7182481400454992,0.06243751815894336,0.22168407202652307,0.03634685609828103,0.16602304750584163,0.012174457771481162,0.08326191002001111,-4.128566654130924,-1.9855010202938197,0.7775198760177823,0.14962739730953387,0.3693327586861351,-11.290271987310856
1188,14256,0.8841214524887612,0.8750286091641026,0.028770316444975963,0.13005020321670505,5.211566367104685,2.1405724473364716,0.019561007886895385,0.11274166878678925,-0.470799286587386,-265.4262699160864,0.8502441823678306,0.15396751512045673,0.3666664129326165,-6.871144268777941
1189,14268,0.8699798461023319,0.8596480476503566,0.020219251391584574,0.10522885711918173,1.2610638039911286,1.0757115688762349,0.019062857878778667,0.10969153567348396,-0.06066212737667409,-65.15292481380673,0.847007095914754,2.3990225434851613,1.491905026225931,-124.84800027050632
1190,14280,0.7700782656252686,0.7602788940943607,0.027494240664391916,0.12891556302834248,0.19160658407650608,0.4009586518843322,0.02100518603988218,0.10348341014714979,-0.3089263104925175,-8.121870366332676,0.8842264640415812,1.2303237185875673,1.061091597198584,-57.572379042564684
1191,14292,0.7339770911607906,0.722036665629731,0.03362569797351255,0.1420300118222826,1.4793412336007268,1.1874812836864364,0.03109133536265483,0.13407221542289074,-0.08151346930893988,-46.58049843615365,0.8812435799592171,1.7010558575711638,1.2452631969391001,-53.71157278160451
1192,14304,0.7273475520619961,0.7160097285748652,0.031149319330027486,0.13479593136705564,0.20491906183255523,0.4061825034052921,0.03173462069205472,0.14412961893079154,0.018443622430747042,-5.457271502345704,0.8229918356990817,0.08064838386844501,0.23400927808403196,-1.5413375710722348
1193,14316,0.6527587834474136,0.6335687987541493,0.029363066232731078,0.13320600851218614,0.11998101489613644,0.29110281041387115,0.032700766508732694,0.14675974695558555,0.10206795229433807,-2.669058181376136,0.7002594258309623,0.6197080120583868,0.7177026371057479,-17.950871133032756
1194,14328,0.7411994361772235,0.7279295684796683,0.03520596750603008,0.1504046413221919,0.0712403348345304,0.21595099149112473,0.034877938244586675,0.15139796802513114,-0.009405064575292554,-1.042561528005098,0.7182561438365649,2.524437880934267,1.5613629027971,-71.37921757964233
1195,14340,0.7826315846782639,0.769077272710518,0.05255257801784441,0.18693810785333778,1.0662277587201592,0.956157941617089,0.09746086271273047,0.25719592777783284,0.46078275366035804,-9.94006074892755,0.7257057315169704,2.7965905117491823,1.6349830495441207,-27.694497810800602
1196,14352,0.8110854755710935,0.7994938518829491,0.055784992953225,0.1930439223031777,3.4659288525687884,1.8365659191227326,0.07964663495149125,0.23167785575318986,0.2995938499197007,-42.51632501083957,0.8508736591477298,0.9132795364098549,0.9234793723470359,-10.466643091275449
1197,14364,0.7583019032406351,0.7464837336094886,0.062167697164562996,0.20674042095317136,2.2949225878592,1.472895965159602,0.06466836190366844,0.21150742149721405,0.03866905957553857,-34.48756332003233,0.7487365459583128,0.19577322607492498,0.40600573570594367,-2.0273416599998857
1198,14376,0.8907787821798278,0.8862270386213219,0.05630786354021594,0.19151749201268883,5.279675177315315,2.154215425559639,0.06778414389564942,0.2070519599289237,0.16930626686236072,-76.88953100068849,0.6813807015650412,0.42758574893482937,0.6085688774887102,-5.308049705445539
1199,14388,0.9269736212618024,0.9238140436691931,0.04339679306468319,0.16634546971710193,1.9903838116459314,1.2256115970262522,0.11022719188480769,0.2812179234062822,0.6062968463350245,-17.05710349335553,0.8312839800534657,0.0954492754706953,0.25849812206898487,0.13406779363077637
1200,14400,0.80309294643355,0.7946378476108704,0.05748669742715839,0.19133785395579084,0.34629700380379563,0.537354153648096,0.08295467493561186,0.2355418826754426,0.30701075651518517,-3.1745327080431096,0.8276132681474425,0.11026201474719728,0.2814591044995384,-0.32918385651900817
1201,14412,0.9023463642440797,0.8981752591549752,0.07427660240643279,0.2278471739145028,2.216929889989751,1.443006852503548,0.06728851884966579,0.21689708555320608,-0.10385253942622197,-31.946629349098274,0.7996577709857066,0.9265709330085592,0.9219973447880608,-12.770119313796744
1202,14424,0.9109651527655627,0.9070137523165406,0.060176420981458735,0.20109769066551877,0.3621170978568153,0.5570657858327368,0.09155154941379355,0.24468094090772352,0.34270450509281825,-2.9553355478466337,0.7335459269432633,1.9598589428531714,1.3704442097625595,-20.40716301801759
1203,14436,0.8498876980727381,0.8414871721330938,0.05657700987412692,0.19443598777050106,1.7955014411712338,1.2864706143704783,0.10423052015981289,0.25603581597281727,0.4571934421186862,-16.226254252768346,0.796066669362808,2.2247016828413138,1.4550331897887006,-20.344052389168347
1204,14448,0.8204630859497998,0.8101749740696957,0.06306824399713755,0.21017691422091897,4.331673724123119,2.018669532592526,0.061898875808193275,0.21129513559588142,-0.018891590092327437,-68.9798448286157,0.7774137101489619,0.0708460244769465,0.22294800544018942,-0.1445446068597087
1205,14460,0.8355848957596475,0.8281777858570164,0.07164988183708025,0.223363750968561,1.8093923365191378,1.3095949992742675,0.20277582134462438,0.3889978577043693,0.646654707834674,-7.923116792332031,0.6969099687432951,0.10581322289684077,0.26820816303746775,0.4781763318960617
1206,14472,0.795737637030515,0.78390227295973,0.08357030265591703,0.24500721614116752,0.099211868916054,0.27234857832036546,0.1401132287533994,0.3312313665875469,0.4035516603289362,0.2919164749913241,0.736543187971682,1.1439557021947009,1.0205227962113217,-7.164508893075855
1207,14484,0.73171507272726,0.7168762082280521,0.13921379177557605,0.32871315442281746,0.5736485159965627,0.7292182387142759,0.5484283002205111,0.7087745115656897,0.7461586287221116,-0.045986350022256595,0.8132812932122877,3.6183688674802075,1.8498412481685005,-5.597706329205367
1208,14496,0.5357247222489038,0.5102394327090123,0.05387064564030338,0.18586870593170265,4.8552279111934,2.1912385808038852,0.04619392769579522,0.17828051737077563,-0.16618456856629082,-104.10532776444,0.7992063484006258,3.2595271882592094,1.7437247575962829,-69.5618108450195
1209,14508,0.8165586751556694,0.8035527852416794,0.04711889229345456,0.1707944985642029,0.03867038723710308,0.15812953223240656,0.0376584657070528,0.1575561390978897,-0.2512164637825376,-0.026871023846857467,0.8017020102355582,2.5225058427499487,1.5508598244573875,-65.98376567894867
1210,14520,0.8345711317414783,0.8228460892696637,0.0530824299957531,0.18214837753429816,2.1972535192296174,1.44949771339326,0.0434609838735076,0.17392382585590438,-0.22138123127282494,-49.55692079186895,0.7803907315823041,2.488533422085793,1.543890736457561,-56.25902177752404
1211,14532,0.8305949256263921,0.8197049417401571,0.049634041414467235,0.1651161238804924,0.057021409615748274,0.20364721038775568,0.08050111605338903,0.23956256883396435,0.3834366050086869,0.29166932818755964,0.7612086346827954,0.8777732199949364,0.9024520546134743,-9.903863983858184
1212,14544,0.8402307888940445,0.829792095070274,0.05816412111352992,0.1893900428658388,0.7613060030627176,0.8456757100382615,0.13608970890723418,0.3143097316177001,0.57260455929715,-4.594148221609198,0.8098598927215146,2.996712955578855,1.660965601720519,-21.020129072519147
1213,14556,0.8071383558583892,0.791961611977112,0.10397276162001494,0.2780644958065563,0.5330359307027902,0.6820653664129103,0.21486487042027558,0.41890785706846917,0.5161016250974658,-1.4807960913302032,0.8492969316809458,4.4152243599103755,2.030101032282813,-19.548842401618277
1214,14568,0.8055189643834549,0.7907384327090285,0.18056041130541814,0.3767624437394906,0.32430782130038455,0.5093720367051376,0.15531280924204782,0.34221051403618397,-0.16255968961338607,-1.0880944906158114,0.8241298007573696,1.080710872738733,1.0029466834769016,-5.958285527206549
1215,14580,0.8493154696139165,0.8377892325172898,0.22818242803243471,0.4381164026174223,1.4202129914101562,1.1539985719097998,0.09550431169233271,0.2518312266554457,-1.3892369254230612,-13.870668834150385,0.7530791394012409,0.2264179044336606,0.4297310300319819,-1.3707610726839876
1216,14592,0.8990693998020551,0.8918314260813904,0.23961132154276865,0.4344797158496792,0.7891030623299736,0.8172954678181092,0.11385034775675779,0.2758112079723968,-1.1046165098652154,-5.931055353611206,0.8384225734313099,0.34261245864463374,0.5262571565253226,-2.0093228997124197
1217,14604,0.820635619584616,0.8089730886384797,0.23991314560901356,0.42584065455368797,0.0485492870268191,0.18155798471314277,0.08140951602115697,0.2386124520629402,-1.9469914247698532,0.4036411294448433,0.8609724571384499,0.025860761853209582,0.13135397523129522,0.682337359105675
1218,14616,0.8618804828394054,0.854450553744433,0.31293074295250417,0.5070734333989176,0.3113613155253772,0.5099235206789587,0.19799371572436453,0.3902885347730505,-0.5805084611278692,-0.5725818083985885,0.9168656665293526,0.03183043789366854,0.1515498209468722,0.8392351101790471
1219,14628,0.8031705005138838,0.791533544449514,0.14380634734248657,0.3292042431284578,1.4983676600464968,1.1828095799394323,0.11084168567006392,0.2837140985985398,-0.2974031067205769,-12.518087991792202,0.9308539452289976,0.027417751092386134,0.13715137155775006,0.7526404355307355
1220,14640,0.8118810138478756,0.799549744518592,0.1438958902927697,0.3412144093307246,0.03851590902887458,0.15217414214031846,0.1303862236721823,0.3204906068952396,-0.10361268422462677,0.7046013915878762,0.9402624449952482,0.02954324921244822,0.14286022913970223,0.773417402694889
1221,14652,0.7636384162005556,0.7498279704955769,0.14073083445549614,0.3492504003460406,0.15434656136401625,0.357531116592305,0.12587347004060254,0.3301904227807326,-0.11803412117026024,-0.2262040707563655,0.9126905045082676,0.6381448012190268,0.7581928293513279,-4.0697323352822705
1222,14664,0.446512748414024,0.4352798636985548,0.11036672845576467,0.2970398529747494,0.44423416025272333,0.6233522710118063,0.09084616294528576,0.26310095227520996,-0.21487495869512552,-3.8899606307013075,0.9206239122510099,0.4139179533567896,0.5817391751308548,-3.556251358751183
1223,14676,0.5464879256309823,0.532037048317892,0.12656647295835674,0.3231466014527005,2.4922729592161477,1.4001057683616862,0.11076836838988052,0.25505280813576753,-0.14262288772612708,-21.49986160709608,0.9216226564227419,0.7676009335438104,0.7593913232346692,-5.929784600979428
1224,14688,0.6073705217686891,0.5946378015479155,0.1279467398284781,0.28645116851318825,0.6181572600920403,0.5929940545621429,0.14380761687977917,0.28413070661194534,0.11029232940116451,-3.2985015224110814,0.9345485282307401,1.1967825992701153,0.9666387431982034,-7.322108558899256
1225,14700,0.7967013369684165,0.7907709212705522,0.18196792564261224,0.33078697540610164,1.572251099098837,1.1817499893683576,0.2961127799342224,0.3890194530626445,0.38547763563925186,-4.309636076660022,0.9241150323386635,1.7441079054918378,1.2027516149886899,-4.890012264513773
1226,14712,0.711144263897533,0.7013614257880747,0.20596157016305097,0.3597656219201857,0.5668982076707691,0.6302984491742145,0.317888638831991,0.43493497703346273,0.35209521510485686,-0.7833232724318391,0.9198055230735007,1.766377671977273,1.2394013791445035,-4.556592643472328
1227,14724,0.760899988145217,0.7531368904644393,0.26269360844787953,0.42018242037916026,0.20178556631655872,0.3783454056692457,0.36520373793651006,0.5057079696630344,0.2806929908982797,0.4474712458949729,0.8870275029157845,0.6327744045266562,0.7083455839402782,-0.7326613580189116
1228,14736,0.7692744597640524,0.7600420402589315,0.27870587905904426,0.4612962069441462,0.6955205779900325,0.7465803980519556,0.2591408633329418,0.4468347175932776,-0.07549953903242779,-1.683947907885273,0.9101501228640282,4.0065207188118555,1.9169322128379938,-14.460783248469442
1229,14748,0.8882652147765718,0.883140234520216,0.3353867987667241,0.5423773979621743,1.3951967803965815,1.131703610519925,0.31390176356471394,0.5236967002278001,-0.06844509236909979,-3.444692392143722,0.8691224152798093,4.610327705916215,2.0961362580453238,-13.68716726392571
1230,14760,0.5683638705363199,0.5660871828303987,0.29400112291374025,0.500154753911327,1.2938279024951294,1.109014453446355,0.13649081443489622,0.33350620719435903,-1.1539993305115326,-8.479230583038708,0.7345551261222005,4.466051548938105,2.0661733328917307,-31.720528245278622
1231,14772,0.7211772810517877,0.7181693928520322,0.11322754874863143,0.3010184569205811,0.020052399776972367,0.11304319166654446,0.06106627949784633,0.2081677997423473,-0.8541746718436436,0.6716289261133132,0.876378502108445,1.8892214496413928,1.1135585443229952,-29.93722861744052
1232,14784,0.7280777371145063,0.7265978638113844,0.04504017901600307,0.17190469549406476,1.2946091311168488,1.1119205978073337,0.02753782509185564,0.1385560490095483,-0.6355750269226519,-46.0120326060075,0.8957470707140079,0.1103613900521873,0.3012500596183773,-3.007629131351658
1233,14796,0.7362141082843005,0.7350956073060138,0.027811819987879,0.1400369817126623,0.11769745969146532,0.3014741661283103,0.022692132520714902,0.12432811441975906,-0.22561508762962235,-4.186707753624441,0.9189309550874445,0.05727119850471876,0.19785510255356473,-1.523835009884495
1234,14808,0.7278857744166617,0.7272790266203711,0.03405332748826714,0.15484649422654936,0.03253717401286274,0.14938979594618954,0.04808184655132367,0.17577865914142396,0.2917633175356975,0.32329608060847226,0.8985378422551135,0.09847757939214023,0.26614279959522186,-1.0481239065355568
1235,14820,0.5987466895346306,0.5874256970108299,0.03614622243227323,0.1665975712217685,4.272422327985595,2.0284242995855597,0.12529886097560283,0.31875608746446665,0.7115199439896638,-33.09785447943925,0.8692695232629866,0.18325671323677883,0.3941437074288334,-0.4625568964466571
1236,14832,0.7118650120901603,0.7076661604191864,0.04239862878598294,0.17334811955223936,0.05606274131658981,0.18013118103764336,0.0435110595945147,0.17854273969428425,0.025566621886450203,-0.2884710654956668,0.7966864455299885,0.6479535067954748,0.7553567123864626,-13.891696796948613
1237,14844,0.7883614796460455,0.7840847038798735,0.0638730107517399,0.2143787758319463,1.9397368458930684,1.3624657840616627,0.06015259341646617,0.21137799674495109,-0.06184965807734066,-31.246936261971456,0.7391314779176303,0.21685640925210684,0.3981809285554902,-2.6051048996458492
1238,14856,0.8647075263532263,0.8525303541229999,0.11462612178020974,0.2791740185628186,0.13895702238249197,0.3353981040034765,0.15877475263528942,0.3163847807299638,0.2780582562549505,0.12481663440735691,0.7400206346540658,0.10310110703521251,0.2959422065418668,0.3506454563841206
1239,14868,0.8526454488847057,0.8389153882297858,0.14453222671637841,0.3245660027899406,0.08028301897990438,0.23614064356385442,0.24421324038333866,0.4193698519755456,0.4081720283080972,0.6712585326909997,0.7024883574993056,6.451008035394826,2.4950506397286625,-25.415472090164947
1240,14880,0.8465434021857471,0.8341503816400022,0.2468791908871881,0.43616335896771163,0.03762040783523058,0.1685417826455625,0.36794328358173467,0.5445674839261044,0.3290292229716798,0.8977548727917638,0.7709671302937309,0.07852705309042977,0.24633574623149426,0.7865783760855474
1241,14892,0.8563995640679121,0.8489777218922654,0.2571044460097582,0.46501723320563276,0.21859340849319034,0.41739252580271247,0.22703550038051323,0.43013787666653513,-0.13244160309224395,0.037184016918825,0.7611607011654673,0.06128854848702287,0.19276420215645465,0.7300486118501168
1242,14904,0.8672876064791886,0.8599186275349696,0.24265721498517626,0.44910660460144863,0.11796211979899411,0.3036035307371662,0.13819365314909376,0.33146746537101685,-0.7559215597504996,0.14639987357648288,0.7502110367285145,0.8233941321128145,0.8489386588289355,-4.95826301244439
1243,14916,0.837878423880514,0.829269216472749,0.27734408215211426,0.4933954235020756,0.34239328138106995,0.5263962913927737,0.10379366114562451,0.292956497455016,-1.6720714838548298,-2.298787976085414,0.8374559817598308,0.2979464841802903,0.4972138513348047,-1.8705653205764237
1244,14928,0.8929404768262217,0.8920592841498404,0.2124853185720633,0.4206789418524135,0.3881488736994662,0.5662608900839387,0.08096045459142115,0.24589325222781122,-1.62455688575863,-3.7943020534941,0.895983855060457,0.23451868647149898,0.4341934858148903,-1.8967066409771545
1245,14940,0.8814046116317784,0.8805485597847265,0.020476286854463538,0.12648129182120615,5.183237103753772,2.2152064475611106,0.024357163908535918,0.11787932024960927,0.15933205806084572,-211.80133940131336,0.890314586305442,0.06830446743676122,0.23074873362912318,-1.8042865619845032
1246,14952,0.859795996992339,0.8524538319490608,0.014143164751504284,0.09226198961930221,1.8676831368301865,1.3064591545542916,0.051168979379368706,0.18883395003575312,0.723598849868661,-35.50030075806505,0.9398541376752719,0.2584329667048341,0.45996274032468043,-4.050578882740704
1247,14964,0.9024692592094409,0.8982794335346717,0.020653270534021936,0.10588404730930863,0.026676829869133712,0.12186122356894406,0.023926958187854775,0.11217182378175376,0.1368200515974718,-0.11492775887721329,0.9405269912656653,0.1559200483677484,0.3491728777887191,-5.5165010589140735
1248,14976,0.8536138938385683,0.8467365804768598,0.02050588341293083,0.11709169537113702,5.7932980484042025,2.3284316321838183,0.019541329462366978,0.09989748126550728,-0.049359689289380615,-295.4638644244259,0.9503789797664267,0.2854432678110929,0.500592234176064,-13.607157018707676
1249,14988,0.7816326057814448,0.7701017193376911,0.02817221646825094,0.13148231220317366,0.8554864888317919,0.8915414791509644,0.03029496470798855,0.13631865474836993,0.07006934189224712,-27.238570240228952,0.9179436696848738,0.6131713429915292,0.7315975773274938,-19.240041502007116
1250,15000,0.8562284253884247,0.8479157012062456,0.027752096602616228,0.13012904203042566,0.0296421957777649,0.13490769672817393,0.027813577079183183,0.13167365251934013,0.0022104483861218327,-0.06574554194794069,0.905728691241772,2.103753392094936,1.3945237470639265,-74.63764222436066
1251,15012,0.7885726157755105,0.7766090216621799,0.057729692170123754,0.18798817307240734,0.3315400010614545,0.5230450629765983,0.054935309443031766,0.18453971800386768,-0.05086678778044895,-5.035098453486703,0.8102513226796563,2.640101884265884,1.5676546280482224,-47.058378318660154
1252,15024,0.7854520987040973,0.7732452737633041,0.07765488702383312,0.22106401651374466,0.6126472569487937,0.7431407935629283,0.08331216868114208,0.23122832852718336,0.0679046260212105,-6.353634728842055,0.853880647749967,1.0381181792076406,0.9635267051404476,-11.460582837313911
1253,15036,0.8029569993328783,0.7933880862737018,0.12132492803718627,0.2918698069655208,0.34582403929128125,0.527755772798472,0.20027916737339221,0.3901421152066846,0.39422092857519686,-0.7267099909924291,0.7951058009833846,3.906831033379527,1.941257330738362,-18.506926679477314
1254,15048,0.6728053732046907,0.6585419936327306,0.1600337023308043,0.34341480324644585,0.08785676279412631,0.24958545503255078,0.09100991317754022,0.2541957562900669,-0.7584205581936325,0.03464622999104294,0.8392459088411253,8.002715769670603,2.6869862843510237,-86.93235253459778
1255,15060,0.8666532769797037,0.8600724378882414,0.16060757877803203,0.3469900967618014,0.19953746918653506,0.3765338563791185,0.12220998680504164,0.2986685054940961,-0.3141935694195357,-0.6327427438876325,0.817228641216126,1.546566613349387,1.2076485291776742,-11.654993702082496
1256,15072,0.8879108212314852,0.8828998325685842,0.15474484652821355,0.33520538039078634,1.120838651668272,1.017362198370913,0.08375761912775258,0.2438000872423017,-0.8475315814814008,-12.381930663032529,0.8430491016981569,0.5172151828684556,0.6762302783474206,-5.1751418946086005
1257,15084,0.8914687114895564,0.8866468292175235,0.1488907528072951,0.3149955010919135,0.06205003149910629,0.22916987639350572,0.06509941609318796,0.23047230718905665,-1.2871288521875868,0.046841965367501404,0.8720753903219013,1.139566859297423,1.0210235903945657,-16.50502427957519
1258,15096,0.9612020786209412,0.9601904589000398,0.11065454018741272,0.2632313932573336,0.08218685616344233,0.2572085804442978,0.08047866611042585,0.24795924602527872,-0.37495494812975827,-0.021225377302757975,0.8384973638413158,6.203081480353835,2.451985479313246,-76.07733962492003
1259,15108,0.9664655266387397,0.9658659393605672,0.0450025094488788,0.17168141405337542,0.4330149238289424,0.5399561547589157,0.13830162432622764,0.30544875995765297,0.6746060672235757,-2.130946045923085,0.9024195934664709,0.09481734381280586,0.22368082230305295,0.31441626752590046
1260,15120,0.9403612685355253,0.9379285792560653,0.1547060005194495,0.3398375221886476,0.14175691776048394,0.3361671348406749,0.21120441206574533,0.392201242322382,0.26750582998573236,0.32881649405905045,0.87869647255444,2.8466082668458945,1.4610111551014129,-12.477977278049384
1261,15132,0.917310563706534,0.9142185529503823,0.19064204172008048,0.383809782516577,3.438352211784347,1.805096056446813,0.2349530272399761,0.42462330927403996,0.18859508234655475,-13.634211153502125,0.9106105280208,0.07933017773675356,0.2493660711766279,0.6623572861833043
1262,15144,0.8788692322742262,0.8745426344558163,0.22541120697187242,0.4367932791236761,0.3023779977536249,0.4935580289026759,0.23917937337300002,0.4469754913355695,0.05756418794381635,-0.26423108100574666,0.9004786032961843,0.1743407142664354,0.39442292226835257,0.27108800475636663
1263,15156,0.8357869969568017,0.8268537360448683,0.12442396139770369,0.3048763861153197,0.825754551094879,0.8160461781765767,0.21142536203968518,0.3230810120509866,0.4114993575162996,-2.905655135829364,0.8451962663257216,0.44806072214883597,0.5361707606050711,-1.1192382873381748
1264,15168,0.8996070147099491,0.8920328937205285,0.21102850583213084,0.39087089504636136,4.890665888595428,2.0688755809893866,0.3110001447081055,0.41499954749816875,0.3214520654638433,-14.725606472581052,0.8341656095322056,0.2602603043682996,0.3887438917013715,0.16315053611125685
1265,15180,0.9216172107432118,0.9157196423391498,0.2742731712002828,0.44102141181211946,0.1766682028934834,0.3627476420291065,0.42422325562521457,0.5294314528308731,0.353469741313303,0.5835489908889786,0.8858373545279439,0.20752562664312033,0.3819464093846537,0.5108103483453027
1266,15192,0.8725054002391558,0.8630572480821936,0.33653789876208323,0.5013038281817687,2.482588724885653,1.5049486890898578,0.4300390366502819,0.5645177029981064,0.21742476826408685,-4.772938066793582,0.8858485987011893,0.1869549660602944,0.36962034743889466,0.5652604760801502
1267,15204,0.762192966207975,0.7435004908449059,0.5850102318433738,0.6931814809211349,1.486654012973247,1.1476517515808542,0.6861109685458068,0.7540725222766955,0.1473533310751659,-1.1667836270336402,0.8898120331179338,1.0655518842101503,0.9444364845388599,-0.5530314089986903
1268,15216,0.8755315586900699,0.8652175873223692,0.5927372463453164,0.7313661072716888,0.16095155080519455,0.34164729390079024,0.6714780542162293,0.7833127864366087,0.11726490147592639,0.7603025894970427,0.9157200841139705,1.4881815556063025,1.1812125853659214,-1.2162772800420942
1269,15228,0.8921482337776954,0.883731070994221,0.4731442896050903,0.6426481085027577,0.44862902931513937,0.6285129205909409,0.07967841334245024,0.20433895722305281,-4.93817408953114,-4.630496523405586,0.7617279471620412,0.3763997407854447,0.5642754857819147,-3.723986397265649
1270,15240,0.9175579202229026,0.9112884555045508,0.42460921120790474,0.5746868502735271,0.06736721226313623,0.21635389938286168,0.06292392618688182,0.1992455540708117,-5.747977072295687,-0.07061361783207887,0.9305007366520764,37.67038269551153,4.784427772808499,-597.6654835178566
1271,15252,0.8171729493290286,0.8027953742271169,39.19747914720113,4.923819097619056,1.2034937426433594,1.0685220605756824,0.40254097043682524,0.5682296399016656,-96.37512955430404,-1.9897422399945142,0.940560349663701,0.43931579637764423,0.6310907553640227,-0.09135672798948158
1272,15264,0.8810170757672917,0.8714020850323029,1.21760671883462,0.9837815334950036,0.1115050742116747,0.2446322151330552,0.3540684368818628,0.5194069617019096,-2.438902178227432,0.6850747974214966,0.9390619756637171,0.08646706645492998,0.2490788274643679,0.7557899619169379
1273,15276,0.8705000542454018,0.8605766589330873,0.14476072611397542,0.2931477775534159,1.9172890412738433,1.166831349332806,0.22788418914735686,0.40472873297019074,0.36476187024818685,-7.413436002065355,0.9493304760880484,0.022879930214119548,0.11616714685231083,0.8995984306777655
1274,15288,0.8587637673452865,0.8482147704094003,0.20575778185923965,0.3680778973918421,12.648775159404202,3.5240814996051664,0.16185279595847388,0.32196856406901575,-0.27126492094724375,-77.14987121167474,0.9198082349347859,0.24745270137600062,0.4740764554734169,-0.5288750491495302
1275,15300,0.776714596983889,0.7603741755224358,0.3501876452970946,0.5375624281016055,6.311507529816815,2.472536094208232,0.3581922795169488,0.5420803916539381,0.02234731086512831,-16.620445472270905,0.9053887339370965,0.06145724041830226,0.20402603721120713,0.8284238831133315
1276,15312,0.8539986648760742,0.8435996115362316,0.39770767657251477,0.5817649655817084,0.13059674741345637,0.25321738679631456,0.21531100650459467,0.4169939922618757,-0.8471311942152284,0.3934506668581782,0.813995962640325,0.9088447355599355,0.8960042111666805,-3.2210788492159184
1277,15324,0.870008809809037,0.8613470965352389,0.35872444805532383,0.5591391653927166,0.2983536756843039,0.5074921580413504,0.1630664424940316,0.35623639248234795,-1.1998667694516825,-0.8296448436668626,0.8249800507450752,0.4326505348169551,0.615690040693431,-1.653216248541085
1278,15336,0.8778279616522963,0.8691892529508326,0.2235541108664271,0.414285806484796,8.216923624560023,2.8328291601592634,0.07478730919061317,0.23643297614608735,-1.989198478804024,-108.87056110839937,0.881037796171966,0.5944807064268739,0.6457665760547987,-6.948951671889932
1279,15348,0.7817315889473787,0.7648477449571576,0.1901017543884834,0.3283872800132683,0.15391328749454428,0.30615154919806575,0.09413198305002228,0.239235643217684,-1.019523526742895,-0.6350796244540378,0.9087962887602161,0.8787455692960956,0.8159512408876403,-8.335249729405202
1280,15360,0.9069113613919332,0.8993396000230064,0.15168514712956138,0.3098146222857254,0.7399365366480127,0.7765864290919756,0.1081814517274758,0.276194901272594,-0.4021363617090059,-5.839772667425617,0.9182255944312822,0.5592791700444306,0.619504797736664,-4.169824966421536
1281,15372,0.8288945303114444,0.8131280143796201,0.1418687149657967,0.3341361281792879,0.304054641054849,0.4581333703400969,0.1611809496458314,0.3483108065148886,0.11981710445601768,-0.8864179775771204,0.9178953479581705,0.894613619263995,0.8260748662488911,-4.550368211812631
1282,15384,0.6435060166781427,0.6106923326192908,0.4417900342278185,0.5963630814161985,0.8428461880301557,0.8846237493646347,0.33981834473606193,0.5285005920385373,-0.30007705902681137,-1.4802845434515821,0.9269787559310976,0.3698751735822971,0.5473858107416555,-0.08844969470256347
1283,15396,0.6967465837413358,0.6725848545570479,0.29083545810300887,0.5128180513105843,0.13452657063090526,0.34323199273108135,0.2785376934049038,0.5012468890640444,-0.044151168726123124,0.5170256169410181,0.9306053097317326,0.28327113289179556,0.5055937363906979,-0.016993892025991775
1284,15408,0.836444368907552,0.8246938504937774,0.18041649465019463,0.3957235626395245,0.1257088602934082,0.31242913730431593,0.047877867310557355,0.19688332626445768,-2.768265062433383,-1.625615286453844,0.9066703145380864,0.19505656936131785,0.413009609202964,-3.0740446539962463
1285,15420,0.8630889612163472,0.8539164009864681,0.16237226354487594,0.3738724313487715,0.15396386256550013,0.36483281553865243,0.028781537746654717,0.14316132667803025,-4.641542330855776,-4.349396683413671,0.8976302181957679,0.2360845532194136,0.4570884969311759,-7.202638625410268
1286,15432,0.8825011071631741,0.8742124505518499,0.05315283766912804,0.20137656181905964,0.17678105466248373,0.3895415202928692,0.03765170679270404,0.14077752394673168,-0.41169795998272596,-3.695167091249618,0.8962003126325314,0.24932215574438668,0.4695914940290425,-5.621802223125223
1287,15444,0.8669188244824299,0.8571921226882747,0.03686627392925824,0.14791186415806,4.801184474645627,2.080593734979168,0.04781233628678655,0.1713368289053391,0.22893803582138217,-99.41727402416196,0.9337722290033167,0.017127401039301698,0.10320027919101689,0.6417786209699392
1288,15456,0.8099435297177546,0.7970189489995667,0.2695336907994817,0.4557092082430514,0.19532774362476193,0.3996850560935075,0.13705799697363763,0.3185880946308273,-0.9665666852794081,-0.42514663819530485,0.9198054169859571,0.022362328999347054,0.1272484004736275,0.8368403924387693
1289,15468,0.6785145621441335,0.6581158532853573,0.16506146330410454,0.3621518531816319,0.15879130056980426,0.35340414630363065,0.14846689122469203,0.34198801860749467,-0.11177288042152123,-0.06954014635820127,0.9226934531019033,0.6496633211147858,0.7427400795527191,-3.375812787320881
1290,15480,0.6382234485451348,0.616296815907497,0.18063951663560995,0.3725774708901725,0.11230036645903989,0.2945814105562918,0.15753769129709339,0.34634927250627784,-0.14664316296821855,0.2871523916949019,0.9155631615713321,0.05062378184899383,0.16213823134884514,0.6786560636240081
1291,15492,0.6432372294534722,0.6248180637984126,0.1380782305674674,0.32369521113984273,0.050508239853065656,0.17764249616556152,0.07187768995298136,0.21101589132659515,-0.921016530411467,0.2973029616546453,0.8681214973857643,0.028187721407763874,0.14236094189133863,0.6078376833450989
1292,15504,0.6949437890744035,0.6832806568360275,0.15214496911572584,0.3316766181506058,0.17210047181906077,0.36529773597818566,0.10840336267756957,0.2673407351634744,-0.40350783737456064,-0.5875934802036467,0.8275501228393162,0.036886758905966974,0.1456709590011611,0.6597268018734677
1293,15516,0.7200429204823398,0.7106835694516276,0.1456205191545683,0.3280624022846956,0.15577118223050535,0.34773619743075074,0.05694491832415694,0.18774084044239467,-1.5572171045294794,-1.7354711678359669,0.839938641375325,0.0342043857855553,0.13996547213147037,0.3993426140178472
1294,15528,0.7713382667829279,0.7649135372788711,0.16625339413583437,0.35515981797366836,8.698463474102212,2.850433475128525,0.15639560893045967,0.34261008498179396,-0.0630310868239139,-54.618335665484885,0.8779757819284364,0.04190253323193182,0.15315301087160313,0.732073467289203
1295,15540,0.732937118132091,0.7242480938388217,0.1514842809069956,0.34348599427045495,0.4339198186398305,0.625955089643277,0.07245725172978469,0.21806967962002954,-1.0906710824739383,-4.988632031726107,0.8726298144076134,0.025012250811154813,0.12853476354755822,0.6547998962970171
1296,15552,0.6782198049892141,0.6673040682812286,0.10916221040437672,0.28548074497894177,0.6224465154854391,0.7388514810706486,0.08459440576013551,0.24497606414179318,-0.29041878624814,-6.358010377782716,0.9021077549350389,0.575972959230072,0.7325644039669488,-5.808641234069582
1297,15564,0.7566829680883991,0.7479842787321891,0.09203466978770569,0.2650792264645039,2.3617006299914967,1.4954221406822163,0.030155434442543372,0.13353641505367092,-2.052009413529222,-77.31757935676107,0.9052383326247886,0.6921101870502874,0.7837016345549376,-21.951424837503133
1298,15576,0.7585389129515876,0.7498005727587265,0.06506137723743666,0.2176245429620066,0.4171271108385189,0.6212920488327615,0.03196608658225952,0.13942896821633613,-1.0353250645809204,-12.049051524186739,0.9169011770015003,0.8782438244076193,0.906933023989191,-26.474236552153535
1299,15588,0.8758438572516195,0.8705471229900787,0.06485849230129082,0.2175388073867243,0.5515371480055955,0.569393502767507,0.0538475205433536,0.16362463186695506,-0.20448428538268693,-9.242572776615463,0.9017414441296652,6.200158807445699,2.4308212575583545,-114.14288392264673
1300,15600,0.7570797515709464,0.7480091325963188,0.07258745432939291,0.22892192485300292,0.4624962372111729,0.6140067155589892,0.07448589715101417,0.22479089177073705,0.02548727872300871,-5.209178581463535,0.9332726958988458,1.2330118681486442,1.035977065968382,-15.553628476123631
1301,15612,0.7051613381318489,0.6940723867187155,0.07674548620064803,0.22969257191494927,0.9550211318622613,0.9176282119788292,0.11023631510514044,0.2502567973660656,0.30380940139871115,-7.663398544766194,0.9349221723935888,1.1568557145246758,1.0232052814871972,-9.49432497286668
1302,15624,0.6279794316630626,0.6130082533342446,0.08713481289696828,0.2321444051044398,6.6257459501534095,2.5268188642714677,0.16604671694761056,0.3319737800376708,0.47523917064581167,-38.90290245993783,0.9175064324983376,1.7730484401767532,1.293752881068747,-9.678009615427495
1303,15636,0.6182548490345158,0.6033810911307766,0.10738266356282866,0.25596236559847696,0.03660160204954031,0.1608709643820564,0.14796754415203162,0.3210423214462918,0.274282315231936,0.7526376323990793,0.9059988971232944,1.3119966556493527,1.1116912098629783,-7.86678672115637
1304,15648,0.5515479459855277,0.5347752904651759,0.11060937870116673,0.2651136895466372,0.6186739264001223,0.7341224485785499,0.07607868282250484,0.21519779145971332,-0.45388135805694274,-7.132027309719831,0.8638358023500067,0.8980572386895375,0.918133604151364,-10.804321596691512
1305,15660,0.7887338396679611,0.7821564418289007,0.11524433845892072,0.2718015681038419,0.04803758348592452,0.17778432056237503,0.0872818279484252,0.22891145889281472,-0.3203703585014117,0.44962674802927016,0.7717410772990259,1.6086037517269507,1.2397428948391267,-17.429996134790784
1306,15672,0.8534671360015282,0.8491806817481894,0.11385208754022513,0.2579737942762665,0.2702362076328978,0.49895701325213676,0.05824443637434801,0.2048293406913754,-0.9547289771760556,-3.639691350020774,0.7946354385275741,3.263033751311435,1.7676917541052495,-55.02309773141764
1307,15684,0.7862013153604084,0.7738461910959872,0.0667161742267202,0.234809226709088,1.1564410925435549,0.9944568115279876,0.37028432595371846,0.5684430582290269,0.8198244712225302,-2.1231165120613222,0.8452000037874041,3.657621593569504,1.6910850668412072,-8.877873129381845
1308,15696,0.8327399236307843,0.8240232558242963,0.047397513376647306,0.16235395477233136,12.76396527024704,3.5005470553142057,0.2547853272925396,0.46071870184694746,0.813970789133291,-49.09694006276782,0.8900880974014147,0.022167877938919073,0.11605975043123379,0.9129938989246962
1309,15708,0.8941699829739702,0.8878890421963984,0.06991647712522356,0.21588990665559624,0.026885260236166785,0.11911474933590255,0.11707681064687157,0.2969056557235385,0.40281532492282823,0.7703622084713393,0.8978126996550331,0.27087789764613746,0.4870907266379423,-1.3136767746702844
1310,15720,0.8005944081416498,0.7864433605375382,0.12386587277704009,0.3121114689495423,0.03663824058240467,0.143893502800474,0.11442288428505858,0.29632330524930267,-0.08252709718849993,0.6797997112961351,0.8638688670031971,0.21168904717900525,0.43087595069668566,-0.8500586530543153
1311,15732,0.7853953464444183,0.771362071241395,0.13669989170206143,0.3236202090530871,0.04251922729410334,0.1595385092209929,0.05467159216802666,0.1887022652014656,-1.5003824889886235,0.2222793299411231,0.8600863077037136,0.18570815132858579,0.3924608721967795,-2.396794275861471
1312,15744,0.6282765033661055,0.6072921919501729,0.19204628546920668,0.4112590309958384,0.6747032188223526,0.7963684006091599,0.10762195061114588,0.29369999248465106,-0.7844527475914136,-5.269197082853068,0.8647461637207555,0.21878886927332197,0.44199018555179787,-1.0329390800937879
1313,15756,0.6808140405166825,0.6624135381062141,0.18910171627564676,0.3906121161357497,0.2477195648955626,0.47602081296547566,0.02827443054710017,0.13908958439139077,-5.688082221873114,-7.761257436569974,0.9220049687044131,0.16073949967544668,0.37273129918714637,-4.684977435979949
1314,15768,0.5809697316410599,0.5583146134491838,0.2028803229915773,0.4089420859060107,0.16758169260285685,0.3799644053878504,0.0897768052758986,0.2523817912565199,-1.2598300570853835,-0.8666479842744603,0.9430230841600247,0.1580704618688509,0.35099891762460694,-0.760704910172231
1315,15780,0.5281359447154397,0.5034776322647277,0.059943849390074,0.20440379615863688,0.14924458949429104,0.340791580810264,0.04127698642021057,0.16624794842056845,-0.45223415246040166,-2.615685214393849,0.9544078957640444,0.3368998329006628,0.5516168262143609,-7.161929009810308
1316,15792,0.6416370988365828,0.6268310779386763,0.05944969191914254,0.20410578737642152,0.142490753789837,0.3390483032780834,0.056462961117620836,0.19836581151850705,-0.052897169089306084,-1.523614613357017,0.9297111350946076,0.1319437236139932,0.31844231814204205,-1.3368190580570967
1317,15804,0.8120025758814089,0.8031710360385994,0.0817713179725332,0.24552220835490635,0.26330553314157096,0.43231811135195625,0.06196748363025636,0.21275946339959298,-0.31958429134287747,-3.249091906210775,0.8929631696364286,1.3926600146290926,1.1289785218893742,-21.47404498363574
1318,15816,0.8216073647109428,0.81340805666846,0.06947652747425463,0.22499056184079355,0.6073641421213917,0.740655292403674,0.06528982448349639,0.21678925511048783,-0.06412489272071076,-8.302585003501088,0.9005546554592043,0.22798367218630422,0.39060983131339316,-2.491871420851081
1319,15828,0.8213537693698327,0.81269741124793,0.061942633628818376,0.21752125248680743,0.3620365743814087,0.5232048672285602,0.060951397987725385,0.20857872593653956,-0.01626272200175971,-4.939758337525202,0.8730717762217338,0.3864605289125051,0.5314510602473167,-5.3404703037382655
1320,15840,0.751297645339082,0.73942352704514,0.05821968316392175,0.20914566793756909,0.16086581675530431,0.35504336853168567,0.06834285674411872,0.2185589342144756,0.14812336010622096,-1.3538058609051005,0.8729211008494431,0.07957568068034522,0.22769887873887198,-0.16435988296894166
1321,15852,0.7404851869543917,0.7284145486184711,0.054842237249747794,0.203002144010884,0.5510112183328171,0.7137937464415015,0.12539836148594544,0.29319602264421724,0.5626558704605205,-3.3940862687793096,0.8600955215170775,0.04872108832601518,0.18125707086877466,0.6114694980964659
1322,15864,0.8291160346972856,0.8210476079533101,0.06640802290587806,0.21165510226322648,0.42225973953999363,0.6135291964654405,0.10750833001600679,0.26759276663379644,0.38229881446404523,-2.927693225977223,0.9388523738460725,0.7096177984086252,0.7950420723933244,-5.600584329632606
1323,15876,0.6775846528893319,0.6623870316557223,0.08693661086516191,0.24870568236852067,0.7061619468468429,0.8059392323498562,0.09891061780452211,0.2656357293112022,0.12105886309419811,-6.13939476389114,0.8821936642006432,0.8033206098086813,0.8596534720985393,-7.1216822585851265
1324,15888,0.44595529022103425,0.4226043326146417,0.06041250207174912,0.1997324175237192,0.13188168032654965,0.31897233653764584,0.03301742223896887,0.14317155606360735,-0.8297158886149252,-2.994305775055209,0.7955120589690612,5.510556099242827,2.309410800945202,-165.89843499469148
1325,15900,0.3758573378134994,0.3486348625217109,0.0343530128375569,0.13762655105316102,0.17732515655998207,0.37507466170820064,0.061556035483441095,0.210367745526601,0.4419229151494325,-1.8807111303924615,0.822269549785306,0.42264553725750087,0.615704074067636,-5.86602920311843
1326,15912,0.26559402943301574,0.23289258565508927,0.048767557622361325,0.17909979674552165,0.2851970985191749,0.4679093128381295,0.15343353230500184,0.34538211667148716,0.6821584115953281,-0.858766426313172,0.8375373205920612,0.28714750467832806,0.4822249714888522,-0.8714781597253707
1327,15924,0.343387196124094,0.30675886943498626,0.05950123442948992,0.21401055493669155,0.5313278752414899,0.6608598520343256,0.07288520757173157,0.2342285039054013,0.18363085718140437,-6.289927448152933,0.8633827336186637,0.16644831940751265,0.3599436653168457,-1.2837050884941075
1328,15936,0.37768108493635966,0.33876446266666843,0.06053284406973095,0.1990710230266335,0.17723249735161528,0.33758525637999953,0.054677801579048314,0.19587756929636266,-0.10708262442150196,-2.2413976464541694,0.8793019084320188,0.3343531037333354,0.5040335893995153,-5.114969769769498
1329,15948,0.3894071306699812,0.3514740903750963,0.06953812305249488,0.22472047202369994,2.3012826673252325,1.48222046780608,0.1106107949827818,0.2713977830434169,0.3713260711730757,-19.80522672026235,0.8562504384138321,0.291210406085384,0.47917359485122685,-1.6327485136574165
1330,15960,0.45570045268323006,0.42109832230794364,0.06525908597672161,0.21422146831531755,0.03269816134652103,0.13704867743878815,0.14376690398121117,0.3232751556916596,0.5460771278398657,0.7725612749454885,0.8456753077539848,0.44361551018154405,0.6154626590696188,-2.085658088870857
1331,15972,0.6133579260454363,0.5910255983447218,0.05872642026518269,0.21745580999264688,1.3172046286657162,1.069890113754121,0.04553079986352727,0.19643493156596978,-0.2898174519491774,-27.92996900150817,0.7984676894604703,0.40587832398410045,0.5963288239921294,-7.914368409970145
1332,15984,0.38721513553333725,0.3618017021703061,0.06398807973991331,0.22587217125434822,0.23234782379994856,0.44580631184850344,0.11240966871795184,0.2935433600417566,0.4307600007214112,-1.0669736549347428,0.755142481194701,0.36025256218327845,0.5614579385000581,-2.2048182891383794
1333,15996,0.3851325782066584,0.3638031446994423,0.1031970346286809,0.29546393594952186,0.33843353078562094,0.524312876850489,0.09315515449151796,0.28030415726043306,-0.10779736442901067,-2.633009173061232,0.7568163999221165,0.06724247067799322,0.23564140241551915,0.2781669350984133
1334,16008,0.535339410141204,0.5164962412765431,0.08815143544464714,0.2662969975492396,0.04460233143659617,0.18021160615429146,0.043492145693148354,0.14975653337790218,-1.0268357433221396,-0.025526120308723144,0.7239715370623158,2.9111554795237917,1.6690868902975815,-65.93520020977967
1335,16020,0.49827943026555416,0.4766263444459423,0.07354821307409087,0.24057457696333243,0.12977948631444333,0.323131465319247,0.03346703747847961,0.13222986998113204,-1.1976314193147442,-2.8778301305544525,0.7790843600481987,0.09157475051868834,0.23834683433252982,-1.736267008323455
1336,16032,0.3927535614611974,0.3624516015623061,0.04007396069043135,0.17126171783251176,3.6832575035832456,1.8874346894104115,0.04648785267491425,0.16704937830357794,0.13796920303750582,-78.23053640141143,0.7952701669363157,0.24132539109666107,0.41591085262759586,-4.191149455412143
1337,16044,0.15399046258262863,0.11797343239437717,0.038501792861892786,0.16831302926525094,0.08284388244923563,0.23682527551821045,0.04619522299075901,0.17512708324822635,0.16654168181859919,-0.793343057696851,0.830766329632052,0.07044409647086941,0.21398846625796275,-0.5249216674408346
1338,16056,0.27430417810037494,0.23823072353040797,0.03551289855341067,0.16579711198387914,0.049990563772688575,0.18451194599385193,0.03716068747967874,0.16840814609858143,0.0443422616217517,-0.3452540080165587,0.7507816293963989,0.34775975220621075,0.5515992709852452,-8.358270144931591
1339,16068,0.6881278350748408,0.6743673291539038,0.036211745711348366,0.16829453747801826,0.14292810242390583,0.3467989979604115,0.03933351350547463,0.17527011385869118,0.07936661426627345,-2.633748670939666,0.7611083979271036,0.043928137402057164,0.16143284810970787,-0.11681193687268832
1340,16080,0.499121908500642,0.4810274849470645,0.05860327746789377,0.1953562923891324,0.04608257577362773,0.16566105592777638,0.07370264079574058,0.22487037661633238,0.2048686880798909,0.3747500052088917,0.7493494251013492,0.04541906124885944,0.16678840022012395,0.3837525934147492
1341,16092,0.5045244646695417,0.48839211956185585,0.09690777183328987,0.2639911011352531,0.9117778131199135,0.8939322773880894,0.21028115559240787,0.4135715246152775,0.5391514205812711,-3.335993924663561,0.7784081895068502,0.05678546971485371,0.18638604726161048,0.7299545479723246
1342,16104,0.6855394922336312,0.673640722279913,0.16394016128201763,0.3358815076343336,0.6088599964073987,0.7292149226825431,0.2252770992786044,0.41167130115457534,0.2722732945026526,-1.7027158923704455,0.8396839623805836,0.06585832085181047,0.19909062055178242,0.7076563882316229
1343,16116,0.7515690575768706,0.7431817465409819,0.20707698008242756,0.3928959484535408,0.9754801806253613,0.9186696523737687,0.07398809296880536,0.20956064627382484,-1.798787909964577,-12.184286031492126,0.8593986400649274,0.1131200976268129,0.28036110720551966,-0.5288959762012821
1344,16128,0.7884421299990984,0.7807032326225304,0.2488512701293036,0.42825098342245016,0.13034896513728897,0.29117071796924665,0.0800071861040235,0.24099285663657258,-2.1103614843515794,-0.629215717795802,0.875194178095177,0.6621581235201636,0.6928540363304453,-7.276233120600452
1345,16140,0.7204541538163897,0.7135663322322736,0.26586361205415615,0.4568315103032751,0.08762233848721063,0.22753744402628176,0.1542464941807164,0.3324187124367782,-0.7236282319821692,0.43193303061687993,0.8185977428535616,0.6301516654905644,0.6367654043623748,-3.085354865519821
1346,16152,0.6336642104683027,0.6204304688292065,0.3242803120631091,0.5284477673277079,0.5605271472580772,0.7174456583416712,0.2414583737900995,0.4472661366592828,-0.34300710707596727,-1.321423516855726,0.8110760800136162,0.38710713028147054,0.5781300400941477,-0.6032044124424691
1347,16164,0.7657409924712218,0.7565611417952194,0.2733959721096293,0.4843779388203175,1.2739746490534232,1.1014649011478335,0.09876363558736505,0.27574428218275077,-1.7681845699957726,-11.899227954467932,0.8206756160753467,1.1824441960950576,1.05650135324479,-10.972465260749566
1348,16176,0.8512634149474526,0.8455197775603303,0.19553225615473468,0.40584879815139124,0.05066156331448759,0.1843854618030527,0.08992335865192186,0.26142887561539396,-1.1744323064222617,0.4366139780144339,0.8811165419387348,0.4951247274978739,0.6573059385172939,-4.506074672037308
1349,16188,0.860408940889418,0.8546817873373943,0.05489315991800189,0.19231817964505016,0.2256190354652656,0.41046503983605503,0.040332714808531504,0.15730640072769,-0.36100830748914614,-4.593946168422583,0.8590397830347416,0.07401631012722291,0.23734385346233836,-0.8351432696409116
1350,16200,0.9293454718627779,0.9265008371214999,0.07981474382727556,0.20369934823612454,0.5587483438903011,0.6441797875237807,0.09152887560694013,0.2181639062343471,0.1279829092402437,-5.104612781323562,0.9135006169896733,0.08399217429791173,0.256631628600614,0.08234233469002583
1351,16212,0.905184420929363,0.9019949538215096,0.1332603390738816,0.28131309033311963,1.5706810701461589,1.1767243543318993,0.13944358486737415,0.29066802500854827,0.04434227504530586,-10.26391774594755,0.9194790908127163,3.7870869756195886,1.8103065680850354,-26.158560067295426
1352,16224,0.8646097121789984,0.8578899941077945,0.3496245052381905,0.47190905694805824,1.2173131746811705,1.0292945792732318,0.3132877133985373,0.4422782728794387,-0.11598537154704402,-2.8856077740036072,0.9325607318423557,0.2098902372378714,0.3569783916765073,0.3300399975441509
1353,16236,0.87066754425427,0.8635783287227515,0.39396064932315794,0.5297965164120012,0.12834139518998577,0.32894054174474835,0.34771779517464113,0.4932611327556093,-0.13298961051243108,0.6309035747637639,0.9397729418393749,0.08473367819481735,0.2646687706785998,0.7563148065164169
1354,16248,0.7730614345400868,0.7608649769886712,0.5227321632513436,0.6473627235382498,0.15210807055480116,0.32098894368125247,0.4751773697012294,0.6104548240863609,-0.1000779847323423,0.6798920145325102,0.8897282771421675,1.740568857851106,1.2448355717057464,-2.662987694354003
1355,16260,0.8083248379446117,0.7987470835298758,0.5042216268413628,0.6319374955869494,0.3342269795825022,0.5343273436438802,0.3324854012565146,0.49079215253389635,-0.5165226050101148,-0.005238059534060424,0.780119578022478,1.3643787345384304,1.1262251073887992,-3.103574861880337
1356,16272,0.8834413303534013,0.875953364997215,0.6021154257890747,0.7263552504361809,0.15618824177497326,0.3789361958855341,0.4248882718418597,0.597314392508677,-0.4171147233105501,0.6324016167876119,0.8016199955140529,0.19468991882638673,0.37405787401162227,0.5417856134686417
1357,16284,0.911997381622559,0.9068331989512284,0.6409707880121643,0.7774971496330397,0.08014332794728744,0.25524288030151776,0.39424648396543754,0.6056349826399322,-0.6258123130613802,0.7967177103491597,0.7837010458630029,0.11316683383544403,0.3113950764031051,0.7129541075492127
1358,16296,0.9081916253049106,0.9026344017822692,0.1665962837319954,0.37929442841486977,0.7585999836268841,0.8453148875470559,0.04402522008904736,0.18406523738432123,-2.7841101849128838,-16.23103216957249,0.7837091471279728,0.2335321437589497,0.4264123281764743,-4.304508263368071
1359,16308,0.9216584941226367,0.9167917205486732,0.01647880587340642,0.09806961686181898,10.912011506571154,2.8226932143466956,0.017586050755393726,0.10334831497638948,0.06296154249683994,-619.4924379184104,0.8645178213511173,0.8425608672801334,0.7591611835184987,-46.91074920682325
1360,16320,0.8975191924302974,0.8914149410317436,0.03942615190190207,0.13323189847763683,0.09159179288373152,0.2650517660533857,0.029976948977104678,0.12289329187236368,-0.31521563225177984,-2.0554074383515832,0.8829344365455774,0.061706623379312285,0.176058010527721,-1.0584691065939231
1361,16332,0.8835253656524948,0.8763919465697259,0.03369845585011017,0.14141672339755462,1.0824757639136557,1.0064905618093478,0.033907933604226566,0.14389351382110835,0.006177838984864681,-30.923967309489097,0.8892203397518694,0.03467783674450117,0.14208547057727008,-0.02270569328290306
1362,16344,0.8960812463132075,0.8902261127150353,0.0565845217231199,0.18392025856405167,0.15736382792381856,0.3423679003675611,0.09063599598259515,0.24663111767178095,0.375694820698105,-0.7362177821054359,0.8916935053343057,0.042181167377725294,0.15456129906217903,0.5346091040272195
1363,16356,0.905177289739583,0.8996696659780359,0.10386283885858598,0.27721036801383564,0.499593385729898,0.6805437073046633,0.07320548620120033,0.2245888456407972,-0.4187849059990665,-5.824534767200361,0.9105304512321323,0.18240781159273908,0.3704285445802495,-1.4917232445038824
1364,16368,0.8561647887705682,0.8473285241706001,0.0821911913907017,0.2422611047121156,1.004844375163984,0.9781154653385503,0.06463241887117897,0.21360628694227698,-0.2716712885915613,-14.54706434810637,0.8775745630896699,0.02718533198578349,0.12131597054185579,0.5793855086877148
1365,16380,0.9252587043380768,0.9209243133861148,0.07128992100210237,0.23222737694616793,0.06736745045007768,0.22733013388052145,0.2965765881004729,0.5214071005651264,0.7596239087559026,0.7728497354374606,0.7266275553916642,0.9416056337429396,0.935569685946902,-2.1749155918671055
1366,16392,0.875242669274785,0.8667747998798537,0.07114034720730207,0.23946444471440942,1.608137858485538,1.2228929208190753,0.06820837573833469,0.2338380394594053,-0.04298550489188013,-22.576838490551054,0.6613944173121586,0.01762652060519911,0.1012110565918418,0.7415783558192459
1367,16404,0.818047634186384,0.8064556054042683,0.05771712913810695,0.22034494557207984,1.3004709822216787,1.0805768143061878,0.019185361002484674,0.10029480373278872,-2.008394219458892,-66.7845458343607,0.5577878214281838,0.2286120268888634,0.4498318458209962,-10.915961699092142
1368,16416,0.7565060775638611,0.7393920321814359,0.043377574832157706,0.18261329240234536,0.028297729826635698,0.14126880942053266,0.0163838861133289,0.09590970048310903,-1.647575461164152,-0.7271683671930829,0.742462930226291,0.08050442613349082,0.24024567398395572,-3.9136343829927798
1369,16428,0.7916298174005113,0.7760562014497167,0.03401703869620603,0.15601310617117148,3.6689769841649618,1.88707385033835,0.018616616835195877,0.10014041002517743,-0.8272406311706804,-196.08075944435467,0.7975686206100115,0.19493623822473052,0.4090421553626263,-9.471088272934285
1370,16440,0.6408943642204212,0.6165330544422369,0.02996105072725368,0.13976437510505405,3.1732203236335965,1.723975835560764,0.02129840750560363,0.11283928192124655,-0.40672727382884855,-147.9886191161813,0.8361840110420152,0.12893167829570737,0.3149090207471381,-5.053583032524161
1371,16452,0.6698647005982088,0.6468508000231306,0.03636145699922492,0.15999238926116718,0.02373652517791924,0.12150688003634465,0.024558150493773533,0.12570391332847508,-0.4806268496662236,0.03345631895458123,0.835180784742046,0.12565739417595181,0.312905412148822,-4.116728729543821
1372,16464,0.5833876692954993,0.554084369836864,0.050210426122840136,0.19676632257651305,0.2714590170139726,0.4997237366560638,0.1882454319214372,0.4146680605128772,0.7332714764425461,-0.4420483633688599,0.8056913568987529,0.009432492563190663,0.07821886301227172,0.949892581897407
1373,16476,0.6585897288904706,0.6348513535189091,0.04191741849282269,0.1807538652923045,1.6748502810753572,1.2786327586160466,0.06049457579824128,0.22446174301481214,0.30708798367933465,-26.685957938795053,0.7257654683641992,0.03227491448723663,0.15569838898241448,0.4664825058881571
1374,16488,0.7061321942862543,0.6875570872864948,0.04519867168671129,0.19446147080729062,6.499193032476505,2.528183166273716,0.038390473802743325,0.17612263194067546,-0.17734081425901693,-168.29181613830676,0.7476578799420287,0.29284607837339965,0.5255508843738611,-6.628092319935716
1375,16500,0.702698836863376,0.6905206763531019,0.04450425539519249,0.19851710210963902,0.15100778722763633,0.38021126644248443,0.032775212386643306,0.16622410610631563,-0.35786321901392326,-3.607377839271475,0.7307604808333227,2.1144265386258327,1.4186035722681414,-63.51297748073519
1376,16512,0.8032746871056132,0.7975202536616189,0.03291744267541383,0.16508588174925523,0.7267508003032056,0.8380957102826478,0.007793641745148352,0.0660542255344207,-3.223627894611063,-92.2491926198196,0.7271084752202449,1.6754195425583582,1.2618461371453489,-213.97261451635617
1377,16524,0.7964524756041309,0.7864825257631842,0.020878649909308978,0.1296154226443608,0.01111859407162604,0.0811498882984596,0.009275273565450336,0.07005104894535848,-1.2510009825564934,-0.19873489371159114,0.7932605159320709,0.011935014869878538,0.08939545251483431,-0.286756103273927
1378,16536,0.7638816857220675,0.7547522822224537,0.012751389596374577,0.09432322582981169,0.18490442132028484,0.41303694277770725,0.009244094264397469,0.0685242834451928,-0.3794092997823528,-19.002437884306552,0.8843665846295554,0.02389297982989504,0.13724229487657394,-1.5846750526891547
1379,16548,0.7339203636714147,0.7231906781094986,0.01819551619457425,0.1088994356411097,0.3896770741896862,0.6091704134020306,0.04087686632117781,0.1746060338494939,0.5548700809986656,-8.532948810897455,0.8859396609851752,0.03458932386507507,0.15624190634355747,0.15381664550066643
1380,16560,0.8671290174450741,0.8629370165018724,0.014200777937029499,0.093752146228046,0.021370306017154433,0.12031868555714988,0.009501605124708186,0.07561442304040239,-0.49456620756649605,-1.2491258831186967,0.9014273334817595,0.6785818544629431,0.7914377579436437,-70.41760213738452
1381,16572,0.667548200394233,0.6514241509424166,0.012531440464531496,0.08688091077782202,0.8300986523105945,0.8976719938659808,0.03649500570470343,0.16887812678442962,0.6566258801018228,-21.745541103001184,0.7979150122591756,0.06363511952032197,0.23593551193647797,-0.7436665179674367
1382,16584,0.7741328576647374,0.7667704794779463,0.01501062643170513,0.09498464922194849,0.5667028151270689,0.7302189421068953,0.012328834502822322,0.08543345536868224,-0.2175219343133279,-44.965643791985286,0.7922934291089427,0.01947244331868776,0.11524981844690035,-0.5794228817192832
1383,16596,0.8082056262150714,0.8029701531550512,0.018196780904586304,0.11131396785526948,0.11212038652250221,0.2965656829611767,0.014420349709775687,0.09302077498435697,-0.26188208128201906,-6.775150310432124,0.7484798940707967,1.9902801667286074,1.3770196409616027,-137.01885576875978
1384,16608,0.74766810348475,0.7404936831346294,0.019713707750785597,0.11954079007326553,0.03236994808759151,0.15968859236587798,0.01615152198233111,0.10531555191414499,-0.2205479937030903,-1.0041422797803503,0.7095672288776218,3.345925610413729,1.7524904913290988,-206.15853367094385
1385,16620,0.8610909126991251,0.8580033196278369,0.014211499535860131,0.1008553916563975,0.014009763680581157,0.10160076084332399,0.01380904722913851,0.08336520389112141,-0.02914410386492161,-0.014535141209388813,0.7749913320939038,0.018372122198258747,0.09598514963873746,-0.3304409705755571
1386,16632,0.8274866361665413,0.8230187245456971,0.013430032938010497,0.09997221602871281,0.4120227634631523,0.6232442174554117,0.012138495259637005,0.0892089341128291,-0.10640014686730748,-32.94347937286863,0.7711944145537057,0.4565833823740541,0.6586427774572038,-36.614496081098935
1387,16644,0.8366860364005766,0.8323929381013209,0.016341223857909842,0.10430036687706686,0.8051786449296515,0.8718721353604849,0.014659927977845821,0.08384197331437789,-0.11468650341289588,-53.92377903537062,0.8110451167573626,3.3575494726638624,1.8053036949152104,-228.02905646861382
1388,16656,0.7988317595322316,0.7951410342468592,0.01643906167739018,0.09694111329990023,1.696702992016271,1.2849728467545478,0.021979768594765303,0.10403964926015337,0.2520821315059112,-76.19385145939879,0.7811255450063875,1.8642009512923388,1.3336351634237247,-83.8144029931378
1389,16668,0.7904451520166623,0.7855291921438473,0.0160905321059126,0.09238829396083005,0.22321275287756012,0.4462638843400906,0.017587064055111377,0.10786620429510863,0.0850927673038091,-11.69187126276982,0.7738348535660492,1.8492392082731357,1.3143615042149202,-104.14769278591933
1390,16680,0.7996076233014235,0.7941157950027092,0.015529939538973761,0.0916774264285823,0.11179937728827531,0.2965549734782779,0.052070760046992993,0.1923711377097621,0.7017531619481212,-1.1470663609937368,0.7747463555167621,6.101466903570381,2.378936603162949,-116.1764517756973
1391,16692,0.8018653678845589,0.7966337833886352,0.01530602807743757,0.08764718353418928,0.014544974987218054,0.08560296147234693,0.021988151575774256,0.12998911897022972,0.3038965542560115,0.33850851732152065,0.7786216259528979,0.2176232048538694,0.43813982343973423,-8.897294190642143
1392,16704,0.8102890750748966,0.8051591687552134,0.014655333396460267,0.08547425807613211,0.23993303996061463,0.4511009994236275,0.015790470896215787,0.08823611594491543,0.07188750146948164,-14.194799543192534,0.8068812631922104,0.02020173839838212,0.12337054578399265,-0.27936263149843743
1393,16716,0.7224788334057489,0.7157757774398982,0.02693563086770838,0.11569733826207206,0.02738430034231433,0.11930403264643734,0.0273158562897953,0.11882039124590194,0.013919586413586593,-0.002505652826435556,0.8000979032768737,1.4134777582144193,1.1640972808998153,-50.7456873113829
1394,16728,0.8059666900847386,0.801429110641333,0.05238209924669074,0.16248996751639236,0.11223130896231343,0.2667891040586967,0.05359958230690274,0.18542059294837088,0.022714413206447848,-1.0938840217017867,0.7892567291860815,2.239553152742659,1.4477915985837486,-40.78303367961585
1395,16740,0.8245342936518365,0.8208914370917494,0.056796279917416564,0.1772081947016438,0.513067141914473,0.6168201231285595,0.06056055058627816,0.18294029834473755,0.062157140785878306,-7.4719695733863425,0.8225784467710056,2.4670055338158914,1.5002769462594385,-39.736180730412094
1396,16752,0.8158822115005164,0.8147868709416259,0.06041794482108509,0.19309230652786966,0.08915417208071715,0.23838134621825793,0.0614321521986921,0.18639567583302163,0.016509390299834004,-0.4512623909441227,0.8007196341034255,0.06546021921681949,0.1970092169484272,-0.065569361872579
1397,16764,0.8543351591860208,0.8533922470705162,0.06788576549028666,0.20977722746390295,0.15237213099580665,0.37035691575776886,0.13056089607642204,0.3147104086357541,0.48004519323649053,-0.16705794441405875,0.7808236874309537,6.594635037661945,2.5318022428904237,-49.51003199152267
1398,16776,0.8103564501457617,0.8057508871522187,0.07185008872748867,0.21603993947799957,0.03145770886924063,0.13284970179548183,0.06647857083095655,0.20122748057757142,-0.08080074269633375,0.5267992606334435,0.8309543137299681,5.229215794223425,2.2470263684005207,-77.66017167427397
1399,16788,0.8340453645705665,0.8295018025892509,0.07119478373742098,0.21414156774477186,0.035261591419275796,0.14000525330448235,0.06662463505010027,0.20242279092649262,-0.06859547799224797,0.4707424454518986,0.8630141333379728,0.48127871260334515,0.6603098302644189,-6.223735067988501
1400,16800,0.7943450003066729,0.7871958145903041,0.0735977637753968,0.2098083673074779,1.167764172470999,1.0497241088271958,0.05096340788403997,0.17216207782754878,-0.4441295594450456,-21.913777177697405,0.8779352854408543,0.3335207366741626,0.5344440554444195,-5.544317786460471
1401,16812,0.6715811716652924,0.662673376515484,8013.869985539518,52.69204443520734,0.043860091360415326,0.15732546350543075,0.5300544497696176,0.6931264527933139,-15117.956154452924,0.9172536116252233,0.9054263451327422,1.5105538393916162,1.1762291453281646,-1.849808807469048
1402,16824,0.8658552056363265,0.858971383567768,0.04737785327933299,0.16669986302129355,0.44439393267010274,0.6308059029594328,0.13873189309124426,0.3201898141899134,0.6584934276924161,-2.203257180220441,0.8988652780584659,0.021546129652986763,0.10189437133859551,0.8446923113864249
1403,16836,0.8063340068060709,0.7970548945165673,0.06310216293373001,0.21043730853848666,0.39688085447340415,0.5520230143663997,0.10066447973502642,0.2732525844272296,0.3731437037192228,-2.9426106956305924,0.9237323647326919,0.20081718413277716,0.41300150791837487,-0.9949160285870171
1404,16848,0.8656481927686613,0.8597165614057372,0.09384570804535093,0.2696006089354836,0.5094014684494103,0.6970378748414197,0.1133303599456758,0.30005569537589366,0.17192790978220407,-3.4948367647785528,0.9043153619304213,0.15207469830350726,0.3653377614051549,-0.34187077828397716
1405,16860,0.8388100944164718,0.8327964179221897,0.10193283441304424,0.29209994407333323,0.12877658626844377,0.32505917595374156,0.06974236167873028,0.23322960468795165,-0.46156269962006835,-0.846461507306792,0.8851355750216665,0.6417982114741934,0.769100138590408,-8.202415806201845
1406,16872,0.9483626719318532,0.9484455583514863,0.09438872037139266,0.2763259334806663,0.01560129634743282,0.08468243619822304,0.038022801689530906,0.15536190432815528,-1.4824241291346345,0.5896857765815706,0.8625093857671576,0.1925316145741479,0.40980101757191106,-4.063583061191386
1407,16884,0.930169620741721,0.9280360100588111,0.08123117576918985,0.2510974694491115,9.320050183750888,3.011311849471237,0.027549128257437383,0.1300890144130337,-1.9485933278945056,-337.3065372035782,0.9076442404670805,0.2132892609283716,0.4333322920997678,-6.742141926788204
1408,16896,0.9776525764364522,0.9769691765162658,0.029692296567449022,0.13469402509129377,0.2929225638651735,0.504141280513068,0.022713526769155435,0.11323547527784139,-0.30725170376317923,-11.89639283420121,0.9184254116284062,0.294120552389624,0.5031479007417908,-11.949136229651243
1409,16908,0.9428949998827824,0.9413284977818063,0.031061132304356504,0.13971879636646437,0.3431962515977423,0.5594559672448368,0.04442619803001638,0.17297254736205603,0.3008374859498403,-6.72508715163659,0.9383084401732016,0.10963480885560577,0.3081087461771667,-1.467796339032466
1410,16920,0.9508898801795431,0.9485425307775608,0.031293778953974505,0.14291581445167093,0.04711654388974473,0.17193752923089156,0.023676866960242293,0.12609213254382454,-0.32170269852520494,-0.9899822036784622,0.9430144025722526,0.8804097290824645,0.8939886210724435,-36.18438468066026
1411,16932,0.890478098439897,0.8855970972629524,0.03369568252127053,0.1563085536493485,0.03269434366781581,0.14252174489733924,0.040995774537985454,0.17212231402417974,0.17806937663663058,0.20249479278596838,0.9224400756070791,0.027875562707083367,0.13070290872313028,0.3200381497548068
1412,16944,0.8981447753849301,0.8937009965947269,0.03388536811077919,0.15597287211513064,0.02464801468002577,0.13680927632775283,0.024595932171868215,0.13389738784301816,-0.37768180014481567,-0.002117525279937471,0.9146367716073565,1.1926185492137915,1.0715421419878262,-47.48844682446547
1413,16956,0.860926183387239,0.8557451931453424,0.042678101784711375,0.1843463630409425,0.032495219084886486,0.16238494619642505,0.02191134569661074,0.1299243666915918,-0.9477626968074739,-0.4830316464731268,0.8675582181296164,1.3706329719101913,1.1469852975337531,-61.55357342667464
1414,16968,0.7449068299899715,0.7359899256714565,0.07978356499163745,0.2364406875187619,0.39961601544945263,0.5999538957040397,0.032876050888426885,0.12855652324995104,-1.4267989261363225,-11.155231685388543,0.8320689244393317,2.0973277976242386,1.372390834194107,-62.79500399065709
1415,16980,0.8144776792764221,0.806800534526913,0.09066759358740421,0.24917433715363624,0.07572317164937463,0.22500645076036652,0.03735203453219731,0.14948865322066304,-1.4273803213918397,-1.027283723570708,0.8959206490901855,0.03986760033446572,0.15100788919249455,-0.06734749080669222
1416,16992,0.8001745602043061,0.7910068503643242,0.052837226036696244,0.17796384647146268,0.04275797077934946,0.16510482329650458,0.04139233624121505,0.1620978782749558,-0.27649779729237234,-0.03299244889624342,0.9031151324724268,0.05355771017576357,0.18840584082612385,-0.2939040179721786
1417,17004,0.8366401847688189,0.8288647155539751,0.04530309326711924,0.1626875420731785,6.058326683250374,2.4159101554520386,0.03703232096055519,0.14643964948868474,-0.22333929097702576,-162.59565174711497,0.9334999123230565,0.06603321666841291,0.22734668850719061,-0.7831239024620653
1418,17016,0.827758945536296,0.8192751284577809,0.04931607721607851,0.17270746919706728,0.07673078642856652,0.23156385462363005,0.03670301424003236,0.14125657892601629,-0.3436519653006851,-1.0905854196812927,0.8594335334412373,6.067448044377135,2.4155431532837643,-164.31198240822698
1419,17028,0.7831458407124045,0.7721374883959707,0.05682775478141186,0.19119446328795328,6.720574774891477,2.531865996176293,0.062056207901720804,0.2030176755577844,0.08425350657244979,-107.29818646886925,0.8459330132905116,0.03937686718313591,0.15047284515638332,0.36546449558281824
1420,17040,0.7717935431888189,0.7586706629143524,0.08981954738074914,0.23838101661252323,0.8113572400985386,0.8496793328402035,0.10921032017274677,0.2767318096425692,0.1775543992667148,-6.429309233918089,0.8404286375005997,7.5914922418282345,2.6790074792057914,-68.5125902920178
1421,17052,0.7249918185518114,0.7114323925503729,0.10403240738885133,0.2712302085528857,0.18330163556903664,0.3886721242022353,0.10473271424550724,0.27370437917786444,0.006686610403453308,-0.7501850963143524,0.8791949885923899,0.15046999197326374,0.34240557711045955,-0.4367047875847303
1422,17064,0.6761938734763896,0.6602350251486588,0.062242687171141314,0.20023666700416765,0.09489060599866435,0.2775111257554915,0.05551045830786113,0.20603487311859003,-0.12127856747179466,-0.7094185292508455,0.7764765811208887,4.970806357565891,2.188755083252121,-88.54720442043168
1423,17076,0.6523977083561135,0.633059689391661,0.05006473752481331,0.16847306338341514,0.25051873748617365,0.4239135396832406,0.029200814618263612,0.1288017297170853,-0.7144979747756894,-7.579169477329822,0.8253655164443581,6.652599400102322,2.5167911669119403,-226.82239081581864
1424,17088,0.6351412581357311,0.614999400774579,0.052281466564612376,0.175724170193005,0.1890734629879889,0.4014202564395803,0.05129418088633866,0.1724515120366111,-0.01924751816315018,-2.6860606743472815,0.8047288354173384,3.8164909276516004,1.893118653233757,-73.40397451922385
1425,17100,0.6700216107202109,0.6520722837339685,0.05263866932132493,0.17905665823784753,0.25771038109257827,0.45912755348007317,0.040832586658521,0.1555548761646586,-0.289133842083948,-5.311390048536122,0.8541654658109407,2.695103537717156,1.5860838754140267,-65.00374255630798
1426,17112,0.7031661130475994,0.6852294098358963,0.04840060000160495,0.17585596994850713,1.0609119417025523,0.9872995741408991,0.043764476371292944,0.1681674950463752,-0.10593348794989899,-23.241394611965504,0.8361185290953538,2.5201760284077417,1.5416383919822874,-56.58496930311353
1427,17124,0.6639686960013215,0.6429473022249306,0.03598606879528874,0.15977598975127055,0.056005712808915135,0.2001332379439802,0.06745707230052288,0.21969296730422638,0.4665337885556322,0.1697577303769079,0.8013147369619856,0.13992424076837962,0.3310416453851881,-1.0742708806722852
