query_idx,query_start,persistence_mse,persistence_mae,random_mse,random_mae,random_true_transition_similarity,M0_mse,M0_mae,M0_mean_context_similarity,M0_mean_true_transition_similarity,M0_beats_persistence,M0_skill_vs_persistence,M1_mse,M1_mae,M1_mean_context_similarity,M1_mean_true_transition_similarity,M1_beats_persistence,M1_skill_vs_persistence,M2_mse,M2_mae,M2_mean_context_similarity,M2_mean_true_transition_similarity,M2_beats_persistence,M2_skill_vs_persistence
20,240,0.2174486442842385,0.3637226859206913,0.20039735720978044,0.3317629689435292,0.12928712504363732,0.21298456459238854,0.3469837114177164,0.2628368372844678,0.12928712504363732,1.0,0.020529351684596908,0.23312670238208036,0.3488868828114202,0.12258893911866024,0.12928712504363732,0.0,-0.0721000498736073,0.22674250859035708,0.3347366090792571,0.1378139065098804,0.12928712504363732,0.0,-0.04274050241476823
21,252,0.23540748626573724,0.39916420594812707,0.20962440953118264,0.34862223214471505,0.14878187426330775,0.3171344044779456,0.4515570506900075,-0.004079977419017039,0.1075721603024794,0.0,-0.3471721290968284,0.27835051990733994,0.4298793814953634,0.05491316747231144,0.12073873620892131,0.0,-0.18241999998728553,0.2560499936653125,0.41307804862025427,0.08466869240819253,0.12073873620892131,0.0,-0.08768840671563516
22,264,0.6350803942539652,0.7436575414645422,0.4983098414817501,0.6416191313593756,0.1339430150764945,0.5601083947495238,0.6957406804237237,-0.23250625887996185,0.11234309436352734,1.0,0.11805119506564477,0.5601083947495238,0.6957406804237237,-0.10626120791014182,0.11234309436352734,1.0,0.11805119506564477,0.5415351823419495,0.6668858029092591,-0.01782883988211071,0.11234309436352734,1.0,0.14729664583946744
23,276,0.05532651503931676,0.17735877755730142,0.06378441732576075,0.20023229260853084,0.03658272683431467,0.10048289774841734,0.2644298593494914,-0.2513134723746408,0.014880540170039142,0.0,-0.8161797770383883,0.05632161567060084,0.1906999061172571,-0.10495664409756822,0.10431204348909542,0.0,-0.017985962618048967,0.11988029299268453,0.27950762028830783,-0.02589252743486172,0.10431204348909544,0.0,-1.166778314294581
24,288,0.16980825618686982,0.3529853239462595,0.10838564927563903,0.2663107090942232,0.2164388310667234,0.3036785381502134,0.4554164680339192,-0.16785864650874804,-0.00578067072207335,0.0,-0.7883614434861319,0.28635369468739785,0.484090186759571,-0.05927448345554005,0.21361432712562944,0.0,-0.6863355240646996,0.19828506671573654,0.3819137840518418,0.02523209316414025,0.37856120562491047,0.0,-0.167699799575874
25,300,0.06486942766283957,0.20291319817731823,0.1868945494080246,0.361892961171314,-0.04555859640357107,0.1328076587835997,0.2728407985112079,-0.05180865627002553,-0.01591562548563958,0.0,-1.0473073922259766,0.13006622178011573,0.2729719612118215,0.03140286705019302,0.05672994387993245,0.0,-1.0050465445161332,0.1576820683198734,0.31567053083359536,0.11743566303019679,0.12039313596748909,0.0,-1.4307608992548815
26,312,0.05818740151527637,0.18487003971418303,0.07203713827157023,0.213237170984472,0.06842029444731293,0.09627110003252122,0.24388692060671346,0.15051854710982027,0.2275631004699056,0.0,-0.6545007600527832,0.12608983640270685,0.2671610001561178,0.12638667983229576,0.1836692423056213,0.0,-1.1669611139037297,0.12929469653781614,0.2900701773665257,0.20160289210330068,0.24521738090789716,0.0,-1.2220393619720489
27,324,0.0948835223462201,0.2520196704116757,0.2629976617672029,0.44989188276413855,-0.19171819389743133,0.27139462130915204,0.48066935516808645,0.3214781235814353,-0.22449103539927964,0.0,-1.8602924364344453,0.26475343283631964,0.45472717438362364,0.21951325299564992,-0.06878694402063538,0.0,-1.7902993722161988,0.3051923176994103,0.4811228834783677,0.2627987578389447,-0.03900105391002616,0.0,-2.2164943938927064
28,336,0.08992804085113519,0.23941277178007336,0.057555049710926696,0.17833306332591048,0.29629677577438285,0.10472921725314815,0.2592863596061913,0.44874177546589455,0.24698567447502945,0.0,-0.16458911216040484,0.13767948400769306,0.2957187239186884,0.29555105894216827,0.3968325781712746,0.0,-0.5309961465256927,0.14088815163095314,0.298116652446897,0.31799684730293815,0.4499582819227901,0.0,-0.5666765371234557
29,348,0.8474766063804712,0.8805982138719851,0.40215585496025213,0.5810057866740245,0.4792044884731103,0.5605471819304857,0.6984226023965497,0.45976991223402897,0.18862685779003177,1.0,0.33856913841603986,0.40556604624425985,0.5811154434652145,0.3808762389315815,0.34146204868856866,1.0,0.5214427829737844,0.46092182237071394,0.6215485966513743,0.38213270390706805,0.226489279042868,1.0,0.45612442998363434
30,360,0.2572029199327957,0.44414783281166237,0.09293314644737509,0.23667899431509287,0.4216246144120369,0.0833944947498894,0.23617623848502436,0.4192074142768969,0.4153175186949813,1.0,0.6757638102565886,0.0811804622599034,0.23182930230098076,0.37000762600827064,0.4153175186949813,1.0,0.6843719259442507,0.08243099448999837,0.23281972471648307,0.3785279881014565,0.4153175186949813,1.0,0.6795098807138866
31,372,0.20974115521613967,0.3972629567612735,0.07433321480016279,0.21819361601160367,0.4184387206567711,0.068841352509598,0.20635071375472888,0.27669218879927954,0.4406915598742101,1.0,0.6717794729477078,0.06321446772426466,0.20126217012789493,0.3139454839632545,0.4954026022033455,1.0,0.6986072301398277,0.0785528883893596,0.2261754874376527,0.357662554483808,0.4406915598742101,1.0,0.6254769918263761
32,384,0.14301210036644876,0.2992327311977914,0.060591659720330315,0.1813319235642635,0.4436818205006333,0.16952347485966499,0.2876517415107375,0.3039508716620431,0.3577338130933161,0.0,-0.18537854087370564,0.15830948991294055,0.2794615958663054,0.334020815394406,0.09753299233031552,0.0,-0.10696570085534263,0.11947458071823952,0.23559441429033312,0.3443186540782025,0.3577338130933161,1.0,0.16458411272820694
33,396,0.4454133735376747,0.6112949051711009,0.3513347202222373,0.5410547203552608,0.2829585771508748,0.7051915301489519,0.6887081520965564,0.2596586014496719,-0.09224689906675394,0.0,-0.5832293596126255,0.47050642129476333,0.5709444706603052,0.29251376051240746,0.32344073775308596,0.0,-0.05633653870288691,0.4204466238902933,0.5439218041625343,0.3119266541313285,0.32344073775308596,1.0,0.0560529861263126
34,408,0.1482439327211815,0.3069460792687145,0.04057914072729949,0.15853481345251044,0.5139223770106318,0.2997627620543877,0.4348521309639312,0.313234149106003,-0.15452852484518886,0.0,-1.0220912691124036,0.20537188445165677,0.36916698159649214,0.3029421785180242,0.07569746106696665,0.0,-0.38536451834370866,0.10945794257850618,0.26278674649152606,0.3087056472877417,0.2618578540115597,1.0,0.2616362736114426
35,420,0.10957617375822572,0.2594956432587126,0.057877766446038446,0.19023506528726244,0.2667067396110029,0.20516920639138747,0.3449436242971375,0.4646555831447504,-0.2327383786070957,0.0,-0.8723888538404612,0.15194571969318008,0.30335598502704436,0.37549466608665794,-0.019510436125205134,0.0,-0.38666750701152064,0.08483262809236553,0.21530570123201007,0.31622086477287775,0.2519474312179247,1.0,0.22581136771991672
36,432,0.13638626655459385,0.30141547211735936,0.13147478421052428,0.2909768131175315,0.17221867867830337,0.19818200977301328,0.35602729654748083,0.6119114333075069,-0.1091199338767285,0.0,-0.4530935905755826,0.2121099021692581,0.3840245302216498,0.4356867664442645,-0.05812530928433168,0.0,-0.5552145206962824,0.17834315165972994,0.33939724712006636,0.35037766397205583,0.07850988586176125,0.0,-0.30763277098974795
37,444,0.16225841665523974,0.3410469670972922,0.15006545028662013,0.31822780703340575,0.09838034867003707,0.2765268826449296,0.445304910569998,0.5896315227651422,-0.2162361177930705,0.0,-0.7042375264420517,0.24919971142309386,0.43172378648860626,0.453604437882309,-0.0074163732922161605,0.0,-0.535819938096546,0.3329146748675715,0.5112405464268158,0.35961543840574217,-0.09588847959227163,0.0,-1.051755968844041
38,456,0.11357051831710507,0.2672248097048562,0.09926712434588446,0.2453448993732952,0.21185610950913764,0.1959395472685241,0.37826792619747945,0.5815143668187033,-0.09169605479439599,0.0,-0.7252677030268804,0.198380890732944,0.3635011366765746,0.43253638976217895,-0.18367014561392297,0.0,-0.7467639812916611,0.19633800774918433,0.3691394662059381,0.38436600414589545,-0.12548270938771452,0.0,-0.7287761882091675
39,468,0.04865134626577502,0.16162334596314157,0.0473173925643923,0.16540442406055497,0.0922327901688366,0.07421117085924663,0.20217524109255594,0.5663859142382819,0.06659240514916483,0.0,-0.5253672622714716,0.08213540182535393,0.21260205791203823,0.4064220040900587,-0.06401443173270768,0.0,-0.6882452003827506,0.059763599514305155,0.18435512443736043,0.34468366651734755,0.13511533686634225,0.0,-0.22840587365919052
40,480,0.043191954126154564,0.15643571565530281,0.12430463110170221,0.2992308954693243,0.024412229708366394,0.0575150264786522,0.1818368357111376,0.6070767651566638,0.12348572932483379,0.0,-0.33161436295896607,0.07497222069503094,0.20339507077109398,0.41787675428786947,-0.012931461814304712,0.0,-0.735791357715674,0.05938779604276836,0.18329475335239973,0.3539402559109636,0.07330844810306275,0.0,-0.3749735858051053
41,492,0.04569813224176459,0.16161992507170328,0.11916886178812136,0.2601866178945715,-0.0011955546108200822,0.0719373866615932,0.2042290670361954,0.6256638702695254,0.06104759949435092,0.0,-0.5741865834036854,0.10555152571645872,0.24402287601500772,0.4320088814947969,-0.029257244800396688,0.0,-1.3097557939138857,0.06015876987487335,0.18291704529813765,0.3583133627728875,0.10215081442887382,0.0,-0.31643826396678953
42,504,0.04356671240005592,0.16099218283227382,0.058162708177833,0.19704935611356533,0.21552160436112994,0.05054087762940235,0.1746933734838532,0.6166147978736847,0.1471835369403287,0.0,-0.1600801356160506,0.05751180076774742,0.18913584939026853,0.4502886757588344,0.12498624399897551,0.0,-0.320085854531305,0.046812512875211605,0.17492962004073478,0.34776519311639265,0.11523376712355278,0.0,-0.0745018454766746
43,516,0.08728155013948337,0.22190758963292723,0.08418134751077523,0.21625016215413453,0.08789082085295592,0.09534292893854474,0.24290207665744465,0.5324493997961615,0.18367261951144437,0.0,-0.09236062817604163,0.06431934452523975,0.2000172403534997,0.38252952358469683,0.2883542128578365,1.0,0.2630820096291604,0.09181504716062616,0.23051071709351376,0.33095037443031067,0.10539716415501647,0.0,-0.051941069033465626
44,528,0.056914571200246844,0.1898181383374571,0.05204248727355301,0.1912078156978804,0.25241686420374626,0.050395613708852545,0.1791745844368452,0.5192057927247957,0.2337112470752162,1.0,0.11453934122525777,0.04913925105872325,0.18631242670514903,0.35397595736091425,0.11853061766673463,1.0,0.13661387545497083,0.04478062073184911,0.17580787913133042,0.33974091517221794,0.20287364487712184,1.0,0.21319585147546727
45,540,0.10035812303192848,0.23204438380365303,0.10172685221617588,0.2488386075157568,0.03651657682430851,0.07065212916863915,0.21343255261267982,0.45647883863941974,0.28076027288602784,1.0,0.2959998948350051,0.06195118378779873,0.20203022262530015,0.3375722978521235,0.373986531392447,1.0,0.38269885968184914,0.06551893109126,0.196846444793258,0.3537973542008453,0.19862808193228665,1.0,0.3471486999570981
46,552,0.06726375990424331,0.20042947077408,0.08748509304855141,0.24463656087125538,0.009886088854763131,0.08694421449448038,0.24507427061351947,0.4570667921458947,0.19265432268367091,0.0,-0.29258629934238223,0.0808975769187767,0.23495671095453932,0.3463010656296094,0.19265432268367091,0.0,-0.2026918660797805,0.08564773740587728,0.23812860559442006,0.31292036606842666,0.08849873870192185,0.0,-0.2733117733502468
47,564,0.11699865792538607,0.2469818578278692,0.13725240468353983,0.29867008687119956,0.019144782377765412,0.153438103729455,0.3131935524617775,0.3939168624646544,0.22408511419951163,0.0,-0.31145182731333176,0.16297066772494953,0.3246951917421614,0.3225866022998024,0.22408511419951163,0.0,-0.39292766784454347,0.1311861888633318,0.2873397629329264,0.2826101096578803,0.3014669454906697,0.0,-0.12126233915429685
48,576,0.09659889216504984,0.2355713791697842,0.11830148041166984,0.28729121625869974,0.08116536375436698,0.16533755805694814,0.3250121830081643,0.40734233530982794,0.011562880388787283,0.0,-0.7115885529458321,0.13547605902950854,0.2988749364643057,0.32078353807648663,0.011093221247076351,0.0,-0.4024597590418819,0.1303645764946975,0.2941081665670838,0.28797126294446684,0.011093221247076356,0.0,-0.3495452543281268
49,588,0.1773780297372264,0.37349854789809117,0.37865218731813116,0.5351630645132038,-0.3148845645946299,0.36402860586970226,0.5273767963419559,0.410479564651559,-0.3640970568347396,0.0,-1.0522756195284506,0.2882567025476802,0.46342314939465745,0.34002794524798285,-0.1342136338861652,0.0,-0.6250981193934393,0.39893732967139983,0.5441841959995989,0.31630626457733174,-0.41457924551532743,0.0,-1.2490797212168756
50,600,0.1774415469659886,0.37015332311412363,0.3400996765438758,0.5092576528044502,-0.3056496327375204,0.20826720573414506,0.40354177825291165,0.4178219487896465,0.05936763060047805,0.0,-0.1737228923847527,0.3874643919321559,0.5571701824481459,0.33145521940209266,-0.4387899258372575,0.0,-1.1836170759175348,0.388795165073393,0.558248106121714,0.31899193162561135,-0.43878992583725757,0.0,-1.191116859164421
51,612,1.0088697168523526,0.9421812877463241,1.380697953605872,1.0967520701396891,-0.580269566833253,1.213183732957978,1.0562904135826319,0.3819939428604709,-0.39545589076985166,0.0,-0.2025177410846266,1.3117308345799399,1.0855581624588588,0.3464679108267069,-0.3911233206909792,0.0,-0.3001984425427162,1.417247623137112,1.1257703662226182,0.31339360517121295,-0.451285301370204,0.0,-0.4047875552840341
52,624,0.16192724863456498,0.3068018930248284,0.3465533477937775,0.4497810329031759,-0.2990068421149174,0.1141748127077638,0.25396031529544244,0.38086557391487197,0.162617119556002,1.0,0.2949005576854342,0.2186520688207462,0.37002581584910677,0.3236788662161033,-0.12921619492699027,0.0,-0.3503105293550497,0.2400335695060857,0.3910374047505343,0.2822740331422354,-0.16294212445817938,0.0,-0.4823544000787039
53,636,0.23234262242421985,0.3953729423881375,0.36929207138194103,0.5154666208367793,-0.41418006576748284,0.45449409092202947,0.5472287153068492,0.3299838688377514,-0.24378931383286861,0.0,-0.956137389601281,0.31833026844681006,0.47060904942219833,0.30194579523548815,-0.09190672534026487,0.0,-0.3700898488852844,0.3849994831191778,0.5377715037585153,0.24689457057853229,-0.30174512253136,0.0,-0.657033389320326
54,648,0.27040545303465113,0.46037715452467975,0.667588960476579,0.7215078666898972,-0.6252487694685621,0.720742260142398,0.7696550919529329,0.40910288294340996,-0.6159642608155427,0.0,-1.6654131862127737,0.7141063019343936,0.7651521871924173,0.27921342089053003,-0.69143413658788,0.0,-1.6408724155532632,0.5048819611119724,0.6179963071700606,0.2383022927505313,-0.41824649867769964,0.0,-0.8671293623922378
55,660,0.08477768844855231,0.2421348248953874,0.17522994110280096,0.36506114425396524,-0.27413968942397104,0.36146740574785685,0.5205025170995041,0.5097966492346525,-0.41864191407105544,0.0,-3.263709147569114,0.29071990347903864,0.47110082471251574,0.3042461928618935,-0.15426511534373205,0.0,-2.4292029990350965,0.3857101621911849,0.5408342937201258,0.25946118005659347,-0.27346399915391945,0.0,-3.5496659468989264
56,672,0.12482742715433885,0.3006971563642954,0.45619880648778394,0.6094073684859134,-0.38850667256149835,0.4797691427649844,0.6266645798620749,0.49491415697274127,-0.6337110001483073,0.0,-2.8434593558656727,0.6157389502714898,0.7166099920703974,0.3122525218870605,-0.6863166594011734,0.0,-3.932721632643916,0.6200901798000664,0.7116516809929124,0.26858348547429717,-0.5978384694411253,0.0,-3.9675795931720668
57,684,0.39944114871391506,0.5891356803315071,0.9006791540336199,0.9115656070126915,-0.3620120066477344,0.7633415872766064,0.8200376001353785,0.5103648227749396,-0.4600213821858012,0.0,-0.9110239136211817,0.9794135679412787,0.9501765326948212,0.3330136779731464,-0.4242409685509788,0.0,-1.4519596218234074,0.7786042165904411,0.8318183846110919,0.31408131058749417,-0.32935236827104897,0.0,-0.9492338711154857
58,696,0.06715394040108232,0.19197380874711692,0.11409883537599229,0.29907380963406194,0.2867443179596839,0.10660214198707345,0.29447219128490176,0.4219799028091245,0.1846205501953325,0.0,-0.5874294397377662,0.22040336364213806,0.4191153534944381,0.31041862676294996,0.16190419793769614,0.0,-2.2820615190376206,0.19991628318813626,0.3972650841258087,0.31345900298514884,0.16190419793769614,0.0,-1.9769851477682496
59,708,0.3635087566543937,0.5585014329515048,0.2395442806148833,0.4229828016105717,0.12752561975027615,0.13029268055140106,0.27338414922538573,0.4512661381842501,0.5888373985577144,1.0,0.6415693482859426,0.10591780156634094,0.23905453344906813,0.32938207154147237,0.6705360707796916,1.0,0.7086237961881001,0.08103132921365258,0.22422810825872816,0.3444082879280378,0.6371798790491665,1.0,0.7770856197263682
60,720,0.1607707987365075,0.3400355827086537,0.04691916646906474,0.16311038070317666,0.619446837889399,0.054111294986060765,0.18923171802397962,0.43620173527192574,0.597013076260936,1.0,0.66342584964857,0.043717620734969515,0.16530362304632526,0.3237362208420954,0.6556883695035955,1.0,0.7280748675845061,0.042622240697085666,0.1679203556823935,0.34555160030573184,0.6556883695035957,1.0,0.7348881697917005
61,732,0.04456013945809012,0.1758490883677526,0.17734385994882276,0.3882063090459999,-0.12532459833286622,0.16262294231803862,0.35970147517555207,0.5591812763481958,-0.049770334163589294,0.0,-2.6495160090553442,0.10809019826621231,0.2874721391201987,0.3714534956268611,-0.0589510572345718,0.0,-1.4257149905887019,0.11053738733891443,0.29407347906617093,0.40204718748423335,0.05564731232528264,0.0,-1.4806337835382561
62,744,0.10971858988215422,0.2668730121577193,0.04948847722457601,0.15689361981449168,0.366826001156462,0.03468072222545902,0.1388378688741289,0.48742294360952754,0.3922048976558138,1.0,0.6839120675656819,0.04036401354697978,0.15529389278519032,0.3389860232514888,0.5121645176958017,1.0,0.632113267311094,0.040796720368392325,0.15590821651263423,0.3798736730676812,0.5121645176958017,1.0,0.6281694796459654
63,756,0.0434053945209501,0.1789604497543622,0.07508664478702266,0.24582790590928036,-0.0015241096381213293,0.15000613719958553,0.35496129121515757,0.506110881318442,0.054544655491765646,0.0,-2.4559330436953726,0.09286551962356075,0.26903122636166277,0.35322554131094097,0.16968548611371906,0.0,-1.1394925826267555,0.06394154360276205,0.21991693538157345,0.36829048886964194,0.1414737825618846,0.0,-0.4731243502901452
64,768,0.07325469927217444,0.1949956618597045,0.0711125560525906,0.20251527905475997,0.14690165722658013,0.034108789616937564,0.13480062124125322,0.3880275614886472,0.23293657407463447,1.0,0.5343808662675968,0.046096241367865914,0.15585884550807014,0.310358255176833,0.22353877792095317,1.0,0.37074014601305694,0.061030733290807306,0.18925938716063706,0.3384406599296943,0.42979735100083605,1.0,0.1668693763378859
65,780,0.3422869261623582,0.5451635959104562,0.5010823156894992,0.6629278841048393,-0.34092730599093385,0.39506619310299346,0.594998828991852,0.4582845923880862,-0.14979877169554462,0.0,-0.15419597684429331,0.5100694111869387,0.6813531370456557,0.40554757240455874,-0.29071559015575926,0.0,-0.4901808167367623,0.791015187894518,0.8420117496450925,0.3439518216060097,-0.5251767684459757,0.0,-1.3109710813766604
66,792,0.03600659224850333,0.14981104030319425,0.04035337107044684,0.16401668284928297,0.22071560259708495,0.027006078203825973,0.1211884782694455,0.6812205961230797,0.3493084459108166,1.0,0.2499685052825703,0.06392206401104875,0.19858625401666083,0.545578585382881,0.2960039352169396,0.0,-0.7752878020192473,0.06299020120816175,0.19777157334087547,0.44372118702437585,0.3181792110053858,0.0,-0.7494074633174992
67,804,0.07176841170315469,0.2132089425531435,0.22027298968133427,0.3634176777959508,-0.57674178724633,0.11083688745051697,0.2674158591934457,0.5996891214498211,0.06379134236720314,0.0,-0.5443686828260261,0.11041058995340665,0.25968507129362844,0.5482890918726779,0.010113320561914812,0.0,-0.5384287785283868,0.15755755247906952,0.32877138048622,0.4542052514660343,-0.01619353911803042,0.0,-1.195360726816027
68,816,0.07283496340448939,0.2173466038480877,0.07464284235598972,0.219947429463349,0.06063802388008719,0.10492416362399555,0.25116717746720385,0.588052872945025,0.012169699337515749,0.0,-0.4405741242883394,0.1405873228382669,0.2969832900015254,0.5168335000913815,-0.05485918271483875,0.0,-0.9302175255792247,0.14406972885848182,0.31255453305234787,0.44948562977179396,-0.06282563939251842,0.0,-0.9780298104687684
69,828,0.12167507070802065,0.2911244022381259,0.08675504728881078,0.24499806905179958,0.27428808676875743,0.11947221936308679,0.2810190219459429,0.538540332012289,0.0657935931703459,1.0,0.018104376945216383,0.26155898596101956,0.43202047816502526,0.4702069399619284,-0.29684490174543254,0.0,-1.1496513989186279,0.414603461053017,0.5537184402532094,0.42790759357435826,-0.5744120642446235,0.0,-2.4074643116331216
70,840,0.11040908553103455,0.28012923062626716,0.09523701536037181,0.2571182610116875,0.147754113503813,0.19719169744275597,0.38740671089240825,0.5544933015772023,-0.140860547065136,0.0,-0.7860096974295467,0.1748198994052068,0.3665174661279253,0.49265186955795776,-0.07329809063152466,0.0,-0.58338327470403,0.2523576969886321,0.4325280620032242,0.4407265723699051,-0.307426300475769,0.0,-1.2856606027924906
71,852,0.08182860522018878,0.24967684692863937,0.08125294256708541,0.24913541210130216,0.2481992738423399,0.19664980268231505,0.40038374390067544,0.5814711879543812,-0.1077724618684663,0.0,-1.4031914286350018,0.1743460484352725,0.3771599458765856,0.473390252023866,-0.08759484365806625,0.0,-1.130624712056778,0.25275654115937435,0.45284105155495097,0.43930927606566383,-0.32490166961128636,0.0,-2.088853103132377
72,864,0.05109377457835021,0.18934362821813489,0.09563929572150927,0.25556857040052633,-0.2537537354637726,0.07434946264984875,0.2249414963996376,0.6000607167063415,0.1547567113245359,0.0,-0.45515697877902705,0.0754931053876351,0.22794210707238474,0.4820076079887444,0.13816697231101388,0.0,-0.47754018979101875,0.12747124012791236,0.30563523812810733,0.4272590005418847,-0.01764200161234756,0.0,-1.4948487595575943
73,876,0.08607296939960897,0.25558415268563267,0.12152194798785883,0.3007036977668415,-0.16141702639887184,0.06915526007385249,0.21494254367446128,0.6427571135215452,0.2357800191177737,1.0,0.19655078061979048,0.08282231407576289,0.24412691840372328,0.5008762924661314,0.14110439757649124,1.0,0.03776627373867325,0.20650915636681236,0.417594013078133,0.44032955876371177,-0.1759733083616138,0.0,-1.3992335550555612
74,888,0.10644484338659853,0.2530106052309252,0.049026497564636805,0.18023158273186923,0.38435779448960483,0.08164990987325642,0.2178673852659111,0.5883896730765784,0.11260920858930157,1.0,0.23293691572534936,0.0984889279763002,0.24468703233054176,0.481789529686026,0.001709087211404392,1.0,0.07474214022189063,0.04569801374974954,0.16039408981783765,0.4465449574015293,0.3977817552770895,1.0,0.5706883274394206
75,900,0.051656066288124025,0.1740816111919884,0.06991340196996765,0.21074140560667542,-0.07397291028120372,0.0444538710463779,0.18100877740684215,0.679282343603145,0.12391473753056292,1.0,0.13942593308546114,0.0381047517793672,0.15534827304919208,0.5417773797566062,0.16609117982114668,1.0,0.2623373300082731,0.04366319028271775,0.16625585958309244,0.4832958627961294,0.25913945063329213,1.0,0.1547325721789209
76,912,0.09843507871615749,0.24235043415621618,0.11735471907140771,0.2705311280042029,0.10435431027194306,0.05764722642760289,0.18306590619318022,0.635448378214478,0.1880157285458553,1.0,0.41436297730983107,0.027834032278140866,0.1384104975152807,0.5146174887655736,0.3997526044164273,1.0,0.7172346216291278,0.05689439701563953,0.18766890835827232,0.4616308274551084,0.3733251235256999,1.0,0.42201095628015506
77,924,0.06438882314213291,0.18366449592008213,0.1903140311903855,0.3538922781346572,-0.41241533247993606,0.04396701313573831,0.16455739631264601,0.7149305894164677,0.18578827430897332,1.0,0.3171638959965952,0.051723857189156335,0.17863229949069592,0.522086762685425,0.21102527883690664,1.0,0.19669509916371253,0.020205535470445835,0.11678358281974623,0.4434343342153103,0.28262133655192034,1.0,0.6861949871976412
78,936,0.06605997387701222,0.18909056236117686,0.04753178735722646,0.16844860862122632,0.20999627748947827,0.05102648832695161,0.17971371535135636,0.6212516013120567,0.258985161535123,1.0,0.227573289357476,0.06726855192089908,0.19007970453383147,0.4772143160525088,0.2616043180437735,0.0,-0.018295163817910964,0.022611330798013408,0.12048974460788851,0.4339895359878742,0.44380812165838623,1.0,0.6577151114211721
79,948,0.05693624293171595,0.19180920324553777,0.14716709984971188,0.31840032870482227,-0.1046794532570872,0.031214429700916632,0.14105697352146082,0.6660358697184252,0.36555356814745543,1.0,0.4517652009748462,0.031178871833744636,0.1430527782409301,0.5099157289010366,0.16467698430749808,1.0,0.452389721760572,0.027891401980326542,0.13218332015042758,0.4516151821401991,0.22813923202823352,1.0,0.5101292156952313
80,960,0.05244068155323254,0.18357828079535002,0.14486786624960732,0.31310545245700877,-0.2966311914150861,0.08982761324004766,0.22532019839444895,0.648372157845847,0.23964484788950324,0.0,-0.7129375625841867,0.0487337663891264,0.17173150268040213,0.5374329256129164,0.36333894248162657,1.0,0.07068777625140599,0.044995497053387845,0.17092938656874493,0.4886443160645574,0.33797644123203485,1.0,0.14197345036957776
81,972,0.058745784438070985,0.20060088558171826,0.07878286545352746,0.22137622017097716,0.01259663772538271,0.04316170615086687,0.16232659165082966,0.6129433663002869,0.22442287752567988,1.0,0.2652799419783498,0.02996310056667963,0.1383134873535665,0.5197043416394441,0.40627447452563403,1.0,0.4899531795636106,0.023963748306974283,0.1267824011502491,0.4762675631018992,0.3597483087127239,1.0,0.5920771415992148
82,984,0.06633543938027457,0.2053799098933319,0.06269169211548163,0.1955381036878919,0.14257455845225117,0.10244599016136252,0.22325040232766039,0.6966052135485264,0.17456788056126457,0.0,-0.544362879306197,0.038416672147951754,0.15137155173240166,0.5839289098884791,0.36344764769622717,1.0,0.4208725757023434,0.04049176222300615,0.14493417563531988,0.5172832426681958,0.40628812071965364,1.0,0.3895908039308664
83,996,0.06788074620668666,0.21297061251082458,0.1377605247198768,0.30135420646137384,-0.2887383322126459,0.05399063953433093,0.1815128092927983,0.6645044730250103,0.22407694656073068,1.0,0.20462513228806367,0.05351749588885937,0.19005896159942334,0.5490100440836876,0.17356667359217545,1.0,0.2115953509717372,0.05919365108112969,0.19233305529463393,0.4857754640045585,0.19613556633571824,1.0,0.12797583425359038
84,1008,0.08842592235610001,0.24347316423093288,0.10221297434423353,0.26765285397969085,0.029345103450575883,0.07157845923575103,0.21696844218993003,0.6973687079548152,0.30321000765175116,1.0,0.19052629219407602,0.09234587677083801,0.25893378705704856,0.578135972772319,0.1924047472922846,0.0,-0.04433037632281578,0.06865021868233272,0.2192717529482938,0.5032076197775067,0.3894015383854876,1.0,0.22364147465862516
85,1020,0.1100024835734839,0.27558191541645455,0.12252705035734764,0.2831148754890501,-0.04336265551482584,0.105661927839263,0.27023962334272017,0.6858447740871773,0.11237445348415431,1.0,0.03945870668748419,0.11983985120287612,0.2874691273344516,0.5375566682149362,0.19196086173071436,0.0,-0.08942859569912032,0.09527496356071645,0.26099677449175823,0.4707798616720658,0.3392819486901318,1.0,0.13388352275636728
86,1032,0.13625612952618552,0.3072650427534054,0.21502376107108132,0.38538528350470064,-0.1676887796885619,0.11418049139435082,0.2845963207551268,0.7251090292499531,0.23963708797318312,1.0,0.16201574350159587,0.10117842207908956,0.26844005341720967,0.5571917104864996,0.3049008677457035,1.0,0.2574394823122784,0.1656717855164732,0.34763179208486156,0.47260221639950817,0.1652421512921082,0.0,-0.21588501077035693
87,1044,0.14381657432696346,0.32469183885394687,0.18442987131183522,0.36605229318919746,0.00606201327483572,0.049255014926149344,0.18565952569309277,0.6806518875836393,0.5132134550341212,1.0,0.6575150315138971,0.14791644810743823,0.30418841581290296,0.4968712878664908,0.1406216747202848,0.0,-0.02850765845078329,0.21432161913429496,0.39216254637976794,0.44932452740114737,0.16794511846565383,0.0,-0.4902428328395585
88,1056,0.14358867773268535,0.3220480527035729,0.14687382169762084,0.3234080985052784,0.0029222663147852766,0.04581717512166359,0.17723253568034,0.7139831839862566,0.4992217942045857,1.0,0.6809137332752655,0.12396634805884739,0.2758431364904749,0.5459868558039067,0.3060209648888612,1.0,0.13665652462075217,0.10037989216852349,0.25669673022802525,0.47806352992788986,0.2745696230548288,1.0,0.3009205617493208
89,1068,0.1620969860158147,0.33666532262867155,0.4132191308532631,0.5179766255283867,-0.4037988820428967,0.0727392745976382,0.23288677432695729,0.7248584644977654,0.4365650777312001,1.0,0.5512607829084403,0.07857342840787214,0.23318273574523904,0.5503994567583617,0.45266165805783765,1.0,0.5152690352909692,0.09737864668072917,0.25345078989156433,0.4700413597512279,0.49946749065066687,1.0,0.39925689505893347
90,1080,0.17245009845334824,0.3608632104000056,0.20823611881412188,0.38583540645317965,-0.24909252053866773,0.13780913092902283,0.28912385467246166,0.6912449392993986,0.32660111894883875,1.0,0.2008753131196187,0.07361337264750013,0.23905153103862334,0.5530419450369256,0.4909731980729394,1.0,0.5731323246103321,0.10423117443445458,0.2762101257046254,0.4806426627866318,0.2751744243960541,1.0,0.3955864602614214
91,1092,0.6911536413052305,0.7508465772991375,0.3397460503603445,0.5301363775014433,0.516408405511626,0.25437340574981987,0.43513055009900986,0.6535311016813183,0.34125365738981717,1.0,0.6319582354084968,0.10125527842884825,0.2655920193741583,0.5318660600153529,0.8024460713474199,1.0,0.8534981625248627,0.23875328609793858,0.4282746610704436,0.48618149880146744,0.4436594929804703,1.0,0.6545583039292717
92,1104,0.28960240373920526,0.47945561980019,0.26745949168999733,0.43341804534160655,0.048131799975423606,0.1927142899507844,0.38117144335272196,0.7043668108357964,0.32522101502248485,1.0,0.33455562708544095,0.1427744091888109,0.3215043693960013,0.5508190602138588,0.3336097159230898,1.0,0.5069985354217463,0.14419639312689225,0.3234496671845976,0.5078122053477496,0.3336097159230898,1.0,0.502088410644737
93,1116,0.5962158126957317,0.7428924915711633,0.855126255541354,0.8943407793495844,-0.23675981819105366,0.3466267679481872,0.5433643675953601,0.6628032385984343,0.06460849809453062,1.0,0.4186219812236309,0.3555852403469128,0.554534964924268,0.5168430033681384,-0.004900137649304348,1.0,0.4035964280464672,0.382857521016928,0.5890953180167368,0.4945171122849006,0.05370945292142504,1.0,0.3578541312316508
94,1128,0.05421364731709124,0.17702392208326992,0.05341524389149377,0.1828640293141023,0.06815520415261142,0.03018980336922926,0.13110626678358603,0.6100640395059566,0.21997617934768673,1.0,0.4431327744349769,0.04202858748335864,0.16005171137399113,0.4736195382056606,0.18984444982159307,1.0,0.22476000853554778,0.03213452286543808,0.14075212662549325,0.44412217414649524,0.2706050034301625,1.0,0.40726137318365885
95,1140,0.06821037977933096,0.22038655953872377,0.10565488172610203,0.26875563282141535,0.033858791891383945,0.03766153355277561,0.15230281465789677,0.6326495200018531,0.3516520743452615,1.0,0.4478621336720989,0.05832885008564285,0.19599768771997317,0.46234297029873994,0.16528617493325087,1.0,0.1448684162975794,0.01830550655640471,0.10145996274741942,0.4238522006290649,0.49521686849545266,1.0,0.7316316575919194
96,1152,0.08489409146487596,0.22509401793539738,0.10527301938687748,0.26999513821015975,-0.04648287777224165,0.036874481853492194,0.13817864935967938,0.6774548697722326,0.29129460008356195,1.0,0.5656413630535333,0.040137127053220235,0.15534638286423516,0.4949578725988012,0.47444813272869873,1.0,0.5272094163369833,0.04202601178897932,0.15961265201147445,0.4576236817305405,0.47444813272869873,1.0,0.5049595199877115
97,1164,0.05996026243196789,0.20490993786796854,0.22091206329368837,0.3741357096211227,-0.1616466326234975,0.04225167680019635,0.18029177856990367,0.754366941998802,0.4240885215203204,1.0,0.29533869455398165,0.04166659639062939,0.17891944307955696,0.5533504911142606,0.4240885215203205,1.0,0.30509649723589616,0.06459604403414862,0.2186711182140734,0.4988627836312364,0.5556462313965643,0.0,-0.07731423136182203
98,1176,0.12724045235083156,0.2719948401031559,0.041508815287294935,0.1619064219289131,0.5236037063863349,0.08188189927875365,0.24127693648505488,0.695920707621426,0.3414895510573831,1.0,0.35647903032452144,0.06977802233043646,0.1891865556436595,0.5522938244437052,0.3347559744459378,1.0,0.4516050435120884,0.13121591121006015,0.28104437642723307,0.4622940628719864,0.7052917911316111,0.0,-0.031243671220747782
99,1188,0.1323841432671801,0.2979442979050661,0.13276039128790107,0.3020242101273325,0.05234711428324686,0.11308541804035992,0.2460146064083564,0.6977885309839578,0.22629380674567137,1.0,0.1457782235133035,0.11487276469305863,0.2469965919046997,0.5733219132487113,0.22629380674567132,1.0,0.13227700948126153,0.08415262877830636,0.22758117955983595,0.49352339849244353,0.3113919092010898,1.0,0.3643299967695679
100,1200,0.14190857249756758,0.31732015989335793,0.24074401361948236,0.40561529463887874,-0.10165423203216531,0.1740673769607101,0.32837967927731576,0.5613907447449551,0.0748350725326038,0.0,-0.22661636219118297,0.23192620267993003,0.3897703479597223,0.5005369448975642,-0.08091729221466251,0.0,-0.6343353935429477,0.15501670637105217,0.33424276578512746,0.45593123838914507,0.14561417136170407,0.0,-0.09237027504951656
101,1212,0.20957425031381413,0.38960626125071623,0.17157566544910355,0.3603483575129645,0.10958892937250524,0.151680989461682,0.30792806955667107,0.6110690815223416,0.4311434922614444,1.0,0.27624224238160666,0.1241930893565152,0.2886233798704254,0.5383955102040276,0.41676399265896136,1.0,0.40740291724508204,0.06305467906552772,0.20691211070004342,0.4720495208375217,0.49138284293679674,1.0,0.6991296451204747
102,1224,0.14527838713308094,0.3127012311359398,0.11817093308640951,0.29694043845785534,0.20429794141651336,0.1103778825942499,0.28467062780441804,0.6902221468947446,0.2976057469852559,1.0,0.24023191079937278,0.09020766671218412,0.25569723692034435,0.5644685504802884,0.35148602672028534,1.0,0.37907029054810326,0.0711707602571885,0.21872484960454175,0.4994484340084179,0.3721718039479097,1.0,0.5101077203452625
103,1236,0.4598641352083354,0.6139057013703063,0.622788213501016,0.7118451440731411,-0.36560561815771525,0.4813541283836938,0.6410255274202593,0.6897827452080165,0.1129409820199971,0.0,-0.046731178907053916,0.4193270513364515,0.5946864009271186,0.54701451637708,0.2942320374096496,1.0,0.08815013124152227,0.45088758405719115,0.6253202573906228,0.4594099903786599,0.18443645598305708,1.0,0.01952000702789647
104,1248,0.1781043868952711,0.3559162203187672,0.5369403800209079,0.654549935073406,-0.5948063245038793,0.22253094103785265,0.4330019161126901,0.7394998683840116,0.09188167478695024,0.0,-0.24944109977877882,0.20624112647999038,0.4189951779684513,0.5702114995816869,0.07670206109720079,0.0,-0.15797892502931,0.15122978263286277,0.3531401615403628,0.4814067246098837,0.1530486730125469,1.0,0.15089243297646082
105,1260,0.10399845831207706,0.269189890993853,0.15679105467897836,0.32379056061627326,-0.06553294924229833,0.1521382971541916,0.37185502872179194,0.8061235463016786,0.21145408697541906,0.0,-0.46288992763390024,0.06988891522674748,0.23481727456301593,0.6204122657147715,0.46812366698667784,1.0,0.32798123778887334,0.028433433353784805,0.1284699470606672,0.48897210863515655,0.5514551903452343,1.0,0.7265975494707607
106,1272,0.2255949441232139,0.40605677390692146,0.033953403099245265,0.155587336768837,0.7938289689782883,0.07869303446428912,0.22264969654634595,0.6807927660261148,0.4494805266558006,1.0,0.6511755404353872,0.03425620214241865,0.14891782339224816,0.5552150575534596,0.7514464129460272,1.0,0.8481517293060041,0.06169010363044236,0.21471724508225712,0.46878344885146106,0.43534217018623467,1.0,0.7265448307354403
107,1284,0.06789825654914722,0.22121178897484306,0.11988820664282152,0.2860524172362003,-0.13923895749449888,0.018941232774063954,0.11132573503802849,0.7648776631271478,0.5207978902423401,1.0,0.7210350642751246,0.09784627411385534,0.2813738666101728,0.5839002118942278,0.3198905472500043,0.0,-0.4410719668925618,0.08882182036564547,0.25458646118477546,0.48790059998730334,0.47527899311951777,0.0,-0.3081605460863788
108,1296,0.09166868935880235,0.23145417393959303,0.2178814364885977,0.391349424512287,-0.25021590606150257,0.0331715492235396,0.13713726778354732,0.7345398448108574,0.5394206692671154,1.0,0.6381365387073209,0.11048813744036141,0.2813989239900789,0.5677057488912743,0.7335887652520265,0.0,-0.20529853991800273,0.07865309901692959,0.24409847716765531,0.46662870836381387,0.6596783083835706,1.0,0.14198512526919815
109,1308,0.04875939883570821,0.19833627710071547,0.027955498895307292,0.13174702709884245,0.3770086821471118,0.030713642781124362,0.1337314151297678,0.7812313869471093,0.32696876309580514,1.0,0.3700980013184312,0.1594129653524025,0.35513230095433723,0.5819918592296449,0.17188355351897808,0.0,-2.269379220394711,0.12577227237672128,0.31181718815911746,0.5011058544493997,0.21100821951313015,0.0,-1.5794467401147254
110,1320,0.08020207656628191,0.19849066972576623,0.08460015935532268,0.2202842843045186,0.1813684589266247,0.040757192071742526,0.16205535089912312,0.708730171665818,0.4597462527174973,1.0,0.4918187431461416,0.08036925066463257,0.20474401908261244,0.5413433510569452,0.5490650964294133,0.0,-0.0020844110964197693,0.08926267982428343,0.21595615616477137,0.4615009433893714,0.5490650964294133,0.0,-0.11297217785269575
111,1332,0.048278137795545135,0.1704797589267487,0.06659665089049006,0.19956568690784646,-0.007175390234642398,0.055884073992579525,0.18978982309876768,0.7362964758634571,0.39458294366372326,0.0,-0.15754410887273762,0.04553110258495235,0.15931633300353523,0.5308389341600177,0.36947809397043785,1.0,0.056900189941590296,0.09083662198964604,0.21244828780603023,0.45741836045638423,0.19059191427726455,0.0,-0.8815270459339877
112,1344,0.09713646683970407,0.21398992773828598,0.11770721156943055,0.2511081190110494,-0.03635877141308765,0.13267845087283014,0.3002219218018958,0.7099329686495583,0.133687856233154,0.0,-0.36589743470676095,0.08809569598764844,0.25030713093206286,0.5164667551993216,0.33534130013443936,1.0,0.09307288134099878,0.13512576945637847,0.29487879349893475,0.4692955854763012,0.13592468239512945,0.0,-0.39109207749304753
113,1356,0.061099446346594026,0.21878711525134042,0.05822190336866059,0.21625076610774305,0.18930560253402356,0.04950499830731366,0.19282914735938964,0.8084359750532524,0.5023418185380464,1.0,0.18976355323269956,0.05236069825223552,0.15868531997117855,0.5406522597307266,0.3506635845610087,1.0,0.14302499640973665,0.057397221216532866,0.1976756515391819,0.46504727337816104,0.2995251392129285,1.0,0.06059343171556475
114,1368,0.14064344628938366,0.2939225225552791,0.12351734996041246,0.2819411661202791,0.19419853698714828,0.12824438885655653,0.33668819626533586,0.8571284654933773,0.2830942901896476,1.0,0.08815951087628504,0.20267832560358826,0.3997006549646928,0.5547331730177462,0.024067308468928506,0.0,-0.44107906163336974,0.2196117546295602,0.3920779183896543,0.48444205216061204,-0.06025738282217493,0.0,-0.5614787636652032
115,1380,0.11093040421129201,0.2538210966872844,0.1393337660851054,0.28337560924729027,-0.1445458002518844,0.12261369032044749,0.3364218366644554,0.8339452990310097,0.26231007352684,0.0,-0.10532086484515113,0.14084950889800732,0.35548138553273717,0.5596545662540457,0.17575165916999358,0.0,-0.2697105892603404,0.08835333996637218,0.26964315657864696,0.48650908711278396,0.18876987605664472,1.0,0.2035245828719483
116,1392,0.11871699628049055,0.27833232295852706,0.1036350653147024,0.26945490985057813,0.10005459941363519,0.01734345243705772,0.11236332787954341,0.7529811555249504,0.7142530816101971,1.0,0.8539092717939001,0.12653761489256854,0.31874797402102234,0.5353051153379448,0.036206554963671665,0.0,-0.06587614964246868,0.03860753466690051,0.14804620452941172,0.5021915048551592,0.40463038380297983,1.0,0.6747935352434021
117,1404,0.050617261043839214,0.18566463268583822,0.043790683782701845,0.17707057281374236,0.12707374776921646,0.012556686051992302,0.09034535777997756,0.6887281326047234,0.5809012901080517,1.0,0.7519287730500263,0.041554883342374706,0.15242824562045748,0.5186681622614473,0.3943945436186559,1.0,0.17903729902761145,0.03037182121244149,0.1438687851355902,0.49498322165698233,0.3560884066033591,1.0,0.3999710654802777
118,1416,0.04595955078948868,0.16881338208371574,0.0346146128177866,0.14604416545351137,0.18389954222979518,0.03470604572159115,0.1473493073603288,0.722760097035318,0.3735303678462936,1.0,0.244856724545517,0.02974646053766704,0.12781556199796193,0.5077973962239656,0.39341195322597217,1.0,0.3527686840561919,0.03180657245982138,0.1492374127617049,0.48239810197865934,0.26302968383432057,1.0,0.30794422675045374
119,1428,0.05582592978580614,0.19669027837807374,0.02729536723669168,0.12956616384942152,0.30047661439901596,0.02095365539806576,0.11851594176630414,0.708194103887985,0.584195324486025,1.0,0.6246608792999759,0.05890209919080918,0.19805235045048364,0.48090710104649104,0.32310206325632335,0.0,-0.05510287812143466,0.02263492523558693,0.1219991091034602,0.4562259052654417,0.4459641047076679,1.0,0.5945445902570188
120,1440,0.11249603989196529,0.24444025024056618,0.1555761493423747,0.2851994300638939,-0.08139088625889543,0.08412099809355648,0.1978901970983679,0.7757463145054009,0.3928661897797211,1.0,0.2522314725536877,0.0960766409267924,0.20974823665568207,0.5088390465617556,0.15220026037390386,1.0,0.14595535079226907,0.06671735170259585,0.18425778180668242,0.47411273174543334,0.3671292968254755,1.0,0.40693599733228525
121,1452,0.42234717480549167,0.5359256063232295,0.5138526384325309,0.5699451463859853,-0.20575149222948702,0.13844168946908098,0.24369086600077963,0.76379884960288,0.5899945197902363,1.0,0.6722087947366071,0.12627196445267053,0.2445838397710801,0.5052622828648718,0.487929914432065,1.0,0.7010233002959616,0.09779689710025334,0.23039475511236407,0.47278365051264404,0.6630494472222825,1.0,0.768444296696686
122,1464,0.2292745407603872,0.3698081768192014,0.15580310534350886,0.2915883035910865,0.2351815056391211,0.16751555586917735,0.2915135755837718,0.7701570422659327,0.268390380210217,1.0,0.26936695494574614,0.15586548551882437,0.2893304551530597,0.5228965013568617,0.3193022367707337,1.0,0.3201797068183073,0.08729899406870877,0.23613653523269376,0.47774722995162877,0.6541575929510183,1.0,0.6192381684456445
123,1476,0.45671301639537526,0.5926773140818252,0.5492842533248027,0.6375348591689011,-0.13240545245991212,0.4576424556816547,0.5629265921692117,0.7509613177678174,0.07148196079732907,0.0,-0.002035061959948292,0.512232783678401,0.6060997667888476,0.5397315316992385,-0.052142498777891864,0.0,-0.12156379452728894,0.18260535889785912,0.35448003361198976,0.47543790867670416,0.6958928843897102,1.0,0.6001748311465287
124,1488,0.12027322016985857,0.2639137332118793,0.0998940439480306,0.24965700338931637,0.3150688284347621,0.19309468148980416,0.3232539224801882,0.7939983764086584,-0.0404730317517827,0.0,-0.6054669627794269,0.324460046995593,0.4498763531991458,0.5989314777928991,-0.36389654401396465,0.0,-1.6976915271526525,0.14012714024097797,0.3021252011337842,0.523288898959098,0.041200549220346286,0.0,-0.16507348887042572
125,1500,0.1947406613668706,0.35076617001896393,0.30109431451393237,0.43210427122656153,-0.11149877883579888,0.2045900486558958,0.3295606582572727,0.8244160970536629,0.1860800532653291,0.0,-0.05057694279095637,0.25152252667468034,0.40678892309142506,0.6187452369266874,0.054636776285328724,0.0,-0.29157683305202897,0.23220815419960852,0.40686754449618884,0.5375615047534776,0.15250639917037925,0.0,-0.19239686550182333
126,1512,0.16659715818927578,0.3208527282813643,0.14956984103279153,0.29663958104121835,0.13086990850195296,0.32205432949572094,0.46571488243155407,0.790461812062697,-0.2613968768004571,0.0,-0.9331321914256534,0.31649136953415463,0.46150457140600754,0.6061856828025747,-0.2613968768004571,0.0,-0.8997405056248304,0.25061275465319777,0.4114291494664097,0.5406537868384608,-0.0755391988894973,0.0,-0.5043038991605695
127,1524,0.10928381700178207,0.2610452291359419,0.20004114200544396,0.3841323314024288,-0.11538180963631554,0.10745290588016591,0.2844800257241284,0.8058367667342188,0.24099109345235417,1.0,0.016753725957305288,0.1072276978467759,0.284295897404383,0.6133247748974268,0.24099109345235417,1.0,0.018814488836646714,0.09250293260453928,0.2573264404435503,0.5277627164266951,0.3431364635833768,1.0,0.15355324198613185
128,1536,0.6207603951272965,0.7274896312482078,0.7886156811973176,0.805852622795962,-0.1333462931261352,0.21842909798459284,0.43254199882642946,0.7056807435087554,0.7709095091574032,1.0,0.6481265562378531,0.17497841374142198,0.37864199069449384,0.5639121023649266,0.7713629140630864,1.0,0.7181224589794586,0.30018204555726785,0.5126917067522182,0.4841092815612538,0.7048241533523731,1.0,0.5164284836571913
129,1548,0.13591328291564245,0.31595683289446413,0.1193509532738269,0.3102124028572822,0.11459523443818931,0.0179412778782288,0.10873533399045415,0.7759324049370869,0.5490725757172573,1.0,0.8679946691497074,0.054665904621593986,0.19924654397148003,0.6157648551423055,0.3848200654950925,1.0,0.5977883585114814,0.116957379087763,0.2894870938035563,0.5427598144577335,0.14858982949668373,1.0,0.13947057580563949
130,1560,0.12698155055160026,0.30787122688140967,0.0544312613049451,0.1957891680562318,0.45374710910793226,0.05622827300695322,0.20833299475627456,0.727829328210092,0.47435066604374426,1.0,0.5571933657865968,0.05819995240129047,0.2099805581162466,0.5903841919787919,0.5488025979139258,1.0,0.5416660755166923,0.06282592939973008,0.19780831944199476,0.5198526441094391,0.45451593460381223,1.0,0.505235767504665
131,1572,0.06598051018602545,0.19516923962338542,0.14560442750031508,0.30967598172948074,-0.10920972562872353,0.06321023421866133,0.22752941576654492,0.7356747059300376,0.2729931113530962,1.0,0.04198627684983958,0.050570415959442616,0.19134858155966547,0.5643501747553245,0.3126542101666016,1.0,0.2335552450736682,0.04783238411015902,0.18632997817021857,0.5269074361429025,0.24618857517903275,1.0,0.27505283036914396
132,1584,0.07047809326663909,0.20954021402540426,0.15523018171348027,0.3184402019017878,-0.20201718825569664,0.03584396665695685,0.1524552072715554,0.6729627989765801,0.40153066246196173,1.0,0.491416907075668,0.04349701598434754,0.1677774316169752,0.5534136647766484,0.3562189552715441,1.0,0.38282927405845535,0.04177374966981773,0.1629238832799818,0.5199575344610274,0.2876952257371353,1.0,0.40728036566234127
133,1596,0.10723740006419942,0.25771587685522396,0.15933339906652885,0.3306678582478632,-0.09355686932159936,0.048756072065018814,0.19148556394501223,0.6587099353033922,0.5106925099558544,1.0,0.5453445156649621,0.0950018135742644,0.24510115128384266,0.5166059312107949,0.21471260246112117,1.0,0.11409812698377597,0.06576392170888705,0.22011010867162784,0.4950667478058211,0.22586031612213833,1.0,0.38674453437404854
134,1608,0.0752246095803843,0.21170835986320868,0.13995640887171626,0.3082026964905293,-0.01362261428709809,0.04233487135155658,0.15139618348175013,0.723057292187865,0.13074080762368873,1.0,0.4372204576705986,0.029496574934321337,0.13258087500857949,0.5754654308979452,0.27124195693875475,1.0,0.6078866331263364,0.08788479111781881,0.25861059614314463,0.542663814423985,0.10882299556181611,0.0,-0.16829840138825802
135,1620,0.122376631561064,0.28830356113948247,0.1933945582204991,0.3528728503698499,-0.04972977946062758,0.06260079226735334,0.1943436371862378,0.7591563820919214,0.12009677374215741,1.0,0.48845795583026375,0.08370284409808464,0.23732258327209746,0.5767905377125337,0.043048759147885085,1.0,0.31602265048194067,0.2025361006689318,0.4133561773790535,0.5306280832622047,-0.035352562862298265,0.0,-0.6550226794555094
136,1632,0.04981479954260717,0.17639960290039994,0.08715876307170928,0.2465178150581034,-0.07868151725484375,0.07514888241649013,0.22850381673901898,0.7727554005448493,0.20492036134276898,0.0,-0.5085653883283108,0.1035595413046329,0.25502583571685916,0.5652364049937271,0.07193167200046414,0.0,-1.078891057587359,0.05378710764702629,0.19287103698887975,0.5247260143560369,0.14551824545572298,0.0,-0.07974152542803181
137,1644,0.105868187565081,0.27252384415704345,0.14413735066166197,0.33106407053149517,-0.16147070626871923,0.06307327713922455,0.19485031216698814,0.7948011560920268,0.35828103515275334,1.0,0.40422823333542834,0.07406440497400626,0.22515610641538833,0.594622930265733,0.33027182388458076,1.0,0.3004092477877153,0.08540034792766772,0.22617050530887195,0.5408837369092228,0.2839707810917713,1.0,0.19333323926822643
138,1656,0.15681073772621454,0.328737507398334,0.2211951136267549,0.3812196204290224,-0.018968398187282954,0.12325281547082086,0.2902680075709469,0.7815422846537354,0.36861844579339464,1.0,0.2140027063324229,0.12274557939691894,0.2844818841834437,0.5663974291788796,0.30982718882494986,1.0,0.21723740875941833,0.14154250375007785,0.30923409399915336,0.5008308501826987,0.31499013523843394,1.0,0.09736727342482399
139,1668,0.25633314881247027,0.36269307878977924,0.23186798937682276,0.35867657386847523,0.11715108850530057,0.22423603531957906,0.3432979287534917,0.814061409081131,0.2823433224476444,1.0,0.1252163976512184,0.21645854564062716,0.35342088083136924,0.5887000830509337,0.32553477056724744,1.0,0.1555577316339012,0.36482155073125505,0.4373513251497441,0.479955076355658,-0.06458625909660218,0.0,-0.42323204166681294
140,1680,0.2577577413989802,0.37553391876310194,0.10664121353035978,0.24836331739359627,0.3917711158818539,0.3258426379337874,0.423626464761162,0.784092010817135,-0.14875313351884306,0.0,-0.2641429745825534,0.3999760414253773,0.4815925082981525,0.5918422004878947,-0.3096359428930979,0.0,-0.5517518087119604,0.5506455440731557,0.5834456764092204,0.4806100236570269,-0.3657970181169487,0.0,-1.136291003655319
141,1692,0.49469339273224416,0.5970908432072609,0.6029654526047113,0.6836171583900059,-0.12896393482992066,0.4223569666243063,0.5231515743876598,0.7684217673795539,0.1540388039582346,1.0,0.14622476703886444,0.49222620945744905,0.5834602789945863,0.5941518307117197,0.1104275711039517,1.0,0.004987297811213098,0.5464334905099727,0.6220528374371698,0.4847347568983912,0.07426043688716875,0.0,-0.10459023414879765
142,1704,0.29202777438865785,0.41719827415005745,0.25237211785696084,0.39315999088665743,0.023982918158841036,0.3037937748822703,0.4583285880356061,0.7194790700349666,-0.016017980486176087,0.0,-0.040290689877851005,0.33570754081123605,0.4762747565434499,0.560599164396596,-0.08248496392797279,0.0,-0.14957401402664217,0.39551791487595844,0.5080944258316298,0.48053465867078254,-0.1609040106451249,0.0,-0.3543845810692179
143,1716,0.22485984447727758,0.3508898363270225,0.2737085766331845,0.3974837436140928,-0.10804034235505995,0.15498847147382694,0.3296151405672861,0.7192174078103536,0.34373795429949994,1.0,0.3107329953281688,0.15173671874488012,0.30270592466172824,0.5330876110107965,0.29353634035935505,1.0,0.32519423778124446,0.16749977898044913,0.2863113026841557,0.5021941666740466,0.3354091497826218,1.0,0.25509252499116075
144,1728,0.18308079049825077,0.3217313203762407,0.15590864326115428,0.321536052111598,0.06619120017623603,0.1686684526765427,0.2755611559761284,0.6639421407063021,0.23449312700713829,1.0,0.07872119069666006,0.16493656625626982,0.27293376752785015,0.5392502351997441,0.24032494890408493,1.0,0.09910501365327185,0.14069220659268764,0.26025205060864404,0.5498594713552696,0.3191606024156903,1.0,0.23152939087822066
145,1740,0.323991607491151,0.5069986944658715,0.3740401778931443,0.538631642322534,-0.12126788276655576,0.30101687358883716,0.4913407369979012,0.7575382285321253,0.07092305544604402,1.0,0.07091150934501089,0.2178862888802778,0.4268281283868684,0.6171718233351344,0.3623559432595508,1.0,0.3274940342822652,0.1888690376993377,0.39655104276925957,0.5862096173965654,0.3747383613714252,1.0,0.4170557714076092
146,1752,0.6953742511995423,0.7679292079046448,0.5379262915676167,0.6828990428180575,0.40605128768993765,0.18866602789742215,0.40611788699044454,0.7753658619494448,0.8536385203590854,1.0,0.7286841904600763,0.3075598838865647,0.5235186837187108,0.6458761768348591,0.5935791447705328,1.0,0.5577059642976221,0.20990573795247724,0.42546925491769055,0.6133359698021311,0.631168063191559,1.0,0.6981399043890635
147,1764,1.066021750419304,1.0029274058883209,1.1530570894870253,1.0342396730401626,0.014992548141132947,0.6650144211892159,0.796192132837105,0.8246418372999814,0.44548177014056234,1.0,0.37617180800706707,0.6827860266842748,0.8122313926223773,0.6669814905597782,0.3837708712744587,1.0,0.35950084844356034,0.7736948922266196,0.8639927038541731,0.6457839001910741,0.3434394198735976,1.0,0.27422222677698826
148,1776,0.10446551432477859,0.25091523994103343,0.2832088610749587,0.47069774623524213,-0.10569815053056861,0.021207164148811294,0.12261265006673937,0.7746455331494388,0.6648070175694188,1.0,0.7969936367433259,0.021346000899161093,0.122652035371708,0.6412417437237252,0.8065992176665926,1.0,0.7956646168151019,0.05973798074351152,0.1842976642591335,0.6108810594454325,0.5222902029224867,1.0,0.42815596965531777
149,1788,0.049777391489489564,0.19133924637602231,0.13764479780332872,0.33323040955357003,0.3670338319228077,0.04086856266803073,0.15052295313892086,0.7182135654345481,0.3489611303601398,1.0,0.1789733964532858,0.02718761715800248,0.12943301446313019,0.6033732224706556,0.4910561129706566,1.0,0.4538159524943546,0.0726674011949437,0.22485845581396294,0.5934609682217309,0.3979387536013444,0.0,-0.45984751350997044
150,1800,0.06372582983108556,0.1883719738028465,0.09718645815788045,0.2559106719141688,0.023456531922594625,0.03588155079682747,0.14508269163526913,0.6399919283821083,0.29708029307713163,1.0,0.43693866534281844,0.06866031277789732,0.20971209990403591,0.6023403492661737,0.299914594048008,0.0,-0.07743301201241803,0.073475688398239,0.21610220656178528,0.5982054725940422,0.299914594048008,0.0,-0.15299696517090222
151,1812,0.19879514840434487,0.39161891025167606,0.07294136635999089,0.20654935793463114,0.3031853454336047,0.055045949541120166,0.19061501968604824,0.681687480096216,0.4874008705186011,1.0,0.723102148201535,0.07455943647820733,0.22684812948186206,0.61168867243963,0.4678147887758672,1.0,0.6249433797722512,0.1756850927784418,0.35364681095961575,0.5759128848831271,0.18902799273031212,1.0,0.11625060174455437
152,1824,0.05358106156630099,0.18262359659974162,0.08854597282151137,0.2428524759869671,-0.07712082526818452,0.16788776597615993,0.34395276840985134,0.7572551877324186,0.07165862719986746,0.0,-2.133341540245825,0.09281757098126216,0.24618867933485658,0.6588848952597977,0.12591473531353659,0.0,-0.7322831662528759,0.09380863142814395,0.2460652203537378,0.6109677578136152,0.12591473531353659,0.0,-0.750779635302028
153,1836,0.08588232700488231,0.25170070909210546,0.06194853150220553,0.19786054845725698,0.20264990991331078,0.16291484819941168,0.3415609828797079,0.7731689401712544,0.5849045630215552,0.0,-0.8969542847872549,0.08370745003412854,0.2465161290947997,0.6668802699204354,0.21705500578763356,1.0,0.025323917581205446,0.17963032101274198,0.3520391581667253,0.5939920205668734,-0.008328134718149981,0.0,-1.0915865612552649
154,1848,0.06419515582673997,0.19668467071425996,0.2435185165693715,0.409193921271112,-0.0664865615590897,0.10713733153658443,0.2905995885407624,0.7441862486574561,0.22279750334508153,0.0,-0.668931715435719,0.05722264774433678,0.19947176106869838,0.631675198741027,0.33691586935491613,1.0,0.1086142403209005,0.04060661634742948,0.17344930609392015,0.5838057693837484,0.2183701133471208,1.0,0.3674504590809775
155,1860,0.17427951572755074,0.3645024802891939,0.08015577698116773,0.23356978398568295,0.4016925318838517,0.020494905438978278,0.10365933722918896,0.7589438334693626,0.7828824723911689,1.0,0.8824020978402434,0.06020146321997321,0.22160849876879418,0.6345130569595081,0.5194690382077789,1.0,0.6545694830017459,0.07382262921972509,0.2304686189932367,0.586950293423488,0.4088612103510322,1.0,0.5764124721626425
156,1872,0.06881656292342589,0.20769559141746208,0.17078364393380938,0.3210794117108695,-0.13374078702252326,0.0249336141670437,0.12813616128620886,0.8040468215045445,0.48450190404716115,1.0,0.6376800423062682,0.06921833365029455,0.20534449452808268,0.658180433626729,0.24932729758908662,0.0,-0.005838285287739886,0.02545481271649322,0.13216528994434268,0.5931370912865196,0.35024831157871417,1.0,0.6301063052972073
157,1884,0.11208848324393324,0.28653154153951726,0.13797147476056168,0.31050761444812436,-0.0004129627116932433,0.09227075753702559,0.27526494041876304,0.8001019969465011,0.3000743537696063,1.0,0.17680429900883932,0.029018185499985208,0.13747437380984842,0.6357495452069227,0.48183451425369456,1.0,0.7411135858013691,0.0902387665536174,0.28368179940210914,0.5747996337819193,0.2556395036107477,1.0,0.1949327536421852
158,1896,0.16429813094133916,0.33119840901170583,0.28229805464154684,0.4533773358917957,-0.16462750182587263,0.057605836879351835,0.2106806183304432,0.7597237224430782,0.5907826700100844,1.0,0.6493822750794447,0.042237033836039585,0.17903812787808993,0.6408738723542718,0.6104882616002552,1.0,0.7429244411117504,0.03605432719427979,0.15903909187982485,0.5783356663899812,0.4576479591059126,1.0,0.7805554634875755
159,1908,0.05397803154971381,0.1990798446619093,0.04937995245246787,0.19200069895314545,0.18359874414165966,0.037610931613321616,0.16207670318103898,0.8190518355084873,0.509931086165117,1.0,0.30321779928781,0.04504006856926707,0.1944924170157346,0.671246522841084,0.5858782428342139,1.0,0.16558519686318818,0.04551535703520487,0.18722138317985423,0.6147240469279528,0.4431257067119806,1.0,0.15677997643754027
160,1920,0.12873726605485,0.2923843880038832,0.1193217815967202,0.27775015278032167,0.08481244927098744,0.16373309294234348,0.3617987965114,0.7991260420863655,0.11213825260997376,0.0,-0.2718391337639803,0.10981177804432878,0.3034451389600988,0.6535938276257074,0.35416022099808836,1.0,0.14700862143878213,0.08200229348966126,0.22204927427537746,0.5866144900948506,0.3813862959415081,1.0,0.36302598305355316
161,1932,0.06472145878839408,0.19358801266547213,0.18591919040338087,0.36291831556578585,-0.4160969924042662,0.09021893750806587,0.27316187968347116,0.8207975185108529,0.25888744720485746,0.0,-0.39395710784324933,0.04970755167643859,0.19988796828095365,0.659828827306425,0.36458758079832726,1.0,0.23197726678323582,0.07760739368864156,0.2587693428918116,0.5989783378461577,0.2562902051092548,0.0,-0.1990983383483036
162,1944,0.11227294237554537,0.2707269451497877,0.057727624490548135,0.19213828496289817,0.30002658661879267,0.16999279624234567,0.36053604487434504,0.7905878841719209,0.17699533458833933,0.0,-0.5141029765990395,0.12844904139872285,0.31000534142110614,0.6399845931117129,0.19933700285185224,0.0,-0.14407833874229037,0.15328200741960413,0.3584974278899395,0.5909394435984632,0.1092882294462906,0.0,-0.365262227713657
163,1956,0.05101564084114587,0.19493768857542962,0.06727606830940407,0.21561526568326328,-0.0470962102715148,0.050070844413123504,0.17786160848796853,0.8157458002822106,0.5254934844801868,1.0,0.018519740464778334,0.08750661019276917,0.25322497710987224,0.6465358138214649,0.5335057554947048,0.0,-0.7152898356260984,0.03906502908679943,0.16088151720894314,0.5795385562352988,0.5059303413818409,1.0,0.23425387895368477
164,1968,0.1287943109147329,0.2588146639375534,0.1275602903030646,0.20472790669964266,0.23116459500636294,0.14842815347493654,0.2821020848774853,0.85093506387727,0.059084963335965954,0.0,-0.1524433992523322,0.15540880610361912,0.28624867525533376,0.6580709980587459,0.03566556087103112,0.0,-0.20664340683887894,0.15705122001873875,0.31443476292080624,0.5814445872768476,0.06873739738257391,0.0,-0.21939563093522896
165,1980,0.462272736102953,0.4689212682465367,0.5338458567357501,0.5377762681208571,-0.12115744135906707,0.380514999323434,0.394476831853491,0.8701720958960308,0.23678799975919076,1.0,0.17686039083496952,0.3223356636799615,0.3537765893337463,0.6727321187659893,0.3133124339727711,1.0,0.30271539178946083,0.2984848579583221,0.3458936274401307,0.5894895221962697,0.41445659896486464,1.0,0.3543100541152261
166,1992,0.5720270534509612,0.550304558114175,0.5010023013054998,0.5147824378571585,0.15249398943331832,0.6292346373562943,0.5636869130968937,0.8836443920105467,-0.05641516818000628,0.0,-0.10000852854809494,0.6198633012795359,0.5539465690265959,0.6631361126152061,3.3819687965175316e-05,0.0,-0.08362584870765333,0.4318048810532275,0.4717093764838185,0.605575292023351,0.3033926313436253,1.0,0.2451320642123348
167,2004,1.0248393123946011,0.8099194129441522,0.8717742041871842,0.7243110477081501,-0.036592944071615306,1.002976125065486,0.7492519424174091,0.8889070458192834,0.10504416343806793,1.0,0.02133328324225814,0.9948171314686473,0.7451082263165721,0.6831836185873087,0.16591666438599653,1.0,0.02929452506637864,0.5955086908380859,0.6120477979026048,0.6054646304896592,0.5346259609778583,1.0,0.418924817153391
168,2016,0.7754134197311245,0.7244769723226412,0.6714411079317152,0.6710143505057085,0.09022732814362412,1.0304864672958534,0.820980245059841,0.8844443660126163,-0.3094132417964919,0.0,-0.3289510357625429,0.6509921742262964,0.6930032075175124,0.6758146583238087,0.20321103439550253,1.0,0.1604579471270582,0.45824174144142504,0.5650376654644228,0.5956222415277572,0.46820395139086973,1.0,0.40903558052900235
169,2028,1.153725123755655,0.9543000175917435,1.2227762670384645,0.9665479287013558,-0.1471835440791199,1.257734317083219,0.9767145476083762,0.8891752305905065,-0.059800769609900814,0.0,-0.09015075704426789,1.0093887918494575,0.8638256949726723,0.6581573192441671,0.10049549439023271,1.0,0.1251046102180281,0.8219441999769673,0.7906461243812827,0.598922034959334,0.3814947143517388,1.0,0.2875736316625058
170,2040,0.7877226990290241,0.7723790504422355,0.8028541598381596,0.7856762732991222,-0.1645368142866946,0.9262777319275712,0.8507821275553417,0.8835867923027412,-0.1744068341593274,0.0,-0.17589315766745717,0.8501850276808822,0.8081808170915309,0.6582251801124313,-0.08747188628195518,0.0,-0.07929481875900168,0.49942588372702906,0.6070061945386647,0.5870921400353717,0.5077016711389797,1.0,0.365987695488984
171,2052,0.2609884074249688,0.40221891369181084,0.3207788091473937,0.4592622346693817,-0.06640403290007238,0.24343406880411955,0.41527344971432556,0.8280093485833699,0.1446187622666184,1.0,0.06726098984260798,0.18739092378997138,0.3770078616392903,0.6641330017881139,0.2905638395565949,1.0,0.2819952210182204,0.17083710110399394,0.35016297864482343,0.5338335113809217,0.29792695693696347,1.0,0.34542264620275265
172,2064,0.21686386042695624,0.4316214983385551,0.4536010508976603,0.5813226098831302,-0.21300769270841197,0.38749612770942266,0.5041944071633255,0.8088365458322357,0.4151079735029751,0.0,-0.7868174390446145,0.39087310751998006,0.5067008263157159,0.6920241676755128,0.4151079735029751,0.0,-0.8023893273431484,0.4489126514658093,0.5553957071424115,0.5494106989512524,0.4191077160144082,0.0,-1.0700205676593653
173,2076,0.7965831668056058,0.803336738777495,0.5569998935757062,0.6363945524027733,0.46794452070128073,0.6707208112535978,0.6833514705845752,0.87123665893525,0.07827470776848906,1.0,0.15800278087312736,0.5903299613450755,0.6149571985752318,0.7236959932066859,0.1836080854416741,1.0,0.2589223750328925,0.4930806359580237,0.5806517313365278,0.600267087417946,0.20795486469571958,1.0,0.3810054536611208
174,2088,1.0263666375119913,0.9434071273862111,2.458643775741834,1.4608094508704088,-0.09702773689009433,0.2474848595597321,0.412433223723726,0.8039159056123657,0.739103209562314,1.0,0.7588728525318608,0.7324071088498076,0.7162172680236926,0.698574528972735,0.46809082634408067,1.0,0.28640791498715223,0.6709957792243159,0.7063141264548074,0.5727883138399671,0.4952971070244603,1.0,0.3462416307189482
175,2100,0.2927367857046177,0.49314530418616287,0.5236499068081469,0.6526438808396553,-0.0216906989841938,0.34122261723229125,0.5180117460205268,0.8329910492043915,-0.06492032171072801,0.0,-0.165629445616027,0.8770785289796162,0.8244680713441213,0.6790581380779395,-0.21546054204558907,0.0,-1.99613363202198,0.7039221533753209,0.7507812697450572,0.5905739100236607,-0.19605718206650508,0.0,-1.4046248635304912
176,2112,0.12006373660053453,0.2907973736771003,0.4998630701723719,0.5995202625391299,-0.13130773304597748,0.09260130065878085,0.216403575257356,0.769833959288849,0.41157367998978833,1.0,0.22873214443695244,0.16575674785159666,0.3018532501117199,0.6148357285157806,0.41835682918023354,0.0,-0.3805729568711316,0.15957413188488556,0.33282666155848617,0.5510561682188034,0.25326378991573806,0.0,-0.329078507824611
177,2124,0.4359683494014506,0.6249994834255582,1.7026251512272372,1.253328125577241,-0.45647539717729957,0.5203032452419948,0.6546946020003256,0.7134495727354293,-0.02335443734581293,0.0,-0.1934427027932859,0.3631692118402756,0.5344758001157147,0.5845720211286884,-0.0896105631041177,1.0,0.16698262078227077,0.922202153200154,0.9006813743189612,0.5445229505428475,-0.41430016271239545,0.0,-1.1152961091470592
178,2136,0.07384647664406595,0.2173659123986242,0.07429258333033169,0.21049820789238471,0.3316826133159775,0.16975152174835395,0.3592085601614787,0.6575921142774948,-0.18369557697748323,0.0,-1.2987084755111957,0.08441428704556654,0.2164512261856817,0.5432955765043375,0.27831930510127745,0.0,-0.1431051403093555,0.10999011845040078,0.2663427771313898,0.5064140648414046,0.12428445862707735,0.0,-0.4894430099968652
179,2148,0.10857517463858708,0.25816196542903186,0.2741068498948545,0.4622824998942936,-0.13083289389653496,0.11900591359416084,0.2924773086928128,0.7350577776709827,0.10966050656807336,0.0,-0.09606928094101108,0.2708848363426338,0.4829867642949502,0.4634673002143139,-0.04144040140404133,0.0,-1.494905831322169,0.17609883614751823,0.36181508828668046,0.4639063914538185,-0.025310696360452467,0.0,-0.6219070034535645
180,2160,0.09791632723823047,0.24562990421044725,0.4115010208707515,0.5387348304000705,-0.5385925468794227,0.36434374737548686,0.5244794742210002,0.7528699204856937,-0.3798307517151165,0.0,-2.7209703187604077,0.03917022856935475,0.1616763502498815,0.4836907065090781,0.524473853890164,1.0,0.5999622363893045,0.1084351176819025,0.2649410612856045,0.47592347238705185,0.21437235581864553,0.0,-0.10742631735032093
181,2172,0.07815437571148658,0.22575236741015525,0.12389192446536686,0.2764209827828949,-0.03990982341142805,0.21968288018204066,0.3710860142688687,0.7589926784658477,-0.07179531169410654,0.0,-1.8108839483667354,0.116105450541627,0.2707562697270824,0.502586032529972,0.29199192446114575,0.0,-0.48559117112316263,0.11794250625110377,0.2752002109384249,0.4851820940821579,0.276585294726917,0.0,-0.5090966459318722
182,2184,0.09025939696770104,0.24436536411232224,0.14648975370949557,0.31423424430168834,-0.05073003128888768,0.09875616373067946,0.25959858396730534,0.7052958548277317,0.04523954194548478,0.0,-0.09413719843507207,0.09876178988941735,0.2417883131241275,0.4793394122805134,0.19821480636553118,0.0,-0.09419953165384931,0.08592130490807902,0.22641222313835918,0.49343295736716913,0.29736185330906084,1.0,0.048062497705079754
183,2196,0.11953598367417591,0.2858152923946036,0.18514137981008574,0.3559726367139111,-0.18518101829096412,0.11590383535271466,0.27614625472152426,0.6565186429586174,0.17101587740411972,1.0,0.03038539701452192,0.1271686675020003,0.2862062140858311,0.4822327502070619,0.1505478034119974,0.0,-0.06385260398767545,0.07945100961925429,0.22193681495176834,0.4827855563857434,0.5462935808153612,1.0,0.3353381368758621
184,2208,0.1824639776833736,0.36928030404112205,0.07697552715935346,0.2270236067644369,0.36710978918880793,0.10698898572419906,0.2681961106905968,0.6679165628800285,0.3097637767325923,1.0,0.4136432457377692,0.07636038659944457,0.20630751288191196,0.5413452562273672,0.45829531331806617,1.0,0.5815043189952191,0.09814644166316593,0.2451338799417074,0.5454896043422413,0.39111533870281756,1.0,0.46210510748879075
185,2220,0.4796850185807647,0.6449383905852312,0.4395582928003203,0.5953675360169557,0.19180472186717046,0.3453432883883935,0.5560528507797949,0.6597851450740448,0.28440171211360193,1.0,0.28006238466618283,0.1578265124819511,0.34362285028149575,0.5811860863509251,0.6116449108300619,1.0,0.6709788582747289,0.18522971828033988,0.37381972859760576,0.5649887203484959,0.7854429339429672,1.0,0.6138513584844161
186,2232,0.1091741144688146,0.2798693219038721,0.04573886656380129,0.1653870988221303,0.49043192555670034,0.05668727682444069,0.1811949701172347,0.7280042459416013,0.24242291817557798,1.0,0.4807626597179012,0.04644856236425251,0.1783840977521742,0.625397323512002,0.5449965949314196,1.0,0.574546012209511,0.06751612544801655,0.22122960173327413,0.605399206527285,0.4563942511440192,1.0,0.3815738668775517
187,2244,0.10161483537394878,0.26973818302962543,0.0540318302218026,0.18932970306430186,0.243747934384481,0.03742045267019037,0.15151549740417056,0.7188007443855148,0.4385015136202822,1.0,0.6317422300348091,0.033673638059005966,0.12218309538839134,0.6271086824729647,0.439121267023867,1.0,0.6686149425417565,0.059340467882485426,0.20130296569291417,0.6165912282210423,0.7364362991685617,1.0,0.4160255472135649
188,2256,0.03836262716109064,0.15093370650683613,0.04840353148370125,0.18351317238486567,0.0926123506389254,0.08135216008159023,0.23403232922831263,0.7432283726290306,-0.011152682359353955,0.0,-1.1206097210177983,0.06693728705725592,0.2068998775760753,0.6296767159163315,-0.01548170692973933,0.0,-0.7448567006679663,0.09597393396885279,0.2630971565148165,0.6320672140195034,0.004454362905149533,0.0,-1.501756033700281
189,2268,0.02914735245138056,0.1359088947425645,0.04250827822049915,0.16483587669798822,-0.014681602935344078,0.024281676968040112,0.1245131916502205,0.8286276402698206,0.2580820974694459,1.0,0.1669337032053484,0.038999434713919985,0.16416290056035523,0.6757226243589138,0.1276234831012891,0.0,-0.338009508032445,0.042917555883381274,0.17783562500425884,0.6523637578149123,0.19797404933533566,0.0,-0.4724341071790379
190,2280,0.08357295249416902,0.2549393384658288,0.08354984355067935,0.24370864325832184,-0.03607272747815906,0.1607065095577989,0.3702615512976631,0.7738227209805661,-0.2172874703176287,0.0,-0.9229488101310237,0.17926693499986232,0.374252825434437,0.6538392976196653,-0.19677244842508593,0.0,-1.145035321234702,0.1645923871142966,0.34834540752489457,0.6192599081401747,-0.1322410389288031,0.0,-0.9694456424257647
191,2292,0.1613274054735022,0.3618497088859914,0.05811931082125935,0.19906289217412107,0.29153927141497155,0.09731114236938294,0.2763421567318931,0.7842546307043824,0.2146800777230163,1.0,0.39680959918886083,0.05440907863519593,0.17976502725957547,0.6632765703411788,0.24532442439930935,1.0,0.6627412529476739,0.0715913755649933,0.21769965193362906,0.6118948382847736,0.4057151986181469,1.0,0.5562354991399643
192,2304,0.03648569063059331,0.14730917134972685,0.10588062956762019,0.26450878623979907,-0.20603358925140616,0.04928555344996873,0.1891620795701975,0.7495801763571395,-0.01934038848243431,0.0,-0.35081870722882025,0.03481181942069164,0.1504119852436755,0.6267979340258408,0.009056228331625005,1.0,0.045877470892605854,0.08855225809940477,0.2475558714708754,0.5803848629876927,0.035589342869630156,0.0,-1.4270407540306653
193,2316,0.027179014200030018,0.12880852278473567,0.05477741067787667,0.20208591219531966,0.12547620048500616,0.05989965982866652,0.20598716042856902,0.711316591137515,0.07470317378495947,0.0,-1.2038937611136888,0.034143537467764364,0.13952575694931618,0.6588926375246265,0.37913986828562296,0.0,-0.2562463530309591,0.042427263142432836,0.16790947290175048,0.61438228310411,0.4342619674365233,0.0,-0.5610302430463419
194,2328,0.057234607314580514,0.21475958284437957,0.09293098347912669,0.26030245943552927,0.1293936562818382,0.061058575113452994,0.20361663188658063,0.5437348082426412,0.3702131736019368,0.0,-0.06681216100347598,0.11821871948183392,0.2974678503282733,0.6239560032761088,0.09031017397625636,0.0,-1.0655111483872748,0.11424289631279538,0.29189512934951584,0.6014614220333183,0.04063097767745956,0.0,-0.9960457784724246
195,2340,0.03201816453256189,0.13750378144989836,0.03787249683465476,0.16061263816771296,0.09953125832112047,0.03249163991590876,0.15800092814085676,0.6674363230023564,0.4360465265701615,0.0,-0.014787711608682308,0.037787782429559776,0.16447786243426413,0.6809345136040728,0.23283400352361072,0.0,-0.18019827123851173,0.0457570626605715,0.1735668277284185,0.6337994268748883,0.5301662291631069,0.0,-0.4290969931782753
196,2352,0.04294442406901195,0.16382098508143592,0.03471362611156829,0.14306822339997016,0.16187765632326978,0.0476598192355952,0.16622842349096223,0.6254743146026774,0.02337983106453061,0.0,-0.10980226813626803,0.04204329400468123,0.1594068953266089,0.6514011491190214,-0.009504971514024785,1.0,0.02098363370486933,0.046068363704383025,0.1755565302984595,0.6355765160020229,0.033552893747792106,0.0,-0.07274377764039608
197,2364,0.05693216619275521,0.2019937480809647,0.05539730112666352,0.19799106710215217,0.12711373577282492,0.025914913270449463,0.1263018402092705,0.64740451447608,0.46224085114550045,1.0,0.5448106930850065,0.031223022320902405,0.13993256018416492,0.641579806073921,0.24052246512301748,1.0,0.4515750162185884,0.02806869828889466,0.13512775008637712,0.6274776483020889,0.45411188450121803,1.0,0.5069799699195973
198,2376,0.031366896624377666,0.146294343335877,0.027664741445502117,0.13550976330422979,0.22565378717815823,0.030252268046058007,0.13941905571688332,0.729372327759596,0.2859798251508091,1.0,0.035535188312298405,0.03589841651637662,0.1504129645964122,0.6878433195442574,0.4068667426045051,0.0,-0.1444682254117915,0.05233379285378666,0.18222720360716274,0.6407133300101987,0.0983277549748262,0.0,-0.6684402502577824
199,2388,0.04717936036911238,0.18558180922340864,0.06966875873281306,0.21705580531443167,0.01411352244037244,0.045042022737430826,0.1665663282931856,0.7766179801572759,0.18539279606124143,1.0,0.04530238678438803,0.04512753327567353,0.1675910243963318,0.68322322010883,0.23096828511835396,1.0,0.043489930287019196,0.09048211021199525,0.24172840174086177,0.6539173547577353,-0.16860732535270653,0.0,-0.9178324908201283
200,2400,0.06777231921634529,0.23183450453598306,0.056283550506478354,0.20807094966758644,-0.13060054991608244,0.07548102014893242,0.23987059813513456,0.6773937164639104,-0.05792466685038904,0.0,-0.11374409230380822,0.05887931564619283,0.20370449434250562,0.6302419339366188,0.13862269161503407,1.0,0.1312188172543407,0.11444360126243262,0.30029081190247836,0.6315375014484287,-0.18412858420102313,0.0,-0.6886481469979144
201,2412,0.06849878446976461,0.22894666376293393,0.16957289833562314,0.3315281985378883,-0.4278052386368188,0.10907691221958832,0.2666732349831776,0.6768288983911301,-0.13204228546140034,0.0,-0.5923919389800985,0.10925712280238818,0.26838724903634675,0.6502294244410068,0.2004677239716103,0.0,-0.5950227970923239,0.17897138779826327,0.3473030396159377,0.6475831143483888,-0.18834724413759046,0.0,-1.6127673532259732
202,2424,0.19187106693929298,0.36465576761989044,0.16446465382101363,0.3401582088860369,0.008036445589974983,0.14122013277471068,0.31856699854457543,0.5965816652695879,0.27759650475116704,1.0,0.2639842211364155,0.1784630919765978,0.3637404947533794,0.6121742284636632,0.2380695351860677,1.0,0.06988012927940512,0.25405877979033537,0.43896322073018323,0.6030843878996166,0.04368588004128043,0.0,-0.32411198750835246
203,2436,0.2668850825718865,0.46759542490778677,0.27560730259668104,0.47535805500631495,0.04945167191754928,0.23020689700727393,0.44311073107495097,0.6990529000583218,0.16168210448647408,1.0,0.13743063198271166,0.38675149361581657,0.5763659677024462,0.60779280548562,-0.2946204597376079,0.0,-0.44913117619319776,0.3190371075485192,0.5292122543545467,0.551404577983102,-0.05856366258437238,0.0,-0.1954100411834947
204,2448,0.1828431364249615,0.3928527879038833,0.24142630788482813,0.44877025475384147,-0.2799992834149419,0.08541716732570497,0.2597315532764246,0.6320999218040049,0.7626548126465631,1.0,0.5328390827469751,0.10526242115693563,0.2876308811426234,0.5694822236731298,0.47372061315870173,1.0,0.42430203717198245,0.07731594282326719,0.25837174373080835,0.5274016438637157,0.5491630925251458,1.0,0.5771460480552546
205,2460,0.07943593022671042,0.25857524375672875,0.07693463926156997,0.25833043283447304,0.07660733506386755,0.07324364907079163,0.24997655150181475,0.6277085211899515,0.14221913650919854,1.0,0.07795315215980969,0.04047233895913988,0.17130379598962975,0.5691165186676369,0.37002110830773194,1.0,0.49050336738511546,0.07362242725302541,0.25106648677263793,0.5419537769145897,0.22142346389672238,1.0,0.07318480386763582
206,2472,0.03445465151767324,0.15797053540619674,0.010125145670103771,0.08532798419770256,0.4310563072018924,0.0653763273653921,0.22512466840671808,0.5920296019296711,-0.08778557702028882,0.0,-0.8974601247050151,0.051933895129557685,0.20145304772167769,0.5408681787204986,0.07014953511844779,0.0,-0.5073115774489434,0.025191460427476803,0.13369276679016903,0.5196817437999599,0.28562670438657456,1.0,0.2688516842332582
207,2484,0.06696266937603386,0.2134053861614329,0.0779298846601242,0.21319159577060462,-0.011860799178280545,0.03919088401291793,0.15564372609967733,0.701766810950026,0.16823588905126644,1.0,0.4147353386879098,0.03762160642166868,0.17121795938722237,0.5137952271510993,0.4349620159813039,1.0,0.43817044971128993,0.031713935071714265,0.15816679802361136,0.49336335120539915,0.47850965907075177,1.0,0.5263938046791071
208,2496,0.06532532945073834,0.17039801910746133,0.07486115742952074,0.22413838560852337,0.010703850009144578,0.06516794293592774,0.18879688634652614,0.7722985851079827,0.024872661311818655,1.0,0.0024092724236358665,0.06952171338033357,0.19998046150791407,0.5909665832195898,0.4011203618076184,0.0,-0.06423823599327916,0.06219160065719311,0.1854631968347861,0.5564539513942177,0.2746035499278567,1.0,0.04797111350059646
209,2508,0.06355530401828187,0.17615553745211887,0.13464452367571247,0.289299727999561,-0.34563974730925384,0.08379796140262318,0.21319874440767317,0.7916518433099223,-0.09239186381046824,0.0,-0.3185046110159184,0.047954127883142406,0.1800958034651572,0.6209284821311484,0.35739536752303824,1.0,0.24547402260323925,0.06376882882737875,0.1923752198109868,0.5782648362314504,0.10635490893119959,0.0,-0.003359669383934616
210,2520,0.047871100295432734,0.16322734674801356,0.21094254818626748,0.376756778739189,0.10491288468667952,0.06550841185164093,0.19606802355020633,0.7976785957980752,0.008643510083937841,0.0,-0.36843338564104244,0.07262143855356248,0.22782988677567095,0.6316809372132675,0.13104214353314836,0.0,-0.5170204592203853,0.06186123472280677,0.18972494517053215,0.6093567817342374,-0.0025676724123537276,0.0,-0.2922459342073822
211,2532,0.13219839382933155,0.2631952031118206,0.1564395260350733,0.30990082284349685,0.032533573865892784,0.1186403391972665,0.2589114359347841,0.7432727217464603,0.24501510584711253,1.0,0.10255839151547119,0.13055962622190367,0.29667395122770684,0.5860707345357246,0.25451062350724785,1.0,0.012396274719823963,0.12571864951731856,0.271945639619073,0.5539994904995548,0.30004039019595735,1.0,0.04901530286652611
212,2544,0.19458142878575355,0.3418234098582336,0.2650648958668323,0.40554546511219125,-0.33197804830988437,0.2290290047403087,0.36492297537710777,0.6926565883678977,-0.08625579943429924,0.0,-0.17703424303911408,0.11578813067926974,0.2425345943621162,0.6259040589499538,0.30965841922430626,1.0,0.40493740126268785,0.1196191114108998,0.24766302712938182,0.5613130059988171,0.30965841922430626,1.0,0.38524908488256604
213,2556,0.3753156509630404,0.5436696406564029,0.4019014921632591,0.5545783318746353,-0.21374716815842282,0.24661492682985744,0.41471991910664424,0.5822798099749237,0.7438514528609967,1.0,0.342913288595729,0.24776107689275276,0.415832035603747,0.5825759283670575,0.24350788881116783,1.0,0.3398594589460612,0.24987977299514252,0.41464950518068067,0.5237483881256035,0.6075370540219259,1.0,0.33421435436021907
214,2568,0.18694293406557763,0.365250664971269,0.17407697991237572,0.34115906972367793,0.2283023078892174,0.19182243832703735,0.37095432610648843,0.6880868921798644,-0.0019861389492206393,0.0,-0.026101570973247057,0.164946321646185,0.33404225792257264,0.6512603533718095,-0.01481786934058733,1.0,0.1176648506633391,0.2230743536712685,0.40790353777897476,0.5492383724875955,-0.08108202065423209,0.0,-0.19327512851069484
215,2580,0.10045889689105164,0.2471987618311535,0.09204644451319104,0.22316614514276045,0.034756873751044484,0.1293008508846382,0.2878091153473752,0.7282237316081979,-0.09757616766149954,0.0,-0.2871020376111222,0.08522814991366057,0.24569708674562984,0.6039361686108524,0.29083707812257525,1.0,0.15161172826642644,0.05476597643773262,0.17621933488163113,0.5441764197704335,0.49639356595212814,1.0,0.4548419489701674
216,2592,0.0731859206856087,0.21337814893719523,0.06925513157885309,0.21184630126131224,0.10700248650837377,0.2882075249321756,0.46084730939949453,0.6969644092775413,-0.3738303594850317,0.0,-2.938018709503628,0.31136342126815403,0.485531175124622,0.5907331256371424,-0.3864051005048058,0.0,-3.254416947293807,0.18487881949079812,0.3680002496384876,0.4677914789926878,-0.1269582004047683,0.0,-1.5261528140774319
217,2604,0.2125373299669693,0.3950834299640731,0.18186586529901747,0.35131148740032375,0.16242426603660415,0.2895618729914556,0.4737185429928535,0.6743760563000442,-0.20774498163057173,0.0,-0.36240477395879944,0.26646398395237414,0.4625282547470213,0.5083884772152236,-0.2057286564308914,0.0,-0.25372791685011586,0.2497413056956402,0.45476798280480074,0.4427695233237749,-0.10093716913234116,0.0,-0.1750467822967985
218,2616,0.0578116290211817,0.1847156600798591,0.06847571394282757,0.205654508678588,-0.053264210483684,0.052683334625790466,0.1819863611791309,0.6236849831910118,0.28105188940048353,1.0,0.08870696920704768,0.05579995614932129,0.19026490903682838,0.5070254070899378,0.25839581881131946,1.0,0.034797027966870675,0.048733028604272956,0.1828537055140621,0.42789593722972696,0.31560529642143614,1.0,0.15703761631734026
219,2628,0.23708003292529156,0.4317327677041116,0.2140899409852038,0.4009689629406337,0.10875683061089758,0.08015842339281788,0.2262125386933862,0.6956678048429286,0.5418317043445748,1.0,0.6618929801731666,0.06422522726146497,0.21001528399933256,0.5883871863454161,0.5943877971191467,1.0,0.729098960933148,0.11841113480651334,0.2904296031609343,0.515819287179655,0.49948201302107903,1.0,0.5005436208800134
220,2640,0.10710073504887323,0.24563332672572682,0.11731386188566349,0.2802506682539963,0.08779310825885268,0.2719083723489302,0.4184357898759223,0.6865383597014634,-0.09101219791040023,0.0,-1.5388095816975524,0.10238893130076317,0.25103038077189876,0.5485754362368036,0.1004188256065004,1.0,0.04399413081488124,0.2531135406819233,0.38820267130958164,0.4618761933347028,-0.04824532758876511,0.0,-1.3633221617612628
221,2652,0.19890788238840995,0.36113336176934535,0.11946291054510562,0.2687373074180092,0.2649693093306271,0.22230280203220323,0.3862625262203438,0.629154716562965,0.0043665477841628554,0.0,-0.11761685541505962,0.20337698896991843,0.3623200470225767,0.5368748853595774,0.0033018143700717763,0.0,-0.022468222615640743,0.21915001834161255,0.37307307856766925,0.4803294344845441,-0.061449573229765055,0.0,-0.10176638406755312
222,2664,0.19158697629184515,0.3659679798970748,0.16018630631411404,0.32350726473772207,-0.056472531135659254,0.15784881919672053,0.33218900418629205,0.5706692522652347,-0.0778334764512115,1.0,0.17609838491177587,0.19084625742790554,0.3670006035583601,0.45661064485173936,0.06521115605262864,1.0,0.003866227643841924,0.19435640505101048,0.36823576525356155,0.4127992793396366,0.028146974988472094,0.0,-0.014455203650934223
223,2676,0.4565690712033268,0.5930383236782323,0.6753096849334881,0.7165499417431463,-0.11426780754500632,0.39109135749346197,0.5427729594252261,0.5556125807211167,0.02937812108367004,1.0,0.14341250391160465,0.5574790282098351,0.6584770395430617,0.44246216767210694,-0.017523532702573636,0.0,-0.22101794311329814,0.3577084247892166,0.5119378014479606,0.4193289729040745,0.3146785334313571,1.0,0.21652944242051808
224,2688,0.13803361907017528,0.3044759461199817,0.19677592898635377,0.3661768747712666,-0.2355605071406685,0.10623466958951473,0.2627312104155238,0.6469953686435794,0.1756089302764118,1.0,0.23037104797269858,0.2217833798379786,0.4095429310061032,0.48290721772132406,-0.31104864082566286,0.0,-0.6067345138956732,0.14204730511588248,0.3138916104541251,0.47545869418441633,-0.013230745720238524,0.0,-0.02907759770948748
225,2700,0.24983780603461683,0.4136838711286126,0.22365498297107422,0.38477798244009165,0.30673723292798477,0.09419033786413815,0.23498189106412745,0.5029457605320262,0.6755510439793133,1.0,0.6229940561874474,0.13559315310843825,0.30482981643549123,0.4033292675678549,0.4003361500466839,1.0,0.4572752808690177,0.2016546089355421,0.3833415112866232,0.4310943096165718,0.27543446208522715,1.0,0.19285790995298202
226,2712,0.13568867262453296,0.2951552461979063,0.19056756055994142,0.3600305306068409,-0.15682372331670819,0.10621141028268162,0.26285986020597785,0.579011609169474,0.23584967216949998,1.0,0.21724188004564327,0.13133876194617086,0.2946645799020629,0.4437963844655849,0.11646055744302666,1.0,0.03205802366715482,0.11787107090571318,0.2802522908476502,0.4503315334128549,0.19685575449465548,1.0,0.13131237393797235
227,2724,0.2855356246129089,0.46268366838452263,0.194569735993772,0.35805283061098364,0.482020093196312,0.1390700666837358,0.29817481267798107,0.6591010642266838,0.4104039063299901,1.0,0.5129502076237651,0.36576107537264124,0.5020156556327957,0.48285334512458855,-0.13802943146803007,0.0,-0.2809647688217234,0.3995193989753269,0.5283027290016723,0.4326288741140073,-0.11077177798449625,0.0,-0.3991928310764796
228,2736,0.25327898519878295,0.43141491059633474,0.2310165035674662,0.3860781429396967,0.16222122748657625,0.15843758167641073,0.32519362229773807,0.7530770399085103,0.16192178557881565,1.0,0.37445429374228223,0.16126018447986554,0.34310547591496515,0.5097872166814665,0.12230183014666285,1.0,0.3633100497725762,0.1730012363462472,0.34791173194602365,0.46123109743270874,0.05229584347163798,1.0,0.3169538475113943
229,2748,0.11030061419696191,0.26592519843284323,0.13443603778585814,0.276632213620505,-0.005550298941970538,0.11654117637492208,0.2684268377759771,0.7798856815867247,0.027443143038019334,0.0,-0.05657776453371777,0.22637170189047753,0.40226968057767243,0.513304166600479,-0.07846116300683723,0.0,-1.0523158781894857,0.3013341956312797,0.4536467132289839,0.4766417894096799,0.11594266624313627,0.0,-1.7319357904317054
230,2760,0.40475047232280675,0.5745126679638031,0.389734615784054,0.5230728289227954,-0.032133930938503516,0.6090875725317435,0.717233800283649,0.6996349060599074,-0.38306729900630454,0.0,-0.5048470951405555,0.45848172823751904,0.6122004946613369,0.4743897625191096,-0.10146093129214484,0.0,-0.13275155827825502,0.3136480121041862,0.4277997055435436,0.44951895889877846,-0.09805587972059057,1.0,0.22508302385861634
231,2772,0.08229577353254747,0.24506801250736632,0.2037384948984172,0.37076636920127576,-0.09016310994377871,0.08146059681005752,0.23971061635810206,0.640955687943554,0.09453358944851045,1.0,0.01014847648475703,0.14435998025784558,0.31913157497897143,0.457365398602209,0.014100191654042488,0.0,-0.7541603178534084,0.10604247980075228,0.27398747070294854,0.44792867293227767,0.05506900812237252,0.0,-0.2885531692440213
232,2784,0.103722609186795,0.2802280776091478,0.07564096876940692,0.2299096246788431,0.0443898072125001,0.08782257332032904,0.2542206752723936,0.4495644077508246,0.3137108851754034,1.0,0.15329382852133466,0.04771013994727527,0.17148944327389362,0.4041194609458227,0.3325210438563363,1.0,0.5400217915714631,0.11484363509549804,0.28025291737284846,0.4387236743971382,0.17874311765286363,0.0,-0.10721891780291681
233,2796,0.1382848490441467,0.334012491684637,0.10149490504581406,0.25913062225564926,0.25436207642684416,0.1030844873977708,0.25587564284125447,0.573785015831282,0.025146378680705482,1.0,0.2545496624517294,0.13199623635356514,0.28227541141224494,0.4945588283737523,-0.007065158815072969,1.0,0.04547578953189557,0.26458200810888965,0.4581799161719693,0.4453224311285281,-0.16780402476061695,0.0,-0.91331161683825
234,2808,0.06148435079092124,0.20114008627372568,0.09833738616868991,0.2398845834458044,-0.15414726810454954,0.14681169416863643,0.3180319169555383,0.484938732151215,-0.11964422651755449,0.0,-1.3877896128052574,0.07722651070171246,0.2288310152602446,0.4693153914274979,0.049202364851971915,0.0,-0.2560352302380611,0.2550065405574367,0.4379032003298599,0.4359656200565916,-0.060973654299652104,0.0,-3.1475031821445354
235,2820,0.07147340242733576,0.20739931407232223,0.13007508589347308,0.2560191298125827,0.018210673082121244,0.09286598075489305,0.2623693837892838,0.5445826477567286,0.05932486413945408,0.0,-0.29930824056272276,0.17714609409461066,0.34419786928595775,0.46460531255173293,-0.06718559476830002,0.0,-1.4784897329423803,0.09426608197469838,0.24746193478427833,0.42780296698022474,0.38571460859525963,0.0,-0.318897362841164
236,2832,0.11392104580825525,0.2495518404105809,0.06815457286463597,0.21174892136768575,0.49371584196764234,0.1951060824235791,0.3405696136971586,0.5907904756392666,-0.08892815280537239,0.0,-0.7126430067361689,0.20595183053448504,0.3567896507600837,0.4885853996499119,-0.11707269520438195,0.0,-0.8078470845600401,0.06550959596279726,0.18712920651552745,0.43910427455687895,0.19154307830372416,1.0,0.424956157152394
237,2844,0.12375971719369964,0.2818013926730492,0.7556137551282754,0.63680094586813,-0.4231144152199625,0.11343145071701906,0.27969761752195393,0.6693599735129996,0.1476829703442854,1.0,0.08345418615101985,0.15895721733365714,0.3306057854876564,0.47887704634889366,0.028905187818297873,0.0,-0.2844019115272294,0.14464977422571237,0.31308707784961104,0.4224141883622762,0.05353794330452485,0.0,-0.1687952873980565
238,2856,0.19116979325906527,0.3718753154244843,0.25782422251542103,0.4122760884025896,-0.04678033998549982,0.2062717094343102,0.3895184241644308,0.6668746464729217,-0.017372652878990435,0.0,-0.07899739764210256,0.2852833938014838,0.45310069098694084,0.4792722634285699,-0.1786432310792719,0.0,-0.4923037208858605,0.2144982985832337,0.40161644900669025,0.45361228394951675,0.03835450468217616,0.0,-0.12203029007074662
239,2868,0.5053331031718451,0.6325720607312304,0.40331281918982137,0.5612606755684246,-0.056085458660279766,0.7981003985496002,0.8318208797151829,0.6239939008138935,-0.3464563192035259,0.0,-0.5793550700322829,1.4139197022299035,1.0895537270860294,0.5065630983301397,-0.6475902342305082,0.0,-1.797995408088438,0.9414928401890824,0.899730244053584,0.5011905567803066,-0.5934378637895993,0.0,-0.8631133291675839
240,2880,0.45768632182927876,0.6005790525928694,0.30289175220488773,0.45403404680364656,0.4478634617288361,0.49386898330225576,0.6257178500292967,0.6920826536174458,0.15541670692337803,0.0,-0.07905558839591764,0.452242057819711,0.6035403107805886,0.5496052021762865,0.15696211921678965,1.0,0.011895186178621509,0.44311146655899997,0.589715299411428,0.5165103984265655,0.024122450584362066,1.0,0.03184463807444815
241,2892,0.2122795526512248,0.39773284867715386,0.23508205547066796,0.40031296733213934,-0.04933519121136061,0.4599479866161665,0.6225469762439403,0.51288825546052,-0.20748057671509415,0.0,-1.166708855712829,0.3958068448825058,0.5740618923170446,0.41342477974010006,-0.048777925441789605,0.0,-0.8645547342603281,0.1866010951454075,0.3848086144521017,0.46193694888084486,0.20989763933118444,1.0,0.12096528933244466
242,2904,0.23555831008530315,0.433107438314061,0.2534560142565829,0.43122803215218575,-0.00271607406407961,0.31524298543928014,0.4895819672891271,0.7195118473323202,0.02177318250458481,0.0,-0.33828004337915596,0.3080779500369561,0.5140753650400041,0.4952654719732493,0.01678563070607858,0.0,-0.30786279594802357,0.3362892212067948,0.5398560862962628,0.5494786849711893,-0.13995821138487968,0.0,-0.4276262259014074
243,2916,0.048321758452925974,0.17679462167876356,0.06228242468726273,0.2047719791197263,0.13045026851928535,0.18119177823729093,0.3623882620519494,0.7624847966771615,0.22309743381634356,0.0,-2.7496933894449245,0.049862256150690266,0.1705711404667225,0.5847938394309397,0.19494095816904378,0.0,-0.03188000079229347,0.06031160549715155,0.18353458301983794,0.5954596333079925,0.13541356359250276,0.0,-0.24812522201371934
244,2928,0.12477480722569656,0.27684872347899875,0.19964095707699694,0.36512484121552813,-0.004387613478912833,0.23375788105390968,0.4305417714229649,0.8431924399335513,0.01729658597590351,0.0,-0.873438126264392,0.13551461785266292,0.2815779907583135,0.6309290678269097,0.040248709504502704,0.0,-0.08607355014814688,0.1244376969589106,0.2910718446500737,0.6301722181550378,0.1715909151529666,1.0,0.0027017494499204098
245,2940,0.26198500213364784,0.3583965912429215,0.1016834373123879,0.2657353731939888,0.5388051539205306,0.17482875126949382,0.33889318788509293,0.8463710736692855,0.40328877035745964,1.0,0.332676489701088,0.19504619351065644,0.3037440201810884,0.6544243733910907,0.3117651082698379,1.0,0.25550626210596417,0.055666513279791136,0.192567859499763,0.638388913614744,0.6820689718430101,1.0,0.7875202289198461
246,2952,0.30120408278336996,0.4184424550726014,0.35834642204196215,0.4770036977880438,0.09376968452624382,0.2577423829442907,0.3898394712888722,0.8512063880881369,0.14739245495666675,1.0,0.14429319628558124,0.06218561997807462,0.2074686314424953,0.725889409473327,0.4823337745901317,1.0,0.7935432368531361,0.05910321069346965,0.20119013317039047,0.695039422748643,0.4823337745901318,1.0,0.8037768607008642
247,2964,0.4773835303981655,0.5618602904208793,0.4462543434811028,0.6324171927666898,0.21324868623353838,0.33559453544605233,0.5217714165831548,0.830459258948507,0.43522130819106336,1.0,0.2970127495472098,0.09475277992747812,0.2547104520036443,0.7385611472816087,0.7609671579656581,1.0,0.8015164455957481,0.08119231368121337,0.24216998148300026,0.6487611353594545,0.7125574532218139,1.0,0.8299222564014844
248,2976,0.6517428032264648,0.6924590642083381,0.5704904226605144,0.6301402046722594,0.055469591474676505,0.16999434236213706,0.3276858204818225,0.8387510106643041,0.49679638043438706,1.0,0.7391695903344434,0.20038146485777927,0.36812801742158135,0.742424955009597,0.46194461255036534,1.0,0.6925451821396613,0.22363130969526587,0.4036234933420369,0.6383283388790356,0.412593622070181,1.0,0.6568718387250693
249,2988,0.5317234119287889,0.6485129785622189,0.5098673796228277,0.6170633188600666,-0.21866908532341034,0.24275879477386705,0.4187941657392001,0.7930760107476469,0.6390849618319119,1.0,0.5434491140924625,0.0917962139847708,0.25441921862507355,0.7051151410437144,0.6879589010882062,1.0,0.8273609701483963,0.11914895638419416,0.284080464119846,0.636168832629745,0.6741559431626095,1.0,0.7759192961769545
250,3000,0.34010156632809957,0.5196294787141499,0.4358710527328818,0.59906599455392,-0.33249330215161893,0.12658004677160908,0.2997463284808775,0.8071642978541312,0.25007427142293254,1.0,0.6278169249902954,0.1359146833842326,0.3201178893772852,0.7423133004764988,0.29563330311349006,1.0,0.6003703103998226,0.17042037231259544,0.3608027253669553,0.6554619510096462,0.24076407873389133,1.0,0.4989132977171028
251,3012,0.4398241520465133,0.6232285821106739,0.7506627020828541,0.8370160161610233,-0.44198877889665056,0.3823936098896235,0.5867488203036215,0.7948365187298473,0.2226786623953263,1.0,0.13057614478346402,0.21817763719128538,0.4139401946812895,0.7548233172264335,0.39906948283272115,1.0,0.5039434824665742,0.36774272936082997,0.5549825768775395,0.6670353071332975,0.317676349420566,1.0,0.1638869133272618
252,3024,0.15312063235323398,0.314865942009018,0.20213118512616265,0.36891380070155416,-0.05462833756851996,0.07014150885098708,0.21971767625245664,0.8195337020720055,0.5820383907920118,1.0,0.5419199374178547,0.07340577317871959,0.23094902407239326,0.7377508721237735,0.45362862942932586,1.0,0.5206016847593744,0.18010868212226425,0.35981594634793695,0.618783620904107,0.5975367523012481,0.0,-0.17625351563838598
253,3036,0.1483697169137754,0.3137830063200071,0.07837862243940015,0.22547378694480535,0.3919112306143491,0.16451627723079482,0.3491335616097519,0.8854562686171589,0.27063077548786174,0.0,-0.10882652237183232,0.18059476494652596,0.3722490444870357,0.7709320718883841,0.2596868130004032,0.0,-0.21719424086707706,0.18705804821111824,0.3764199155421974,0.6514670081887945,0.2510101690384924,0.0,-0.26075625203104247
254,3048,0.4691258104950764,0.6073978943870828,0.3371787815053338,0.48128912987662265,0.22391182357009173,0.11996220800930867,0.29301825001209153,0.8449244390906238,0.7788483245552903,1.0,0.744285636548732,0.42658024463896194,0.5172165334011064,0.7462499840851354,0.2182805766317168,1.0,0.09069116408499334,0.25721054714812014,0.42959119551068925,0.6287924484545483,0.3616571936714377,1.0,0.4517237350963881
255,3060,0.32911351396111227,0.5068726876618354,0.19079725000768258,0.35815505433594924,0.4602393180452731,0.23718317887245502,0.43549682227673875,0.8531269320127315,0.1445031418300709,1.0,0.27932713543789534,0.881684268654365,0.837528984595138,0.7143903500730859,-0.26238199089057646,0.0,-1.6789670774763263,0.9122232425081882,0.8550465631915616,0.6507040704542502,-0.2623819908905765,0.0,-1.771758690577427
256,3072,0.2800311896987652,0.4530087871169102,0.15594304997051756,0.3438639368805994,0.33969822588474147,0.2159501747250335,0.41375800041322974,0.8150218535562994,0.41845023735284653,1.0,0.22883527739415332,0.39098666780974595,0.556345204591998,0.6506123653351199,0.0223681913163039,0.0,-0.39622542842580355,0.2594921280579212,0.4678750206043669,0.6067852022434034,0.1960446940861967,1.0,0.07334562147501589
257,3084,0.3254092773477235,0.5056693836855785,1.1153331872914947,0.9308897862950106,-0.5308602254954029,0.2798149980878489,0.46237790251700783,0.7821062576886948,0.11170732167782564,1.0,0.14011364283002237,0.20833700576752168,0.40988642105213685,0.6564447650859718,0.05343541772442484,1.0,0.359769311232948,0.2650005161104605,0.48009370721659916,0.5986766906406897,0.0613550817890071,1.0,0.18563933311806557
258,3096,0.35796165393850954,0.5518029702701436,0.3591759495301441,0.5268047920778564,-0.10745249652236073,0.2573222617626614,0.46266483708635847,0.631140794607463,0.3780505262429659,1.0,0.2811457346577574,0.4534527079242319,0.6205512494129846,0.5737069653327245,0.17205684052913361,0.0,-0.2667633612010458,0.12044669519541418,0.3076323425944723,0.5336407051844112,0.6215413851535136,1.0,0.6635206763903698
259,3108,0.1415670569623611,0.3254443797598033,0.1696251254874451,0.37190164211447535,0.008877350997924482,0.1614029153443367,0.346079947406228,0.6569488443169677,-0.04507417376165027,0.0,-0.1401163435024959,0.2550916277027564,0.45676829798755597,0.5622543794962146,-0.15566538984548411,0.0,-0.8019137585842335,0.5568830093896739,0.6937068698196248,0.5440114420296849,-0.42736647558882535,0.0,-2.9337047851304434
260,3120,0.09675313140694534,0.257769179973149,0.1252403821098498,0.2755478839743644,0.1410128768394462,0.07566383449749414,0.23178943743049177,0.7522504516161947,0.38780515730437226,1.0,0.21797017422360476,0.08466492992835493,0.24026804564387158,0.6248886082717648,0.26490047243285864,1.0,0.12493860718313321,0.2645125437274229,0.4539893245394424,0.5773868344646501,0.041826078452667205,0.0,-1.7338912951031893
261,3132,0.10163205781053584,0.267982119290075,0.05910262745721018,0.21818763359280324,0.3097470806442804,0.06700780628582377,0.22311789359395548,0.7614756866654072,0.24680871262494836,1.0,0.34068238182541943,0.05270893483674163,0.19171312701291732,0.6270616863138079,0.38695732466533816,1.0,0.48137491287441514,0.15151458270854778,0.30671049545325985,0.5959820213380749,0.22717619749076096,0.0,-0.4908148666142702
262,3144,0.11281304248583297,0.29138089548188556,0.2581431363007219,0.39776750863044597,-0.21203769015319845,0.04775928731131177,0.1816533769104609,0.7875533266872327,0.45897958623400703,1.0,0.5766510125164883,0.03549803499154022,0.16301176408524412,0.6342461300342869,0.4683026618983702,1.0,0.6853374910441046,0.04838732901017132,0.18530316313264086,0.5996573709285152,0.3994305586449538,1.0,0.5710839106546763
263,3156,0.2096597317694856,0.38058531856477035,0.23012888073234097,0.40416234065119766,0.0547596359155786,0.0734114972516763,0.22161705316382205,0.7777648249780549,0.38319387595087806,1.0,0.6498540915220192,0.046202870226482846,0.18339888889878408,0.6426075682440715,0.59465864089605,1.0,0.7796292600560919,0.0493952914404464,0.18942007659373514,0.5791799479221018,0.6566539038551098,1.0,0.7644025821097825
264,3168,0.2834055538348476,0.4654602419571372,0.0856608875230689,0.23744007919778035,0.48186183322620596,0.2086701077707996,0.3615287064113483,0.8042259762000421,0.19261775084239036,1.0,0.26370494527287736,0.0780233165660626,0.2259615976741021,0.6696739714119072,0.7092140567265247,1.0,0.7246937630180315,0.09794965063601964,0.24972616747591073,0.5921761662435157,0.5672233111386176,1.0,0.6543834469344978
265,3180,0.26237511894174087,0.4689791116235417,0.3568306970943746,0.5476264725278435,-0.031203218603777422,0.1933614511594234,0.36046835276741923,0.8043667275525772,0.1424226106011073,1.0,0.26303434586585783,0.04861078998595492,0.18163743062914206,0.6694807867331406,0.698689127738544,1.0,0.814727897286828,0.08768015782261333,0.24655773726172756,0.6064298925508318,0.6474322312508206,1.0,0.6658213698910898
266,3192,0.05937215548525097,0.18933570170955508,0.06256788480833352,0.2002182174679199,0.06350876129565954,0.08933808545870107,0.2534624527697778,0.7828478498613508,0.1357215852953076,0.0,-0.5047135265435014,0.20601770031162983,0.35446202925564435,0.6828617069833083,0.014050969849209971,0.0,-2.4699380311837937,0.15741116523592016,0.3180984029177351,0.6273509393809091,-0.02215432528191777,0.0,-1.651262430164317
267,3204,0.10862409446688022,0.24979363681188257,0.2084638755860946,0.36469602696936376,-0.2930995418191179,0.15138050869927697,0.30649030193013316,0.624755127752566,0.04619799166787423,0.0,-0.39361814192553113,0.14586240007615345,0.2895073368257031,0.6381489479654687,0.02550156073498051,0.0,-0.3428180993548102,0.26063640484540235,0.38739155547018794,0.6517968574132283,-0.2770079290733422,0.0,-1.3994345464934677
268,3216,0.365513827065368,0.5206397653863598,0.27372796558694984,0.454842820329518,0.27035875619993355,0.17031606292016188,0.31896771271042407,0.7181624528113911,0.511070395347998,1.0,0.5340366073491858,0.12268678085387158,0.2586553666791677,0.6244361674549574,0.5517511045172819,1.0,0.664344350967794,0.34293259702027584,0.470636311943923,0.6242015139984219,0.09075185315642634,1.0,0.061779414000263655
269,3228,0.14599377585994275,0.2919280096917453,0.1953532406067745,0.3378670678602711,0.13675091476083545,0.08107858653922649,0.22382561426455352,0.8370416307538958,0.33548921746742505,1.0,0.4446435400300339,0.1135129584055146,0.25211819119849754,0.6872309987294385,0.21544678043666887,1.0,0.22248083702957444,0.21894175887620848,0.36176313117632003,0.642491012701037,-0.003911322642476756,0.0,-0.4996650205570916
270,3240,0.15366333172957097,0.29977420201933863,0.09853435790552374,0.25125937457837383,0.2138478148422256,0.09523645372548617,0.24540812133177722,0.8528971517626646,0.34911542340332685,1.0,0.38022654687006985,0.10933276811230479,0.2484101176903083,0.6767853172959637,0.20272158023064027,1.0,0.2884914905742293,0.21020498976875598,0.3573398364866267,0.6381899221235231,-0.06338083159037014,0.0,-0.36795803789215986
271,3252,0.08109032911681538,0.241558155699085,0.19291585840439232,0.3876948617023214,-0.263114062149121,0.12459078328820361,0.26281600789377185,0.831690951379748,-0.0844577617355934,0.0,-0.5364444150759737,0.10801059852230084,0.2441735539511031,0.6819467382451956,0.059025260525423895,0.0,-0.3319787907964369,0.2050663657631724,0.3571231991657274,0.6356590513053412,-0.30217353044620837,0.0,-1.5288634045098308
272,3264,0.13379949938604366,0.27101295982061235,0.22751908905916393,0.37902165992092884,-0.051359329760741715,0.11422548869507648,0.2560330836457812,0.7768160380362525,0.17901752405266266,1.0,0.1462936018504184,0.1551556513081565,0.29647473384237827,0.6382371985624804,0.09436266364533144,0.0,-0.1596130928748487,0.3381680361680927,0.445461360281908,0.6016026124985645,-0.3728428862216703,0.0,-1.5274237775165123
273,3276,0.19289922705326293,0.3388186888081331,0.209089989525468,0.3615098914916673,-0.08243140606271082,0.1878754133297487,0.30116210865415366,0.7192823008940504,0.22148945986143284,1.0,0.02604372137855726,0.25570984158339444,0.378458041312032,0.6152561921493408,-0.024367338888399693,0.0,-0.325613614370722,0.22935992991437892,0.38572840944917547,0.5873532504008295,0.11918606805993473,0.0,-0.1890142506949939
274,3288,0.5947283404663698,0.5915909358501649,0.4982265609243856,0.5528448602818278,0.17644970627771944,0.43898212537365905,0.47448151140875633,0.7680613422252237,0.3316147480670611,1.0,0.2618779104600578,0.29610861268441474,0.4198036366833355,0.6059681652961727,0.6589715911894994,1.0,0.5021111446409054,0.27759618801352043,0.4111209013929143,0.5845968373473006,0.661985146278918,1.0,0.5332386753322751
275,3300,1.524162355102181,1.0757028529105337,1.6427041234140003,1.1053064093699037,-0.05401279742562546,1.594870635184379,1.1312381562353457,0.7392267837651619,-0.09155252229483483,0.0,-0.046391567043694515,0.8234014581909426,0.7391842162292367,0.6779022471748657,0.5538738989564012,1.0,0.45976788139755553,0.8618711139517309,0.7794142479083295,0.6070138080420515,0.473392989742786,1.0,0.4345280139831623
276,3312,0.9707140442590753,0.7848996198742849,1.0616205571241613,0.7879092827216428,-0.22648597751655694,0.8102011687264624,0.7570089032632281,0.7576952593679153,0.14908114316827167,1.0,0.16535546846355642,0.5319310642871208,0.5692941659579923,0.6789148302846406,0.5431287827844733,1.0,0.4520208423551427,0.48445375443494526,0.5438154369026716,0.6177473786954323,0.6453364423053454,1.0,0.5009305188277994
277,3324,0.7764861828709594,0.7057447576891663,1.133601490122894,0.8827051435106054,-0.4102338542000063,0.680076330627481,0.6880221022838245,0.6087304841276195,0.23665680372527045,1.0,0.12416170998306142,0.575881061520506,0.6440624562654185,0.6189789119449504,0.3180009128087764,1.0,0.25834989182774815,0.5471833448165677,0.6062187829401198,0.5809719001037771,0.38822308897197666,1.0,0.29530833015801183
278,3336,0.7213051401896923,0.7317679968662464,0.552211631530788,0.6408645716983282,0.13842911016576825,0.8622670273405529,0.803285721967641,0.6212678368674843,-0.03646637896740179,0.0,-0.1954261508711692,0.7116099453474679,0.7453233576674035,0.5843234935663701,0.022626171728440635,1.0,0.01344118362954505,0.6010684502595064,0.6763407067874084,0.5476114918509989,0.2719669856288819,1.0,0.16669323872912578
279,3348,0.8789596618096752,0.8584572167815067,0.7118626676815135,0.7774863588621367,0.35940030454750904,1.044731224749493,0.944174949734831,0.66235821485365,-0.30328613211240707,0.0,-0.18859973914902262,1.1354203402375287,0.9839013273408211,0.584655102624349,-0.34541410518731885,0.0,-0.2917775292438687,1.2621347110268746,1.0316438151622365,0.5364381295949937,-0.35425768488080334,0.0,-0.43594156349369517
280,3360,0.8790811191665555,0.8896125130189606,0.6357281991583381,0.7574505441021163,0.04777409272823245,0.9178351989255026,0.9132886688368043,0.6816998503779128,-0.08807378078029846,0.0,-0.04408475954493163,0.8369782761625538,0.8768835337234933,0.5945871761902239,-0.012663024320753436,1.0,0.047894150023286564,0.9642013676082604,0.9426122725737335,0.5406624636837432,-0.15905643399815853,0.0,-0.09682866186729866
281,3372,0.06730858578239308,0.22495208896564467,0.341133701075325,0.4701346325811931,-0.4002320432389209,0.5222936580582206,0.6546361559302809,0.773592767704724,0.14909762968231438,0.0,-6.759688485311257,0.06049575225727116,0.19776996271844785,0.6271137964406672,0.3015328916741522,1.0,0.10121789732958641,0.06992043540930788,0.2006368034479452,0.5774817593966431,0.27099635836757463,0.0,-0.03880410792404465
282,3384,0.39867879457582234,0.5418476821308397,1.1843090099056097,1.0102107208594695,-0.3009431615514334,0.23572097024241234,0.4161016581094847,0.8262540046001465,0.8522295591919689,1.0,0.40874464995508564,0.07080775688950386,0.21126751972923152,0.6656403486015318,0.4032014132982308,1.0,0.8223939726595182,0.07183346876428504,0.2158469031515526,0.590248974163643,0.4032014132982309,1.0,0.8198211950532437
283,3396,0.4040297980120964,0.5348495097106933,0.23755273079601044,0.3812821816685333,0.18573414969320057,0.11501987365423912,0.28416925606864957,0.8646261014535617,0.865905479858976,1.0,0.7153183398349359,0.2500487410171846,0.36337680714808956,0.690793204321123,0.4177009150232126,1.0,0.3811131202513476,0.25280194873473655,0.4013137251764924,0.6147189876746003,0.42693229484439277,1.0,0.37429875227379183
284,3408,0.5619857978906222,0.637038856708812,0.4724150974868601,0.5458552716437827,0.21590090859473277,0.09740392835067986,0.23929235529070655,0.8712755022188533,0.7079601009068891,1.0,0.8266790215762048,0.36869710084282287,0.45530281141462603,0.6875431244863207,0.21743408510610324,1.0,0.3439387574798084,0.13597027581480106,0.28912875837735746,0.5963541814244844,0.525358465128494,1.0,0.7580538933098366
285,3420,0.20471248572529355,0.35804921703832226,0.3649861916109525,0.47544151018768654,0.09380216419471496,0.07199268597534852,0.2129933080620867,0.8630914004980716,0.47588869874586787,1.0,0.6483229358469298,0.12771240371833056,0.2771523073248622,0.7072929508903132,0.2677210456078686,1.0,0.3761376925015235,0.1570113217142925,0.34145350098091637,0.6345060166521802,0.3753123722380933,1.0,0.23301541106296708
286,3432,0.3170029419927872,0.4709849924557445,0.15423443599331843,0.3144356627385384,0.5488371638848087,0.07470907092524119,0.22102871406824173,0.8326710898386083,0.5747276291033798,1.0,0.7643268846162915,0.12226290381661682,0.27955043608558433,0.6719369406159879,0.420096785511536,1.0,0.6143161856857509,0.1378247643903662,0.3010259640024487,0.6170000496520021,0.4877679111078469,1.0,0.5652255984630511
287,3444,0.3262130568556354,0.49605925632044423,1.016231788315525,0.8968639490619842,-0.4080770348547341,0.09067206386727229,0.25613063367268574,0.7774253548801534,0.4892838947448393,1.0,0.7220464908999674,0.1999706785395338,0.35436352484995925,0.6466456684905404,0.19037115983734043,1.0,0.3869936400858712,0.1267797601413722,0.2844002983997839,0.6071752459001767,0.3885642779254188,1.0,0.6113590260199848
288,3456,0.18224191731689007,0.3687229926518622,0.3547394990656611,0.532304146452015,-0.12313452549139722,0.20690332234582107,0.39506054602670965,0.6866402237801547,-0.07669299364153594,0.0,-0.13532235279356009,0.10952938504613526,0.27664399112815663,0.5635595687732128,0.2352426497220709,1.0,0.39898906542076784,0.08238164699694993,0.24761301100943178,0.5401255336028006,0.41025358289489605,1.0,0.5479544541133137
289,3468,0.23448451220961042,0.43576937575770963,0.28410009734941116,0.4833644039400073,-0.09214426259898284,0.38036809436966007,0.5727213359663432,0.7095564819423303,-0.2616890546241148,0.0,-0.6221459182329339,0.3773702202932554,0.5696785271804858,0.5884291724533539,-0.13791006440506842,0.0,-0.6093609626375518,0.40354605162976087,0.6026419546665863,0.5995671637027445,-0.24073466659005377,0.0,-0.7209923496739219
290,3480,0.0499245055505537,0.18270417916176693,0.06908262486819379,0.21142134723840197,-0.009488672372106521,0.16094479420453608,0.3232383239371783,0.762024027980155,0.2075256213833363,0.0,-2.22376340896482,0.163869442155761,0.3036807959096428,0.6275384294983255,0.027189090649046344,0.0,-2.2823448194159144,0.07864353529782767,0.2197796479816544,0.6372664285841608,0.017799459549323316,0.0,-0.5752491573139966
291,3492,0.05278010642290661,0.18957068880479752,0.03405505763973623,0.1466294335288295,0.15730695385479204,0.43016379734063487,0.5031955126321458,0.7659905607301557,-0.16808205881363053,0.0,-7.150112352822832,0.19170239990762342,0.3315137108832729,0.6478782785425036,-0.02150079575275097,0.0,-2.632095744021168,0.16576489092593102,0.3136907515955863,0.6482431477656124,-0.020522978408383286,0.0,-2.1406698879634867
292,3504,0.08185685169728764,0.22077360309328142,0.25898798439774817,0.42188906246279956,-0.12119212233857798,0.2633064094589868,0.43765769453907083,0.8092796560538724,-0.13400434281136436,0.0,-2.2166691486341588,0.29647743245589864,0.45964856305887186,0.6733969578120441,0.15445444290477078,0.0,-2.6219012374467185,0.1657353515663588,0.3462521444445245,0.6629826005196466,0.04673074631455457,0.0,-1.0246973604513854
293,3516,0.0742965237510442,0.23134978695293537,0.11783707242121766,0.2890073519053204,-0.04430938018791071,0.1496388711574458,0.3212407297841151,0.8466074476749281,-0.07139648391930115,0.0,-1.0140763470826952,1.0364966643332527,0.8757028297874417,0.7143976708138868,-0.46823898237526373,0.0,-12.950809701492734,0.40739111584364257,0.5403024928362743,0.6637176249671023,-0.21292634291950016,0.0,-4.483313286752758
294,3528,0.10881917780091095,0.27710866143052987,0.17613337682194855,0.34313395293410376,-0.10915356866088535,0.22044592925216996,0.41746019808095297,0.8608236852091447,-0.12165300015894995,0.0,-1.0258003571345173,1.0028104039183783,0.882467310053778,0.7231734105846809,-0.7106777779212086,0.0,-8.215383025159959,0.43345038503116,0.5842238466864274,0.6763222009659489,-0.22934907806856208,0.0,-2.983216872159932
295,3540,0.2253807825399772,0.43678980818769114,0.30181698688425723,0.487888353003367,0.009157511442738842,0.3817700271361372,0.5693620134562162,0.7955839250644288,-0.301255074856894,0.0,-0.6938889945881712,0.5461698799718582,0.6808254067330899,0.6876440275882132,-0.3947183494323566,0.0,-1.4233205414262886,0.9640221220500947,0.9234626297788052,0.6570586969536686,-0.6786926928331154,0.0,-3.277303997199052
296,3552,0.06427204750283222,0.19953843248019484,0.19830022913942313,0.32604425224594574,-0.08839769086058813,0.06826745797328776,0.2242599654837298,0.7787566983434656,0.23196690120151908,0.0,-0.062164045268348955,0.08471863257286553,0.2403588776817597,0.6801391262881924,0.3647488821773311,0.0,-0.3181256217040902,0.2469906395967537,0.42011622887354094,0.6364086649077362,-0.09807156387149778,0.0,-2.8428935936087893
297,3564,0.08911259574090218,0.24386930670718035,0.21555367151250313,0.3896875265028162,-0.213522282416246,0.11109499588031309,0.27468421341193994,0.5962325956871609,0.18576182771059563,0.0,-0.24668117853199423,0.07444123660568039,0.2354463244914228,0.5744074658968401,-0.023825572374259852,1.0,0.16463844435504105,0.16606617136520507,0.3338785635000337,0.5901993016224104,-0.2425071896394439,0.0,-0.8635544165725793
298,3576,0.07614482048982132,0.2351615942650851,0.1279757121715527,0.28665846696192276,-0.08565680663142998,0.10766537454496106,0.277906191784947,0.6580812139812418,0.11213151016838083,0.0,-0.4139553268676135,0.09499293584286299,0.2599296941929585,0.5916233393383639,-0.11902238858785467,0.0,-0.2475298415807703,0.11481144583879928,0.2752101476527265,0.5836839079972876,-0.07876576122361083,0.0,-0.5078037494900487
299,3588,0.14567148728688464,0.29082239923006903,0.14740632511732707,0.3100104734988697,-0.1433030759325268,0.1057186553974007,0.2599025989997072,0.7117090468931588,0.2697162377138281,1.0,0.27426665735073497,0.2344124496175514,0.3917766174708195,0.6147740473880777,-0.1424722093709751,0.0,-0.6091855309742309,0.21215158309823598,0.36626531513521393,0.565942472749545,-0.00936199345522718,0.0,-0.4563699942214896
300,3600,0.1930835101693835,0.3443286949669371,0.2154550221298431,0.34325497087721546,-0.04168699507429409,0.1331416635909691,0.29867964451871626,0.7615313053818157,0.29331809143296883,1.0,0.3104451878144856,0.24320467035031024,0.41383291534922395,0.6261837539125505,-0.10446335004036034,0.0,-0.25958281024080043,0.29950356517128185,0.4634372487241272,0.5863930482694226,0.07917348419455604,0.0,-0.551160764109482
301,3612,0.5148782915019213,0.551624696460149,0.4998375420643632,0.5625081426650499,0.07677782379137181,0.5305681892045729,0.554585028575866,0.7211900714822455,0.06055818326501496,0.0,-0.030473022385316684,0.5957716735165738,0.6951316596665079,0.587941850409095,0.08260499152134174,0.0,-0.15711165793897264,0.45288372665880955,0.564693967649542,0.5178586420088692,0.20174737127007475,1.0,0.12040625108172853
302,3624,0.7599078864931214,0.7344912222931811,0.6402350174217233,0.7119693528675054,0.2460470693047073,0.6502536234229842,0.6841214351903293,0.7354578196017485,0.24685884669827018,1.0,0.14429941446742667,0.655807930747213,0.716656681701506,0.5930492117676386,0.2016894806435891,1.0,0.13699022946888528,0.5407734345864365,0.6687692129197726,0.5212013221887454,0.45455941766963603,1.0,0.2883697561265782
303,3636,1.4078073591210127,0.9308591752946764,1.127677336767294,0.8508587796804251,0.29166915232539664,1.4630400249537037,0.9486483645006913,0.628844702749546,-0.10362571401487104,0.0,-0.039233113447550316,1.127882384689334,0.8897665895573351,0.5370223028888497,0.028877925913114243,1.0,0.19883755587586527,1.2411808230484958,0.8467943036873476,0.42995108031181273,0.05450350211054607,1.0,0.1183589040027131
304,3648,2.183513390356033,1.1719099707765654,1.9542604307822213,1.096525005026528,-0.04801205974883216,2.1946322457717087,1.2303744688048888,0.6757790429800252,0.19195714802304872,0.0,-0.0050921855871297605,1.7407525386075229,1.0727931455643682,0.5712330577473348,0.2227477693549793,1.0,0.2027745072249434,1.4674143503193455,0.9865506155723338,0.497801490673889,0.5054534734323064,1.0,0.32795724688453765
305,3660,2.114746501074269,1.2141283454860512,1.3695423425051947,0.9761563895298034,0.602713864896874,1.527891639534478,0.9922625877056902,0.7139683978464645,0.3432525133976531,1.0,0.277506008990522,1.6674538063495348,1.0568191492828662,0.5966412213982675,0.19548203504136655,1.0,0.21151125891330913,1.7823407527805613,1.0943782589055457,0.4487475285164967,0.2802367027913494,1.0,0.1571846782225903
306,3672,2.4204001511073128,1.348831745149741,2.368246011394339,1.3402929498034968,0.013735777794572818,2.112993611485457,1.216592200407318,0.7515183499328696,0.17763050061938981,1.0,0.127006494972007,2.3913295550255387,1.29446041362295,0.628783867924197,-0.13126615876212155,1.0,0.012010657026473304,2.3678588640303944,1.3046756024797417,0.46560948044497774,-0.0683540152955842,1.0,0.021707686248854885
307,3684,1.1459197057922057,0.8818764513046817,1.026983737334535,0.8279511469782178,0.24639116320117543,1.3691029336169527,0.9701253567175211,0.7460932320737317,-0.27821810309871503,0.0,-0.19476340855003826,0.969741702290698,0.8418922779868101,0.5663347128760516,0.14104783407218618,1.0,0.15374375936725082,1.0107899833429397,0.8366703866058667,0.4511383879095975,0.048946989843997854,1.0,0.11792250518621383
308,3696,0.6796012085866373,0.690255677606766,1.0445111967136096,0.8662178824239369,-0.28165250968338673,0.35486744024159056,0.5007613151170055,0.7057421773082347,0.5094438129136671,1.0,0.4778298864717938,0.4908229728030926,0.6515618289354275,0.6066213532727543,0.27991265201337967,1.0,0.2777779577175057,0.2696752114542888,0.45822158860585693,0.4703815786944917,0.6886551372452109,1.0,0.6031860920095613
309,3708,0.8086385087416796,0.7651095439553145,1.5165729487578223,1.0623477944682824,-0.09750352635536719,0.26587091807406754,0.47206941399760294,0.8409070549044418,0.5307118508889304,1.0,0.6712116536624151,0.293123778546613,0.4915938108582512,0.671530239832178,0.5410966963886391,1.0,0.6375094985239547,0.27518818414910823,0.4595925794395006,0.5343171907545348,0.6060335057377665,1.0,0.6596894889691466
310,3720,1.6031419887030378,1.1490821198161008,0.742638209922073,0.787232796571498,0.40971527551868603,0.23589138594669343,0.37470248326841404,0.8848437946321852,0.8610658976304533,1.0,0.8528568351344021,0.2408256423520998,0.3752325136691868,0.6862229082599771,0.845540690022492,1.0,0.849778969018876,0.26540873873185306,0.40299064868679935,0.5290944382355536,0.8092860641804215,1.0,0.8344446464492068
311,3732,0.7990242297571198,0.8119037071800541,2.7593167660500746,1.528643539252246,-0.14462732459672933,0.4343870666364751,0.5383499192821222,0.9223496516645808,0.8063837961759852,1.0,0.4563530735876231,0.4801064732138687,0.5627695916562169,0.6551861638394716,0.32159126641614,1.0,0.39913402455917124,0.31772605230067846,0.44078010980565124,0.5035473664659513,0.26981312647297456,1.0,0.6023574248840264
312,3744,0.12210272663754533,0.2566487958072133,0.5194117720507584,0.5617890630933359,-0.0662232113789791,0.4336435719436751,0.5858660047892983,0.9098310021337623,0.21720407520378693,0.0,-2.551465097343159,0.33997864726220706,0.5158416273133608,0.6291914774648791,0.4252461928488042,0.0,-1.7843657273224816,0.3485802644394857,0.5017976844800963,0.47867084158036544,0.4283057091287562,0.0,-1.8548114693148947
313,3756,0.2087263781164916,0.4130777362571152,0.587070057728202,0.693503573533013,-0.3074085885307274,1.2286062808454357,1.003618854195367,0.8743726388439794,-0.6455665083073312,0.0,-4.886205145378137,0.7836065978871615,0.8035057917968143,0.566246645028898,-0.32238923893166216,0.0,-2.7542288854829136,0.3083755331191256,0.48591465632605035,0.4940403307448841,0.038344388786583854,0.0,-0.4774152452691873
314,3768,0.4833460579536452,0.6352452789974213,0.34735147755372237,0.5122015578858756,0.031511276286494125,1.1783800088548693,1.0100949112828987,0.8085051088140659,-0.3179447985116161,0.0,-1.437963420750357,0.8043253510864563,0.8086859967483093,0.5637042790341719,-0.07601689497250153,0.0,-0.6640776062015474,1.004651416458391,0.9078961532965962,0.508731328329416,-0.23194230055285736,0.0,-1.0785344163389063
315,3780,0.08995304972250857,0.230700476317755,0.7179188453765879,0.72148276664969,-0.02980759353453516,0.13327809795280374,0.3174010343174441,0.8407136116290241,0.09094276117494678,0.0,-0.48164068215526123,0.15195026899010938,0.3562793048817725,0.5528706401639047,0.18723390551102986,0.0,-0.6892175358017629,1.0043838105094898,0.7083373501542685,0.5005032919336215,-0.1120020078017439,0.0,-10.165644895952505
316,3792,0.13108390718473725,0.2539392013403539,0.3244040489260349,0.46368064274484705,0.2677167030232152,0.20025680289850523,0.3322704699148727,0.8807712236474362,0.05758243159661066,0.0,-0.527699373625492,0.12887823177533542,0.29996484879634533,0.5711328387869697,0.13298309033544228,1.0,0.0168264393148837,0.16513012605589852,0.32012887313585897,0.5246593828233671,0.15084020620253452,0.0,-0.2597284411364069
317,3804,0.1220946707890505,0.24268081703120456,0.5942089440741457,0.5820434957158457,-0.2344484026916553,0.27260953956674594,0.424281792538243,0.841274254737038,0.042354033557999646,0.0,-1.2327718139127306,0.3035236786525608,0.44036913650706494,0.6184675456238927,-0.06563332750692223,0.0,-1.4859699173682603,0.4144259159241587,0.5513940187292466,0.5280630246808551,-0.045917843833256075,0.0,-2.394299794134214
318,3816,0.10427156225698925,0.23260523895497667,0.2798029561259075,0.4325482152577793,0.3980297830857521,0.3358699585931258,0.47006386656641536,0.8180803485143242,0.14617783689932487,0.0,-2.221107954298562,0.15360814543612755,0.30240008450884787,0.5481385383936719,-0.059347366231206976,0.0,-0.47315473280761466,0.08462263242101174,0.2485114265480227,0.502793308400618,0.17067173253680928,1.0,0.18843996781740413
319,3828,0.12338519179436636,0.2629136702418044,0.16578231699974025,0.3300467670597391,0.07916392087933881,0.4959610925257319,0.616905055340497,0.6235520761397794,0.026572255362742814,0.0,-3.019616011557531,0.22525135436410612,0.38916776907738376,0.4279857071618857,0.22621481472346222,0.0,-0.825594717553382,0.12343562266325582,0.2961044564299755,0.5014564099629981,0.0557462530869544,0.0,-0.0004087270778287966
320,3840,0.11074062601952521,0.2595252799784793,0.11568722552547302,0.26819708674165255,0.11758009239393821,0.08880683627294388,0.23721310843289065,0.7597186194379191,0.3600332844291494,1.0,0.1980645273100956,0.09028492320079333,0.24385151926626358,0.5200855652637009,0.36948665190086427,1.0,0.18471724022153568,0.10557454716646884,0.26243423754225753,0.5567869870132809,0.2271252772898858,1.0,0.046650258705829506
321,3852,0.5708952983193605,0.7095667923570924,0.535908219736401,0.6906464756204218,0.0014664008364669134,0.9920471724295593,0.9524049728191998,0.7344722609968526,-0.5969330051135853,0.0,-0.737704225888729,0.5518799327537101,0.7058985386246522,0.5475121139627609,0.038602768585254875,1.0,0.03330797367158067,0.6180197677942152,0.7500341973108781,0.5413019223045559,-0.11526959041898903,0.0,-0.08254485474584028
322,3864,0.13250640091754465,0.3077542599995113,0.18552718605786275,0.34458982478855454,-0.04243423326999932,0.2014829047825044,0.36807959788613126,0.7287886638332313,0.21522446990842656,0.0,-0.5205522403999343,0.12622507400276614,0.2992280875850735,0.5825343864704232,0.1912271387905044,1.0,0.04740395083771998,0.12259184679903179,0.30062461126980144,0.5587440468701902,0.08788093449249024,1.0,0.07482320891563898
323,3876,0.13285828112108197,0.3238438112332558,0.09460365593023307,0.2455490155580405,0.30316018255245974,0.5540760282399412,0.6200508225198323,0.6916960679461577,-0.4421186354537802,0.0,-3.1704289982118423,0.6806104256857556,0.7020108949150305,0.5732326538506024,-0.5912622172001306,0.0,-4.122830281580064,0.8703713544382309,0.8211623605965066,0.588568451173391,-0.6141301173105222,0.0,-5.5511261104229375
324,3888,0.3005224379881644,0.5030971786059921,0.33539682569282797,0.5417326951590091,0.04748918072287223,0.5445020190756578,0.6259775947344415,0.687242200161046,-0.12826535810090958,0.0,-0.8118514634740921,0.8238220512834181,0.8477915613155252,0.5919729912555106,-0.46231131985654217,0.0,-1.7412996407138923,0.8229926640928369,0.8461281090431291,0.6034538549600856,-0.466586058274439,0.0,-1.7385398228575837
325,3900,0.0818795514740281,0.22990927663224334,0.14319620989959717,0.3152183148375089,-0.06909192838550737,0.1006347447921343,0.26673751964731934,0.6554352223493348,0.13798636252021906,0.0,-0.22905832995501063,0.38931571652329183,0.5919890647068634,0.6104531506996335,-0.306901290279883,0.0,-3.7547367995387884,0.2945302243673071,0.5066881903158613,0.5714085957404528,-0.17121459357578003,0.0,-2.59711575191922
326,3912,0.12934167280879175,0.2955127964719743,0.727784260178279,0.7683537062648358,-0.34707650304539833,0.3092915329859159,0.47632749729901097,0.6548926798000986,-0.09855345087197849,0.0,-1.3912751881843017,0.5061982926714675,0.6667869351256953,0.6597909487822905,-0.3328944427322694,0.0,-2.9136519706204056,0.6479058369438061,0.7566343100781067,0.6109820235915091,-0.6094482824158893,0.0,-4.009258214107201
327,3924,0.06816071393175888,0.20707694160435888,0.08607677111893768,0.2476463562260807,0.17507375016984209,0.4729009209780021,0.5809870080551186,0.6506416802209143,-0.41656683367708663,0.0,-5.93802769512451,0.20690695420767313,0.38628428395894954,0.6206855541917968,0.0880769176560243,0.0,-2.0355749268533803,0.3106592931689243,0.47757937103007664,0.6020600992858633,-0.02108775407404495,0.0,-3.5577470547029497
328,3936,0.09365017242394467,0.25376551586189516,0.07985029023502171,0.23028210328553392,0.1462548624639168,0.0965163488990272,0.2703031599399063,0.7340712055853584,0.17756652065902398,0.0,-0.030605138259731657,0.10131180260476524,0.2567693703944254,0.635216934402648,0.38361602728784705,0.0,-0.08181117004394989,0.1956635303778382,0.36173315290464697,0.6165399765451798,0.01834655942484905,0.0,-1.0893024039730497
329,3948,0.08365135671353217,0.24627242556693937,0.09531568326027029,0.2377910014042214,-0.027018423268264237,0.07122918001965471,0.2280385209881187,0.7316345451046276,0.14619361789855545,1.0,0.1484994049339542,0.14289486328014392,0.3102331547127659,0.5730616731097976,0.181269636624035,0.0,-0.708219315192864,0.07466469563907721,0.24013576850443666,0.5712322927411544,0.215823294890669,1.0,0.10742995006321521
330,3960,0.16612689453428794,0.3320475094499333,0.21764949247879642,0.3752334976980484,0.013459287654730211,0.1359654916064653,0.30236974318553106,0.789564254721588,0.34721600576107386,1.0,0.18155641211722917,0.2948726954737389,0.45794299758591794,0.6943442313226326,-0.12294512151275083,0.0,-0.7749846964898168,0.2977498673448698,0.47642507371882364,0.6442198737824945,-0.030515581326102215,0.0,-0.7923038179914654
331,3972,0.10694156520810953,0.29018558567424474,0.13210084536727254,0.2935573612614331,0.18290475576203707,0.07412290676891602,0.23201700409051687,0.8304692083738537,0.2940167355353286,1.0,0.30688402937929726,0.0712245539697328,0.23048307755426248,0.6967343144004451,0.29515312936730587,1.0,0.3339862397644079,0.0637863845246171,0.21717634177972744,0.6344797649053239,0.24978811833653655,1.0,0.4035398266287944
332,3984,0.13250701726967162,0.3107896370001668,0.09424318962940625,0.24962283233501384,0.15618741671219674,0.33473475135377456,0.4867852838602755,0.8381756475962424,-0.008450206631814162,0.0,-1.526166223125672,0.1697415352382117,0.34737935983658375,0.6740987804207582,0.019116673317808842,0.0,-0.2810003480250578,0.1711981861807894,0.35417006123423417,0.6232302219431184,0.1474942414709421,0.0,-0.29199335784893155
333,3996,0.251534911375391,0.42674037124311165,0.1629634932863275,0.3512251815297656,0.364805465158017,0.07331596095598136,0.2301252616939716,0.7121735034301173,0.6011850730494575,1.0,0.7085257050200696,0.052114209756007036,0.1925921038358449,0.6709383655038321,0.6366552655060802,1.0,0.7928152021878516,0.052446990274661605,0.19106102289433013,0.592022851983615,0.6360528678815472,1.0,0.7914922028601046
334,4008,0.28671393853767346,0.47345391909070883,0.23602257356208708,0.43637922180112415,0.1718099968300094,0.07327391956454744,0.22091117403224492,0.7722078705748594,0.7343891904715184,1.0,0.7444354469187432,0.061943560765940577,0.20857176121931995,0.7151590495761685,0.6637375343738096,1.0,0.7839534377649332,0.0942694471063919,0.24751576210087234,0.6126097280432647,0.6814365961471078,1.0,0.6712073100205934
335,4020,0.4096061740874735,0.5817140401175089,0.1508396033669408,0.33027469858832786,0.1732300586975518,0.24697782205588972,0.4280840668736136,0.7544243481008144,0.2363440501054394,1.0,0.39703589037418574,0.16804823001267807,0.35563002359113555,0.7027800989812177,0.5066476234144697,1.0,0.589732185099362,0.08689887494735375,0.2531540095475431,0.5991997125992641,0.5911741423997869,1.0,0.7878477414532428
336,4032,0.045072276724659154,0.17704774545271254,0.057471569253787776,0.19348025074918743,-0.005021152822027977,0.09627086100811522,0.23392020577543346,0.7616392678166342,-0.01803915700475912,0.0,-1.1359218571589307,0.12997341142213925,0.2633169109643863,0.7178585193051532,-0.05503891597592481,0.0,-1.8836664323865957,0.123736289720922,0.26059670052621814,0.5937351264228722,0.033883246770172654,0.0,-1.7452859875885873
337,4044,0.04851005746899145,0.1855080040319057,0.08783793360064762,0.2326512980216698,-0.11279635640784091,0.0783293028627035,0.2217129345332959,0.6906222966817017,0.04726708145981288,0.0,-0.6147023308057937,0.16151273959452628,0.3316373765894647,0.6390726539184913,0.11698468361613804,0.0,-2.3294691456048735,0.20711240812532902,0.3787330639396562,0.5947167699581353,0.09763590088487516,0.0,-3.2694735675734705
338,4056,0.054485407340934135,0.20482365670704084,0.08773853976272121,0.22756048570287768,-0.018801748762765025,0.0818016348160125,0.2416520370650217,0.7445807207173758,0.03839943172476008,0.0,-0.5013494219498302,0.09000947262911278,0.2666419202025347,0.6609375511628566,0.006463729441753482,0.0,-0.6519922860426137,0.09111183416950909,0.26857146593206366,0.6037873670456404,0.006463729441753485,0.0,-0.6722245205838449
339,4068,0.08457867440391777,0.22398834847416937,0.3339438417343834,0.469174553740262,-0.34599047399836214,0.09222051616582033,0.24405480831924772,0.7629008322864463,0.20079132466155464,0.0,-0.09035187434373637,0.14650488503619022,0.2930622310206044,0.6425985082022818,0.16136912263633582,0.0,-0.7321728682638702,0.13206246192942092,0.2906225625563765,0.5954565741461127,0.07415551064498808,0.0,-0.5614156034030211
340,4080,0.07055189207933837,0.22942229758014018,0.039957416672360836,0.17084228291599154,0.31914962661635893,0.11232043480201041,0.2843768549422209,0.8034683664447858,-0.005462521174209367,0.0,-0.5920258336332309,0.11738941467427817,0.2854726796572723,0.6621008946122177,-0.056423764777099795,0.0,-0.6638733734067566,0.2181937080125903,0.37359150673325847,0.6061078673418157,-0.06280058981524272,0.0,-2.0926698289993824
341,4092,0.08310523868026291,0.25416736207920776,0.06223085555333004,0.20673619986112501,0.29958870930043874,0.10765548084313213,0.2928604354833085,0.8125735655790199,-0.04782273345611291,0.0,-0.29541148732299805,0.2431096967003288,0.4224932436555773,0.6616527230726674,-0.2534398552128473,0.0,-1.9253233678283892,0.10412545803046706,0.2804419099714479,0.6295779686577518,-0.09174438707949657,0.0,-0.2529349495171638
342,4104,0.26593032099630665,0.45347080123943706,0.38304055533149434,0.5145462215586328,-0.07215108675812279,0.2791322331579496,0.4606345446795988,0.7697762204997526,0.10781472898700235,0.0,-0.049644253096758906,0.4407899740255727,0.5890116874920244,0.6258055614106859,-0.39843084025084596,0.0,-0.6575393598374011,0.49180160996464645,0.6248394437894965,0.6042849092789746,-0.4286272528915059,0.0,-0.8493626756141013
343,4116,0.49544054996815706,0.6723033483107121,0.9595666110429981,0.9196025585793773,-0.4009891977599033,0.5857164960899187,0.7273880854158589,0.6573346924192297,-0.1270511281825494,0.0,-0.18221347874646887,1.0992771613718448,1.0057391492345034,0.5812420032379851,-0.6972218096539409,0.0,-1.2187872216807798,0.7463558722618707,0.8168603511490896,0.5652491172540162,-0.2737808940956117,0.0,-0.506448901507639
344,4128,0.031094681904937565,0.13430039212951317,0.03512670258779327,0.13776401801008542,0.07312314930965455,0.07066700499988493,0.20916286371138218,0.6250786928113152,0.16130501429884186,0.0,-1.2726395856348551,0.04193548266344516,0.1697321449880985,0.5444967037104373,0.0383776980145929,0.0,-0.34863841963876707,0.03132148057904524,0.14295819413273905,0.5049806501299813,0.11555067906964407,0.0,-0.007293809108613658
345,4140,0.033156404530934235,0.14293543931639796,0.04605355858398028,0.149034625984839,0.0811175740996866,0.034288623648186994,0.1530905645204471,0.626424374601515,0.1560224709811183,0.0,-0.03414782553387008,0.05058670619057754,0.18874910943259995,0.5477183313582921,-0.05098433891432115,0.0,-0.5256993906978424,0.0443805165320336,0.180085319321454,0.5242253068657304,0.051777203500753856,0.0,-0.3385201791294199
346,4152,0.03581316232032238,0.15060109734601185,0.0490159392488019,0.18360008069069914,0.04839689004221788,0.03868129565419345,0.15632849337770502,0.6945164379371013,0.046830175796461246,0.0,-0.08008601162381934,0.05459697582804624,0.1740807478138261,0.5688125466472156,0.11354810501728545,0.0,-0.5244946910780028,0.05356037605576492,0.17348309742264442,0.535355973161763,0.11354810501728545,0.0,-0.49555003204427384
347,4164,0.03477474454815554,0.14183435395795332,0.03145339219520604,0.14532868542762586,0.13838221487983954,0.04479753886679088,0.15393837037534888,0.755964696085637,-0.11806572114300765,0.0,-0.28822050165619273,0.08569160958286741,0.2258834411266364,0.5913137549664336,-0.13628578919670878,0.0,-1.4641909148808545,0.04400795491766035,0.14795693782130098,0.5700583567269393,-0.05230516076555082,0.0,-0.26551482949698757
348,4176,0.1605364142008898,0.3628133967379581,0.11079936152068642,0.2676686748836296,0.1697183073460709,0.10109145855841746,0.2667835239298588,0.7532013470837788,-0.015585237044570955,1.0,0.37028954420325433,0.21553227953593423,0.42329816026089206,0.581768484017137,-0.16941386429598754,0.0,-0.34257564309505817,0.29245221936837806,0.5158998025135101,0.5535367647390945,-0.3497936371087086,0.0,-0.8217188967632809
349,4188,0.03380889214611351,0.15579211633911175,0.2651419943351922,0.40584407606199663,0.06951886032857865,0.033401162333537036,0.15677858416888923,0.7863492638361986,0.10293386283696085,1.0,0.012059839488805735,0.05039849168415675,0.18324216712591732,0.6631813020645045,0.15874271453624905,0.0,-0.49068746371064664,0.0254806968123745,0.13585987198246416,0.6122471222715331,0.18176513284292556,1.0,0.24633150644944668
350,4200,0.0377427454479822,0.1508417397377334,0.043305848896217226,0.1698599573769228,0.03080203566845332,0.08450560022387586,0.253868824123248,0.7024202270704462,-0.06138028615629896,0.0,-1.2389892208647924,0.05171366861369727,0.19284206702143827,0.6118859438872735,0.17857447717716196,0.0,-0.37016181520154845,0.05268014182150658,0.19505610234421408,0.5777696942820916,0.178574477177162,0.0,-0.3957686754428449
351,4212,0.04955378930668914,0.17727024142268213,0.041872044326009474,0.15508812081421885,0.19604689016518603,0.06870345416763414,0.19509226482100353,0.5633706834035725,-0.022178278993210683,0.0,-0.3864419881681991,0.0447244847173132,0.1739116117304493,0.5425572556621475,0.23097312279392984,1.0,0.09745580826296263,0.040330683530076905,0.15691603609328847,0.5383489735459999,0.21671295607945146,1.0,0.18612311804310855
352,4224,0.05757085330109545,0.20187000382854423,0.14803974135401465,0.3027852022456517,-0.28023712938931905,0.03896784243564475,0.16951783447820837,0.48013440909841404,0.2235333161567697,1.0,0.3231324498206929,0.27752632831170987,0.42105403311149997,0.47304867307466436,-0.19475299698936158,0.0,-3.8206047400452396,0.09060809283638056,0.25061900340408677,0.45572920974367015,-0.06646792931445732,0.0,-0.5738535672295912
353,4236,0.09836163989566073,0.27183253450153283,0.12710049595566134,0.30214226421567636,-0.16904056977179907,0.1071425403513671,0.2820222029952401,0.4371317920031908,0.022332978139678494,0.0,-0.08927159474995428,0.19188596565277596,0.3860754181164909,0.4526587938917979,-0.20518842987142447,0.0,-0.9508211316558286,0.08624718635710772,0.2578845016744054,0.46925026212378346,0.25071882439381754,1.0,0.12316237866106827
354,4248,0.11762338733118767,0.2834814038253293,0.33229817931152145,0.4764719527385682,-0.32432512036533845,0.18368604665412822,0.3492522389506327,0.5160455578297908,-0.2233360204443633,0.0,-0.5616456116582533,0.1367167358272051,0.29758572998302885,0.5186836424799111,0.07410032063522938,0.0,-0.16232612347965292,0.13049684971256859,0.2941935382486456,0.503911586524466,0.13648319242569837,0.0,-0.1094464517089071
355,4260,0.13805190701748785,0.3206381929206325,0.09209450733753428,0.23701715788866573,0.21174684519230783,0.279191070881049,0.45286120256334,0.5166941922949958,-0.23688949202051232,0.0,-1.0223630148454395,0.12971206031810942,0.2945386801009937,0.5018645425974795,0.1321998845518255,1.0,0.06041094889273768,0.22215695880576827,0.37210407700841625,0.4987975487141574,-0.14397577705398928,0.0,-0.6092277434286102
356,4272,0.2712249454235857,0.47647231558735886,0.29886126773588945,0.5031595494549532,0.0775532834991841,0.5545319632802301,0.6778378879255591,0.6436209577054519,-0.6084600688915274,0.0,-1.0445463171324065,0.31474344963891326,0.4951100430561353,0.5502517382184202,-0.14021069408036518,0.0,-0.16045170235858097,0.39561951873410445,0.5447631543184075,0.5493121144147366,-0.212163772246108,0.0,-0.4586398685277471
357,4284,0.20594575095064002,0.421901255076165,0.16372792216759277,0.3633968571343262,0.20682461335194388,0.38052083949580134,0.5835726896074701,0.6058940507080471,-0.39583626865780436,0.0,-0.8476751170603298,0.21502534531396858,0.43771001076185484,0.556982898553579,-0.03771131940167181,0.0,-0.04408731096134488,0.38500389576307165,0.5851243241795792,0.5096885600288028,-0.2562585181563689,0.0,-0.8694432586538157
358,4296,0.034704324877300366,0.14428513471244592,0.06683033579221012,0.22528635971103197,0.1405486801797014,0.16647817517856786,0.3481195978087623,0.6887987578380901,-0.30210732222493064,0.0,-3.797044050479686,0.14411148381345645,0.32926977317061334,0.596867925681386,-0.17324295204969703,0.0,-3.152551139460945,0.07386431822501022,0.22744696578678592,0.5522136845820728,0.11897956598111525,0.0,-1.1283894294490042
359,4308,0.04849954106192034,0.17510890380837674,0.028081545123703016,0.1282860740845793,0.3818803268861507,0.3182529874514776,0.4723713550485029,0.7024469982771744,-0.3767321716680526,0.0,-5.56197936069452,0.2309424538501211,0.4114041940145173,0.6274148889429426,-0.34716442249574053,0.0,-3.7617451380678473,0.321884678241002,0.49776907373048546,0.5497385900643837,-0.31679375353042016,0.0,-5.636860291730294
360,4320,0.05942973908340404,0.20369644862047787,0.11275751075304719,0.2901775613972298,-0.12121659349094586,0.36254081747007066,0.5376402261768659,0.7681190421644741,-0.3964678140283602,0.0,-5.100326588364771,0.18701484812099767,0.38036365751117973,0.6435396486635636,-0.24418013766063273,0.0,-2.146822634683621,0.1818087082644345,0.37432069535228624,0.6049798429766907,-0.24418013766063273,0.0,-2.059221040988975
361,4332,0.10717602338978229,0.23102058028001923,0.06514609128629521,0.20411262061405652,0.1577762606932193,0.10885388878709527,0.2694240293718562,0.7555388088454132,0.21323611353763844,0.0,-0.015655230939207954,0.10656512965549013,0.28961691683430957,0.6118051959968634,0.17421801152987318,1.0,0.00569991043678153,0.09818223009440513,0.22010530957607136,0.5877995508473322,0.1278330463505911,1.0,0.08391609439238235
362,4344,0.25758254441538164,0.36926790709861984,0.20210669406177392,0.3387045832464235,0.014847623543500044,0.17802053829084985,0.3493726765716157,0.8186488311787589,0.25177750803795834,1.0,0.3088796498423777,0.15224034753872237,0.30034267523846014,0.6525811482826717,0.13453278591823,1.0,0.4089648120983804,0.15451372885602743,0.30230661060589686,0.6178707721871588,0.13453278591823,1.0,0.4001389760058579
363,4356,0.16369120764010572,0.3729911620377416,0.21203592262028118,0.3595993175385573,-0.013713561946740883,0.13092639982313437,0.3000859946977827,0.7984226910639844,0.386540695394178,1.0,0.20016229514909945,0.1789182900119907,0.34590776988903205,0.5898288644512416,0.27030477561569466,0.0,-0.09302321481654352,0.18949726567968486,0.3507667298040085,0.5847620630813377,0.23674449920936178,0.0,-0.15765085010745827
364,4368,0.41850625100906663,0.5305063868071741,0.6119906491249131,0.6515038407720223,-0.2979759315093379,0.251230012533146,0.4263729975969546,0.8004704988066698,0.2906834212734656,1.0,0.3996983033648803,0.2109503753702293,0.39270836345834087,0.6038405465978907,0.49636417057799215,1.0,0.49594450534107026,0.21351562227807883,0.3919347287777775,0.5964365889714557,0.47590441775010445,1.0,0.4898149746550544
365,4380,0.2722986089614068,0.45357639176282155,0.39081212859664394,0.5381560839036362,-0.22217177093730117,0.29269886062089084,0.4865378574292987,0.6314936650454358,-0.2323847070011711,0.0,-0.07491867746696945,0.15366476716068847,0.3520338642555811,0.4964060991400604,0.2463058893953943,1.0,0.4356755337576199,0.16106323663644334,0.3624939534928928,0.4978844198649517,0.2646711103942247,1.0,0.40850510676214646
366,4392,0.4385922687037305,0.5951133430539105,0.4859845535471387,0.6264633752001468,-0.10997873400490157,0.4831857928344343,0.6322043246731415,0.6051788304466055,-0.2247595568115429,0.0,-0.10167421387180609,0.32573177078270454,0.4956899896150686,0.5048211813673162,0.25116552464791553,1.0,0.2573244126135369,0.27020061638143217,0.47020641808350455,0.491947959310461,0.3896981785462577,1.0,0.383936663589588
367,4404,0.7770523646300632,0.8543854851851532,0.6514726421374725,0.7707647005046773,-0.10406581488262419,0.9672974309450711,0.9562431393513263,0.5638546582396409,-0.3307477637376317,0.0,-0.24482914533768807,0.5067780520385919,0.6818991053788844,0.45735553462687906,0.2801846794192386,1.0,0.3478199473984519,0.5520034881512772,0.7166942151371615,0.48662638171473444,0.26706484257589197,1.0,0.28961867529471663
368,4416,0.03008178421713055,0.1358203529245019,0.03832966653458689,0.15421117929468525,0.1338948429999151,0.07327234025253225,0.23357153338014056,0.5583217227664521,0.439291398735838,0.0,-1.4357710873680873,0.07460381671613496,0.23326216469237396,0.5091413807202174,0.37606578718645245,0.0,-1.4800329720353034,0.03025328826058393,0.14009082656068506,0.507701987951905,0.23580472578349845,0.0,-0.005701259014939453
369,4428,0.09658047878090435,0.25523101519913616,0.09740773471950381,0.26636219056525,0.24264243081189343,0.052471700223316216,0.18668438034290827,0.8147950250334057,0.7888014686023422,1.0,0.4567049067715868,0.05830221960680113,0.19195785203838925,0.5619808307707526,0.7208791964029324,1.0,0.39633536359804733,0.0994486361146959,0.26590125848746865,0.5413278074064211,0.37621388467449096,0.0,-0.029697070981580476
370,4440,0.0999175954683,0.25984310163239704,0.2527680921560241,0.44916291330813346,-0.1220028164099817,0.08335495938862887,0.23418032243143375,0.8652647536863546,0.783342970853561,1.0,0.16576295698514687,0.1257201031838629,0.3136970467267946,0.6062453878853051,0.7645533520587673,0.0,-0.2582378768687348,0.0697065059063333,0.22356532299966556,0.5670449831074851,0.586716661632328,1.0,0.3023600540062187
371,4452,0.04265324099056414,0.1724787863385484,0.044004933924211086,0.17734604447057514,0.2491802674658336,0.1415807510292966,0.34129554369301224,0.8940526015210614,0.46597222951771855,0.0,-2.3193433310405993,0.0956688412788584,0.2676909985852789,0.6893723872799327,0.09700865128195071,0.0,-1.2429442419163999,0.051671533095245026,0.19307064544448763,0.6124051009537747,0.29258301997800895,0.0,-0.21143275153876195
372,4464,0.05643504590073586,0.18938793796402686,0.5646548980909168,0.6355851695832889,-0.36403160996575873,0.03095974151171856,0.14543001741371395,0.8876635450388619,0.495955493853121,1.0,0.4514092968724799,0.043107127016491505,0.17127219469657828,0.6964340829894011,0.19294614765478332,1.0,0.23616387072116418,0.05403391532923998,0.1859001107804956,0.6050153689317247,0.20254476850898467,1.0,0.04254679930125782
373,4476,0.0662166334534756,0.20226048938447158,0.09013616055640312,0.2544216717614853,0.06677505693438261,0.029797361733009623,0.13903107900585884,0.8597267969508415,0.271075598200353,1.0,0.5500018623878619,0.03602852584844578,0.15473906571933269,0.6849612964807699,0.30677937852882486,1.0,0.45589916053706137,0.03635961912669012,0.15543417222608558,0.5990151272034955,0.30677937852882486,1.0,0.4508990078416367
374,4488,0.06614145485022035,0.21176394339499924,0.1582800520202459,0.3331875491262549,-0.17400689705273323,0.03051652674596997,0.14374515387221207,0.7933697457821236,0.26948349994179643,1.0,0.5386172436775738,0.047509817989619584,0.17741975240772478,0.6389559907366069,0.22274819244101657,1.0,0.2816937864882586,0.04782499690631924,0.17789269051803033,0.5725477737390493,0.22274819244101657,1.0,0.2769285614502943
375,4500,0.03587364262270063,0.15845063316196187,0.03204307283154121,0.15322891588344814,0.12871363537160524,0.03649489589234916,0.1571677173202399,0.6402881011043109,0.05567852500726737,0.0,-0.017317819552994163,0.051355774164254596,0.18017493529073905,0.568166743555411,0.04635064149157867,0.0,-0.43157400279605174,0.05000558590222798,0.17781304981308785,0.53021821212074,0.04635064149157867,0.0,-0.39393666899565805
376,4512,0.03804957779278242,0.15276921070699856,0.045064694338308765,0.16496994293573103,-0.13002924177340158,0.01902544667703998,0.11353956121705037,0.5589671895256362,0.0889623794094228,1.0,0.49998271253751214,0.06237397094107198,0.1967839505865385,0.5009649315733438,-0.2815969987987727,0.0,-0.6392815521044659,0.0662283681226198,0.21052990939567326,0.4781339976462073,-0.2945399912222221,0.0,-0.7405808937828104
377,4524,0.0741285914408797,0.22766963632849793,0.09390341044128774,0.2567680509717009,0.13316685439230183,0.030207667738856067,0.1479310711210217,0.7018344385495906,0.3059848253769682,1.0,0.5924964018377741,0.06390510841845874,0.2000909032594138,0.561864734118162,-0.07264602322607824,1.0,0.13791551712640548,0.047631358295740965,0.17392107365458878,0.49917609311682065,-0.005304714143349631,1.0,0.35744957013342504
378,4536,0.07041774882601344,0.22253424877049444,0.07846274261901627,0.2202423933607579,0.4812677357138154,0.038441417774087945,0.16921283186221003,0.7456339902572285,0.393486601835461,1.0,0.4540947642466089,0.053790100275007836,0.18846034236614106,0.582830574444712,0.23490105331248995,1.0,0.23612865830301988,0.08563234002881755,0.24249507043124216,0.5242628805054775,-0.003004297153410507,0.0,-0.21606188008645333
379,4548,0.03168729750064041,0.15106991752691631,0.06598983680791144,0.2000835884821547,0.06797905349627907,0.03542682104937988,0.14059585794444737,0.7187769383726863,0.15208322513773903,0.0,-0.11801333164066441,0.043190307816187025,0.1726405282343507,0.5319371544444254,0.1723787367768713,0.0,-0.36301645210716194,0.0350719511603497,0.16224547153864644,0.48587413719374706,0.1386212532271937,0.0,-0.10681421032010974
380,4560,0.04272568888679418,0.16887356216773655,0.032664087628912056,0.14173559329065152,0.19084461162597954,0.07698274095900492,0.222400970021798,0.7023424455522281,0.02215429285549202,0.0,-0.8017905144368322,0.02254511361559892,0.11831002846564546,0.503756124758481,0.3449167377961361,1.0,0.47232884470665015,0.03539798739922004,0.14411902057831447,0.46982868027863933,0.3483259631143369,1.0,0.17150575399707635
381,4572,0.03849662052559578,0.1664920214467737,0.11654455057463349,0.28283618401563526,-0.050906780946269124,0.06065558666815334,0.20056179956271314,0.7062705817053049,0.2146567664085434,0.0,-0.5756080881911292,0.038038380876360446,0.1533157848822115,0.5205588658803907,0.06756715483995582,1.0,0.011903373412496143,0.08231456603894037,0.2395406938367256,0.49038613803782016,0.044146197553899404,0.0,-1.1382283669344626
382,4584,0.08181707650820384,0.24250372744099633,0.10452734964831678,0.2799942535941644,-0.18498492105935474,0.03255557389893336,0.1532416708429236,0.6458994066263293,0.2676260448361175,1.0,0.6020931657748856,0.09275356591455701,0.2657660600478254,0.5199057895565801,-0.02387169923881698,0.0,-0.13367000964959397,0.14821432699129178,0.3380442870023373,0.4801927671053046,-0.21869838602106,0.0,-0.8115329136262923
383,4596,0.042397579143863794,0.1731087968130367,0.049417448646457675,0.1880802951755645,-0.07924013620113994,0.06231900116106472,0.20887807848877124,0.6200165464980999,-0.18632342348695138,0.0,-0.46987168653199296,0.04505924472766659,0.18108529903465498,0.47545478292422383,-0.0362276021416465,0.0,-0.06277871608591656,0.06963428138645496,0.23186175658825156,0.4485304194746684,-0.15440518967252856,0.0,-0.642411731815427
384,4608,0.1427340019259212,0.3433513212487753,0.10200354356140323,0.27668988922488535,0.06943411675958625,0.1558846366052737,0.3588589260869462,0.6392038059922122,0.022443664027144816,0.0,-0.0921338609014668,0.2325813807650523,0.4499773250033005,0.5062333918126747,-0.38628584898674384,0.0,-0.6294742501913579,0.2311040783386337,0.44571543741817904,0.47848836046423215,-0.3746393529472131,0.0,-0.6191242116127065
385,4620,0.038815730028631486,0.14598104489071007,0.051680499630557375,0.1809650582104971,-0.06017701792284624,0.039344709837172746,0.14990347751794209,0.5044670788626191,0.1165249942810179,0.0,-0.013627975260315228,0.05470745681215852,0.20007121590698743,0.4527798240311431,0.22128167214451722,0.0,-0.40941460515633454,0.0322115952146571,0.13648591000421573,0.4602834706029869,0.2639104431925891,1.0,0.1701406828907509
386,4632,0.05081327972931044,0.19150045426121567,0.048987585370478814,0.20554043305723968,0.062314453151120094,0.050293866343776174,0.15116161231011058,0.47936619983455164,0.2213636780734794,1.0,0.010222000789975705,0.056363198091320434,0.20703260545566357,0.50223346251073,-0.07245285750844503,0.0,-0.10922180956582994,0.050521800608647305,0.19464209966072707,0.47886224398633964,0.01063376724613561,1.0,0.005736278433824515
387,4644,0.04416317160386001,0.1804668149416447,0.06168859117665996,0.20749222527620617,-0.026239141392440733,0.06767866159920566,0.21278806314779522,0.5040072389700834,-0.1305152201477975,0.0,-0.5324683246547064,0.07181509506174134,0.23429570015407827,0.4675480500060088,-0.11926948181405102,0.0,-0.6261308337615965,0.06263786399828776,0.21863297144035446,0.45863883264572297,-0.024626675457518198,0.0,-0.4183280258977822
388,4656,0.05644411776482141,0.1898930775111695,0.05394884614119713,0.19045631942345076,0.12450845948530827,0.05649326654559181,0.1949195777526663,0.5078151618135816,0.3993366646666086,0.0,-0.0008707511555974268,0.08252557875146012,0.20110097011123948,0.45606346318147384,0.08097200936569947,0.0,-0.4620758020403304,0.07828737408050174,0.20956414152801858,0.45133705025757687,0.040219015016936824,0.0,-0.3869890642403495
389,4668,0.06226466678800607,0.20373391712477348,0.035031919232557385,0.15903362729126438,0.44644465461098476,0.026127704929614914,0.13519403640720679,0.6617451210555265,0.6153067316868372,1.0,0.5803767003431897,0.037645467103488095,0.15381661614015957,0.5320493227792445,0.455640550591277,1.0,0.3953959918927942,0.040115627643807474,0.16544422886176982,0.49874906572058125,0.3769668335023265,1.0,0.3557240452215048
390,4680,0.05676904168426966,0.19979382259472192,0.06918842014962276,0.21869448721793383,0.042591712419900826,0.0361690091534907,0.16864491260747858,0.6381794349777768,0.5533952454384239,1.0,0.3628744104110374,0.03828298579046933,0.1591004322205549,0.5028266601833514,0.3475574481483243,1.0,0.32563621553827815,0.04248635488271765,0.1719340608126151,0.47008847494815076,0.31450141638124474,1.0,0.2515928819265175
391,4692,0.03982791870016652,0.1639458828021557,0.0654918959522001,0.20913667096947508,0.3732911219533678,0.04498896022982093,0.17105219568081464,0.6960467578889867,0.06216744645432117,0.0,-0.12958351071538243,0.028740698047670255,0.13601119622859956,0.5480906320626989,0.2649094806774498,1.0,0.27837810797906215,0.03074260172793614,0.14923038025712843,0.45392607331416057,0.3212116099043637,1.0,0.2281142793482802
392,4704,0.08111034752707699,0.23329087274535723,0.05386893411673697,0.20175229198730324,0.27807271741404255,0.05161208775990161,0.17269487373556547,0.6980081501119076,0.470340268208638,1.0,0.3636805989189974,0.04768383775719203,0.16270435240762735,0.5383864099903447,0.45678629902187834,1.0,0.4121115343356927,0.04718601516992806,0.15879861563166955,0.4329351306167034,0.46104374909943385,1.0,0.41824913086242177
393,4716,0.040189927204778875,0.1606028686068958,0.056140497218100466,0.19661535896952018,-0.04245533638752486,0.046429852053046804,0.17511552191064486,0.7608091959144245,0.18508264112069914,0.0,-0.1552609144195205,0.050394180887507835,0.16895634618189836,0.531088902781915,0.02002169036542144,0.0,-0.25390077545389533,0.03432768531769693,0.16008053476610026,0.454707455089799,0.21693418288080107,1.0,0.14586346119046678
394,4728,0.06773769603075373,0.21420221570324974,0.1251149940128884,0.30302307404031253,-0.43885570143695835,0.05411448174665989,0.20230072115230668,0.7317305134072927,0.18825858339589496,1.0,0.20111717820914277,0.04516964165682832,0.18351542932982637,0.5593188401122354,0.2615904911347749,1.0,0.33316831980348494,0.05024282991456149,0.19284257608482294,0.43800109963681244,0.10543184045448568,1.0,0.2582737108190004
395,4740,0.0406896666679546,0.17448116156894722,0.03973626946810225,0.17447174565867032,0.023925276532996097,0.08411475437650946,0.2187427157709231,0.7581971800785297,0.19241309216311822,0.0,-1.0672264303102428,0.05511017004589508,0.18448577027965626,0.6029603935977839,0.2833939098030192,0.0,-0.35440210153644336,0.03158066631360363,0.14509862109013325,0.4566950386066996,0.3199898890061715,1.0,0.2238651997000708
396,4752,0.04643724996479557,0.17215527366365221,0.16031854121641387,0.3354809973320858,-0.19717094284781328,0.19793032780430905,0.41351990683510653,0.7277657300408764,-0.07988642455609175,0.0,-3.2623180303390384,0.09293633730117144,0.25265145173400033,0.5725214235229876,-0.09110876406254727,0.0,-1.0013316329375055,0.04679538551197673,0.17043603665657958,0.4497801074395283,0.09562773780550515,0.0,-0.007712247117403814
397,4764,0.14758740357855357,0.3359785848971379,0.24380468057196433,0.43452765774642144,-0.11161893697907699,0.08781343935578627,0.2661785198793967,0.6679421803603726,0.11265481372451391,1.0,0.4050072213036293,0.08037853860997832,0.24997939267652455,0.4931894047728692,0.21992104276274502,1.0,0.4553834767667232,0.17528226582200748,0.370630541189462,0.38753445067592307,0.031182054968677986,0.0,-0.1876505824476633
398,4776,0.0402900189101466,0.16594942665670256,0.05801332758190525,0.2030894866840706,-0.13785991273437803,0.0324465707331556,0.15362812650910296,0.670129479271584,0.3050781780812257,1.0,0.1946747206667534,0.02354077377341149,0.12459206782045112,0.49279281758252313,0.2717694869895947,1.0,0.41571698375443056,0.037085372373919116,0.16404471572341262,0.4020964165491054,0.1757996584369153,1.0,0.07953946468415352
399,4788,0.047741907982482366,0.1800774563312828,0.08318758403150271,0.2409407936908117,-0.3029813492009349,0.05792008481944171,0.19336524947023673,0.530756791175442,0.13626656798131256,0.0,-0.2131916646627101,0.046069431414917116,0.1742301077903522,0.4299404846230632,0.26978058886902395,1.0,0.03503162395979065,0.020199797835576953,0.11315025865138277,0.3445592049938101,0.38200703644256057,1.0,0.5768958826909738
400,4800,0.05471314053061175,0.18520604595011306,0.053504164623356915,0.19057111624525627,0.09771790863474457,0.027258436385847656,0.13557435026487144,0.5324779205734126,0.29736194555708,1.0,0.5017936071390987,0.046445639916937974,0.18232016477460336,0.41017071481247347,0.20210221727615738,1.0,0.15110630706800954,0.036141885519188066,0.1628000996010738,0.33600457446388626,0.36337867964440085,1.0,0.33942951969706714
401,4812,0.10318236341148268,0.2758089505629436,0.13424018529088907,0.32634346139486703,-0.14949855472630197,0.11258888048337758,0.2970676634446258,0.6002557229203725,-0.19264905209962996,0.0,-0.09116400090955934,0.1067418727951045,0.2770520408693726,0.40164547295770203,-0.12252201584521574,0.0,-0.03449726548157073,0.04670973000138506,0.1715303133930853,0.3155698095497852,0.06697498498209056,1.0,0.5473089735780665
402,4824,0.14210116045295917,0.3324925473986969,0.13851351611307108,0.32486544208943596,-0.16407730969782414,0.058319035574338214,0.2078282472963201,0.5592444006480062,0.41910369277527726,1.0,0.5895949379411014,0.06946762881789607,0.22892651963975963,0.3781106776053507,0.42549192716716944,1.0,0.5111396093004288,0.05294207711899565,0.17601141981012947,0.33274422560600725,0.5690649115029454,1.0,0.6274338861819396
403,4836,0.07002681678339363,0.2310001577746441,0.08697781583135344,0.23521277097608276,0.06918496250505705,0.10216430179367396,0.25848319513991674,0.5697611947566058,0.338731788910725,0.0,-0.4589311136287648,0.13116536826560757,0.2916736832931366,0.3695919368383869,0.307027597590232,0.0,-0.8730734065968926,0.11488147272549491,0.26506682184429303,0.3240869199228687,0.2691206210759451,0.0,-0.6405354120385813
404,4848,0.10217881728937428,0.2834098920384187,0.1354551597597539,0.3274364978227619,0.002536564132458097,0.0681502732835183,0.21115454216117166,0.6284062115977955,0.3350567615592176,1.0,0.3330293392365842,0.09906966723964487,0.2507500371552606,0.3879552617249685,0.22768102170182827,1.0,0.030428518671577254,0.19049100359492965,0.3553032913766461,0.32329966755518513,0.1305906015259407,0.0,-0.8642905510978065
405,4860,0.13761132786976477,0.28253242499462683,0.17960239712989368,0.3586198077418196,-0.2336153859705858,0.12112921055676518,0.2785254753940723,0.6655908471822484,0.19736369258589187,1.0,0.11977296904364043,0.12221975409109671,0.259653137904774,0.39154382847033803,0.1663957553600257,1.0,0.11184815971861428,0.09630204354316725,0.2621693942239251,0.31951719782605303,0.3571800253898609,1.0,0.30018810926446826
406,4872,0.26071854005731016,0.4199703634861012,0.5743445142431162,0.6543311557521022,-0.38084204815142675,0.19600263172572627,0.3503152937703204,0.7045553572373098,0.0701109665174668,1.0,0.2482213513368028,0.17497294600334254,0.3201154598724814,0.4553244058739444,0.3990555751971333,1.0,0.3288818433668712,0.14673355586702383,0.304433795225903,0.3408307260842863,0.5977660428472484,1.0,0.4371955449168693
407,4884,0.14722220934726474,0.2849968154301133,0.10603510917908586,0.24214746924124886,0.14415296732808752,0.12223954731070945,0.2639627410519418,0.7827679183027613,0.20547277552273419,1.0,0.16969356829598103,0.07910707119891924,0.21927569958615498,0.5097560911809564,0.4573102967570577,1.0,0.46266890335599364,0.0708724273181172,0.21288314416347762,0.3843609513918459,0.46776551934627736,1.0,0.5186023383812643
408,4896,0.20455297365199346,0.36406663598617045,0.2909627244080807,0.4645317319875993,-0.1633975568327209,0.18669428396280321,0.3491171432318992,0.7906955786215336,0.12396951246476529,1.0,0.08730594021856308,0.1093824667447726,0.26637937644378745,0.5242374456391201,0.624844653420047,1.0,0.4652609307412695,0.11345829695633768,0.28851942332453495,0.39621550880434464,0.5492450530715716,1.0,0.44533538217163937
409,4908,0.15567722479744084,0.3340317747949997,0.3159388212303634,0.4656792638293242,-0.22231184617813343,0.13577685101007675,0.31593034492530475,0.7993265628564107,0.23596312060648125,1.0,0.12783099013524568,0.1789641689456988,0.341046682326091,0.5244209089694147,0.10485512418509768,0.0,-0.14958478466299563,0.1307516235265987,0.31138153199444435,0.4033722876644609,0.2580413384153599,1.0,0.16011077601925428
410,4920,0.10589529530743709,0.2805232117703132,0.1001016824297881,0.2557209319854908,0.11366056949922965,0.0969196961285372,0.2641011091468926,0.7545747731117995,0.07508812254709732,1.0,0.08475918739205346,0.12589457416157246,0.2949114089427441,0.49782447905139315,-0.02960646396657394,0.0,-0.18885899317881027,0.142443936899125,0.3083192371319177,0.36773145580045985,-0.10004094957317214,0.0,-0.3451394274465096
411,4932,0.19544318803305094,0.3877753008279556,0.1354523935119336,0.3276519134184266,0.11278146188081287,0.11778146859001,0.3016092005726766,0.8151878110222542,0.32370925567098807,1.0,0.3973621195224658,0.11166805144986465,0.28583423394353,0.4611791054945463,0.22968316848020534,1.0,0.42864188527777836,0.16141682345687297,0.3588306057358553,0.3609310999957167,0.2327509337624563,1.0,0.1740984933709936
412,4944,0.5571178052982252,0.6779256859623235,0.6742527809279224,0.7618360032765185,-0.20971719798696573,0.38852323532331107,0.5641726939424871,0.8540749172744256,0.3105418673960182,1.0,0.3026192456453002,0.40897377872254975,0.5823078749632482,0.46730563514779194,0.25336930446063144,1.0,0.2659114915495726,0.43216804029255246,0.5967881077015869,0.3733337281749046,0.2224803721421354,1.0,0.2242788936512038
413,4956,0.09938042387914986,0.23229649132385535,0.10997418984868472,0.25777686562341356,-0.06781842026485671,0.24071079032410747,0.3624034187672079,0.8064022598054656,0.0841354122129046,0.0,-1.42211474783827,0.1455333255189402,0.2721961567377467,0.43748276242876755,0.024721469466874167,0.0,-0.46440636735373464,0.12321365229838387,0.23523540279034597,0.3484960796499317,0.0146062462713203,0.0,-0.23981814012200298
414,4968,0.1226003809240059,0.21249044574182255,0.17082717633941344,0.29286048529877456,0.020340315322433876,0.10034701519857066,0.2674133168580915,0.7471731717005069,0.24438026615571068,1.0,0.18151139138163874,0.10934395472575563,0.2063769780613547,0.4434699528826956,0.16870013639947262,1.0,0.10812712079962694,0.1363529381396659,0.2569422869345848,0.3341681013201795,-0.0028160476566333583,0.0,-0.11217385388210621
415,4980,0.1143160207604369,0.3034531956571543,0.08811117135542142,0.24527133782554103,0.11663320247849865,0.10208332779820373,0.27063258867005163,0.7032040936278252,0.026161415349717925,1.0,0.10700768694414464,0.09018285839268238,0.2723718139927089,0.3780268240918563,-0.021296191768175144,1.0,0.21110918843412585,0.12298651558972744,0.2672782910604041,0.3051028132485093,0.0512065316607303,0.0,-0.07584671659854769
416,4992,0.472701048758336,0.6616692731707473,0.26581363455938,0.49018422536798095,0.03332758380415055,0.16593106471367164,0.3237110921287658,0.6720198351890972,0.4274609188110404,1.0,0.6489725056681599,0.3874937340936857,0.5858316436288825,0.3376218779459491,0.0025332149305044016,1.0,0.18025624205503243,0.3648225491336163,0.5576373304614043,0.2706766564033223,0.2469886157312961,1.0,0.22821717850656098
417,5004,0.020759852149890266,0.12659840417869553,0.19227607014616924,0.27988008967240513,-0.047429310981231466,0.1579159002451004,0.32941173643391425,0.5940937316816403,0.11028549684520446,0.0,-6.606793107432373,0.03397944594928036,0.14118001915701273,0.34831398341120545,0.06976317290061063,0.0,-0.6367865100359094,0.04942379539599725,0.18349391845975294,0.2687128763020392,0.041463129903535775,0.0,-1.380739276905616
418,5016,0.0598466348222513,0.22477840578762734,0.26596443700574285,0.42106527853050973,0.18298150062328894,0.14103679488627827,0.3362802989158909,0.568472400657274,-0.23152772598875457,0.0,-1.356637015684632,0.07143270037705861,0.2094067677343047,0.3260841149828954,-0.1523307645336609,0.0,-0.19359594051058582,0.09295727107022063,0.2654071089649775,0.26227842146256986,-0.1349625607238133,0.0,-0.5532581129467053
419,5028,0.025879980874550807,0.10836227036073515,0.06069143732778635,0.19156419296719654,-0.03331672379413763,0.16935526441062174,0.36690224028662616,0.6329426048660511,0.37304094663019133,0.0,-5.5438713124072665,0.07022101536424535,0.224417407594493,0.34762567483479395,0.2896300526364146,0.0,-1.7133333561810122,0.06549819481924514,0.20229588294382514,0.29987950683341535,0.09189280289554706,0.0,-1.5308440194271191
420,5040,0.06802391807094214,0.1920146689137152,0.11772522086653299,0.26911883590201047,0.1389145321675102,0.04600578065138824,0.17444257831444188,0.6006020182529466,0.28799706924557056,1.0,0.32368228770049956,0.057012007678600436,0.17586663700380256,0.3401204815227613,0.20652676439767798,1.0,0.16188291860603188,0.10411305450105997,0.24712752403505997,0.29301185321684275,0.05987853350193575,0.0,-0.5305359857760688
421,5052,0.10329966344185004,0.2346133217154028,0.6743737178215263,0.633972500205824,-0.6733117945418609,0.2826982213840649,0.4609966693263246,0.6481625118528986,-0.23385873152585557,0.0,-1.736680952917168,0.0546309066712414,0.2045195627644573,0.3696590988398226,0.5749197997233867,1.0,0.4711414843863988,0.11184938429227737,0.24159506132064648,0.30628954207789205,-0.08264964578141024,0.0,-0.08276620238206456
422,5064,0.14067267726583427,0.30232824498004446,0.11714243681152452,0.2704503454338298,0.2003705984853672,0.12016817371297898,0.2991397680133621,0.6860318865771186,0.27084014355214087,1.0,0.1457603846844201,0.08147287885203942,0.24312844136824488,0.3965513966085045,0.4176771577000892,1.0,0.42083366553067614,0.1217878253287606,0.28642790101813453,0.3302850505847973,0.06277758229732218,1.0,0.13424676564153448
423,5076,0.1521914610367513,0.33036411150687295,0.20420480851436515,0.38261858594767784,0.09122245874465609,0.07049994105576991,0.23058669951576402,0.793956170110112,0.5066917459315565,1.0,0.5367680908277401,0.07051609641985836,0.23101949965427768,0.4596858592655784,0.5066917459315565,1.0,0.5366619392474977,0.08928181219160525,0.2576777504515617,0.36635145348728937,0.2950777855247078,1.0,0.41335859723401025
424,5088,0.05944577270514225,0.2099295612688801,0.1212035678781509,0.3066416280909508,0.22380806909093992,0.07925888157187568,0.2168296710077088,0.6923438672521057,0.17441538190014055,0.0,-0.33329718775813855,0.08393278322044627,0.23148432075506328,0.4223516971276675,0.06612449552152556,0.0,-0.41192181379763304,0.06602606884310623,0.2119454100735736,0.3392896965935169,0.1348382189287844,0.0,-0.11069409713291134
425,5100,0.3540135555270633,0.5466879489243652,0.37053426009175494,0.5502787139715105,0.005039576515507615,0.34185784543721076,0.5446350739906715,0.48421504022629913,0.014948517338805867,1.0,0.0343368492535685,0.2875593758455519,0.48075410770488264,0.3220746277859252,0.14811359288683895,1.0,0.18771648329277368,0.31166756894848,0.503003321384584,0.3510341042309608,0.05108247525736167,1.0,0.11961685059075677
426,5112,0.14160748292917782,0.32560557086530756,0.17074616857678723,0.36153902313075353,-0.17140348390519952,0.12723120188120188,0.3150678191383254,0.4580118097540534,0.26153252060278764,1.0,0.10152204354317884,0.10967828516598033,0.27922023895871945,0.2998032144884684,0.1289938755419588,1.0,0.2254767693255748,0.13109079299129958,0.31154171110953577,0.34581736651740924,0.03540112611391037,1.0,0.07426648451295448
427,5124,0.10988843753314055,0.2614357111735474,0.08708957571147163,0.2405121353398899,0.21511736199086434,0.0704196440805984,0.23231747482525447,0.6068151774196642,0.08127376343797957,1.0,0.3591714864508744,0.060000790437976105,0.21456334047164352,0.3854468109798852,0.4753461332079908,1.0,0.4539844975056557,0.07758510693558737,0.2484115559785205,0.3513411590105305,0.3355660598365199,1.0,0.2939647821256083
428,5136,0.1960814495681751,0.3363258957719431,0.3729979303635725,0.4878604421909067,-0.5479827959676855,0.057618615586180644,0.20396213436697574,0.6974126208540437,0.5186435515494163,1.0,0.706149583690489,0.0643292487298552,0.21941190519602585,0.4644115200485758,0.4986967062327505,1.0,0.6719258814562736,0.08396604233493721,0.2620160933860723,0.3871478461835108,0.35625065866809286,1.0,0.5717797755991025
429,5148,0.398283742120102,0.5147085521584984,0.49711167297888165,0.6013434997445537,-0.2091689200950054,0.23997356493942767,0.3865983247712392,0.7495894767981552,0.44204980305861047,1.0,0.39748089223520466,0.13180819130510987,0.2910813334424876,0.49952040261155106,0.6128820940655147,1.0,0.6690595739522722,0.2339315453141582,0.38715772278508487,0.4128099132788667,0.4179721349426391,1.0,0.41265103097375133
430,5160,0.38632946986012745,0.5321160499928288,0.30062048489933463,0.4744181959990115,0.26801141322838207,0.21326101791851024,0.3882083059040047,0.7663646097461476,0.29437352810693046,1.0,0.4479814910425486,0.2531599524919734,0.4277378289800636,0.5202624101731999,0.19084968439662062,1.0,0.3447045275017947,0.24579964930837384,0.42749769453053027,0.4368259833041388,0.18662081542943063,1.0,0.3637564087529568
431,5172,0.2593439952600333,0.45311095356883446,0.09475813707416525,0.25239912546518833,0.650003969730524,0.31036999549962435,0.49496455184435123,0.8057142938386251,-0.40722204752697155,0.0,-0.19675026671980356,0.17488105555117725,0.36426612035356554,0.5417370779142091,0.3948539617111492,1.0,0.3256791799793499,0.14229888782549638,0.31455589357744357,0.44163757957061145,0.4289197676506398,1.0,0.45131219374167786
432,5184,0.1687142853920979,0.34453420468179846,0.22142726422408818,0.41272028459651455,-0.07710175105899095,0.14130654217978958,0.31566645525060827,0.8203260008059721,0.08468519753369638,1.0,0.16245063747039423,0.09917397498388504,0.26089070421203225,0.542298972084301,0.404156765348736,1.0,0.41217796256315076,0.09705832672258548,0.2570094265045304,0.4550815652247466,0.3427394596670257,1.0,0.42471779140089694
433,5196,0.055997123561212,0.18119330544796144,0.043509804621600055,0.15619961431475063,0.23383918684583307,0.09462197756628622,0.2425297502657581,0.7148356036821315,-0.0911844658466487,0.0,-0.6897649655674245,0.1740112583948464,0.3429992035819575,0.44805944215126453,-0.28003809499851867,0.0,-2.1075035167588543,0.08686255648263042,0.23078944442149707,0.432977355612073,-0.08265068814622409,0.0,-0.5511967572348346
434,5208,0.061141553274326854,0.20578740173173857,0.061721448642584574,0.1960595555398683,0.08458064178718797,0.13022372624111148,0.2876549307826723,0.7831452005274946,0.23978345243728394,0.0,-1.1298727177706818,0.13997430229826927,0.30553041481273807,0.45042676043909824,0.023553989152338767,0.0,-1.2893481568948633,0.09285868310497929,0.24181307809147481,0.42564721536986416,-0.042887387387809964,0.0,-0.5187491670083291
435,5220,0.08675077141225308,0.2644858595103608,0.15582130810419828,0.348570211469267,-0.08605446121067448,0.06733603964739425,0.19098186174531287,0.8713442210882067,0.5476679394051667,1.0,0.22379895243348358,0.052588544266988585,0.17801257490851172,0.4819538322641109,0.37036830008420407,1.0,0.39379738749434645,0.08025775384802684,0.23952641756395776,0.4566284550785701,0.10509935669829504,1.0,0.0748467991526025
436,5232,0.18477410243336134,0.38739389937617014,0.46426499374129265,0.5698620892187948,-0.37672858146792676,0.0598094738270856,0.19912393240805035,0.8920749328911374,0.7331978483083097,1.0,0.6763102997691148,0.0641330093179123,0.21799209172381176,0.46982521306541275,0.5563794702545468,1.0,0.6529112658466745,0.1336313076647973,0.32565410017713764,0.441003388880172,0.20140187711200436,1.0,0.27678551320258016
437,5244,0.7410185827423286,0.838934965403225,0.8570831435059695,0.8805986534319326,-0.11522648472409555,0.44985927490212557,0.6515945857051032,0.8497018608088999,0.5672530335709728,1.0,0.392917687384699,0.3823508063584389,0.5881220236830619,0.46686336012198393,0.5579831372207649,1.0,0.484019948671932,0.5033669694516965,0.6741342837713803,0.47849041172487217,0.1687795884069418,1.0,0.32070938411711836
438,5256,0.06523626211653377,0.1883595016223839,0.11028730964052037,0.284661468523248,0.3762726132242214,0.042931453814649995,0.1559229083444239,0.8152023266940718,0.3193182044071676,1.0,0.3419081286729754,0.04878585488351762,0.17936258412724423,0.4260114032269164,0.20420791083829243,1.0,0.25216661254487927,0.022695546846232442,0.12056634829881435,0.4571645140731141,0.33809141829426914,1.0,0.652102280083267
439,5268,0.07524231432298979,0.20879328565488411,0.29117886007756427,0.41071647264614364,-0.43448781286974647,0.0544105691588162,0.18895760304227438,0.7865344755271245,0.24603652188223765,1.0,0.27686210015749857,0.046062789500467514,0.177983110567871,0.4829387654006509,0.2829756271394401,1.0,0.3878073805287867,0.06087498249924622,0.18655448444435216,0.4753051245592337,0.1576037390276396,1.0,0.1909475001269828
440,5280,0.07529222310360649,0.2038553907063735,0.07519621172728269,0.21060300402316134,0.13333255078256767,0.08114295858645477,0.2332877898105485,0.7206187487878724,0.12497581330828267,0.0,-0.07770703588865113,0.17962395328164016,0.3456715672270827,0.45609929916333963,-0.1596753909037259,0.0,-1.3856906580440205,0.14262374192625824,0.31875164195928124,0.47215121592052567,-0.009615977318364527,0.0,-0.8942692358811035
441,5292,0.10173066359446621,0.24257640406309286,0.11451144707487902,0.2765644196550982,0.06514585126546542,0.26405052840294935,0.43974722044435066,0.7443260181295182,-0.2783157150100629,0.0,-1.595584448908606,0.1696155123325237,0.3539126936768855,0.4736414836169559,-0.1901274935771125,0.0,-0.6672997731408703,0.10653541020375483,0.27795204861024575,0.4764711293174546,0.06335538400860737,0.0,-0.04723007242380728
442,5304,0.11651327191740746,0.2757408445116233,0.1776858279672844,0.3427744590623027,-0.07269174044463604,0.21059446238841717,0.4074683923987126,0.7773298113363899,0.08096882157134459,0.0,-0.8074718778621277,0.2424893844835617,0.43869755263847793,0.4960810154907277,-0.11765627359226113,0.0,-1.0812168476004578,0.15441511039414502,0.3421298954967204,0.47532669078760215,0.11335713397730954,0.0,-0.3253006104197722
443,5316,0.0778380734024534,0.20643899081864311,0.04280304514837322,0.1515110031290818,0.2765765619476208,0.07654987789836076,0.21893213994174124,0.7403388304564192,0.22322757802948315,1.0,0.016549683821594052,0.1176476707101531,0.2665487228685195,0.49629480093099565,-0.12154213567286228,0.0,-0.5114411953886429,0.11130436563033884,0.2731637432372626,0.4779173563714608,-0.04338933569455348,0.0,-0.42994759203316324
444,5328,0.08410966981718832,0.21456208482208386,0.07436820024688491,0.2164869188597683,0.031098988170958332,0.16806369379483002,0.31814593757077486,0.8145197472680499,0.11910652566751945,0.0,-0.9981494893525928,0.2849221750361213,0.44798479778208194,0.5424556557475935,-0.12799295989697154,0.0,-2.38750794831792,0.22662460999974332,0.38802946271694116,0.4824010539547636,-0.0872846835597966,0.0,-1.6943942413792619
445,5340,0.06424912930329725,0.21440998181266355,0.05770982172651647,0.19218278775823663,0.2827005136777955,0.13257912078118075,0.26902413618201493,0.7570682769071599,0.15751779463358448,0.0,-1.0635162253378088,0.08737031106454553,0.2304305415917575,0.5222951162688027,0.17130949598858816,0.0,-0.3598676279658424,0.07452385129148448,0.21437580501306794,0.46828914458896237,0.20329824169365182,0.0,-0.15992001914428955
446,5352,0.12866479836093994,0.28355520576915055,0.0556133240641371,0.19248942613308614,0.5611750513236409,0.39201350185462297,0.5003615481351867,0.8199804137042923,-0.46424223398112385,0.0,-2.046781301867181,0.26130133854526844,0.40426655108590115,0.5777673428307132,-0.10086595036380594,0.0,-1.0308689079995816,0.16591402011810336,0.33849527451040556,0.49670609629517515,0.08466931049604928,0.0,-0.2895059272752223
447,5364,0.11100864826296748,0.2751051671031295,0.22473111734617354,0.3959859163804746,-0.21867164378454618,0.12530596995033227,0.3114069992626451,0.8039683615015353,0.10987692465593168,0.0,-0.12879466520028227,0.08439149061804258,0.25162241040719996,0.556858892243246,0.2268459805452126,1.0,0.2397755315592326,0.07561409669707882,0.22126128191673247,0.47335883197912887,0.21998832071369806,1.0,0.3188449919869558
448,5376,0.10914035236563767,0.28412163069466795,0.08917807333761125,0.22754414774500065,0.18175253299424593,0.26915490816695253,0.3841818609805146,0.8423921770039904,-0.1331772325229295,0.0,-1.4661355981813258,0.13247291142165782,0.27212942112934707,0.5708587429936947,0.09336083495428099,0.0,-0.21378489761378394,0.13504481143331173,0.2711751732995665,0.48190085306919234,0.19918134118151212,0.0,-0.23734996732363456
449,5388,0.13120170947303797,0.31231301029674946,0.23135728290515578,0.3865349274520984,-0.0357154751725698,0.26908169870993287,0.3989861479867162,0.8234363151498941,-0.09079516400100193,0.0,-1.0509008593766023,0.10126035445663185,0.25261218765891197,0.5763226014072604,0.19606178185588663,1.0,0.2282085739329417,0.13578734232601253,0.26800827428785534,0.471172821031865,0.1642697879988941,0.0,-0.03495101452101812
450,5400,0.23617334133618817,0.3783570013034301,0.62909579340978,0.6575002199210372,-0.25350273796854944,0.3019932945031187,0.42866736079361606,0.7966907444759288,0.05686439986548273,0.0,-0.27869340711590773,0.18652890285691293,0.35940941369802104,0.5869559057994884,0.2680242797364508,1.0,0.21020339636304397,0.12532229424524902,0.2973190716293999,0.4606407072696047,0.4338703068756752,1.0,0.46936308079388533
451,5412,0.14722765841623056,0.31407704005834114,0.10409446871623855,0.2741224295122883,0.1645837914124049,0.16153158181156682,0.35908921035132163,0.77151662012666,0.16808188154222975,0.0,-0.09715513748712445,0.14726165890602097,0.3253515947428927,0.5678773678933746,0.0633245526922082,0.0,-0.00023093819569064422,0.17812724858449422,0.37849864071202566,0.468541270069326,-0.02279512199532755,0.0,-0.20987625899005158
452,5424,0.15163039134978704,0.31808977494470975,0.1872508831241335,0.35524609929940487,-0.1737416649938237,0.1714748735896439,0.3223660206127742,0.8023539057625451,0.34743378789974494,0.0,-0.1308740422233614,0.1275670617997935,0.28281556652427103,0.5835329403335633,0.021620036880418615,1.0,0.15869727259677968,0.18394080971994176,0.34819042716850784,0.4890958942744981,-0.054154646594329656,0.0,-0.2130866911476852
453,5436,0.20155664457764924,0.37066752964741884,0.27834025106886484,0.4461029193208626,-0.1884801406235412,0.18037882124791782,0.35214208257831076,0.7698487230117357,0.2609270197170424,1.0,0.10507132312163847,0.13008701179361606,0.2937022618579989,0.5558294917302694,0.33390096072046976,1.0,0.3545883239612062,0.21948274783259622,0.39336677673238096,0.479667849750104,0.027008877992211456,0.0,-0.0889382897423705
454,5448,0.45989451649828933,0.588137868816802,0.5024645433427141,0.6320608462527176,-0.17743998867297892,0.19529311114559897,0.3602647058532436,0.8024596580954168,0.4548910519137491,1.0,0.5753523816013462,0.16005042402949757,0.3227297153854637,0.5788147087674387,0.33717053718686857,1.0,0.6519844914695936,0.3802040659867141,0.523888958363448,0.5073622449377553,0.24018673424858455,1.0,0.17327984494868764
455,5460,0.17742930578348762,0.34273041104917734,0.23069970949932353,0.3716293064791818,0.009247766087700815,0.3982254752135485,0.5267949856958029,0.7619109353774064,-0.016544467180687823,0.0,-1.244417704589865,0.2403096160001276,0.43550321645047035,0.5443808107532605,0.13636404739895513,0.0,-0.35439641686571877,0.39668680087232877,0.5196320665685062,0.49451620749003056,0.002888526701708144,0.0,-1.2357456628748547
456,5472,0.19929685594800015,0.3844947400939383,0.4328239451646796,0.5078886962674354,0.19575989529417978,0.2535380379751029,0.426626009410398,0.723541159510589,-0.06624625730964857,0.0,-0.27216275825874114,0.28744139356714915,0.4256600973722951,0.48397247184349707,0.0628074750329382,0.0,-0.44227761245840913,0.18313503635846337,0.3761035172204296,0.4484305058908326,0.08714999215369067,1.0,0.08109420247830534
457,5484,0.26450866700507664,0.46051326574620594,0.41766205228462505,0.5753386589062982,-0.13521308451742997,0.45182409631039505,0.6039134746354443,0.7748926563726117,-0.27317163868412236,0.0,-0.7081636735242529,0.37715338996059106,0.5667963996311265,0.5222999114696685,-0.04883092449551814,0.0,-0.42586401508481564,0.33878713234775,0.5351802769731321,0.4929747640608101,0.010495993347732218,0.0,-0.2808167542625275
458,5496,0.3300181106241326,0.520338931340751,0.31423412077269547,0.49406584867503267,0.06127996031170886,0.22627523355811227,0.42978040941147405,0.7425100228744694,0.002139163102220021,1.0,0.31435510272397194,0.26097030927439163,0.46291183168051037,0.5133770035886498,-0.03945171108751235,1.0,0.20922427929533105,0.4672578993844878,0.6315336750600001,0.4872281201757166,-0.12623433991564342,0.0,-0.41585532533595293
459,5508,0.8368231119618663,0.8241860177481426,0.5198444534638357,0.6529872522422596,0.18876096266182746,0.8758036224193795,0.8571108640946169,0.8005053446830491,-0.060935837555551965,0.0,-0.04658154142770554,1.0667066403871457,0.9396432000085807,0.5659719557527927,-0.3790935194977707,0.0,-0.2747098223498339,0.9503791846158117,0.8926035352748726,0.5289043481655854,-0.0940463603006999,0.0,-0.1356990157546223
460,5520,1.146294125863397,1.0030704003006663,0.851774510350117,0.8563801593497847,0.1540531474354961,1.358286358967425,1.1025823932815202,0.7559096745437184,-0.23045515942511127,0.0,-0.18493703171021125,1.5087849719587407,1.1644428751235991,0.5509427439449571,-0.37339253331373135,0.0,-0.31622847741831794,0.9138374858946611,0.9029009166742293,0.5247319923744219,0.17202120174789245,1.0,0.2027896983190487
461,5532,0.11763811725375391,0.3032806352974402,0.3910010133986444,0.4387331473498343,-0.16086123680100672,0.12412098592354648,0.30831270871624245,0.698390542775598,0.0620397809297709,0.0,-0.055108572128951705,0.18352752784797222,0.3926838910571222,0.5375460512807855,-0.07321896557728964,0.0,-0.5601025597178684,0.13579035590474167,0.33370090541768577,0.5160401410749509,0.09807672567365612,0.0,-0.15430575628673204
462,5544,0.20304314760836428,0.3483244116626601,0.12600089332028783,0.29912127008949213,0.22327403504188875,0.205347501771067,0.33810259504545215,0.6981191276199002,0.23960708131620118,0.0,-0.011349086092515837,0.05972894024568134,0.19741336247453845,0.4703576969252293,0.6698966189086304,1.0,0.7058312927610426,0.09206741194251578,0.2381606190998662,0.4563858373563824,0.7567576640228693,1.0,0.5465623291060373
463,5556,0.29685703434199406,0.4406515952244403,0.7784000844724915,0.7383178213245566,-0.23488104443720587,0.10275049243543073,0.2743634349251185,0.8159900240342361,0.27263373425878995,1.0,0.653872131872553,0.1468576592727343,0.3040961137890334,0.6000708940084838,0.513614625276473,1.0,0.5052916310430192,0.2508626166691826,0.4080418304787832,0.5612329381442924,0.29910204370744864,1.0,0.15493794100167302
464,5568,0.5783478900478558,0.6503325537630011,0.30806066292780915,0.46272687913950455,0.2711446800811115,0.15095596084436427,0.3077033137166399,0.8291245983981108,0.7169102020377108,1.0,0.7389876172421528,0.07830103419782834,0.2447591391660923,0.6462503199821734,0.8861669637288874,1.0,0.8646125704870311,0.45610953189737197,0.5749448616239109,0.5848663664625461,0.19777050922022835,1.0,0.2113578354031328
465,5580,0.6339931031113136,0.7188591170131189,0.08010381512088116,0.2268540376390276,0.5203585899503009,0.2979106370441247,0.47659992759327396,0.8839748490449173,0.5383782874054669,1.0,0.5301042935922619,0.4633849137367079,0.6182177853100722,0.6657057134560873,0.32568043230889654,1.0,0.26910101787755736,0.5233029168751114,0.6692021936894653,0.5960358308264287,0.2688784179210843,1.0,0.17459209838875445
466,5592,0.3846599245611945,0.5723922129792275,1.0450011473780145,0.9548102550898573,-0.34013355465393547,0.19974104923556904,0.40561478967908576,0.8784956037214207,0.4749915513232857,1.0,0.4807334050631189,0.14747744487156947,0.3505079554633493,0.6379385652128594,0.5494157960380385,1.0,0.6166030421812042,0.1313157687761051,0.33277812694981407,0.5857840124033028,0.47939473437012625,1.0,0.6586185344732619
467,5604,0.3300239931074752,0.5485631966298854,0.10730661743002934,0.2612887838661528,0.5837786253951578,0.2960378714524375,0.49676715000659594,0.8566092762657469,0.11794638185245936,1.0,0.10298076008058554,0.06395755109007743,0.21585477163634795,0.6276685060029858,0.6079845820990855,1.0,0.8062033293765732,0.13594182727428852,0.33982236234338975,0.5747129783175247,0.38474501916475895,1.0,0.5880850177156123
468,5616,0.12013616158711633,0.30152347485636005,0.286746280156506,0.4738510000813972,-0.28240427159658377,0.2426437480868817,0.4453407246987428,0.7815816424577369,-0.027598691303476208,0.0,-1.0197394762852432,0.03541944093404031,0.15523274537259202,0.558103534469899,0.33516459247862357,1.0,0.705172527021716,0.15144093058790256,0.31882851961426034,0.5105168814090215,0.20574299899532286,0.0,-0.26057740306681665
469,5628,0.058103793171197314,0.20050893721614535,0.018542476907729227,0.10595549230458436,0.3024371263600799,0.15257384815269656,0.304421057079376,0.8207982492848298,0.5116215938318938,0.0,-1.6258844702815218,0.4559113774611141,0.6015080846828711,0.7078692876408565,0.49080435166344694,0.0,-6.846499386327747,0.05342310104972792,0.20078388778370893,0.5986643535124359,0.2569383007807526,1.0,0.08055742776858277
470,5640,0.05289565550760814,0.19045610319646022,0.1101554483053074,0.2708401861917215,0.2723087054878689,0.2704177377758071,0.43586636218603303,0.8907175808937305,-0.20838604659643023,0.0,-4.112286352835008,0.5108269668072586,0.6627166839004588,0.7107627023137019,-0.011078438995915074,0.0,-8.657257517751809,0.1251808797741523,0.24719735526724648,0.6235491718244913,0.12337468551778848,0.0,-1.3665625952238583
471,5652,0.04231081466921649,0.16953874963640914,0.061398408697104105,0.18840927514861172,-0.01870417312672904,0.06536650326932734,0.21994189486736662,0.8780687827104788,-0.03692091515784224,0.0,-0.5449124244087216,0.09461093958553925,0.22099346229160813,0.6846679908919994,0.3108995169655285,0.0,-1.2360935454729982,0.12898777585977808,0.2470771134915802,0.614670155304995,0.3276412992722828,0.0,-2.0485769860069363
472,5664,0.044851835159410526,0.17951669861041095,0.06526423273850686,0.22010560406147803,0.09776066289231242,0.05073498301884166,0.15683313121763368,0.8869120897367818,0.22668514319075683,0.0,-0.13116849820127752,0.08533516236664944,0.19085333005744606,0.6937903699643295,0.13706149849526456,0.0,-0.9026013554039596,0.142967994892,0.26238058062862274,0.6307979039792023,0.1020789823764765,0.0,-2.187561766065292
473,5676,0.10362440498265178,0.26904686687875157,0.16809579148842982,0.34220467121822007,-0.17553798432045223,0.09081053088996753,0.2188570851795909,0.8690557169280743,0.6352245113747169,1.0,0.12365691358931785,0.11984922729061993,0.26409922621377907,0.6730929185467547,0.6451746448850574,0.0,-0.15657337005394067,0.06158555522798272,0.18901846135940206,0.5807766054722616,0.3269533467186045,1.0,0.40568483613205764
474,5688,0.0735294034846503,0.23436586298097825,0.04834100619300835,0.175618080007122,0.11429491127605602,0.04852681557995809,0.1624439245367008,0.8866629125506611,0.3483112636895144,1.0,0.34003523379475875,0.07101244288203534,0.20467126379570955,0.6795268365963982,0.23422031993934483,1.0,0.034230668050236335,0.07362780292581356,0.19624331442322174,0.6018306945145927,0.19563160545166303,0.0,-0.0013382325505169046
475,5700,0.06250614044383973,0.21696860616975142,0.053500440736427735,0.17756501043643688,0.3094783290740163,0.0830066984780279,0.22912449262893508,0.8159701859687093,0.25268414212056,0.0,-0.32797670578632876,0.07386138752883376,0.2140622616537775,0.6353023073031238,0.29943997578429116,0.0,-0.18166610519164017,0.1305573644662787,0.30257292665327423,0.5780353426567076,0.17257302029794896,0.0,-1.0887126214996647
476,5712,0.060731057800286294,0.20091875351510116,0.0850960415310496,0.24388281924381117,-0.11866987823593482,0.1155518914956604,0.2891180716850978,0.8300371973231242,0.19749385030337113,0.0,-0.9026820161053688,0.12938388432096248,0.29059021127401685,0.6580578178118671,0.03732487247492809,0.0,-1.1304401571011753,0.13734500865868468,0.29168788617646607,0.5811487486268362,-0.027986138174742436,0.0,-1.2615283453540838
477,5724,0.05869287653220398,0.21297515276990467,0.06251848329675012,0.2217570324865921,-0.025781635476040954,0.050604319976961604,0.19477134571396407,0.8170089623266555,0.21775724399181767,1.0,0.13781155453855287,0.16056055218555845,0.33924187426210345,0.6452271117856935,0.13130287566445767,0.0,-1.735605437526325,0.07490880863665533,0.22980223766642838,0.5785842738933676,0.027180467112432494,0.0,-0.2762845009914259
478,5736,0.16814267524269347,0.3480156293219401,0.11127076734405116,0.27879429065133654,0.22710288749688412,0.10370948191775066,0.2583329616234085,0.8333719362307315,0.11555344615862925,1.0,0.3832054725663271,0.11007083157198606,0.2650455334264934,0.6638017290895941,0.27052472772244296,1.0,0.3453724260476275,0.2567817907769833,0.42870615249369165,0.5726139898091762,-0.2475358476688656,0.0,-0.5271660832465648
479,5748,0.061071508146319675,0.19924327450269672,0.10070880809874105,0.2614319141871256,0.02411735766273233,0.0578379445253269,0.19310154108792102,0.7278424716558816,0.3067403222858122,1.0,0.05294717158851814,0.1819054324926694,0.3600009020175488,0.6045299493147074,-0.12070833740691704,0.0,-1.9785646042479712,0.05570490448439177,0.17977458371816435,0.5408558930712284,0.16297810750249953,1.0,0.08787409750992548
480,5760,0.15270277795778828,0.33297379645764097,0.30302290385471475,0.4866515480044866,-0.2688982776647267,0.04766645931632065,0.1809913058632302,0.6975790993062955,0.39684904103900404,1.0,0.6878481193741144,0.09982641981191544,0.2541627083987434,0.5727834558918607,0.34943298337685347,1.0,0.346269785350529,0.09141722878491919,0.23954413376762665,0.5326117413955566,0.2934663622589509,1.0,0.40133879679523765
481,5772,0.07426944360104504,0.23414565283767708,0.09856304325315202,0.2580329160090829,-0.08047824592885058,0.05800562275069987,0.19607573033376904,0.7761802475774563,0.24483860528909135,1.0,0.21898401363702047,0.2162548809952489,0.3982270811529551,0.6403175155046621,-0.20998279831363384,0.0,-1.9117611565384878,0.08580023561995032,0.24195845405054225,0.5894157396080416,0.12688791110317413,0.0,-0.15525620578020627
482,5784,0.07611253183044037,0.237560159333757,0.18168787064479333,0.34888685183576174,-0.09888451752373831,0.11091599533754908,0.2839965786366443,0.7615066116072853,0.16474837733412018,0.0,-0.45726324785308803,0.1523795872651725,0.32290702710165947,0.6218746685954766,-0.15526433784266885,0.0,-1.002030199240199,0.09221668070772715,0.2544109136973534,0.579259004760632,0.013481915225773772,0.0,-0.21158340801436992
483,5796,0.07766594291431443,0.23655101422168112,0.14777236663575286,0.3153934748325687,-0.1399317365151735,0.19299837860015304,0.40768463845571756,0.7896605013142862,-0.025187979755380313,0.0,-1.4849808211699695,0.09319791401744815,0.2667612661864027,0.630257250977572,0.05574259558844067,0.0,-0.19998432414925404,0.11535947102429901,0.29424021576930187,0.5929899444442442,-0.00011683070767226633,0.0,-0.4853289189004022
484,5808,0.06695787147757261,0.20428219508725876,0.06445573441575278,0.21400346117079874,0.18386387556570713,0.027745591796080504,0.12338753046092706,0.7422691233805658,0.259175226022498,1.0,0.5856261379907539,0.0642281620468454,0.21310164788928299,0.6023191442743332,0.19702288667923396,1.0,0.04076756579159668,0.060706891100288214,0.20148995350608545,0.5683950032500497,0.20365528572301858,1.0,0.0933569159135853
485,5820,0.10411814134800873,0.2592028577127292,0.07623460362801786,0.23302699859714224,0.2740385714796022,0.055038113477290394,0.18654592614922924,0.7490222326261102,0.39526799397924384,1.0,0.4713878603217786,0.0906811903148615,0.22881714163318492,0.602583942532113,0.10468346082311494,1.0,0.1290548492239696,0.09626859245376557,0.24774709114696944,0.5750959323236422,0.0960856412493354,1.0,0.07539078966081914
486,5832,0.10226628573858627,0.2699549609146024,0.13125652371594868,0.3140831814983419,-0.006519661354482798,0.0999351888410921,0.28123804099815747,0.706518453128633,0.182856578811387,1.0,0.022794383121070183,0.108572153529145,0.2685994930029388,0.5686123752649527,0.09502813424472376,0.0,-0.06166125761795849,0.10076740287021167,0.26349444024259555,0.5564126068521338,0.17837825850100897,1.0,0.014656666735761381
487,5844,0.25613115740633224,0.4541030972699536,0.31392620030886537,0.46983574508162884,-0.09847325725077885,0.044384596674001714,0.16430668331902454,0.7531034385714378,0.8081271143090125,1.0,0.8267114507916388,0.11539337027031238,0.2830417484076128,0.6531775753262411,0.6091733761015226,1.0,0.5494754662461867,0.11208311159918631,0.2695534015595847,0.5665729804065552,0.6197017410042605,1.0,0.5623995427413966
488,5856,0.08711726309682122,0.23933441983412682,0.12852695447508408,0.3009903959759887,-0.07506086061164408,0.1336670023592134,0.29982303979346253,0.7494659696316436,0.12902359921083612,0.0,-0.534334270931552,0.15559518008775608,0.34793614510309273,0.6643338819650918,0.11019317292577921,0.0,-0.7860430247312662,0.13546319591638403,0.3056359504085387,0.5807954823990436,0.17900887750355568,0.0,-0.5549523837294068
489,5868,0.1526655502233817,0.33621576607203946,0.12378911594045489,0.2802296878628597,0.2682222996869418,0.26498532148522685,0.4820418617824798,0.6840654420615342,-0.14788922840048635,0.0,-0.7357244060464052,0.36242760603533064,0.5652778914731079,0.5948639953000157,-0.0499850979168464,0.0,-1.3739973131136858,0.43133340588809777,0.6113151046065285,0.5413115570221536,-0.28096556124808186,0.0,-1.8253486477922922
490,5880,0.12590746221143692,0.28698221962891196,0.08192713821035964,0.24375092252819672,0.37436491060465427,0.16707063594507587,0.3266037006380036,0.6591280899032139,0.08467522904101159,0.0,-0.3269319626545524,0.19153769781080301,0.3958357088587179,0.5867338184133412,0.09117474879420995,0.0,-0.5212577113908703,0.09647855180217385,0.26232056393833686,0.5442212818627368,0.1681048102081096,1.0,0.2337344418859224
491,5892,0.05884218600100302,0.20098346628027794,0.05900194979649529,0.19672109567696852,0.17805578001384484,0.04635090513456483,0.18004334996233684,0.659716121722643,0.37567745578523504,1.0,0.21228444616631448,0.05229483790871894,0.18830976524605977,0.5568161645476005,0.14624501399738263,1.0,0.11126962706947152,0.05135802428686181,0.1907405266459777,0.5311232520745224,0.09025773296386576,1.0,0.12719040917367752
492,5904,0.20390907639023115,0.3886901974038621,0.4955055154308594,0.6192022441454134,-0.42795388617537516,0.19900524305388942,0.41017591448334284,0.664574500195571,0.27324667885660847,1.0,0.024049117494686745,0.21903397779276912,0.4308768246736962,0.5525792919126665,0.3352891037742343,0.0,-0.0741747335150138,0.11947905008252525,0.29115161739475326,0.5176335236100081,0.3277481202190083,1.0,0.41405722492768227
493,5916,0.048745719987973814,0.18509252973006937,0.11943579278221565,0.2767339130252466,-0.22439414199608415,0.05229529948174531,0.19795182378137952,0.6818169758690691,0.503894157762916,0.0,-0.0728182801412558,0.17489337828846607,0.3807530860778176,0.5654074779998646,0.4029287914146019,0.0,-2.587871475313412,0.038321602284325136,0.16970376150387645,0.5392190028566942,0.314133226206899,1.0,0.21384683016725237
494,5928,0.08098358264831203,0.22663664294808603,0.07067360071211597,0.22753021294036416,0.20233192104291492,0.03470751277619316,0.16040232489466222,0.6344488717542232,0.39236909375999807,1.0,0.5714253229951838,0.14074876411405046,0.340512942523653,0.5595511721530908,0.1382094075979055,0.0,-0.7379913250477088,0.10005252367440826,0.26326855257052123,0.549702699815527,0.12043648457305536,0.0,-0.2354667502042611
495,5940,0.2578526120315066,0.3821813093485778,0.22325334720191395,0.35765032950696357,-0.18567806430728923,0.06060124224647214,0.20222048159065797,0.6476848095514705,0.6613814655863764,1.0,0.7649772024063601,0.11347708532008427,0.23473614393283473,0.5432721672448128,0.26104695591759597,1.0,0.5599149280433945,0.16262402374153337,0.2697764674623966,0.5293271067837946,0.2571493655732289,1.0,0.3693140338572076
496,5952,0.28649330502730486,0.4054381893857532,0.2570825396295842,0.4149558224759133,0.16220092939334363,0.09559688850602581,0.24061838260568205,0.7918075827897748,0.6599176598460933,1.0,0.6663206894244361,0.15746325906609762,0.3028037377359218,0.6476248856714462,0.3229375352993597,1.0,0.4503771770475047,0.21698789587761844,0.3963971697508319,0.5974698584129702,0.26665899244118835,1.0,0.2426074464220449
497,5964,0.4810405050214894,0.5820273291579307,0.3585524203096358,0.4808330870238038,0.007426019743546897,0.18756981495329597,0.32903417537368973,0.7170347984431372,0.6158404031348955,1.0,0.6100748003644376,0.4084542296930196,0.5266587291098067,0.6016649396547833,0.29880580989523897,1.0,0.15089431050141433,0.30046492449796075,0.45622754018406225,0.5769173184898607,0.2640962145985837,1.0,0.3753853961122501
498,5976,0.2073855324825807,0.34350685685482024,0.15519557427682495,0.30103670980721936,0.12615336627024737,0.08185631479269234,0.2262408478692055,0.8097457436418358,0.5267075502177054,1.0,0.6052939961008714,0.09398636933759852,0.2212479394964035,0.6345140068934482,0.22121246368038122,1.0,0.5468036356610706,0.14085398494880574,0.2714170695843413,0.5897119004567546,0.23289026528365966,1.0,0.3208109395932104
499,5988,0.28783581931738217,0.4408298510030349,0.17198082824857286,0.3128175345822412,0.36955430776701653,0.17253683304734982,0.30302017210550397,0.7556616167671413,0.2776192376809875,1.0,0.40057205716602606,0.12379114026014142,0.23689863811729495,0.625168205606182,0.17061457773901473,1.0,0.5699244779412145,0.18868964466106694,0.32079691184571474,0.5738309494617557,0.13277321637525724,1.0,0.3444539143580032
500,6000,0.15542357538217708,0.3050684930293572,0.13590363636157554,0.29007967471696827,0.038241142011522844,0.23863168476644417,0.37119652284739296,0.7720117181764798,-0.13743023565522478,0.0,-0.5353635005478636,0.06675660787350034,0.2050475114524045,0.6427254832158585,0.3113403800825545,1.0,0.5704859593575176,0.1721800077054855,0.33174576707356634,0.5744611541070729,0.04574086034093448,0.0,-0.10781139400573814
501,6012,0.2654516558424052,0.4402065699957631,0.2542033444338681,0.39876080621891913,0.11305282731852584,0.2538529697525182,0.4112258476184542,0.7711090863269396,0.09199501465511753,1.0,0.04369415610943861,0.10916884142437418,0.2422583697981964,0.6468411402528071,0.5664929195353,1.0,0.5887430384341391,0.2298008830078397,0.3807961183061668,0.5807763967027195,0.03788602942152852,1.0,0.13430231851983943
502,6024,0.08496460773226382,0.24689108546138797,0.06778115639348598,0.1934591765040762,0.26713426420631015,0.13684001857870157,0.30640814392644394,0.7966437681750155,0.5571275155790758,0.0,-0.6105531730329989,0.06192360761578789,0.19729512332793053,0.6259476426454956,0.5001378961643469,1.0,0.2711835048904311,0.07751690484142994,0.2221746482585857,0.5503166484350959,0.1366595800372607,1.0,0.08765653240350035
503,6036,0.5601819945328604,0.7155694643263956,0.6624771179508887,0.7738572887144347,0.1528652619271377,0.07914691787373494,0.23472782176431442,0.8663214581887514,0.8642723453368835,1.0,0.8587121352592989,0.32659323444043115,0.5190703660692436,0.6653188909232369,0.5189945519172651,1.0,0.4169872690878266,0.34921414553782343,0.5420797451629438,0.5788015544079248,0.44577415079301164,1.0,0.37660590853328757
504,6048,0.10616228090816417,0.2948794124680729,0.225615237178222,0.42396870858565866,-0.24042381079486855,0.0795533162705704,0.23547508745753465,0.8571288172840728,0.8169131084652468,1.0,0.2506442439816444,0.12920672038678616,0.3078449199877309,0.6784481590734901,0.850318817439684,0.0,-0.2170680516798298,0.22406478781807157,0.4161974967169891,0.5874674048252128,0.8510444029354467,0.0,-1.1105875448540816
505,6060,0.022695079850989158,0.12886643815201976,0.102208853790911,0.25144627229953503,-0.02263336326344742,0.09531577196297693,0.27806964788206173,0.8318117978322757,0.4008129591608653,0.0,-3.1998429875020964,0.10914016836832485,0.29246922243848755,0.6468325092908617,0.4789246922735201,0.0,-3.80897926268226,0.033502087871736495,0.15087835162731367,0.5901955772509906,0.2672040571468656,0.0,-0.4761828595318345
506,6072,0.014791102796288617,0.09981802510776742,0.0183497329681907,0.10835796897090089,0.061989013100510325,0.0349066207521051,0.15804934387249578,0.7467845170494014,-0.09501619398493102,0.0,-1.3599741839982253,0.046561046417874265,0.1788921701568742,0.5850068444300589,0.09213202812097443,0.0,-2.147909054459236,0.1767346754078687,0.37634530226078655,0.551653478929714,0.09514842558922498,0.0,-10.948715240638782
507,6084,0.043211042879809834,0.18061667353233876,0.09713593784764651,0.26656517129309604,-0.013212798135460568,0.06134865801211801,0.2028617314664897,0.7579618883149187,0.035718655653566314,0.0,-0.41974490601296943,0.02082790508840708,0.11170951644553291,0.5695812755167752,0.4460122270599552,1.0,0.5179957783861119,0.03599363330589086,0.14584906742632622,0.5452243775031007,0.4233122590719608,1.0,0.167026970258366
508,6096,0.05335205295546616,0.15876279491851794,0.09545568470721526,0.21021552001722524,-0.061099398914448044,0.03769590285532116,0.15315216793869157,0.6774008120495617,0.2686014861706103,1.0,0.2934498155715479,0.16999193894072925,0.3599583751351898,0.528100615457866,-0.03314254740606287,0.0,-2.186230510803855,0.08811951748983964,0.21164948411865522,0.5096520136194637,-0.08845582036519589,0.0,-0.6516612315442567
509,6108,0.05111909273905887,0.17600114969859068,0.07004508801423338,0.22574227255754145,-0.029359241195411844,0.1075144663954392,0.2841942111228099,0.6635093735762162,-0.09168967761837905,0.0,-1.1032154648020578,0.06993518985712321,0.21898235469503083,0.5467151038902872,0.17181979113974014,0.0,-0.3680835498022723,0.031652934423029376,0.14445081966825055,0.5354870440676823,0.3503449424453516,1.0,0.3808001526043491
510,6120,0.1011345116907949,0.2568179491457965,0.4148158954812185,0.5869905831960786,-0.5483642833782125,0.03782404577893439,0.1573439045758327,0.7734018592919228,0.3384051324428903,1.0,0.6260025865890736,0.13239842436236757,0.3140746269935464,0.6005754744607726,0.21909189056440698,0.0,-0.3091319881699519,0.07000665182784373,0.21471954729624368,0.5893016137371638,0.2800440660319154,1.0,0.30778672228250237
511,6132,0.03960109099665521,0.15978557650496203,0.070635569028159,0.21281088104570864,-0.0775783780070531,0.12805311782521384,0.3137366263907572,0.6821049312804517,0.02238022575167729,0.0,-2.233575505180639,0.04496752347124879,0.18251582244890593,0.5709176341122588,0.11700796229026658,0.0,-0.13551223816149016,0.058198690578725155,0.20252823187002447,0.5587274446394893,-0.09795104699282844,0.0,-0.4696234147599807
512,6144,0.08568845324404273,0.2320444785277034,0.10982826085054438,0.2632726831355487,-0.24732216213537775,0.09237235046865151,0.23597345919687618,0.5699689335547204,-0.055026370498354495,0.0,-0.07800230919763362,0.06664620878669918,0.2053827924009178,0.56070180474419,0.12488353678407357,1.0,0.2222264930271386,0.05948136039462234,0.1943944544685726,0.5235582681044358,0.22031289880346266,1.0,0.3058415907541472
513,6156,0.12197353480984542,0.29502471456127843,0.0995984695448332,0.25551984429470526,-0.05651362499787314,0.15342596834482147,0.329355949933707,0.5556512485655938,-0.1989045546525196,0.0,-0.2578627698542133,0.1299783349153291,0.29957759617280866,0.5455079470782079,-0.06625798547955344,0.0,-0.06562735201503345,0.1271616454939524,0.2954959391035465,0.5136362273073348,-0.038348763502551966,0.0,-0.04253472437439121
514,6168,0.08612835595706485,0.23123742014158918,0.06029688139386143,0.18707198534660888,0.14203782708133422,0.14724541945766478,0.30751277396408144,0.5795999853813931,-0.4006346359691877,0.0,-0.709604436558233,0.1099177857458233,0.25918286111424993,0.5531117400079943,-0.13329535206248483,0.0,-0.2762090315600303,0.10475439319995998,0.2592487572068839,0.5188078660554946,-0.06137223477224529,0.0,-0.21625905935299916
515,6180,0.09978222980771212,0.270486263244605,0.13441443257204777,0.30512290177585527,0.11977205503140573,0.06500564441984436,0.20031604084403387,0.5957487186512698,0.503511853796957,1.0,0.3485248370865721,0.06630891447494988,0.21857892441095164,0.5585124397367143,0.39547130215364473,1.0,0.33546369325748526,0.10698450610441446,0.28178884520395137,0.5269307163581927,-0.04349859329247863,0.0,-0.0721799493815849
516,6192,0.06562205143463164,0.22024918503665844,0.07486899032003698,0.23425334938679473,0.102470618483259,0.06814282204244511,0.19678006392516978,0.7749235679418611,0.36122117315912416,0.0,-0.03841346853236516,0.07613490563392533,0.2353540913930017,0.6275925970579449,0.19117249376736525,0.0,-0.16020307152033952,0.06790108674475855,0.20321254887226625,0.5742578283579192,0.24685155396010527,0.0,-0.034729717530960436
517,6204,0.05491509956749275,0.1943746455691695,0.07800986831310318,0.2049609785077858,0.0252253615245008,0.08853480209564772,0.2335378621891465,0.7787182158470874,0.14768515427902917,0.0,-0.6122123567641915,0.06618277718487818,0.20888857173133224,0.6365665908332282,0.07817181398471967,0.0,-0.20518359624454519,0.06708639640268697,0.2176680759983247,0.5712738595136362,0.10886800193501826,0.0,-0.22163843698826846
518,6216,0.0767915948102837,0.2163125008430795,0.07073627448378401,0.2180264087263882,-0.085312066745735,0.08499008586578705,0.23705300002004095,0.7190492215147162,-0.26362208689395566,0.0,-0.1067628700218819,0.11478940459899416,0.2633657522859622,0.6291657555607154,-0.23555897360046835,0.0,-0.4948173023699449,0.12890775394236345,0.28184264824379335,0.5555633701419401,-0.3189515420925204,0.0,-0.6786700974349409
519,6228,0.06541906521008278,0.2081065119282112,0.09527931463617857,0.24553932199635267,-0.30030620983121986,0.10247078997691694,0.2551540074029547,0.7493781899524634,-0.2641015351921309,0.0,-0.5663750261158351,0.08853741362165383,0.23929466241956435,0.6337173431871226,-0.25623676507136,0.0,-0.3533885471663376,0.09875067589403337,0.2606515286369417,0.5647459015907776,-0.29604107527560375,0.0,-0.509509125159638
520,6240,0.08945864340759986,0.23476996281878193,0.151771187831034,0.34147119656562946,0.01485331934181867,0.06462298525138219,0.20438284619610292,0.7132635607223877,0.20881435299761533,1.0,0.2776216719837693,0.11529185276642055,0.26249311075517107,0.576592304827497,-0.2758473494716599,0.0,-0.2887726481734918,0.09130589164749775,0.23417559218143943,0.5308391656063647,-0.1365738501665264,0.0,-0.02064918681452932
521,6252,0.2723643901331521,0.47358334056145984,0.355035165494946,0.5400639358690751,-0.19414197487056717,0.20455231518865877,0.3840975416305727,0.5953561845923186,0.08005673022055415,1.0,0.24897555407790906,0.3432942324283379,0.5483118879207446,0.5104032646452058,-0.23068120130850528,0.0,-0.2604225987858029,0.5092681239550677,0.6782585485671516,0.518509972175506,-0.506522596236527,0.0,-0.8698043591752185
522,6264,0.04976911184035552,0.19491040886068942,0.014568809248850657,0.09212223492163958,0.39053995285366827,0.03331691940409291,0.15090128164149508,0.6127893139273923,0.21685618042646926,1.0,0.33057034429379284,0.06174996695538134,0.21131977397673016,0.49989967843255767,0.0921613067389474,0.0,-0.24072873057202293,0.03526345310061412,0.1628074182704998,0.4882358109348333,0.26789052009220155,1.0,0.2914590637315616
523,6276,0.06734906991738575,0.22495775522304975,0.08796923499896449,0.24323127944248465,0.03791766508200931,0.1408483352778992,0.31619908931274643,0.5316049430010468,-0.21462481209559092,0.0,-1.0913181941587595,0.1133299504532686,0.2992918099303304,0.4645865666437669,-0.05919899609920064,0.0,-0.6827248036578033,0.2422753524127035,0.43861867865517823,0.44422879578795227,-0.08957380885156975,0.0,-2.59730806542529
524,6288,0.493451655295209,0.6308636559093715,0.5147370698935448,0.6422827579338238,0.3771896559483214,0.6959665305609143,0.7424392356756391,0.525845235829775,-0.3489492002367977,0.0,-0.4104046933322174,0.495216241920818,0.6375967584884338,0.47520424053918664,0.0769752602521397,0.0,-0.003576007105606571,0.5257522606519349,0.678585900993382,0.45490999504645624,0.215861737881601,0.0,-0.06545850036190881
525,6300,0.3204093076918707,0.5002479587229782,0.584339354110475,0.6774591733264232,-0.4008118469081663,0.21972034265839255,0.3872734967041172,0.5296735506620813,0.16219912207275924,1.0,0.314251061427679,0.3524480379933679,0.5128987913685552,0.46949113460742564,0.12988744588140738,0.0,-0.09999313232282248,0.20034574638234995,0.36808168803018343,0.4791566521074192,0.3996969116670763,1.0,0.3747193306412395
526,6312,0.13878989899653907,0.29124127439597314,0.09735839227392921,0.22721644817236966,0.3732111541263049,0.2824610113005786,0.4310664328124599,0.48590571724318793,-0.3792241374181377,0.0,-1.03516980228959,0.286077486055689,0.4567389344662531,0.4396296565272452,-0.26119371631237037,0.0,-1.0612269921950355,0.20174565323174978,0.3782944075412879,0.4731111058449266,-0.19841242123071698,0.0,-0.45360472693175313
527,6324,0.23538631644375005,0.42724552432226126,0.13171168871796668,0.3018542813398495,0.2871105085232699,0.4123089051019988,0.5815867511636975,0.5784496124027542,-0.377259222485145,0.0,-0.7516264808049185,0.31004346033592967,0.49754333470468365,0.4542772561698129,-0.13902802540074974,0.0,-0.3171685806554534,0.2898599784036082,0.49135809113000795,0.48595201971558594,-0.15273144132660219,0.0,-0.23142238165265505
528,6336,0.11553801793439221,0.2691808169710566,0.15394708948635152,0.31299123325054684,0.022535908498805168,0.34524019599325206,0.48882013860386814,0.710230394849525,-0.5388635253218684,0.0,-1.9881090412101003,0.2729093792109365,0.4540713768534352,0.5400575714168235,-0.4861145987756775,0.0,-1.3620742686265137,0.17551367236632895,0.34561700841952664,0.5529712303629225,-0.2175627457366231,0.0,-0.5190988689627138
529,6348,0.13252148172452236,0.2991260307791707,0.1713463810239749,0.3265079111086585,0.10053264720232913,0.21484597736566802,0.37373674683682134,0.7397792942269704,-0.17077399535030363,0.0,-0.6212162327936903,0.16607192716715594,0.3527238492714253,0.5501854063360827,-0.017625925252714038,0.0,-0.2531698635273052,0.17792363918577503,0.3651436468846985,0.5484398700419262,-0.078890452177976,0.0,-0.342602247352108
530,6360,0.1440406895335023,0.3009626719385839,0.22414447009693017,0.34352757086423064,-0.10107333579728503,0.11591295592865432,0.276683524545786,0.7647786000597213,0.18229809690593962,1.0,0.1952763048826267,0.09543423830645638,0.2466513868012379,0.6086096452650344,0.37096892432001133,1.0,0.33744944837785285,0.08947056337974786,0.22564484803882492,0.580997594850161,0.4254323193134226,1.0,0.3788521585844118
531,6372,0.31187202313713563,0.4232429787667287,0.4540975783624579,0.5272059443848044,-0.38375052269996324,0.2655012875990958,0.39422103270122394,0.816104791222003,0.1779150786520339,1.0,0.14868514037134328,0.16817096106194315,0.3075386983089981,0.6593283074603954,0.5970689589945932,1.0,0.4607693265644561,0.1414089267713315,0.29581818162696755,0.5960704209216672,0.6449855451432154,1.0,0.5465802756243016
532,6384,0.3436295837426542,0.4689655625659406,0.06285780750446728,0.1881678139649182,0.38068211565780435,0.2487485653489956,0.38151491586411207,0.8271934807893754,0.2600024536334152,1.0,0.2761142313774574,0.1305271768233762,0.300174127399977,0.6925853824821722,0.6208726868514732,1.0,0.6201515148907301,0.10727436386020552,0.2687037862851382,0.6185593014360271,0.6621522781985897,1.0,0.6878197660055259
533,6396,0.6067478702898141,0.6926576602177043,1.1042299615886215,0.9383937518175496,-0.6413873189837721,0.25338341356137645,0.4379421024212089,0.8221230262361485,0.4685244620843281,1.0,0.5823909304529615,0.4431970225887123,0.5905020350322768,0.6559307574939823,0.3158566274741462,1.0,0.269553229124614,0.11959550343490048,0.24584990352116265,0.5889250494901558,0.7599066508655133,1.0,0.8028909382446197
534,6408,0.1333181399549296,0.30983953122389885,0.10986343709589529,0.27434856396540425,0.20510380170932802,0.1002122483946139,0.26134593393049904,0.8159023530543585,0.20651523125226784,1.0,0.24832248313326077,0.1569595634639722,0.3169473204783151,0.6780774660688325,-0.031799360875613567,0.0,-0.1773308832319065,0.14607643444885507,0.29788667872116736,0.6055516205876103,0.12111722588462188,0.0,-0.09569811353682711
535,6420,0.17911210635410532,0.3469713288668918,0.22040221608255864,0.41193650116000136,-0.029702679928086385,0.2687263414491236,0.4377410120553325,0.7448770898981728,-0.3081206697904313,0.0,-0.5003248352060055,0.23561604674018297,0.4013705659671505,0.6448947475204003,-0.13093655743329777,0.0,-0.3154668968850667,0.19238197515175928,0.35347286818646434,0.5709727290460489,0.2127295483800601,0.0,-0.0740869451416053
536,6432,0.22003997503241957,0.39250094515984263,0.2320951528503511,0.40313388322260096,0.004426165659631942,0.32101711936138033,0.48857674343322083,0.747145683852662,-0.05136780042564717,0.0,-0.458903634733113,0.31747617404942746,0.4807369674705975,0.6496953589085586,-0.2280067376052926,0.0,-0.4428113528128339,0.24437214150346795,0.4233753837835836,0.5622150111137469,0.011052294019909486,0.0,-0.11058066366106156
537,6444,0.3630067906381433,0.48752182335057753,0.6238157912825045,0.6942578204816311,-0.22129310937358726,0.23901733796686728,0.42321205566751846,0.7167752494669369,0.28569318776500174,1.0,0.34156235053705275,0.3023750888830824,0.5097835244060039,0.6109859583765548,0.27480833718379105,1.0,0.16702635685815725,0.46355486286026215,0.6169027114421868,0.5561239521399133,0.10187501895684221,0.0,-0.2769867529071883
538,6456,0.9984524096599756,0.9059165550931324,1.5439987610013357,1.0999399718286467,-0.38628820901193206,0.18991146090574554,0.3939223439470769,0.8512801859398816,0.8369998239299752,1.0,0.8097941784021332,0.3900237007827241,0.577992522665705,0.6923266390598292,0.6707084689856803,1.0,0.6093717667369372,0.5263051410308061,0.6675407496041554,0.5624956206153745,0.6910871129970209,1.0,0.47287909174355136
539,6468,0.6082434798920818,0.6943649283509524,0.8487536730909304,0.8560088606968289,-0.03959506146655691,0.09567178284988291,0.25644785015360544,0.8613217340991233,0.897347838891531,1.0,0.8427080831727821,0.28725289840126994,0.46799504274228093,0.6479653272078466,0.3801833375215387,1.0,0.527733698925575,0.1487427531821512,0.3205344539924954,0.5423175016867999,0.7087340183010513,1.0,0.7554552443233061
540,6480,0.7170105039888338,0.8080816884122367,1.4075120250603657,1.0686252016986726,-0.05922067413481893,0.2944516290656799,0.493338777412153,0.8685066852207918,0.786167940552434,1.0,0.5893342880925696,0.23691789542852257,0.45159214475410114,0.6177829762668804,0.7769781372849816,1.0,0.6695754188948226,0.2636636807082733,0.4664413783861842,0.5363517591253697,0.8300465256875155,1.0,0.6322736149031656
541,6492,0.1270406633994613,0.28369363820354404,0.12410971934687225,0.2735950122597454,0.10347898272539109,0.2004625135202649,0.37826527310466496,0.8031534226202639,0.15018265062692654,0.0,-0.577939756894523,0.2619042876208867,0.43673385313310636,0.5756521418611354,0.04463272648537101,0.0,-1.0615784002746107,0.1791130602618944,0.3544897344706363,0.5187277549484675,0.26539629222732913,0.0,-0.4098876333690016
542,6504,0.12340291842357982,0.2825346899820039,0.07647378470427205,0.2262408234351421,0.3530970394342628,0.47009467203860916,0.6298778111649023,0.7519720486542495,-0.44005248952359854,0.0,-2.8094291289369013,0.30238182763998095,0.49376635468829716,0.5481772532833034,0.05528268859140715,0.0,-1.4503620457504662,0.2486087106363751,0.4367208521968462,0.4962423493895116,0.05346319909010182,0.0,-1.0146096527719637
543,6516,0.12330409931463134,0.28301713527039085,0.13278334871346975,0.307298876472142,0.034482777632649064,0.5059687744614777,0.6462441513930292,0.8095902362199178,-0.09059791360598766,0.0,-3.103422167420505,0.10768424923279733,0.2953195507715514,0.5282391404988285,0.2493319211504914,1.0,0.12667745978158684,0.07780678940588365,0.20449884763587314,0.5081783756863749,0.4187672188155524,1.0,0.3689845687340336
544,6528,0.09806371760980044,0.24139809370426754,0.1641416061295938,0.2908734489946542,0.01846765683769582,0.26353377593743976,0.42947913038666896,0.8332155044222903,-0.07253241167210248,0.0,-1.687372887351176,0.039383672602020255,0.15424750115151206,0.5689689783408135,0.40732928862396844,1.0,0.5983869104501065,0.08232659952048216,0.2175381991628443,0.5394835081189961,0.39608591224451645,1.0,0.16047849778586742
545,6540,0.13610214679339075,0.2854644940508843,0.177897422063764,0.36200493161709324,-0.0791738916281192,0.07517083421211591,0.20839553251275214,0.8479196596990561,0.1752660818262036,1.0,0.4476881079162648,0.11675847196423861,0.27283526409371345,0.6105953113669527,0.33192771063053633,1.0,0.1421261551334434,0.08388351858445293,0.23935666758024965,0.5591118481218675,0.42854131466900824,1.0,0.3836723331646492
546,6552,0.09801383940974849,0.23525582142068294,0.23511762742072387,0.40470621884898345,-0.06870516498683565,0.07222354845727191,0.22415402834301804,0.8753037376207347,0.3081620086892987,1.0,0.26312907552432296,0.07271663124110289,0.2124624835970601,0.6769931276484169,0.3069814478505,1.0,0.2580983289807697,0.078511013886321,0.2138175899869504,0.6060467600293604,0.3551866505040131,1.0,0.19898032401215926
547,6564,0.08504848360061797,0.22830757412348643,0.19021249253506378,0.34246901293446635,-0.14788116625812062,0.10133610102180639,0.26198260304292,0.8198717883155823,0.14464520769039907,0.0,-0.19150979219892972,0.06488553271996171,0.19274390716122433,0.65493881342022,0.33080765454084476,1.0,0.23707595981769802,0.12762390766587198,0.30483947738710326,0.5859985936824026,0.31748409802908373,0.0,-0.5006018010289917
548,6576,0.09229393630043799,0.23157454222683907,0.09636604679323553,0.2202343255505624,0.06226452319853233,0.06562501296772087,0.19527275030086813,0.8168897288771075,0.2841855710009014,1.0,0.28895639737266854,0.06374614597451948,0.19899652230590623,0.6750483623130152,0.18585757873600375,1.0,0.3093138235321211,0.07840342072116661,0.2295974571784889,0.6241750302800071,0.21029780972294923,1.0,0.15050301391474463
549,6588,0.4036611009261211,0.5295098310627435,0.37734937225494125,0.48475195042406605,0.04025690531583677,0.19378478804488555,0.34685521096465544,0.7326772092804262,0.509184789707035,1.0,0.5199319736276683,0.15104006035278408,0.3001816881447385,0.6195784090887356,0.59548778294176,1.0,0.625824584022953,0.16904654886852635,0.2845361699914513,0.5808767363261054,0.5868906037375492,1.0,0.581216648122194
550,6600,0.35753220366132804,0.49218048478774773,0.4630629135412705,0.5845917547438307,-0.1764840087003267,0.3338626823596631,0.4928042996432356,0.7614916047639594,0.11740595577614536,1.0,0.06620248766202297,0.18604762307461417,0.3403541816584171,0.6242778439384616,0.5235912980246852,1.0,0.4796339429864406,0.22974038716865963,0.3708826683604138,0.5775456382774754,0.46338551100877606,1.0,0.35742742942876005
551,6612,0.14245379871855676,0.34497799518247185,0.18272523854825132,0.34861075289130045,-0.049414066242662334,0.2157555910112089,0.43371461901711666,0.7360772090485506,0.0017977046840287614,0.0,-0.5145653745427532,0.20681811968733957,0.3633977227828807,0.588270313382922,-0.017724099193728787,0.0,-0.4518259361826227,0.26276742799711933,0.3795495409770275,0.5810255100652493,0.13443328111604724,0.0,-0.844579999697052
552,6624,0.1954670506953471,0.3809110840482372,0.15461163715373055,0.3247630424752362,0.20437236266282932,0.374903341240026,0.46911215601025663,0.6745725220485926,-0.24301973210211397,0.0,-0.9179874045592802,0.3385287649688445,0.4782645394387776,0.568032449040775,-0.26839435295608915,0.0,-0.7318968274426563,0.42319453298353665,0.49892611605889603,0.5694162836137209,-0.3714041642411038,0.0,-1.1650428114512419
553,6636,0.25417185555045113,0.43208918264276946,0.3004952768247084,0.4591838462364626,-0.05889690578235414,0.3245636067529196,0.47530159114663634,0.705629496708152,-0.14613943874489316,0.0,-0.27694549835198523,0.291933144775178,0.463228651114511,0.5646329772435215,-0.1384687300779511,0.0,-0.14856597376978886,0.3011332144663256,0.44791319089861575,0.5850839309074519,-0.1653969763883442,0.0,-0.18476223031921424
554,6648,0.3715460816852742,0.5077909704872418,0.18143445673321387,0.34518077455928015,0.30257565072364556,0.36974482097730904,0.48028877740401965,0.659653228797815,-0.34681878461590654,1.0,0.004848014275362411,0.26453821120513893,0.4286638138041021,0.5641612002476126,0.21175778102128467,1.0,0.28800699497291027,0.3839190553521247,0.5195211095821287,0.5841853063341209,-0.03496455159025227,0.0,-0.03330131651699486
555,6660,0.3941714660122156,0.5266310396842376,0.5322477202827289,0.6095123655667117,-0.17182599939588827,0.4305722698236343,0.5730017283848645,0.6577880218239993,0.03884539303367065,0.0,-0.09234763789393785,0.37675842727606845,0.516536335344735,0.576467540423715,0.017221694156412636,1.0,0.04417630457199939,0.42096350610917876,0.5500014955684872,0.5718075289707011,-0.09120285084286042,0.0,-0.06797052147892635
556,6672,0.24772620295017103,0.3888764164980965,0.10495289706697934,0.25131734813466905,0.38497872373403047,0.13846572665337556,0.29870234860439,0.6384436712492493,0.3943717084544029,1.0,0.4410533685803625,0.11320241469798596,0.27657686786976715,0.5489208443736724,0.5932791695448447,1.0,0.5430341508090039,0.13535280370689198,0.28805441517120195,0.5392489705802206,0.38160866977697355,1.0,0.4536193503352668
557,6684,0.2149416579474617,0.3902578882949012,0.09138770730169914,0.2211875675974694,0.3818398076215791,0.10179108482672626,0.22785238693145413,0.6943382566887759,0.3750811171881705,1.0,0.5264245851699576,0.2133159254990187,0.40704525906366334,0.6116260378618137,0.05109759396630618,1.0,0.007563598717752362,0.29232480275525013,0.46732526916664513,0.5715546492572777,0.03058965654077308,0.0,-0.36001929801203647
558,6696,1.010209462559656,0.889864463703199,1.28763309852559,0.9613732846597086,-0.2634523916172148,0.4243631449610144,0.5746423328932165,0.7855161585457275,0.44902408636746277,1.0,0.579925589010255,0.257494976691013,0.46385262016007545,0.6324685062587394,0.799088527799792,1.0,0.7451073403741681,0.41377518761284193,0.5792767544861749,0.5925400694791794,0.41457139619717076,1.0,0.5904065414667334
559,6708,0.3985477840480887,0.5476721153042171,0.323283780292355,0.4962280028590726,0.1996276091085853,0.2356973006558806,0.40699797151839184,0.8580700524488062,0.475105937896096,1.0,0.40860968222710936,0.12752046068496922,0.2805285889529597,0.6802636090016857,0.506195747293197,1.0,0.6800372106206902,0.09652896773288518,0.22953358576941327,0.6261069347125716,0.7315504446756268,1.0,0.7577982575829904
560,6720,0.5965800922610835,0.6923829585755993,0.4263180314471877,0.5470317482331445,0.23199657046719904,0.2764087251392034,0.41366925576004765,0.8338965190718932,0.5870353429819084,1.0,0.5366779268621025,0.13483101580685505,0.29361008345162315,0.6798080426635502,0.7734190916590192,1.0,0.7739934376693072,0.11702916321763845,0.2921985799668421,0.6266400428434735,0.839418715844037,1.0,0.8038332744659831
561,6732,0.2411284259420711,0.4004469319814656,0.4259328148064832,0.570169213006931,-0.10348332274048613,0.14069389387008244,0.28925670927403796,0.8257690462281768,0.44452573445953936,1.0,0.416518839201966,0.08478752505245307,0.22432658722652143,0.6630743941516946,0.6234236118793655,1.0,0.6483719216380466,0.03606014841553531,0.15108732071469275,0.6054819390226159,0.810395648898484,1.0,0.8504525201678278
562,6744,0.3412632443407142,0.4681300636895022,1.0516921269957742,0.8834663155653288,-0.5379732020705554,0.3610135493742539,0.47574447827364513,0.7575601604512296,-0.10613469014240222,0.0,-0.057874105579976076,0.19943116428417107,0.3478326975366322,0.6389057517315128,0.44444437175024276,1.0,0.41560901271553063,0.09215032480329093,0.21115818534055494,0.5875102767727657,0.6991951745403009,1.0,0.7299728982495142
563,6756,0.3944957287078817,0.538965562013865,0.9767248128108252,0.8724926167938069,-0.28913943152138466,0.751929670342137,0.7328160571212119,0.7658630769584007,-0.2250114018455746,0.0,-0.9060527544999857,0.754167276185174,0.8000223993577779,0.6443982198564534,-0.24702894914347265,0.0,-0.9117248205838593,0.2585775953835477,0.3965278342508231,0.5892988327561127,0.33370167255116534,1.0,0.34453638768033246
564,6768,0.34360627126074594,0.5064572074059157,0.3895216849576488,0.534143817352822,0.052016492738063615,0.8029399098312622,0.7808480394513214,0.8524975419961166,-0.27240385790334326,0.0,-1.3368022559225947,0.42436681511061075,0.5261007239411905,0.7281401503056478,0.025805949019217865,0.0,-0.23503803802399048,0.4086461464475278,0.49964001579332207,0.6540877817150401,0.06741285975391835,0.0,-0.1892860539132193
565,6780,0.17990487742586866,0.3463935010601264,0.3319004980607163,0.4996568639138255,-0.13063243236271166,0.39619133039441706,0.4947627662906598,0.8603048856649993,-0.11767172726229846,0.0,-1.2022267326113552,0.4115488102288036,0.4834358204994875,0.7285697972938248,-0.048334630286507044,0.0,-1.2875911766115724,0.26875783960808075,0.4070617168013073,0.6528948283385091,0.08934851143511477,0.0,-0.4938885674115461
566,6792,0.1786718921999042,0.3519205476697278,0.16902094160916092,0.3345426701837799,0.03889996122590385,0.5782983662587023,0.6452708167811715,0.8921289252092824,-0.1485383588342816,0.0,-2.2366499237142596,0.5360114673808988,0.6151448479836272,0.7671402786232182,-0.11136066175486543,0.0,-1.9999764416284957,0.4575911304418347,0.5789511890333249,0.658626522998665,-0.012006424024432017,0.0,-1.5610694822096929
567,6804,0.3159215414147634,0.49562449133032094,1.313202000576411,1.0151311479996907,-0.10550415754343997,0.7524715105503109,0.7955870830775232,0.8778045508286778,-0.2672691502712775,0.0,-1.381830334141143,0.8505719256501033,0.8595471795562988,0.7312580844754907,-0.2202031830465077,0.0,-1.6923517840570872,0.49569753563470403,0.6523742585041221,0.6348458659729213,-0.03790437891845454,0.0,-0.5690526622998411
568,6816,0.15395086393604643,0.31855065237862573,0.15034417072485176,0.3398079241876076,0.08381850283736073,0.2653912142381587,0.4649527899301733,0.8907315747976975,0.0832308209508649,0.0,-0.723869600032945,0.21100690391809937,0.3959494001483761,0.7195558854481299,0.13727840696641405,0.0,-0.3706120155698178,0.08317058458885193,0.2392509802254014,0.6362199705642565,0.41259070565467704,1.0,0.4597588966866579
569,6828,0.13325625960029328,0.28556099891394615,0.10923214577134104,0.26178869786688147,0.16623708973979817,0.08764796934529528,0.2449385000145297,0.8143758150770566,0.4773171207681579,1.0,0.34226002134385003,0.14752227238229135,0.32310298578046925,0.6787910611632041,0.380474033419972,0.0,-0.10705698047348378,0.1480536454587565,0.31817869301143203,0.615439201970943,0.4097998124455363,0.0,-0.11104458359290947
570,6840,0.18264933238987138,0.3260925390918054,0.32163298728971695,0.4747982837612619,-0.059125541532645196,0.08107254070763005,0.1927591442286286,0.8429392734575314,0.3200277710810706,1.0,0.5561301010694204,0.1010127996312633,0.22982981797956895,0.7150667147800406,0.2508959556660272,1.0,0.4469577396776466,0.14429417218251678,0.3003758073563224,0.6418809008463568,0.14657275542766218,1.0,0.20999343225347344
571,6852,0.499360894015862,0.6197120302064741,0.28981137092907444,0.4202911164731771,0.10924755191562947,0.1706979958721326,0.34706245665514057,0.8250781157230584,0.5222929150154181,1.0,0.6581670733176986,0.1508182461495807,0.3110924329425652,0.6895541733906813,0.5090681264219066,1.0,0.6979774588740824,0.24567564183293414,0.41961254405773946,0.61794290853933,0.3449635978264528,1.0,0.508019861432861
572,6864,0.09171738372288483,0.23947745369227316,0.46902508352601985,0.6164574339540301,-0.27905967865879155,0.0832955503555025,0.22079353839401214,0.8350439273013809,0.19000478010720556,1.0,0.09182374186368081,0.10815618497618523,0.27158707110618246,0.6975516781319777,0.08257416604174714,0.0,-0.17923321169919793,0.2132978909541365,0.3967466430970658,0.6179338625396141,0.00761493207599836,0.0,-1.325599382540123
573,6876,0.11600161844617592,0.28736697627424035,0.1995543906629255,0.37427148796183096,0.11548114582820065,0.17799231144208572,0.3696930308452974,0.7607259094507437,0.06089026342496797,0.0,-0.5343950698814872,0.2627761566744104,0.4331290712273643,0.6478488888638971,0.01528006303669981,0.0,-1.265280090004408,0.11956737824871677,0.29342207002663473,0.5949422581932045,0.24578530016703945,0.0,-0.03073887976998657
574,6888,0.11559741724007899,0.2903650011458627,0.20043711524435345,0.3671104943561277,-0.12868022870954343,0.30241403666898964,0.43641230180727436,0.7328322054873956,-0.18405914300982387,0.0,-1.6160968288843316,0.19708942777390984,0.39701861588291293,0.6412259486755469,0.16394325117275457,0.0,-0.7049639384639868,0.11488814662163038,0.28384943057133294,0.5932833848535248,0.1305160514836512,1.0,0.006135696068153118
575,6900,0.06212152260745271,0.18773742767016066,0.03667270002212026,0.14850256000400264,0.2183609032249448,0.2313779996500641,0.41405477383024253,0.7081023353593037,-0.0259763739627319,0.0,-2.724602841951361,0.18468008548892803,0.40104945601198105,0.6125646787331179,-0.01904306975142287,0.0,-1.9728840784525778,0.12465806857032359,0.28886416352062605,0.5708371081229628,0.08335977108390769,0.0,-1.0066808303788801
576,6912,0.1431776676515356,0.3231866108965549,0.08631318402263159,0.22541318053599543,0.16677662719685116,0.1563526800586367,0.34982362337196715,0.7106601898031584,0.08978992941436433,0.0,-0.09201862708901154,0.10256098561425571,0.2698275798653431,0.5932662663734904,0.18695670609543497,1.0,0.2836802882983984,0.2560307822041907,0.4647541160409699,0.5593610395722232,-0.0782118335861172,0.0,-0.7882033308945628
577,6924,0.06783290335462956,0.20585889856578102,0.27199662212184816,0.44821936110969757,-0.22444068321411265,0.04034497049851833,0.1650425406276132,0.7332748162782581,0.31629146511554235,1.0,0.4052300800454415,0.051649648133803926,0.17920006228621102,0.6025037278442316,0.1394301391574856,1.0,0.23857529930894716,0.04996593373430155,0.17825134322686562,0.5692395406307906,0.18170183318018307,1.0,0.2633967991450952
578,6936,0.07103367737748408,0.19540878321611643,0.08315084122067805,0.23028959712051922,-0.005786984643280174,0.04307185558067681,0.17933613362582315,0.6369699495450235,0.2854326614703998,1.0,0.3936417602064126,0.06395377145767123,0.2020313024685659,0.5562825411391114,0.17756655526372295,1.0,0.09966970852697266,0.09961973877986185,0.26145830299541784,0.5563529605020363,0.1844118310095888,0.0,-0.40242969895063974
579,6948,0.09206851051391647,0.23370745017642622,0.1371170541657669,0.2946903578603984,0.2632571224637855,0.043126718139629726,0.1663402392673794,0.7112515540941713,0.3385800607619661,1.0,0.5315801472305672,0.09613940411629233,0.25995729230391307,0.6080770636086685,0.19386545587469273,0.0,-0.04421591681729797,0.15086082029414374,0.3252620605482672,0.583055532806677,0.1096321266844679,0.0,-0.6385713144706584
580,6960,0.09839060342636467,0.2609793910490405,0.216132088917921,0.34486136815417207,0.03765537091556067,0.17239650090970393,0.3542611302152967,0.7099471691992878,0.06699659636461018,0.0,-0.7521642809999141,0.07313213092293569,0.2144786995213095,0.6035870207247342,0.25340527950142155,1.0,0.2567163085073706,0.09223803848503359,0.25275499558307607,0.5793675446891722,0.26302545298748103,1.0,0.06253203788851291
581,6972,0.11910300566786684,0.2571391860077095,0.1283216757891099,0.29476538123199264,0.05216823110434406,0.12483006128037982,0.2870632188363452,0.7045526676617707,0.16084472143050146,0.0,-0.04808489576227459,0.1352089323975161,0.28654433317348,0.6237569953966691,0.07982419275056836,0.0,-0.13522687055071136,0.17858236626265375,0.3629700962949795,0.5856695310547366,0.08087794709016152,0.0,-0.49939428699769595
582,6984,0.24182405219324132,0.41429238276186736,0.380343257602926,0.519098186069775,0.026567373861594933,0.1487909690108807,0.2966409968366062,0.658740131159781,0.3425558469053752,1.0,0.38471393700746515,0.24005921042233505,0.42130574076835314,0.6181353448088933,0.12576702809921422,1.0,0.007298040682470974,0.29466599364891427,0.4838093213945231,0.5755574046364776,0.007934165228915347,0.0,-0.2185140021284857
583,6996,0.14808769314977224,0.294982730426156,0.22205459297183852,0.3602331657425963,-0.11252990060402653,0.14783639107033428,0.29669246316882464,0.694874164427857,0.06262624860151053,1.0,0.0016969815255599707,0.18747290137774342,0.3393124769334521,0.5987645176310703,0.08613782531953798,0.0,-0.2659586856291829,0.17614929781299046,0.301323165984656,0.5680489042452628,-0.014395787593550946,0.0,-0.18949315818457246
584,7008,0.1627526789526753,0.33124386789565524,0.2760637357530481,0.4037675901321378,-0.06587253251292455,0.06049389360619598,0.17956792653454698,0.6587082980496604,0.5573188087554153,1.0,0.6283078472472567,0.11884132632080811,0.2673833277798329,0.569785082391176,0.22033177780549948,1.0,0.2698041771996613,0.1398578052059204,0.2888746145490592,0.5292812741809735,0.20463954308045046,1.0,0.140672791957005
585,7020,0.2430474058404161,0.40821253092142773,0.23645895629547722,0.4067676341549556,0.02143670525534942,0.06820917327235447,0.21687899468451963,0.6437157984716485,0.49004600929564185,1.0,0.71935856284292,0.22598103465915775,0.3891995392252314,0.5548964282190362,0.0002056505487786242,1.0,0.07021828158274623,0.34505363591384525,0.4802159778854418,0.5122912919259537,-0.3082045708460706,0.0,-0.41969684770223803
586,7032,0.16208950215680937,0.32834923838519764,0.16443958539527612,0.33041927420340816,0.040536405114972106,0.07765245946906082,0.23123163561535434,0.7416639815256637,0.2992616037039745,1.0,0.520928509028685,0.06522860426124603,0.19864955218797076,0.6164887411534474,0.4709626008547561,1.0,0.5975766265347506,0.06999432988082012,0.2049755895638988,0.5793043783619375,0.3472794990160071,1.0,0.56817481114165
587,7044,0.31240954636725504,0.49069110903559593,0.18647054407508976,0.38170271014552526,0.0011842368188691222,0.057793985126182286,0.1931457129273757,0.7168201904343204,0.8299101034506314,1.0,0.8150057006957073,0.08618924213273134,0.2354866812078761,0.5830817160644726,0.654290665491375,1.0,0.7241145696892021,0.18165591943947698,0.3578023214093931,0.5482380846150211,0.3525260778294713,1.0,0.41853275115373645
588,7056,0.2521452417756788,0.4274997701702537,0.2834008741097373,0.48046317246646825,0.01733494161476936,0.10185307089297906,0.27083305067171376,0.8242608864766623,0.4691307810623818,1.0,0.5960539640736402,0.0975368395042096,0.24279862631323032,0.6622050989747889,0.5006031099679706,1.0,0.6131720003228007,0.14413406354138578,0.30418992138096096,0.553134749481362,0.31985352419729346,1.0,0.42836889355376084
589,7068,0.27058089161680304,0.45827368302115135,0.47792531601398897,0.6440311844517354,-0.32549877471098526,0.11735127049274792,0.2896678598842586,0.83367985990911,0.4313868225190906,1.0,0.566298751580208,0.1221570045200742,0.2762857577840927,0.6773817433342261,0.44155235629713563,1.0,0.5485379481524029,0.12608934027026072,0.2690883445938594,0.582634303093865,0.4056939531431968,1.0,0.5340050085693835
590,7080,0.6799195159559873,0.7771046460588967,1.0770752799204255,0.9566053644146768,-0.3237367479631591,0.38428372201277994,0.5261447783451099,0.8264850463382697,0.4533426189089459,1.0,0.4348099841310402,0.6322996298370511,0.758706507603541,0.6395157462538905,0.16227630860754622,1.0,0.07003753385719658,0.6204654497313763,0.7460773302234767,0.5489032703151225,0.23145447885552867,1.0,0.08744279996289972
591,7092,0.16215933890695797,0.32071987103396643,0.14318953234602946,0.314563609231282,0.05239391248351031,0.38061234105383074,0.5217006076307591,0.8520237540063362,-0.1690005614334741,0.0,-1.3471503005584795,0.27299843284617126,0.4840787043082007,0.6833648333784579,0.04855120882083684,0.0,-0.6835196460859361,0.10428436807686663,0.28775374317489716,0.5764499171782661,0.3571234134714183,1.0,0.35690186714006167
592,7104,0.3273862604231071,0.4802966362172733,0.8015377095892773,0.7510028253829623,-0.46702065278302085,0.07400453843009976,0.20584776038749722,0.8443536815670563,0.7823500190202411,1.0,0.7739534385637996,0.17287719921285424,0.37388557104355263,0.6553918445524232,0.5269368949235422,1.0,0.4719472986146963,0.02490580775171512,0.1225094616896647,0.5603866872171925,0.8180195907651087,1.0,0.9239253115890466
593,7116,0.088126536048385,0.22256030113217495,0.4489464833565499,0.5389228181178987,-0.34743005188544085,0.06074994860949271,0.19164258099830475,0.8593074855200797,0.3305034574778412,1.0,0.3106508966137219,0.0902617686494235,0.23912512561695098,0.6429808189257151,0.4295467175399521,0.0,-0.024229167476481406,0.09783440068585066,0.2607886495152551,0.5495784211061736,0.25168530556558516,0.0,-0.11015824600362878
594,7128,0.2940328783691857,0.466379714787263,0.09035462684026839,0.25116155589805117,0.3398777061787558,0.16629079069130562,0.34557839186819517,0.8164459148786255,0.5535717872441015,1.0,0.4344483119928104,0.15850856237574318,0.31855334904364624,0.6237491079553519,0.4514574000523927,1.0,0.4609155164725459,0.24317596083430257,0.41770028054425495,0.5263617938395425,0.1846993336329347,1.0,0.17296337000458673
595,7140,0.3418165557205046,0.5242040890651914,0.3354666381201605,0.5367963957473791,0.15699312375570187,0.20725694036990236,0.40519662401065665,0.8257676516492056,0.31716505764253194,1.0,0.39366032188513567,0.28592260372847367,0.4604163456948493,0.5928270497936785,0.256613988989438,1.0,0.16352031830118297,0.3081355200853601,0.4830832336196675,0.5060572305468783,0.1527203495107853,1.0,0.09853541343001748
596,7152,0.19007468197685637,0.3333041436081299,0.1987890776242596,0.3059553198804413,0.017718861464392686,0.17154981222036772,0.297947357166183,0.6772539982434493,0.05234750482050099,1.0,0.09746100618884235,0.09280561891807682,0.24855733071038721,0.4968977271956785,0.4480337833428811,1.0,0.5117412905661107,0.11513300052176449,0.26404327760229807,0.45817348971673766,0.3779455454490829,1.0,0.39427492749516646
597,7164,0.2268610546679648,0.4003822516931062,0.2588755627091375,0.44062059826492467,-0.015150943844556397,0.19582264426244636,0.3571474188093675,0.698395310409148,0.3296135414955759,1.0,0.1368168302441618,0.14748691624800916,0.3299315990902532,0.5674434303546135,0.33269037122339695,1.0,0.34987996743702043,0.1338183963414876,0.3126075231296532,0.5094628448382373,0.425273581694953,1.0,0.4101305905619411
598,7176,0.35387255006982227,0.488405017681127,0.14737635552366415,0.333486529669399,0.09402137159617945,0.1476896694873042,0.33276840896231646,0.862044159537201,0.47576453293645926,1.0,0.5826472851365169,0.16888898104743896,0.34343107905292386,0.6540199312474835,0.3882908868942331,1.0,0.5227406561652899,0.25312104877548297,0.3951455294266932,0.5644672985840399,0.24197540535635179,1.0,0.2847112647603215
599,7188,0.41373923945698343,0.5584969008116295,0.6986443690540137,0.7268493931269698,-0.3182656336519395,0.26337320086957045,0.43860449977905286,0.8349966368494783,0.3787298537893687,1.0,0.3634319016604819,0.17638527254346567,0.3597455508159498,0.659843107235204,0.4722150703146141,1.0,0.5736800967320275,0.1756147298785714,0.3497194469254985,0.5654421279247344,0.47154196270413856,1.0,0.5755424839349081
600,7200,0.49525885686537885,0.6224930000576107,1.1963530209459121,0.9866428577056635,-0.6530857660283137,0.3289092342334738,0.44890809692231376,0.8672846911259438,0.2601530243958215,1.0,0.335884195357504,0.5632202730529824,0.6743251346204003,0.6639359325497214,-0.1468129847780164,0.0,-0.13722402990983107,0.4544370146603911,0.5980260522223335,0.5767159752187163,0.05439601463578325,1.0,0.08242526436247843
601,7212,0.34707076314791613,0.5134395396643096,0.5851618473446439,0.6810556979061303,-0.44101815471501044,0.28321238319285197,0.43567580889665636,0.84689174451869,0.2475231258959522,1.0,0.18399239214467833,0.3265564757037594,0.4663650509481048,0.6069187923181093,0.169042467585423,1.0,0.0591069304083498,0.2922886698408515,0.43548440790852366,0.5415088984008837,0.18574994242120804,1.0,0.1578412794272659
602,7224,0.13652717135635703,0.3118453332998193,0.24331889681503038,0.40348702224071964,-0.15313227413912392,0.2698053340965348,0.41043903585257774,0.817876233705691,-0.2288938618331639,0.0,-0.9762024761525392,0.265355889154027,0.4098867046611694,0.5779682687438903,-0.16483612209632956,0.0,-0.9436122972284184,0.1339266741752614,0.2609871131673554,0.5339153051359363,0.09036302766998355,1.0,0.019047469857175314
603,7236,0.49362860875043707,0.6294129216159051,0.5913479792491452,0.6902479007452754,-0.09011178616036294,0.14997626400213973,0.3400295237987632,0.7842238636813926,0.5738671217035685,1.0,0.6961759076691543,0.08833363470978688,0.24314772141338117,0.5923883215853625,0.8498567335331257,1.0,0.8210524407542077,0.14851991299530473,0.3548828485265901,0.5527959832687709,0.5887917470248183,1.0,0.6991262046758888
604,7248,0.17245724794829406,0.34647296641963116,0.8453094770835891,0.7868938043383471,-0.1127966050148556,0.10761560360506994,0.27963475352519895,0.8519557031976592,0.8186355440724793,1.0,0.37598677419846604,0.04095384897824362,0.15221891243706054,0.6408031607850864,0.528210221328439,1.0,0.762527528036848,0.1516070234863103,0.35320015238810365,0.5669226611018547,0.8620480062291437,1.0,0.12090083026394494
605,7260,0.1912171114639967,0.37988150262813863,0.18709242874667267,0.37882303197027917,0.1069101948183718,0.06341990955212895,0.1930236087723127,0.8756407304108695,0.66499882036726,1.0,0.6683355947249001,0.036539024790707225,0.13870459320467504,0.6275743994506742,0.797210408916867,1.0,0.8089134151700279,0.12085744181991824,0.2851610009956276,0.5679113866582575,0.8291760389279415,1.0,0.36795697364838675
606,7272,0.2085932564965677,0.4117200889123138,0.2450062851325969,0.4108191088451923,0.15634542212688415,0.12235950067626011,0.3042326218393749,0.8490335943013093,0.4706179897271806,1.0,0.4134062494092494,0.05232299179318023,0.19993996230066735,0.6252659818654349,0.6132009160619927,1.0,0.749162591964994,0.09427158679582544,0.25737713723032224,0.5667549115736333,0.7558670662973486,1.0,0.5480602375207819
607,7284,0.09787786833910343,0.26125181200663966,0.8790821695624537,0.8849586933018649,-0.21098686326062355,0.04680378352392885,0.17343984626338005,0.807253745390967,0.4273233585680261,1.0,0.5218144375419529,0.09443358499533094,0.2640016677028923,0.6057796439602059,0.29635787933464175,1.0,0.035189603147461,0.08833409487176647,0.23854113533928664,0.5453651328845515,0.7817293557669245,1.0,0.09750696075921905
608,7296,0.04458295317182746,0.17481722085034593,0.12275400716556838,0.29378692706829596,0.07023278572244498,0.24993021145109529,0.4223424121621538,0.7505607923886928,0.14694873454345947,0.0,-4.605959086824903,0.0884734527270864,0.2472978063671634,0.581599577262087,0.05329704171038587,0.0,-0.984468197656182,0.09347422786468068,0.23962479941046153,0.5331516528107482,0.0003260338422615749,0.0,-1.0966360730842806
609,7308,0.08811181287477961,0.23755678012090073,0.11157878858419977,0.2676653278790264,0.36432415790285194,0.043801325486709425,0.17131515885999873,0.7332429342130642,0.40537994882947065,1.0,0.5028892942089636,0.13213316826899474,0.28573839107295934,0.5631804958055238,0.11696930508418961,0.0,-0.4996078727466,0.10807268326782053,0.26713921942134217,0.5640654479629423,0.15989612297875802,0.0,-0.22654023043888993
610,7320,0.07704303297054367,0.22335834205928307,0.13664963427568635,0.2994174874057622,0.05052490660715105,0.05700701904548131,0.18899690588556228,0.8061933330125868,0.28885998740986324,1.0,0.26006263191537193,0.0520415341324463,0.18646635986750673,0.6635002772918135,0.26198324727065864,1.0,0.3245134293668883,0.09923749691579087,0.2571556321110457,0.6032054634377401,0.1591401661553217,0.0,-0.2880787929744788
611,7332,0.0954110858205222,0.2364579421582239,0.10263519713679359,0.2674160958414524,0.4507018972890588,0.045899873868346756,0.18413614467873363,0.8319002175004631,0.2513080140811753,1.0,0.5189251492778417,0.051816142772883905,0.19228921478273428,0.7072471871911861,0.23549164470727924,1.0,0.4569169575288635,0.16007138012219488,0.3514163160178411,0.6219157180896627,0.0014676313717651769,0.0,-0.6777021112966386
612,7344,0.1004655524948217,0.25242038562382046,0.12615390539685828,0.29212896756403084,-0.001882528720105367,0.14052785238518092,0.31282545090365454,0.8640674013338522,-0.1193717225918927,0.0,-0.3987665313682933,0.08425839096172716,0.23935720211108036,0.6902691844637876,0.22752797738528688,1.0,0.16132058333058896,0.07419710240274792,0.2114067025380543,0.6089230651026409,0.22057882635758327,1.0,0.2614672336911473
613,7356,0.1274016231269376,0.2810101805380907,0.13199363261134475,0.3041601827602051,-0.05763900293882126,0.2053004986317067,0.390077909795101,0.8143592229433256,0.060398826195581776,0.0,-0.6114433520768725,0.13446861962235043,0.31495826597149684,0.6528602854451006,0.11620638480920102,0.0,-0.055470223392456885,0.1602005557525979,0.3341489901030514,0.5974006360133435,0.14975468802972097,0.0,-0.2574451707964571
614,7368,0.13828313270541356,0.3110200751758444,0.1374336292615827,0.3195746718890553,0.17361696267373297,0.3053005774107904,0.4673334808688745,0.8190375848568315,-0.11118853002256739,0.0,-1.2077933254605706,0.15276459608066809,0.33866556917626384,0.6529867965440227,0.07574413440960961,0.0,-0.10472328108233264,0.19394718300389405,0.37713726965513783,0.6015086091358298,0.0016129995824442412,0.0,-0.40253680408775794
615,7380,0.2612720611310439,0.43680685148021015,0.2598575413277067,0.44276770204300236,0.04043872398950369,0.38348480620715325,0.5199207268439704,0.6963412824692113,-0.06544827821247923,0.0,-0.4677604813429026,0.2644475287274164,0.4360227458163804,0.5635401071686686,0.10587256744795477,0.0,-0.012153873562392947,0.1813899966683017,0.3597916805395644,0.537895055744422,0.33634027394546345,1.0,0.3057428494915745
616,7392,0.22340092943647538,0.41707344679577457,0.5375981785259194,0.6570678850708275,-0.2790212303988991,0.17223822071165099,0.3636496275555643,0.7122728371265605,0.24954602808977394,1.0,0.22901743897790117,0.15230750937966173,0.3228825808925299,0.5758408838463452,0.34228911020074415,1.0,0.31823242739475377,0.14438468459326612,0.33781332232188577,0.5560470266892219,0.4001840000403565,1.0,0.35369702821974036
617,7404,0.4038445542981399,0.5783415699900989,0.7645527074161854,0.7559418878661096,-0.3698592691419838,0.22576023136386572,0.4197220568046644,0.8211687792357647,0.3615054472936016,1.0,0.44097245100599447,0.3040164805207353,0.5077303824289149,0.6117869208802653,0.42023094233785285,1.0,0.24719430462768133,0.390421881737808,0.5828601262715343,0.5505859528667748,0.23337162259168434,1.0,0.03323722560444031
618,7416,0.14609163202583755,0.2981781975682039,0.09507016888377869,0.22915516190225116,0.4143287167837551,0.21859859787566993,0.40915266704954184,0.7136430449139807,0.10091637620043001,0.0,-0.4963115603842998,0.16337558419105255,0.32806250916315166,0.5765808116878669,0.1087617458742873,0.0,-0.11830898132589951,0.12125457644403066,0.28964858904958485,0.5083745520570462,0.18200287231597387,1.0,0.17001011787871767
619,7428,0.13111394228253873,0.28156754930306155,0.16341786658216428,0.30858742757056584,-0.050031849708562934,0.16431565714543941,0.3414892231847582,0.7000103651268678,0.3672267968371864,0.0,-0.2532279503224302,0.11454493705509716,0.28070413269046035,0.5656891292627261,0.33958146928590793,1.0,0.1263710398680321,0.10199441852290687,0.25956708773430387,0.4933480851741862,0.27557810603986976,1.0,0.22209326676244623
620,7440,0.17198375914271424,0.32571454520243037,0.12724753973022337,0.2936839464162065,0.20742520274247359,0.09944639727155447,0.2311439487011855,0.7749636385741085,0.3556898441777724,1.0,0.42176867299991616,0.15009835579125977,0.2974912447434986,0.6176392920406542,0.1569146058831211,1.0,0.12725273281934546,0.11344232963472047,0.2653841181525771,0.5156914100293002,0.2738858436784634,1.0,0.34038928908057753
621,7452,0.3916149310754757,0.5394479407247758,0.2522409738517818,0.4220196166737124,-0.001332475246788234,0.21627630558402858,0.3939451158493898,0.8341335721802892,0.4078233948942418,1.0,0.44773222770112975,0.18606809780631664,0.3676789344153149,0.6244618686038209,0.5300242261553096,1.0,0.5248697558713463,0.20035581318138265,0.33296879367666943,0.5308285720080732,0.44140949644485916,1.0,0.48838566335774314
622,7464,0.1770804801310548,0.32721180876162176,0.1841758150912416,0.3280897902565802,-0.010673034235686019,0.13611036166751023,0.27989268400464123,0.8222673016117282,0.40453525703330484,1.0,0.23136439676029308,0.1807188647175176,0.35065551339027073,0.6482295552313639,0.1782637416231517,0.0,-0.020546502831763735,0.1910687246487127,0.3730428883032479,0.555865817774029,0.20031038805881102,0.0,-0.07899371239170683
623,7476,0.12179217373172957,0.26447225003234703,0.2866323556933906,0.42768004435153223,-0.2572924901493355,0.16387628283784628,0.3308066811256854,0.7813225940499453,0.10463267094747117,0.0,-0.3455403398810746,0.20182344911729588,0.37181868995552253,0.6106079677507174,0.02187012307019779,0.0,-0.6571134493571846,0.15290264915356197,0.3281948614638748,0.5232488500729111,0.19517593690406043,0.0,-0.25543903576562443
624,7488,0.09941264584894971,0.26351641182715835,0.11472095237665565,0.2842278305398813,-0.08611203244577133,0.1665916651739827,0.33633136968110877,0.7862692361558044,0.18481617427660768,0.0,-0.6757592935118799,0.27234827121040045,0.4155115131966148,0.6269592098480723,0.04116221064221193,0.0,-1.739573712022652,0.21311782135473933,0.39611933269547833,0.5565541720733778,0.28720152313712105,0.0,-1.14376973406941
625,7500,0.1160965961953286,0.2903535584805133,0.07739485687351083,0.216921864792202,0.04788258498477094,0.28372516579339846,0.44340875233562244,0.7016820204367066,-0.1483372725851433,0.0,-1.4438715267417526,0.18900410933359788,0.3512874474836998,0.5802800901962256,0.014419957155472618,0.0,-0.6279901007227193,0.1846740653104717,0.3504909694355636,0.5117242307708494,0.031317610800624444,0.0,-0.5906931931041617
626,7512,0.25069959243410406,0.43411537366468683,0.3492233992551681,0.5126619547342514,-0.07257570750018663,0.2087029823711503,0.3825906963090451,0.7506383561198204,0.2099443979548595,1.0,0.16751766389086775,0.15227540218822558,0.32167042730246465,0.5445614386000156,0.3144289135000683,1.0,0.39259812626839075,0.14158168998507645,0.3139696746066046,0.5066670497648915,0.37303767795160453,1.0,0.43525360926826817
627,7524,0.11116011031072996,0.27972860201896876,0.16484377922978513,0.35439733480577357,-0.07865282203690606,0.05412836301471092,0.19667850998449846,0.753351779067924,0.5460739555120085,1.0,0.5130594701336306,0.11478301748203229,0.2862058147786473,0.5347299159267387,0.21226145802462595,0.0,-0.03259179179631144,0.035376925884711204,0.15066158785665398,0.5009995842108648,0.4304603268937964,1.0,0.681748013870976
628,7536,0.1432800863718052,0.3041774165075515,0.12475340318525807,0.2878401840080314,0.27050400326713825,0.05814301404096173,0.1863029635066313,0.6900191066909102,0.5378770185747936,1.0,0.594200314131,0.05142364453042079,0.17275709818027887,0.5075504064429321,0.5010586165671123,1.0,0.6410970579890718,0.06588766722771967,0.19777956143877598,0.48903304774821077,0.5049316672524522,1.0,0.5401477700345307
629,7548,0.15331065221617005,0.3164857958110494,0.18330918517825592,0.3446661228018377,-0.02124174073051801,0.24516718134016044,0.42952735168864464,0.7698817192768388,0.14148957304018123,0.0,-0.5991529472751278,0.1244427288754086,0.31396890523834275,0.532070308553746,0.3103774273900906,1.0,0.18829691820798788,0.060325812872540796,0.2025279164603222,0.5163556616939119,0.6002754238515765,1.0,0.6065125808252345
630,7560,0.4282478368293275,0.590431958940769,0.3125922985340414,0.5037636592057205,0.25165149437744966,0.026397411998118972,0.13048825342213674,0.7620608261032165,0.8353578451372012,1.0,0.9383594971697679,0.08047525902996526,0.24705282286517624,0.5300084828262757,0.663852842383837,1.0,0.8120825089840731,0.14150339776643733,0.3188795721816722,0.5148940189122075,0.7136692718858353,1.0,0.6695759193692514
631,7572,0.14580645549511914,0.304342055568509,0.12377003155315429,0.28426540174491816,0.2410855605031808,0.07512213635873348,0.21685268790635673,0.8354450337293168,0.5067402628897961,1.0,0.48478182187723373,0.1061375591466739,0.27190381417496845,0.6051823498650807,0.3499968828972132,1.0,0.2720654323139564,0.05977995991488714,0.1860715402459193,0.5714123788689195,0.5961513998144045,1.0,0.5900047106152425
632,7584,0.07696865895626515,0.2184715445115121,0.14501442147589008,0.32046974544413026,0.06884815751557627,0.06935091236371306,0.20079686086167445,0.7704802442873859,0.36879060235050865,1.0,0.09897205818384613,0.029408988434810667,0.1474387864115463,0.6038198217222032,0.37440034901987224,1.0,0.617909564313426,0.05453882515083988,0.1977347548160783,0.5652796806660604,0.5318253830410633,1.0,0.29141515663109396
633,7596,0.06353021888224623,0.20762407205262734,0.07176192772352118,0.21912370731176148,0.11500711962382204,0.07635199912261899,0.2336257980346315,0.769662118364492,0.4221326045148969,0.0,-0.20182175452815643,0.0789803675846555,0.24173714891428336,0.6038272289878346,0.39403234377804364,0.0,-0.24319369544509573,0.08965143644269279,0.25735397238282215,0.5626949414560535,0.37720719351589727,0.0,-0.4111620897900956
634,7608,0.07957211737145418,0.22319036221637065,0.11200407254129818,0.26400463387390055,-0.033184296347035236,0.46538291755340494,0.6166194462571818,0.7815800032249971,-0.23100192399722613,0.0,-4.848567726065777,0.06772795851830063,0.18787199984961292,0.5998252531790484,0.32066702927916896,1.0,0.1488481046427771,0.05645440511152853,0.1819153521049961,0.551524646268774,0.23362149701780321,1.0,0.2905252872938999
635,7620,0.08622241437428553,0.2521002984412453,0.11247414179006937,0.27759408425943727,0.031359683120290714,0.11507620033260028,0.26350623885828056,0.7954839867986969,0.5219350943376615,0.0,-0.33464367899816017,0.027318781604083034,0.12166547053188104,0.6407147397034558,0.5473667450435239,1.0,0.6831591668786483,0.04221601916814166,0.1640927364301943,0.5822759158360344,0.5056377600968257,1.0,0.5103823121342341
636,7632,0.07986334964844954,0.22367846713147874,0.2148441515575087,0.36921493253743914,-0.3389636130264808,0.19445801292768813,0.36121128265398544,0.8680038700786472,0.03168188137020149,0.0,-1.4348842589707647,0.0847611783415565,0.25130595935015104,0.7304199200710169,0.25651375776612434,0.0,-0.06132761416427823,0.058940085590016754,0.20479799235975735,0.6311811165357313,0.4049021622785114,1.0,0.26198831066484063
637,7644,0.11502298415732064,0.260733064131704,0.1327250714775019,0.3142920064970575,0.20495919710674143,0.15686667989112082,0.33306188938066394,0.8680925515529552,0.1278141249168534,0.0,-0.3637855167847952,0.13710285264912278,0.30027185915203386,0.6906691694595096,0.1813805718324862,0.0,-0.19196049079723743,0.08124577268011877,0.2283168683014188,0.5875098345134396,0.3049684736772614,1.0,0.2936561916269159
638,7656,0.1650599184996573,0.32524573855353317,0.2502179438882242,0.44391238623972296,-0.03467463543402564,0.16776864076826917,0.33962023861527096,0.861193207635556,0.17387893576375987,0.0,-0.016410539234680943,0.2160745600669344,0.3828399901075423,0.6951476405147433,-0.055918320516207966,0.0,-0.3090674103742699,0.13883715107514966,0.291387945119343,0.5738217097077245,0.2126878468752878,1.0,0.15886817140626464
639,7668,0.3390082879307041,0.47949634464671576,0.2147495451425959,0.3727544816666559,0.14901179337061712,0.29339732878582353,0.4298797020155194,0.8216886662262188,0.1727598282784568,1.0,0.13454231288352392,0.1912395258279429,0.3210421915551997,0.6420516830492369,0.32858397125648253,1.0,0.435885396798813,0.24071187360352564,0.37308670117301007,0.5411940252079337,0.27281493242394506,1.0,0.28995283545183115
640,7680,0.24988448129062665,0.4149064327750585,0.3057401205537506,0.4576684618601561,-0.11580527814642369,0.15107524099280586,0.29467168812120476,0.8563499529510095,0.416264977033327,1.0,0.3954196746731995,0.14008272701725064,0.29548644390911805,0.6490776044125921,0.5077446557888629,1.0,0.43941005742438144,0.17039300134663052,0.33759755580545936,0.5584912144359307,0.38632543880622644,1.0,0.31811291174798506
641,7692,0.2202831376309818,0.3913011126847307,0.292355117020066,0.4302373180932797,-0.15406903686309043,0.07732921329541488,0.1880142364430187,0.8249842427443035,0.4470393899290199,1.0,0.6489553665929857,0.10968121293052997,0.24126383667959592,0.6042082911461857,0.2412007411889075,1.0,0.5020898371519118,0.18078704385492075,0.3596591487869936,0.5278890596330215,0.2932883762679184,1.0,0.17929694574364063
642,7704,0.17661662576650236,0.3371250503832499,0.21991422342143188,0.38650429304985473,-0.12640202627800723,0.13037721041221406,0.27203088040539886,0.8456407143199192,0.21557483269271796,1.0,0.2618066965871013,0.13836595829973886,0.2955846586742092,0.6107377110292831,0.4009363094133028,1.0,0.21657455690118976,0.1569032132931467,0.2853282164854449,0.5272959995667741,0.508270851631668,1.0,0.1116169691715092
643,7716,0.18696628828671677,0.3459473821746213,0.35574202148252265,0.5194865258933431,-0.35307567873902834,0.14816906173885877,0.2805873061767041,0.8222771570967673,0.2272059899843463,1.0,0.2075092087636763,0.0875060512681174,0.22470766778025295,0.5877310833259051,0.3031191102733283,1.0,0.5319688267334857,0.11235848369030392,0.2754244022110296,0.5206538969417231,0.33919984316099977,1.0,0.39904415539340543
644,7728,0.16059399365207397,0.31599771795995574,0.19118573104416994,0.3433108544016387,-0.13646401574665729,0.23681282753706515,0.43472407461621093,0.8162017101203874,0.27194820800675795,0.0,-0.47460575673906513,0.17360190072852996,0.3632428479383765,0.5873746759904024,0.42187757399114645,0.0,-0.08099871471306419,0.19966346679958905,0.306435399119345,0.5267351727695349,0.011919287151033381,0.0,-0.24328103597796358
645,7740,0.7214212761877373,0.7788641296073252,1.065051506383013,0.9394101444005679,-0.1733468492345943,0.8157478587061014,0.8711179465604021,0.7726937879359157,0.08568180116278909,0.0,-0.13075104052492237,0.4756096199134244,0.6512149779554957,0.5693003963571532,0.34855665854370155,1.0,0.3407324740590888,0.3387676597641191,0.5561849616893134,0.5267339610580881,0.6441307603789488,1.0,0.5304163171423284
646,7752,0.5663630560123348,0.6771731507399101,0.5325493105268005,0.6012039239529611,0.34560371195360046,0.05445388350921917,0.19440182573117504,0.799424291298342,0.858611554582882,1.0,0.9038533976904857,0.04337152281191541,0.16811737435524995,0.5822963650138447,0.8613500777048257,1.0,0.9234209887959732,0.05004670934705233,0.18628504146410418,0.5415450989971936,0.925658104845813,1.0,0.9116349330773398
647,7764,0.19182115182170686,0.3597598863062779,0.42915957525237264,0.5699137403320149,-0.10698852394000072,0.027396943467228096,0.12575919167118774,0.8204879986568315,0.6971740819482932,1.0,0.8571745440633529,0.05113949757536577,0.19573311092472137,0.5943805104843323,0.7312288372840994,1.0,0.7334001120851432,0.04240365449921992,0.16021065095309647,0.5576760463774633,0.7296427396970995,1.0,0.7789417168205043
648,7776,0.26673411079610115,0.43900457233182805,0.18223641879316518,0.3335478112689014,0.349437007445277,0.1556655335143747,0.3184714365894582,0.7682473997111449,0.4958175617622819,1.0,0.416401850330385,0.11901633637511415,0.28732152302426633,0.5930591552457727,0.48978376179714295,1.0,0.5538015890809951,0.06129954671679142,0.20092559357891945,0.532254567367343,0.6291337333247157,1.0,0.7701848236289116
649,7788,0.12835705170600775,0.2744501199794263,0.15142638164137504,0.3216329399363264,0.1351933837212027,0.21054113264251403,0.39346970856372393,0.7782031119252351,0.2258192760505969,0.0,-0.6402771008229668,0.19555264440903333,0.3829861540687373,0.6049012852141505,0.27257070232463687,0.0,-0.5235052676103225,0.15933290282950438,0.3445868880321181,0.5449003127661687,0.37130056735245603,0.0,-0.24132566704978942
650,7800,0.23736226071067326,0.4023505519759931,0.6733204335828659,0.7309477572663278,-0.20871074045162924,0.41758759983533505,0.6026158202100849,0.74220655403875,0.08573297416071209,0.0,-0.7592838835670803,0.6181921963675009,0.7430274119210657,0.5818207908929132,-0.07432144715802724,0.0,-1.604424960044641,0.715236602858795,0.7930977446072078,0.5221422580912948,-0.24676310341929186,0.0,-2.013270099119146
651,7812,0.11249467517538796,0.2544431836302345,0.2328847087806751,0.3767793073014622,-0.22009808254332905,0.3142976724519122,0.5104987294403882,0.7629138600391935,-0.044261504048458064,0.0,-1.793889328200625,0.20055957087034737,0.41447095069421386,0.593531790198641,-0.0077435212302414515,0.0,-0.7828361258669301,0.14369574640068364,0.3439247760895672,0.5154121689593507,0.14263290386289762,0.0,-0.277355983086762
652,7824,0.08139710192882414,0.21977696101464483,0.07485455995438701,0.20967155508781585,0.16002822224195903,0.10179186631325599,0.2701709745013455,0.8093972015052341,0.2011023559590508,0.0,-0.25055885161938063,0.16873570886054146,0.32193555112476996,0.664415432536004,0.1939382049624485,0.0,-1.0729940607478703,0.1602730119557216,0.3203771807466616,0.5789449341552033,0.19554645425018768,0.0,-0.9690260237504367
653,7836,0.061682485318041665,0.20036142101590984,0.05127057985782386,0.1784286106520242,0.20462416274932113,0.04826485444641524,0.18139547536944314,0.8764417918448537,0.44265279657843487,1.0,0.21752740348323585,0.1135246976386007,0.2671967028337026,0.7078773911089783,0.40376763104170293,0.0,-0.8404689281447544,0.04699590142111922,0.17996234316994722,0.6101850600317971,0.4358361430835357,1.0,0.23809974292048708
654,7848,0.047950772378891615,0.16599142594767305,0.05548323499354907,0.17253711444042175,0.052738036400263276,0.11838159083500767,0.297608409368117,0.8970894063686415,0.2085999010561816,0.0,-1.4688150985263455,0.061584484524785106,0.19953667584371063,0.7145801944054871,0.2826004391909643,0.0,-0.2843272687698182,0.07306565266041479,0.22098106345029622,0.607647177500044,0.26760453039331156,0.0,-0.5237638318539157
655,7860,0.09305342389608211,0.26511013586442767,0.07742374947464084,0.21617983010032907,0.0015615498817094676,0.09244162925226436,0.25106206807011944,0.8675785081160203,0.758772639820184,1.0,0.006574660213480965,0.03787593348300922,0.16634534716491925,0.6998355196359387,0.5103489598856158,1.0,0.5929657190765235,0.06958861615218183,0.2253404265979095,0.5916477526035271,0.24590209420829462,1.0,0.25216490443279904
656,7872,0.10346730577441265,0.2761517136007448,0.1802617078763151,0.3920370784732407,-0.13314134283951415,0.3368243134887731,0.4906925692789395,0.8915384937452575,-0.03702252209077674,0.0,-2.2553695195576395,0.18708193434600204,0.3310370331251084,0.7044848827267008,-0.00014363544607534084,0.0,-0.8081260833629167,0.16907794931823047,0.359640290597405,0.600199674300776,0.060495244689313256,0.0,-0.634119570938352
657,7884,0.058329410111549324,0.19277178472059053,0.08025028689772144,0.20757671985525908,-0.11700460644385058,0.09817024627172821,0.2589314947669391,0.8622099779736793,0.21294653756037168,0.0,-0.6830317002004163,0.14444717145194014,0.3208771123091764,0.6721567984740007,0.11848801291270353,0.0,-1.4764037759973738,0.2546622364682059,0.4589328106170991,0.5499755282635916,-0.07707394006555221,0.0,-3.3659319712163924
658,7896,0.06314007716779911,0.217260288045222,0.07451944464988387,0.22551716982608924,0.04812713690339958,0.09081233823852276,0.24082891603562104,0.8943869516567761,0.26729745719656617,0.0,-0.4382677740032326,0.06601891745554833,0.20073139185064193,0.6750289007741661,0.2139161636109547,0.0,-0.04559450062277404,0.14740031496952785,0.27760810558745047,0.5684635139400678,0.0072149465620923725,0.0,-1.334496908798533
659,7908,0.08651927358614969,0.21778140456271,0.15694809624040476,0.31888682071158597,-0.33586878424427313,0.06582636426351901,0.21026688781874067,0.8750873741063412,0.2216080037496102,1.0,0.23917109408028214,0.057978170737480315,0.19121853730509866,0.658032362855836,0.41209743410817057,1.0,0.32988144335551073,0.07592555889119128,0.22260820595797207,0.5579101561399284,0.3716029219049104,1.0,0.12244340776173934
660,7920,0.07186392124466777,0.20106065447359925,0.07440211321126837,0.2436265366320692,0.07195755868216598,0.05379094078368409,0.19340822094952959,0.8292879629148875,0.20600439307389945,1.0,0.2514889272386409,0.05928043837586447,0.19354701815633465,0.6511304142971164,0.4306618277041185,1.0,0.17510153427283215,0.07539543356650023,0.20999949156040118,0.5580721072041509,0.3822594202156093,0.0,-0.04914165913392177
661,7932,0.12712971073205903,0.2752447540883838,0.09263917529757411,0.2351936342465395,0.23971377685918602,0.05282581269787926,0.17714261691832042,0.7950583226183996,0.4271528542360533,1.0,0.5844731149493769,0.1118090223760065,0.2829966225865859,0.6209899248228713,0.39963880549511915,1.0,0.12051225687394751,0.0897351963901749,0.23267792416186006,0.5499288306564395,0.29565050183081676,1.0,0.29414457192227483
662,7944,0.14956377465665505,0.32586549366099044,0.1271861303568033,0.28382261711565143,0.12834190027030637,0.24518889180955852,0.4234487453672382,0.756495375582699,-0.16787716928335777,0.0,-0.6393601483542692,0.11217085315836313,0.294644313318994,0.5869378616175819,0.182401328596635,1.0,0.25001322401853454,0.15240546773311914,0.3189636984044734,0.5351582987749476,0.15362602093114697,0.0,-0.01899987535743608
663,7956,0.44490725893381605,0.5800556217185924,0.4380873821528408,0.5884303844137148,0.05004040463177617,0.12579552205131853,0.27497685876140326,0.7056758881374048,0.4088006672255757,1.0,0.7172545074837007,0.2107447132428106,0.37447936050523517,0.5184254271786226,0.5010491788148876,1.0,0.5263176560709684,0.344619493514678,0.5026190870732808,0.5063777743555606,0.0853167189053716,1.0,0.22541274255553723
664,7968,0.1686102767527861,0.3318727305852867,0.1767336629448206,0.3405634036484955,0.023554243719937563,0.2611400492058213,0.4769685283847134,0.7022124308371854,0.14471047033883547,0.0,-0.5487789607788913,0.24285061290630483,0.4595974765546656,0.539501732019516,0.012585836910257381,0.0,-0.4403073026347548,0.19545595922514844,0.39144259104845097,0.5219521094133432,0.09113590725474142,0.0,-0.15921735607920917
665,7980,0.3360881710828603,0.45133327671024875,0.25579427868959864,0.387943615782896,0.028792477758242806,0.3735680023992221,0.4667637094753673,0.7157734573714396,-0.1481789944058034,0.0,-0.11151785317407481,0.30042471998251485,0.384302365232382,0.54047828765112,0.09290147539974355,1.0,0.10611337788366515,0.37694280803687663,0.46606890191930583,0.4994492680364878,-0.04081843700545565,0.0,-0.12155928256083692
666,7992,0.2573008521947353,0.39965917104964177,0.1265854138401691,0.266285137481334,0.4259353471200826,0.41708193555844586,0.5267061306258506,0.7215724401806758,-0.13162674961767853,0.0,-0.620989328254467,0.40513142946517816,0.48294377005846084,0.5183503732768225,-0.25591747255253383,0.0,-0.5745436752714637,0.3546063463895874,0.46394096736357443,0.48416991067814513,-0.010723696766327872,0.0,-0.3781778931738924
667,8004,0.3112828769543637,0.4596482632372922,0.23259299567030123,0.3550215417146764,0.036621956143257896,0.5222393441069002,0.6113596414647543,0.800513245198824,-0.5244441256746202,0.0,-0.6777001973785544,0.5005823448281682,0.5758267563969182,0.5764560089154409,-0.4110981226149882,0.0,-0.6081268257539176,0.24912546158151036,0.39605561463513056,0.510307604696408,0.2010458379202528,1.0,0.1996814472450602
668,8016,0.2610967685395147,0.41533784399249957,0.2538823325326134,0.3875860154006596,0.08275277112612511,0.581705182099865,0.6563949479218568,0.7840316662379758,-0.5377022318005146,0.0,-1.2279294583143376,0.379340498808421,0.502892859374948,0.5671814766314375,-0.28573450084838203,0.0,-0.4528732045605963,0.2166089289227798,0.3419142287846964,0.5049965891663065,0.17373733957351628,1.0,0.170388319493897
669,8028,0.16932901179150386,0.3236360868024244,0.21694158596254529,0.38921526866451134,-0.11671072963815236,0.3361811915960627,0.4389283878618384,0.808185135121121,-0.018959625850495543,0.0,-0.9853726661442117,0.5783499118175613,0.6107923858768747,0.5820713127129267,-0.27652272509764503,0.0,-2.415539402838352,0.20545661665447265,0.305578688264005,0.5124722925224243,0.10934860443264602,0.0,-0.2133574422996869
670,8040,0.196274690728643,0.3614966631465039,0.357039187410989,0.5096932430596928,-0.17998031141654142,0.20891447524896958,0.32697377319487225,0.7823726761899674,0.26271363274834253,0.0,-0.06439844318899746,0.21292805596002362,0.3139300184546058,0.5739419174579939,0.2961447586423643,0.0,-0.08484723715297804,0.16315478485302687,0.2697358568592127,0.5165857110643296,0.34749106695099724,1.0,0.16874262164246956
671,8052,1.1328154163707982,0.9794661903085551,1.5755603529870557,1.1735405488165707,-0.1663733041227025,0.7211069230372139,0.7955033353638843,0.8059350266290558,0.3721424296395076,1.0,0.3634382860471437,0.703813210746642,0.7904546422361204,0.5943311827848522,0.37963821028175637,1.0,0.37870442035345075,0.4812024253939328,0.6311484416522422,0.551504510827144,0.617212135226134,1.0,0.5752155042738017
672,8064,0.5957342634356192,0.7051374984431845,0.23769858427548687,0.4364967231175971,0.5821001631566571,0.07149786484001545,0.235544775313678,0.8743793503364536,0.8592641944745149,1.0,0.8799836282242943,0.0605867060374336,0.2103138600659266,0.683365686918961,0.7742948368561449,1.0,0.898299107914277,0.07128471230156094,0.2196064325231247,0.5971098852177996,0.7653047407554496,1.0,0.8803414262418622
673,8076,0.34299068193802684,0.5173285600686737,0.7271121697058321,0.7034165178724748,-0.21347042763457286,0.076726280582513,0.24027164666796386,0.8605293368325517,0.7737493615013818,1.0,0.7763021428192144,0.07471672591949564,0.23069127827193256,0.6610234118656876,0.6959366579802305,1.0,0.7821610619352166,0.05635916701916349,0.20233306781493718,0.5878572357615703,0.8042923932576066,1.0,0.8356830958184842
674,8088,0.13770744338536212,0.3200740251339282,0.2111527124356762,0.39916036936688365,0.04933337017493875,0.08103744465618917,0.20083670276345486,0.8107190323395679,0.31340331275799793,1.0,0.41152458673266457,0.08858684482663211,0.20339783042345502,0.6380467903643473,0.42579489492908956,1.0,0.3567025670592864,0.0746780733534595,0.19851296895292614,0.5751672114627038,0.29119399101284166,1.0,0.4577048885841305
675,8100,0.08701762355878499,0.2468388320889269,0.15703870154932478,0.2965714531879611,0.20320289011130482,0.0998489674661599,0.22720442179494724,0.7773018050184772,0.20385633683088775,0.0,-0.14745684129958647,0.07215742300429286,0.21445607382126142,0.604115920068463,0.2074132612437125,1.0,0.17077230963970524,0.08218315774503836,0.22850409213350611,0.5704975792132078,0.1377489042244583,1.0,0.05555731834575672
676,8112,0.08008306114627951,0.22550037653585506,0.10209255420254143,0.2525122281181917,-0.0787666209366232,0.09513739852579613,0.2591715293611851,0.7654915235399085,0.02082275373006675,0.0,-0.1879840401207742,0.12436754645197601,0.28725161873545174,0.5976825014465518,0.007360973695125747,0.0,-0.5529819249142658,0.18998485665525497,0.33371895729190576,0.5625390926833107,-0.048956390415142756,0.0,-1.3723475843190998
677,8124,0.1341190580816103,0.29801013166172546,0.12752542408891102,0.29342410093660987,0.31118738245089617,0.12432803971870399,0.26898895903476533,0.7867592474351367,0.2721439232920176,1.0,0.0730024390489572,0.12466650459536777,0.26417427584897896,0.6188461636818623,0.22449954271672018,1.0,0.07047882397511862,0.22510694754349445,0.3900520312335007,0.5985212928512755,0.014955034264581623,0.0,-0.6784113366388154
678,8136,0.12503852394550818,0.3001669712368133,0.26350605830998514,0.4050003692717568,-0.03215571294157662,0.10682737631681934,0.2385569960387567,0.8609459684571747,0.23509459048246395,1.0,0.14564429468653417,0.09602808149681853,0.20698308415083708,0.6804267654497801,0.22421304262499492,1.0,0.23201203543743376,0.26765437500017747,0.44551213176891963,0.6294062700466834,-0.10957763696563846,0.0,-1.140575292753946
679,8148,0.21113792182962332,0.4149552486793721,0.1321949025466839,0.2849399944141598,0.1485697417645711,0.1960578414352002,0.36847075713791594,0.8772891738800151,0.2528907417604776,1.0,0.07142288918895356,0.10707919602230397,0.22535614901206458,0.6961819383230022,0.3132269670600734,1.0,0.49284716315096166,0.23873562767904874,0.4254734560746538,0.6338165523886053,0.15756849850152882,0.0,-0.130709375228649
680,8160,0.031646076196891214,0.12929438788200043,0.35386808468422065,0.5485326762537907,-0.021534948327420266,0.05212877556260013,0.20550756454672525,0.8659556820725669,0.16641082131044777,0.0,-0.6472429390067971,0.05319876586951838,0.18916784366370867,0.6715457291849021,0.1429009817335934,0.0,-0.6810540914625118,0.03832540890000648,0.146504390551368,0.6146954099867872,0.278165867697764,0.0,-0.21106353475099748
681,8172,0.07232757757283642,0.24351857656477716,0.03781110204486512,0.15405068486783421,0.09839557647760176,0.07492476039439837,0.23148500691232723,0.7531777013687184,0.09071081762355596,0.0,-0.03590861063951012,0.06556549583702655,0.17584855438008443,0.6226593293214382,0.21970031871835233,1.0,0.09349244040421811,0.15066282307985912,0.3339483834279895,0.5743835350451528,-0.15164578778302626,0.0,-1.083061926526384
682,8184,0.04232745426647327,0.18023181539695524,0.21862052301587967,0.4208638489077332,-0.32076225918380563,0.1496300605412562,0.3352419935345173,0.7368999664176893,-0.19998927219885704,0.0,-2.5350592927053297,0.07580396404651686,0.24094114055907756,0.6011176739089799,-0.10023314994373692,0.0,-0.7908935314014307,0.12435799399309118,0.3087391399478543,0.5751805280853459,-0.2636176360510052,0.0,-1.9379984255654295
683,8196,0.020963815218370787,0.12753263853427413,0.030286656923039043,0.1398220731356921,0.09106582994891319,0.04310057768167913,0.17991499165542782,0.765458916983812,0.10118856295511972,0.0,-1.0559510390985363,0.030020345535735956,0.14396692907690686,0.6270954905271985,0.14215057583619992,0.0,-0.4320077344236868,0.10500811256004665,0.2989033354411621,0.5992915787601227,0.002656255424336851,0.0,-4.009017274108916
684,8208,0.03727994504167847,0.1692038811716503,0.06626083729162467,0.2356842064012864,-0.019505047433701277,0.09917589729304742,0.27606426583811267,0.737841236000706,-0.22501126005622435,0.0,-1.6603015959967249,0.06233149267420787,0.21565465380265136,0.6223192883309341,0.09524299693793603,0.0,-0.6719845644762115,0.047642932023513794,0.18659863936737683,0.5853239481812111,0.1432107731075806,0.0,-0.27797752840702006
685,8220,0.041168215927564866,0.15977874608897127,0.43803920138120284,0.6190000767652992,-0.3735698993894163,0.0599396808921834,0.2185554930255846,0.7569188957123035,0.0861412466199727,0.0,-0.4559698432802328,0.02526403975517676,0.1351835876477178,0.6118431665153623,0.36296461377119427,1.0,0.3863217245161017,0.035996366466160355,0.16599153361515986,0.5716922719070763,0.30408426802244476,1.0,0.1256272428833044
686,8232,0.07783339051052954,0.21958056612158172,0.09465256346954869,0.2487348657551672,0.1447620431848095,0.05159253615232682,0.195276283845817,0.7009126519096079,0.3600041751262559,1.0,0.33714135008229884,0.10836345559397224,0.28410352507159076,0.5505498616476654,-0.07842251398393416,0.0,-0.3922489420438713,0.01655030626584984,0.10299255514631445,0.5378627290107392,0.6140663811216134,1.0,0.7873623883362647
687,8244,0.12164602267312984,0.29471142125827393,0.26375467467601693,0.4537389529949716,-0.42371481395763366,0.09522171763153701,0.25537077061358876,0.6242643977763236,-0.020419458720635286,1.0,0.21722292649548036,0.0182118941508698,0.10999944783512942,0.5597127148114447,0.6971664038103518,1.0,0.8502877960933729,0.022749487243526195,0.11956201842326016,0.5581554592383415,0.6879945760160341,1.0,0.8129861811869062
688,8256,0.08358401137743075,0.2420859960003469,0.06165224809795663,0.2063943599697737,0.2160394206233621,0.05068534772640648,0.17905642010067627,0.5016482748691947,0.20808499884451442,1.0,0.39359996139055275,0.040658908638018305,0.17538711881993677,0.5009347546690928,0.4697745618535453,1.0,0.5135563851509887,0.023601510543469813,0.1257638423628071,0.5209718969444415,0.600366287733705,1.0,0.7176312771482674
689,8268,0.06759507165933944,0.21331798022006046,0.18667887736567293,0.3916009803286314,-0.28353917643935617,0.06927898918953355,0.2173172040068959,0.5983104034836367,0.09107574303396185,0.0,-0.02491183881985659,0.032184222857340204,0.1476398443564607,0.5594908474656041,0.6075603846530548,1.0,0.5238673165472798,0.026052135248542895,0.13519741129618698,0.5504732672542334,0.7131973344368878,1.0,0.6145852854504172
690,8280,0.03961122899095953,0.15585682720980734,0.09884027804556712,0.2646632823139638,-0.291729137226,0.02987618934103531,0.13247039605161456,0.7757740431873398,0.43155818081655417,1.0,0.24576464547833266,0.01943016280519484,0.10982282431122949,0.6348501832293708,0.44913144943641836,1.0,0.509478415586919,0.02382555529427186,0.12431011456527352,0.6099104311222818,0.3975744500228623,1.0,0.3985151205555989
691,8292,0.031888454985426806,0.14684488709765994,0.028355859503792463,0.13904384008514334,0.16199156139093315,0.03521534901883507,0.14385726241300878,0.8291966901630925,0.3751440552581168,0.0,-0.10432910703665876,0.022035170740531806,0.12438491365787484,0.6420867374596787,0.4074656569214329,1.0,0.30899221205285754,0.02529127640351587,0.13319606862087888,0.618585141196249,0.35718208009718244,1.0,0.20688297959013313
692,8304,0.03567294051343777,0.15898078310622513,0.09988157346337005,0.2512170479396131,0.025881790737410613,0.03870142685161961,0.16196265007048208,0.9116182557262238,0.2367764723946809,0.0,-0.0848958985324193,0.026495897929117596,0.13920191757985806,0.7097726900373441,0.3264427424078967,1.0,0.2572550076398451,0.027081125558586355,0.13991957886242443,0.6788740197651651,0.29877799295718876,1.0,0.24084964208697446
693,8316,0.03826568811235883,0.1607572476999394,0.030911200430378514,0.14829855565784478,0.3039390526768636,0.04845352491676619,0.18349823251435918,0.8983954475284334,0.06022416046651289,0.0,-0.2662394773744301,0.05268400497619591,0.17946556628961643,0.7281299661097544,0.15624855282378847,0.0,-0.3767949192890727,0.03460480105393033,0.1390461246828858,0.6803147227759349,0.2726993339629982,1.0,0.09567022674932968
694,8328,0.11269737715772854,0.2777387355054525,0.19346249331318846,0.3794882566844446,-0.210523001073566,0.12116629221153945,0.27925869381039603,0.9042276190366472,0.08284004253970154,0.0,-0.07514740154030397,0.08613466501031451,0.2386061452219037,0.7745150806678438,0.32180519500004523,1.0,0.23569947071827146,0.1049175360150022,0.25496244405921953,0.6970769863685672,0.16798361358699157,1.0,0.06903302755518315
695,8340,0.061891775479233524,0.20029781408636774,0.05933076578087234,0.19445153587355793,0.20039479045306713,0.06193271618987096,0.20044407111568888,0.8529088916030736,0.1816483459382628,0.0,-0.0006614887086437982,0.039798625195718806,0.1600188358285641,0.7172958819206472,0.3299687878088954,1.0,0.35696423494794727,0.0592292373054172,0.19443344855155462,0.652229319101353,0.25395274355525504,1.0,0.04301925664920825
696,8352,0.07772174366871752,0.2326143238033788,0.38336984183695466,0.4986239917752739,-0.4322180645572512,0.05737827923415175,0.21256273558029434,0.841686967988382,0.28558971124889865,1.0,0.26174740136142727,0.1100107862008417,0.3029426206626411,0.722809046134356,0.028367375123988126,0.0,-0.41544413452371254,0.10106504838723707,0.2855569464606089,0.6566867559710424,0.047186329084622655,0.0,-0.3003445833384599
697,8364,0.071298994881147,0.21739992861722487,0.10251850294505743,0.2759857954676623,0.02385163911204371,0.08534234878984638,0.2552479285093363,0.8341060298512997,0.00032961044786564,0.0,-0.19696426200831008,0.09395001782208133,0.28003483186283823,0.6979914240394568,0.05460100435017039,0.0,-0.3176906347514832,0.14938926571751956,0.3635856939731741,0.621810908046976,-0.14258263361251916,0.0,-1.095250654887161
698,8376,0.07984144269812535,0.2300976843933342,0.06567868817956661,0.2207584173485081,0.22774747160206701,0.08575880891803578,0.25792407327439065,0.8820164784824319,0.13718145792188954,0.0,-0.07411396913609836,0.1491808164428783,0.35215010996728763,0.7035890033520529,-0.07067362112911316,0.0,-0.8684634370513578,0.19828179278965438,0.41850468777820976,0.6202377847125478,-0.3445944264415961,0.0,-1.4834445131376612
699,8388,0.03192022392100464,0.1463045551298449,0.057271141202613375,0.18645358492708072,-0.15450545516907402,0.0686329805985408,0.21851212852599786,0.8467767519084113,0.3497040846002848,0.0,-1.1501409504016,0.07467422788064063,0.23185015742516493,0.6817854612316359,0.18867181857889342,0.0,-1.3394017556218438,0.03443043624619973,0.13899532846435245,0.6014506194072757,0.19179898080480764,0.0,-0.07864018533852701
700,8400,0.05405669505110624,0.17729178004801702,0.0740958867188251,0.21916781944161853,-0.003496284789770443,0.06725909060927415,0.21983678265842718,0.8595012428271497,0.22246883628190525,0.0,-0.2442323850114425,0.09274515629609571,0.2682424648607602,0.6997291310757258,0.07185880225671108,0.0,-0.7157015649664238,0.11096161916199258,0.2926610268435179,0.6342753348021142,-0.019641020712091794,0.0,-1.0526896632708924
701,8412,0.06832004127061396,0.22280899019670083,0.03883010274794074,0.14913651674682327,0.21262227622394594,0.09138418234638412,0.23491567134883642,0.8414701316100613,0.7188198582424203,0.0,-0.33758968300990455,0.06051132841879276,0.18511912093171853,0.6697282159851604,0.7045834246552883,1.0,0.11429607925573526,0.040109337856617376,0.15507598160335873,0.6161447603100207,0.7059806972838361,1.0,0.41291988250204215
702,8424,0.04600837439617552,0.1812057626755561,0.06483948014099811,0.19896138620044512,0.2185628821947782,0.045841769001787956,0.18879683839790626,0.8787129037944179,0.2719973171359176,1.0,0.0036211971532168485,0.05351488513330175,0.20325547870813176,0.7226282236388015,0.16852973668720553,0.0,-0.1631553132585839,0.04382387962735639,0.17763153749670657,0.6453418063589961,0.2868909427085536,1.0,0.047480372812318206
703,8436,0.04196341768053152,0.17162172610300316,0.07552757615347584,0.22013666437080462,-0.07344860598638418,0.20174944078693122,0.4208816870744247,0.8238780914180287,-0.21569556293194445,0.0,-3.80774569704628,0.17814998939840165,0.3484660778250872,0.6707377375717657,-0.21533754143355655,0.0,-3.2453641587218103,0.16841173378793486,0.32985490417961866,0.6090238171825162,-0.15684778588239512,0.0,-3.013298799207856
704,8448,0.08017586896433809,0.23643859030526437,0.10993460164190168,0.2792046107505151,-0.08228496497725146,0.05676760887002716,0.20057632295196828,0.8487006468109399,0.3602283488579718,1.0,0.29196141428442557,0.08861352842173471,0.24946906092438204,0.7114033981808102,0.13213078367989922,0.0,-0.10523938893820617,0.06809300000124752,0.2287235146438814,0.6482949528320454,0.27854580371560567,1.0,0.1507045588550464
705,8460,0.08897060817072282,0.2485142613035446,0.07888807487627085,0.25042250239662206,0.14249811758897954,0.033311854601717594,0.15515304075951716,0.7498327963184026,0.5308269280476664,1.0,0.6255858503541242,0.050069582444230966,0.18238143358676684,0.6313563479917766,0.44264021524493363,1.0,0.4372345713524396,0.059375587604461606,0.17599943295299983,0.588278801941091,0.2006087739669505,1.0,0.33263817315345634
706,8472,0.11236720509998684,0.29977311079827235,0.23497750955442487,0.44100076853412284,-0.2887119939216095,0.34023418980977366,0.5180410738779535,0.7222744143445643,-0.3081471788651665,0.0,-2.0278780139367685,0.22208345965560664,0.433526669097752,0.615460415538992,-0.33593604754194895,0.0,-0.9764081473592925,0.2790920880007794,0.49622673023334785,0.5663112907171658,-0.5201386766002715,0.0,-1.4837503767441493
707,8484,0.13835244971443172,0.3511576347509373,0.14930377056429633,0.36012876984261605,0.18207911165625168,0.2589050573716127,0.4912919664830569,0.7017049475440229,-0.3216091800008457,0.0,-0.8713442219925214,0.13769230049898723,0.3479522252750444,0.5870062853564203,0.13343527860422785,1.0,0.004771503625754958,0.13426041498641325,0.3319217968509501,0.561957073600771,0.11449174399915088,1.0,0.02957688668660874
708,8496,0.07421609174203325,0.2334351039155064,0.09221433760777685,0.2742718738828487,-0.0020460160276074444,0.06234707482468713,0.21037941532842933,0.7206968523793625,0.3345935424146044,1.0,0.1599251137960953,0.1430985331002477,0.3525052965777024,0.5744175930669011,-0.14186740431617748,0.0,-0.9281335050307153,0.0840877404356211,0.25376082310235887,0.560060554122369,0.11801286503596775,0.0,-0.13301224117137012
709,8508,0.020728273773873648,0.1120106164378409,0.01450480715615767,0.09400805604386601,0.19471522364457208,0.025010039126673534,0.1323712392069035,0.7217108968137289,0.4126918642603668,0.0,-0.20656642224576904,0.01735315448172169,0.10367619308059395,0.5689693652332843,0.35274386745157005,1.0,0.16282683878896032,0.012718221435345256,0.08805960228039193,0.5433223214214183,0.34623563074006425,1.0,0.3864312304010781
710,8520,0.023207797374068317,0.11999867075175104,0.011322527499684118,0.08449288742326538,0.10883483937894753,0.009600325044627633,0.08017619729593188,0.7090966109365417,0.41056130507594857,1.0,0.5863319172480046,0.022362160640892508,0.12511882698649499,0.6080801497312431,0.5112183685496788,1.0,0.03643761273617019,0.021202251009534115,0.12154826115438845,0.5713115416003418,0.5112183685496787,1.0,0.0864169198053727
711,8532,0.028053809946805452,0.13694190003114254,0.024256955321534185,0.12552363964026,0.25951526863626356,0.10077676058017264,0.27216506459844986,0.7109020446145337,0.5299516554890745,0.0,-2.5922664611780584,0.029644718897244016,0.13397447052242584,0.6188034152126342,0.4961221202288053,0.0,-0.05670919399023466,0.01743791974904268,0.10417267626001166,0.5836071221238935,0.3645337901013587,1.0,0.37841171013463804
712,8544,0.022550645875697207,0.11928695645311478,0.018397630497862475,0.10834777218780056,0.05783260149126083,0.1042630928148068,0.26676315422099117,0.728564198446981,0.12171190023581875,0.0,-3.6235080533622748,0.023054817944153132,0.11333067541268427,0.6204750003476924,0.35393258768576724,0.0,-0.022357322767383447,0.01928824147369211,0.1049643721802801,0.5889373244970181,0.4320473744920891,1.0,0.1446701092282675
713,8556,0.021929696040678803,0.11011380791449364,0.04208421878248907,0.15944725903663212,-0.20006533711589042,0.07776231340768021,0.23682612655800436,0.7335226668050335,0.13268636380932247,0.0,-2.5459822727790615,0.03693228511044764,0.15320046452561206,0.6098626812635032,0.23842113258767136,0.0,-0.6841220709096729,0.025489325150684444,0.12217378816778923,0.5858079224259638,0.3033736098809769,0.0,-0.162320038700156
714,8568,0.046157953759567216,0.15043876955189675,0.049220309988415735,0.17012667567117382,0.04440335137039986,0.035453907505521826,0.12400046665536733,0.7700268003569849,0.22593513946473015,1.0,0.23190036347368947,0.037005371461001225,0.12830808995767398,0.6347102415631595,0.24302618839394122,1.0,0.1982883025153368,0.04166658896659842,0.12939425396011997,0.5980354692324655,0.17259443254946583,1.0,0.0973042439524926
715,8580,0.06804852682024613,0.18461915738191856,0.05975440592057188,0.16685595408235857,-0.01796927178087505,0.07691305293014396,0.18534376024865207,0.7000413223552318,0.027131425490416795,0.0,-0.1302677151749949,0.0774693752302783,0.17583251998595895,0.6247502123719549,-0.039585095161549524,0.0,-0.13844309127981358,0.07801881087814777,0.1762409743238796,0.583466037174289,-0.039585095161549524,0.0,-0.14651726530742804
716,8592,0.07425101206472573,0.20089493501718078,0.08374924725466147,0.20372132013726255,0.0035695642047003373,0.062116802801808126,0.18896841586681865,0.7256580155312333,0.20035837317463737,1.0,0.16342146626015053,0.08867921075021655,0.19326292552026295,0.6590061086335421,-0.08451828239727077,0.0,-0.19431652558369894,0.06828548947916999,0.16991094989927502,0.5963562824352306,0.10343756780171534,1.0,0.08034264341549324
717,8604,0.18839511778317575,0.33466068241089514,0.14055323539781672,0.28880839814198944,0.2606252173578455,0.20350615576301045,0.3379498092327989,0.6849112493180408,-0.006553836677431091,0.0,-0.08020928651254122,0.18265043533530556,0.3143763056966005,0.6178636309075894,0.03839659836188715,1.0,0.03049273524424212,0.25535527839600314,0.3957663205473785,0.5535314887057308,-0.30280188719413115,0.0,-0.3554240757443192
718,8616,0.11749559632466372,0.2590337092456685,0.06342030197782568,0.19101364472886076,0.2508516842045818,0.14463331224326134,0.279948404271436,0.6938000749122286,-0.0750229057149877,0.0,-0.2309679406503944,0.10386306734612695,0.25055030368399467,0.6174939142464416,0.19648920050193916,1.0,0.1160258716494138,0.1719237026610733,0.3145824639898089,0.5377675954847099,-0.2657523648343122,0.0,-0.4632352874401682
719,8628,0.21967340987300288,0.38436081896012936,0.295963585944048,0.45396027045431886,-0.39256143478755123,0.1855297457123181,0.32730578543641403,0.7531666130283249,0.10223548288070534,1.0,0.15542920820696438,0.19979088603058615,0.3372388018986179,0.6647824374102028,0.0258583350665889,1.0,0.0905094697346901,0.26476801418772333,0.412182981528622,0.578981037551544,-0.2054894028235768,0.0,-0.2052802127521507
720,8640,0.13738748524921016,0.2788931055782922,0.2659595968816166,0.4370933739655775,-0.49429108554775825,0.13876073861927013,0.2840895001285824,0.7895133121130942,-0.053229011436928445,0.0,-0.009995476426175154,0.1367714986964116,0.279259861906627,0.6695627318020655,-0.021368186456576965,1.0,0.004483571059483493,0.2269999034353353,0.3832696363911947,0.5987682755728532,-0.47037566291762045,0.0,-0.6522604153032951
721,8652,0.13682515198349196,0.2750665159013983,0.1673011831852653,0.30899744794756806,-0.3872623497913291,0.08845598890676881,0.23430033519759588,0.7864107925769671,0.18801088036534072,1.0,0.35351075716370417,0.10264362990225569,0.22477401515122164,0.6311066661089962,0.26990873418334854,1.0,0.2498189958916347,0.11278671454055673,0.25077553226188115,0.5716023349318184,0.14125211834791057,1.0,0.1756872701726323
722,8664,0.08057892934845001,0.2124177997020625,0.05803928129983623,0.1801297965597842,0.17184149323612938,0.19007062732308408,0.3591460470922388,0.7572693371476716,0.1383179611368831,0.0,-1.3588130155112346,0.17337165654869705,0.3446699522225764,0.6653998543336469,0.2145473060900427,0.0,-1.1515755787593118,0.17257635520434492,0.33386584047105217,0.5859424609119714,0.14579661082888032,0.0,-1.1417057362237655
723,8676,0.3713430205840697,0.5531151636025178,0.3402922869097511,0.5250729685859098,0.28086466968549295,0.12406840381064292,0.3136124552489122,0.7532375475391293,0.8533012130099126,1.0,0.665892727388545,0.11980945461112635,0.3120774546349951,0.6408326118019915,0.8372260813264913,1.0,0.6773617707350925,0.140363115892671,0.3393679478522626,0.5775352688236903,0.687067882517902,1.0,0.622012241749152
724,8688,0.1377610160521375,0.32164281888355967,0.3123389420306059,0.48097005061123754,-0.36684301801858155,0.07750580939183344,0.19137642022740656,0.7338982852665705,0.5973540074415025,1.0,0.43738938915418335,0.07267568936655233,0.19250511932188263,0.6329054882516847,0.5974845397701387,1.0,0.47245097743002096,0.0782129118375222,0.20069336407144314,0.5776164632028364,0.6234750093806003,1.0,0.43225656953690383
725,8700,0.2387023490492164,0.44858861864742616,0.26107735303961377,0.4372186848763098,0.07917259036542879,0.025736294178528085,0.1117012840418151,0.7451681464843432,0.9161982486744605,1.0,0.8921824846674563,0.09943956191881846,0.2748034288433196,0.5926254520957365,0.5009714259080639,1.0,0.5834160731350168,0.11106476014817428,0.2955719310278239,0.5659417510052406,0.4439994407683387,1.0,0.5347144232532266
726,8712,0.17346804295203377,0.3810279667610505,0.14877345854303567,0.34106652259701026,0.12744125584891958,0.06705236085145667,0.21123888458755605,0.7051646082894175,0.426650665218596,1.0,0.6134598643624662,0.04847107497410461,0.18019970312917666,0.5662121524312111,0.4456590576401247,1.0,0.7205763427704808,0.03375158430000201,0.14242829836757623,0.5493479866834342,0.44556381280072055,1.0,0.8054305350678639
727,8724,0.06422469274240872,0.21785404762542804,0.057253989518341396,0.20477457605851332,0.04101084769891372,0.047266581942693696,0.17865725493843207,0.6896180738614565,0.21432649303608658,1.0,0.2640434710638526,0.026033851902457564,0.12588259109067265,0.515242676901351,0.4748006305412932,1.0,0.5946441969465905,0.020307358362427825,0.10652417235710358,0.5094472431166881,0.7578368172459695,1.0,0.6838076214100981
728,8736,0.04500920620258649,0.18395060152599574,0.20213186570787864,0.4028339314527117,-0.2385500434401612,0.06709805723445293,0.22397150858385503,0.5900697439712654,-0.027140084012172005,0.0,-0.4907629548596013,0.03978083616736298,0.16037137081347463,0.4439394527319155,0.43289884331606904,1.0,0.11616223604767906,0.07302411501795573,0.22260454527873375,0.48907803404702843,0.2283709268238776,0.0,-0.6224261918611518
729,8748,0.09251096711728231,0.2864770194583767,0.15749540057060615,0.3554142569978402,-0.19578562786532178,0.0855201285205928,0.2672338819718291,0.6059939060523453,0.2361147245368433,1.0,0.07556767391510189,0.18304723113693266,0.3740886988197807,0.500485945114599,-0.12111498748567082,0.0,-0.978654389212811,0.17862019088243483,0.3659785363686295,0.5178653283641264,-0.04915436615958033,0.0,-0.9308001683301628
730,8760,0.013196405700490943,0.09111711926533027,0.1294339166583864,0.32365647162853983,0.020074305102061724,0.048282230990147314,0.16967865032290633,0.7152699871276156,-0.04088153388562903,0.0,-2.658741030396715,0.031447981228563605,0.1449736509626626,0.6298983409178783,0.014468035782259515,0.0,-1.383071719854267,0.051638497104406905,0.18279042504702456,0.6100909753524656,0.026576830613628154,0.0,-2.9130728682042424
731,8772,0.03380664011842182,0.14200235978231987,0.033688533080860866,0.15738302939463125,0.23362979615430574,0.019188866170249164,0.11128942082984776,0.7879571634425032,0.035375766725534365,1.0,0.43239357407207046,0.07274344635008602,0.21389963902278178,0.6697811389821688,-0.034170144152267545,0.0,-1.1517502506984378,0.04699109779206554,0.18283591594584792,0.6263531684747596,0.19290043199310863,0.0,-0.38999609625386245
732,8784,0.07561374416300622,0.19870522240746682,0.060153755241785754,0.18414243071347744,-0.19174936309763738,0.0826360571614717,0.1945615036004369,0.8306962677865609,-0.07337716843840406,0.0,-0.09287085405170448,0.2194107993109772,0.3621291089576668,0.7107785359474594,-0.3126851587111941,0.0,-1.901731712133933,0.17221904660412965,0.3186447548581098,0.6472344279174108,-0.1567587327687258,0.0,-1.2776156439610258
733,8796,0.11228029108311814,0.20936311577471176,0.12382809034920243,0.2412478799791283,0.09562960315324313,0.05700364639829573,0.1653370725929629,0.819430813061911,0.41411912151437863,1.0,0.49230941736606804,0.10324759252898714,0.23261676679740914,0.6963479179612593,0.20289995418900125,1.0,0.08044776573872903,0.11634805333122618,0.2520570870611179,0.6294365228539694,0.13933226370603663,0.0,-0.036228640029947634
734,8808,0.14008771199054276,0.26148344099895754,0.21139689655717087,0.34966754809497996,-0.34283521970334624,0.12002757794688555,0.2592438210489929,0.7964024361257884,0.17078095672927113,1.0,0.143196956810969,0.18434410174500834,0.3391585040433219,0.6870932615913532,-0.10396382065017513,0.0,-0.3159191418406013,0.1589518631319362,0.30548991562445077,0.6301390488965666,0.06414651679390411,0.0,-0.13465957058865352
735,8820,0.0695215107607617,0.19220878934699584,0.08149006552686736,0.22318698470393997,-0.04005743516334968,0.05835276682626972,0.18773098150182335,0.6851079516236009,0.168744737307959,1.0,0.1606516287156935,0.06122226697590271,0.1760893243468171,0.611428300765682,0.22425840898576582,1.0,0.11937663169344015,0.06467561474678672,0.18076426098002282,0.5701460671856537,0.19146449687578243,1.0,0.06970354874264362
736,8832,0.1195493847226685,0.24400552205750312,0.11787895962398821,0.2551519372073878,0.06990659466117144,0.14088376463216393,0.2864257339373937,0.6379369138214607,-0.11621660820063436,0.0,-0.17845662659817996,0.15355924216874714,0.3099187908683672,0.581944093088749,-0.17085863699493384,0.0,-0.28448375142184923,0.13314201450278462,0.27880293323107824,0.5431123163012851,-0.048574766323882246,0.0,-0.11369886856087463
737,8844,0.08541625833123438,0.2091440206688097,0.10283924163104956,0.24250766221466055,0.027661917668623876,0.119122047156958,0.25923892882855876,0.4908188154004984,-0.2296015648755633,0.0,-0.39460624340411243,0.09505630850290558,0.2457977644004855,0.46643622250028133,-0.04233248192455144,0.0,-0.11285966348804699,0.08761353046984548,0.2250282747129776,0.48282435975018434,0.04981945792092487,0.0,-0.025724284598025005
738,8856,0.0982353254105109,0.23565084128160718,0.07876736612354747,0.2086466335627557,0.18452996487622966,0.1212761489617767,0.24848510488932105,0.5493331477297918,0.12016892617369282,0.0,-0.23454723089664142,0.10281111331790728,0.2314612070050377,0.4924158680479643,0.2319012780016651,0.0,-0.046579862063619526,0.0985594339258788,0.22308298909887458,0.5090287951571928,0.19815632727420382,0.0,-0.0032993071892775117
739,8868,0.1306609341491665,0.26088514224223097,0.16715191455838563,0.309403256576245,-0.005449436473902125,0.2081174353579878,0.3645789232444228,0.6030372509997658,-0.14880294416673104,0.0,-0.5928053531317525,0.19170049770513287,0.32599704302109633,0.4980456293191958,-0.22103041950713226,0.0,-0.4671600119304349,0.17762742020519898,0.3232463209885705,0.5006184599249165,-0.08629824876159521,0.0,-0.359453162966171
740,8880,0.6836400651262048,0.7868294122593976,0.5097723877757216,0.677567474715231,0.4407365647816266,0.32795276709729526,0.5421174456543266,0.6961693927532939,0.8170313318371694,1.0,0.5202844540178422,0.3061130739204198,0.531223460378841,0.5590568017731872,0.7747280697107275,1.0,0.5522306407481996,0.29765808251505355,0.5262755626096317,0.5107677598386802,0.7779975867285864,1.0,0.5645982473831405
741,8892,0.20555213323939472,0.41712234226829126,0.33354626549403027,0.5233917851094799,-0.21313646311375972,0.03423053728447437,0.1458975066977554,0.7734694886567858,0.8328771886317821,1.0,0.8334702892885668,0.032648998079945084,0.15048730231669036,0.5858715629551299,0.7553832999066714,1.0,0.8411643918970149,0.01681293846707041,0.10808221923062078,0.5349268305346799,0.7780014243568522,1.0,0.9182059645788772
742,8904,0.1302286853926223,0.3306740751241679,0.10873030802221469,0.28688214880377244,0.05519897938016989,0.03545641962073549,0.14916112854398506,0.7398481269465981,0.72887012375087,1.0,0.7277372530188794,0.04688268344726071,0.18834886545786197,0.5781145519636132,0.535744666431167,1.0,0.6399972609266875,0.02426434189479865,0.1263025104615094,0.5004362805992243,0.7355913056380745,1.0,0.8136789769347295
743,8916,0.07161669648226637,0.24525537505621564,0.07186665265096061,0.2316730879246779,0.21811869436859546,0.12943221715476827,0.334264707215856,0.7290333214804277,-0.0328556526480384,0.0,-0.807291085910645,0.056893509177811774,0.20848471928273674,0.5533138816373733,0.28731666944653533,1.0,0.20558316744057492,0.053098713505310334,0.19019918237929576,0.5001944083297236,0.3590267914912259,1.0,0.2585707507681737
744,8928,0.038384504813216695,0.1715740652908295,0.153538120254172,0.3272240350754098,-0.08294475451590902,0.14969942309834985,0.3419756582838424,0.7320718887621346,-0.17695462755553154,0.0,-2.8999962048958046,0.1079902600109599,0.28745783904808603,0.5770119183167346,-0.1206052516189978,0.0,-1.8133816115761454,0.08344514503925154,0.24084857287194836,0.523898819746938,0.0006227585306492589,0.0,-1.1739278765039427
745,8940,0.026030404815134984,0.13611431710831837,0.06793830473346942,0.21298881351516674,-0.15559210558988065,0.1376354070547131,0.33105243698169445,0.7465584468684188,-0.3383438624924623,0.0,-4.2874862312816235,0.17472007961976788,0.36424395711164453,0.6173160467366482,-0.25447500601938033,0.0,-5.712153762517729,0.0852305867169364,0.2503211392345525,0.5499115229116692,-0.012051640055186618,0.0,-2.274270504905109
746,8952,0.01928624758113749,0.10124826896518219,0.08470871523366204,0.2345992565021092,-0.012581404141473207,0.052280589203164585,0.17840319966923893,0.7843816200469904,0.0021310953332898453,0.0,-1.7107704069036487,0.031382047989950805,0.14949510246693806,0.6313687465847628,0.22589643964662026,0.0,-0.6271723080358751,0.035480380077955724,0.15348404964462511,0.5555695921850161,0.2520352227568887,0.0,-0.8396725401708813
747,8964,0.021980786790275816,0.12400234568861056,0.028898888744910155,0.1472688165338072,0.16353881385128627,0.06227423335449036,0.1859576473120684,0.8085004524345718,0.15161334421455028,0.0,-1.8331212139339867,0.05036615082237931,0.18963681700874932,0.685335577428359,0.18119199372857625,0.0,-1.2913716102583295,0.05260189786127579,0.18811283186729488,0.5873666724915718,0.04935241019265729,0.0,-1.3930853050513456
748,8976,0.03706584038814838,0.140217942698572,0.2768014409961413,0.42906717194513155,-0.1507828884185431,0.11416320056194502,0.25189878163525514,0.8251001025733101,-0.2965515332561711,0.0,-2.080011119846298,0.04847317991439682,0.175070130745811,0.6690966548439594,0.05971599618511623,0.0,-0.30775882609951255,0.03420982174778699,0.155575714196548,0.5795094370194426,0.16055408056653753,1.0,0.07705258023165129
749,8988,0.09013644632789151,0.25993617829673693,0.07819654786847248,0.24945683296731955,0.1119318928228495,0.20115807282569342,0.40357853529684523,0.7898514506373757,-0.4335061265645712,0.0,-1.2317062744401515,0.11472730226649237,0.30475547173901824,0.6334386734594813,0.05715253854638826,0.0,-0.27281812119756865,0.1242253340420398,0.31521413821821836,0.553059928901056,-0.033618226383730875,0.0,-0.3781920533026375
750,9000,0.04906259173668404,0.17836232204220756,0.04555824212739206,0.17245901459359092,0.09458350986473014,0.04118143944941338,0.17129309871328993,0.7740050401706358,0.17107743259398528,1.0,0.1606346507246973,0.029926968858857123,0.14530090173039154,0.6122185407451275,0.4608517087621786,1.0,0.390024705187338,0.028262888682686938,0.14305459794747646,0.5548296622375484,0.3416838854826314,1.0,0.42394219949952605
751,9012,0.1653642165133634,0.372070544399801,0.12004887018835271,0.32382556169591586,0.5369634304488904,0.17602419757631305,0.3934977543608748,0.5486176543975452,0.04174619995918433,0.0,-0.0644636505267644,0.17045754659385007,0.38546003141962987,0.5202755556684225,0.10367926227356954,0.0,-0.03080067857410418,0.18740255566582728,0.40973266301575767,0.49540266097564584,-0.09698401155427017,0.0,-0.1332715119215826
752,9024,0.0363691605560379,0.15317904432692367,0.0340496608715713,0.14262081670759352,0.1696691149727094,0.02425756857566483,0.12964820210504635,0.5384177240728477,0.38329893416480987,1.0,0.33301818890516954,0.0443376051404983,0.16908603839945682,0.5190390128141388,0.09244073088598832,0.0,-0.21909894159318188,0.04166375602180685,0.16807004416992663,0.48740538302445763,0.07411112603905626,0.0,-0.1455792595930554
753,9036,0.03302753510977152,0.1494966127473405,0.04342301199476057,0.1672274984882948,-0.10330220210697547,0.02506109161819292,0.12836675981997656,0.45446117326829294,0.30174100992804576,1.0,0.24120611680832493,0.02995314041353907,0.13681697164307896,0.4385989332737562,0.21012744568037017,1.0,0.09308580510214526,0.04115547962628651,0.1704728919573312,0.4545243150377238,0.06465958837194434,0.0,-0.24609600714981172
754,9048,0.034873527291120594,0.15580234193572698,0.023189455137876208,0.11581072420781202,0.3171842628020484,0.024003246301905132,0.11816852845692026,0.5974523131126473,0.44184321310493163,1.0,0.31170580763085654,0.02221379033413651,0.11765096554733094,0.5143989646796814,0.3290256489696958,1.0,0.36301853985981714,0.038624876555099184,0.17251220240565593,0.49461560080902434,0.11978982783161554,0.0,-0.10757011278677697
755,9060,0.10243857401005647,0.2808660126977352,0.0899901863247509,0.2587135871104027,0.14478107399436882,0.03328542875398055,0.16044388214715458,0.6697480074370589,0.6257697992779316,1.0,0.6750693859647744,0.013191934728848331,0.09616688024948174,0.5607926056240349,0.7933899284874061,1.0,0.8712210233661271,0.0563072733475321,0.20265562483251723,0.5221358397653495,0.6002088561886334,1.0,0.4503313435229549
756,9072,0.09171916478347504,0.2683453833188932,0.12989985941167956,0.320813084896095,-0.2546868459383419,0.032851984058074254,0.16005509150912514,0.8038091986663615,0.4463976526944188,1.0,0.6418198515476106,0.06190338625139576,0.21534703969299182,0.6349689254161118,0.285992658617449,1.0,0.3250768648239061,0.09740287712871032,0.2804107177593702,0.5766152203881576,0.055978527716364065,0.0,-0.061968644815432405
757,9084,0.022368270746725195,0.13190519165912948,0.02097765433202242,0.12417680805069187,0.23490315615774032,0.012772866687058715,0.08894191879717721,0.77204891901087,0.3463895457484503,1.0,0.4289738875353736,0.01543735443162704,0.09973864348961366,0.6116513011579209,0.23978380221332407,1.0,0.30985481146828786,0.014233059272877999,0.0956872503597932,0.5769892896232159,0.3242901936139179,1.0,0.36369425093078434
758,9096,0.026015492804370977,0.12123030642099325,0.03696607488051518,0.1597411446783136,0.04584194839249545,0.014444023171729528,0.09530034002059957,0.7459823449649021,0.331213825538265,1.0,0.4447914832771215,0.03399599254621808,0.1531833846928039,0.6076901998217803,0.10093545211987394,0.0,-0.30675950680074227,0.01726684068162588,0.1111537256732346,0.562755861692327,0.3079773106989069,1.0,0.33628623484215525
759,9108,0.09287432963287777,0.25818568866162167,0.1504632536018782,0.30557844110305893,-0.14894950301195148,0.042611825854983076,0.1619034121875017,0.7498746417535048,0.35320181817074925,1.0,0.5411883345653956,0.07695383350531719,0.22956411965226242,0.5858639630843111,0.2899036660245157,1.0,0.17141976895545397,0.04816448575946819,0.18548449439897205,0.5575555008456269,0.5254112827315368,1.0,0.48140152451320817
760,9120,0.042766049409530695,0.14773714218963882,0.0768874671542752,0.21507391177401672,-0.1362007168711061,0.014571801340545462,0.09960592075794826,0.7492351664305035,0.5494363027547167,1.0,0.659267069515707,0.0203262307760876,0.11687078167804732,0.5584893779510032,0.3864947498656047,1.0,0.5247110486769029,0.028017502282376313,0.13267487007101356,0.53723306279475,0.6337172913114177,1.0,0.3448657832740466
761,9132,0.03398016630165288,0.13942671216008368,0.11956777192148153,0.28364891382630125,-0.12660374627784257,0.018174646857376908,0.1127973597944052,0.7780046307542984,0.39277117831630926,1.0,0.4651395553501795,0.032844557538525374,0.1541838832126158,0.592423854009831,0.41636720393545607,1.0,0.03341975295371846,0.045710106016939756,0.17998530029686877,0.5521646748688693,0.35021522665672633,0.0,-0.34519959705777836
762,9144,0.07454007722320488,0.21267427237717126,0.07106826809357782,0.2042008399589841,-0.006606210976009797,0.024893146794041473,0.11869928996865294,0.7587831936456704,0.6473385650687128,1.0,0.6660434531144803,0.0430424885893543,0.16799536479811883,0.5677290976641206,0.4713966648044579,1.0,0.4225591092364088,0.02611662453990926,0.13123825145991322,0.549465477087016,0.6126812247962541,1.0,0.6496297627690281
763,9156,0.05157681616268663,0.16604021045772974,0.05244401498105298,0.18233359569140206,0.17724705838161584,0.017452557713942524,0.09860062472480617,0.7557747021318806,0.5519425456610471,1.0,0.6616201035191347,0.03112863525013292,0.14559759297818536,0.581105884401804,0.4103766464989012,1.0,0.3964607052915957,0.044526071531272936,0.17724197046367574,0.5422140859040094,0.5597602332369547,1.0,0.13670375870379092
764,9168,0.06219054243412784,0.18484388721564857,0.04713238761219335,0.15741039250615482,0.29170121125961945,0.029194426330649264,0.132069370536027,0.644291497572828,0.47093305515125083,1.0,0.5305648545906804,0.032631242109672824,0.14100854239407937,0.5137650504371092,0.5116808039878896,1.0,0.47530217887654214,0.028206073939107557,0.1169843070623937,0.5034242268212498,0.5495509754149489,1.0,0.5464571808650263
765,9180,0.06676809904865628,0.22967769202490929,0.05912977807418257,0.213302826617306,-0.042864924389136895,0.03383618819432318,0.14078641011082915,0.7245961792522644,0.7473023329833806,1.0,0.49322822311197523,0.02467038414500608,0.13748566794358638,0.5930372309835814,0.4709293001937292,1.0,0.6305064170386535,0.04142461452287408,0.17972096129052872,0.5369431789423622,0.43941425286250463,1.0,0.37957475032071086
766,9192,0.039943881190941714,0.1525183576038699,0.047158743127699555,0.17395462543317908,-0.06725376792786986,0.06702277631602814,0.20927311466288087,0.7428134546829448,0.2823459416301394,0.0,-0.6779234845918591,0.026248839434320315,0.13176995381855774,0.6293066620560042,0.3478915122795746,1.0,0.342857062165684,0.039439076824573156,0.1715582607658502,0.5792410026957795,0.4328524799839191,1.0,0.012637839672000495
767,9204,0.1138420802667834,0.30127829437067943,0.12399293333647632,0.3179697737550551,0.0041896345801602395,0.03689234110190615,0.14825483742427678,0.7501627123601053,0.8508641815501845,1.0,0.6759340569370242,0.018349077475450393,0.11446478780487397,0.629796608139418,0.6486729745689332,1.0,0.8388199035677298,0.09288971895380592,0.27796954050429074,0.5699785560769505,0.3469274273970452,1.0,0.1840475970210368
768,9216,0.03405841990209947,0.1463749453839927,0.06578495596587719,0.21816035259806307,-0.11938928460433429,0.016246028131532156,0.09784576111233516,0.8022692551827193,0.3624964422264547,1.0,0.5229952482167061,0.017313331403048842,0.10365050647686928,0.657398052499323,0.4588350773274964,1.0,0.491657820509119,0.021719694379331633,0.11334738671124978,0.6249803634787642,0.417583687776305,1.0,0.3622812085303828
769,9228,0.03631880274188714,0.15794208354898698,0.051847081588485645,0.18831777700431931,-0.1059234723041154,0.011706539126846585,0.09149377892893835,0.8194315862473637,0.47402015728503744,1.0,0.6776727688397828,0.022026421847878144,0.11853269559146769,0.6333948677474257,0.37595376052770546,1.0,0.39352566205397876,0.015191630593952787,0.09954591187586569,0.5991954501946564,0.39670107923765935,1.0,0.5817144441154167
770,9240,0.03579281897893662,0.14685282010160314,0.0509402583233575,0.1874650591924273,-0.1766023931564697,0.023142108773579324,0.12538965638928048,0.8230874321991447,0.4450985803374337,1.0,0.35344268951830804,0.02510662208715085,0.13577803970026028,0.647785054288448,0.48602638998663156,1.0,0.2985570065904669,0.021124968432876787,0.11713212637912895,0.6008013041664199,0.37866255582563474,1.0,0.4097986960650286
771,9252,0.04808874433406258,0.1940238255742385,0.07166118524766733,0.21607832723725537,0.24501598636484917,0.03572386337324197,0.1654423736536358,0.8144509670642494,0.3336553354115859,1.0,0.2571263012176891,0.025522727175259625,0.12995453596570475,0.6311788259213836,0.34094003290515473,1.0,0.46925777479323416,0.025719700366107993,0.12896545971998793,0.5882090724389946,0.3562437520119003,1.0,0.4651617395655303
772,9264,0.031471457584481416,0.14454278737858872,0.04396602215309481,0.16364583458251916,-0.10895508387897053,0.011552937223429842,0.091999143764893,0.8319241802443165,0.5794312000488968,1.0,0.6329074625025757,0.04649419325616242,0.17278203487184796,0.6184474640619309,0.20101240076217267,0.0,-0.4773447696648381,0.029459633786195382,0.13372539934045904,0.5343317409592412,0.2843416535869189,1.0,0.06392534546217088
773,9276,0.03993473979138245,0.1569908267401802,0.03516560440392896,0.1530823423504687,0.1894896190494731,0.01046703933467045,0.08487136425160356,0.8529183686420934,0.5761864527498494,1.0,0.7378963932318111,0.058633907073522444,0.19774621496356182,0.5983111217350578,0.1701783044096395,0.0,-0.468243123151014,0.0321552235824614,0.14108066832192753,0.5315007090808967,0.43439418432456733,1.0,0.1948057317904397
774,9288,0.05563133962442868,0.17967788863335485,0.09206923214890138,0.25079261615186016,-0.1829258668527709,0.05570927328980172,0.17508366815118317,0.8419817150277286,0.33755794512199916,0.0,-0.0014008949973014495,0.06501968558259068,0.17932568826759301,0.6163565617382784,0.0656492185743748,0.0,-0.16876001947002228,0.05864571649437181,0.15986573272282992,0.5398111981252434,0.11213652024506413,0.0,-0.0541848693612883
775,9300,0.13647099513404606,0.30520242492111227,0.1871935007255898,0.36394264420284506,-0.06529492024801273,0.09902961984920254,0.26802598608918515,0.890313047688214,0.35752334947761266,1.0,0.2743540870942389,0.055383838121953466,0.1716533729136486,0.6335671486141738,0.4752372522593478,1.0,0.5941713617054398,0.13661530769509742,0.27380760670627935,0.5455219845166396,0.07790407198649676,0.0,-0.001057459578935438
776,9312,0.11791992460889715,0.28427708531164947,0.06549882238312746,0.2133337382278059,0.2068374717798886,0.07139143063046492,0.22147240024801906,0.9061621985419464,0.3719390435619132,1.0,0.39457703295479907,0.0803488916965115,0.21340871630119632,0.7264789256334079,0.2628161307588404,1.0,0.318614797600972,0.09757837173771551,0.22548458284892617,0.5807248612425797,0.12628693014525852,1.0,0.1725031027508548
777,9324,0.15092888855894626,0.33702971252049513,0.05912369775489577,0.20144892753584623,0.38345639553284794,0.11678177363235326,0.28288974346732204,0.9072654187345967,0.2720073653590747,1.0,0.2262463816743514,0.1244272282467949,0.2851054930894188,0.7180695147682685,0.20774955949983415,1.0,0.17559037613797146,0.14671142640568463,0.3057357968717951,0.5674451253419637,-0.002176184936415515,1.0,0.02794337249501755
778,9336,0.15535301268993754,0.3517049719682774,0.09656276738138155,0.2690326253472159,0.2157709175101868,0.21713346768225825,0.42003032297450726,0.9049438318616663,-0.12360383312350502,0.0,-0.3976778687621958,0.16261999610148495,0.3406717847327944,0.7203914981568851,-0.05600722484817579,0.0,-0.04677722874966883,0.13537144604920567,0.31106013172426855,0.5727893782122481,0.057052855364600266,1.0,0.12862040004729247
779,9348,0.15535919424083736,0.3515766463194743,0.13673013480777677,0.3236341718698245,0.16248989319221183,0.15518292810040385,0.33181332674882735,0.9068869509127129,0.09567558257709394,1.0,0.0011345716698315522,0.14596988790309742,0.3204510104802714,0.7044091127533623,0.1463197834414749,1.0,0.0604361163407211,0.09973575933588481,0.26123291635973467,0.5527093854594105,0.31362665015700786,1.0,0.358031175282264
780,9360,0.13651899486687155,0.327380919339062,0.14772795111701087,0.340989918418505,-0.14917233882578915,0.27807042003877663,0.4790686764838645,0.8697399084756136,-0.40048501570932576,0.0,-1.0368624916257327,0.18396671593708058,0.38034533931941467,0.6226139654267837,-0.22260922800178276,0.0,-0.34755398775443935,0.2336345777972714,0.44394434809626365,0.5326855537024412,-0.34221219552079435,0.0,-0.7113704801672727
781,9372,0.12904182187289662,0.3237291534530792,0.11648658896141006,0.2893895652242711,0.057313248772532396,0.15130793262602021,0.33487996350990223,0.8808613946799347,0.029527489088277337,0.0,-0.17254956904634544,0.20197314126907331,0.40552255282843125,0.6296068227287215,-0.16698518594393216,0.0,-0.565175834761636,0.16028679782733216,0.3573992038849725,0.5428162335000423,-0.05662460117897067,0.0,-0.242130617042986
782,9384,0.022075179646926093,0.09422059744578302,0.04229423669103719,0.17144570622111766,-0.11314999041898595,0.24048711832459144,0.41842508805650186,0.8373465052404047,-0.3647320627788192,0.0,-9.894005039640916,0.12408228600622613,0.28424435745175985,0.5985498141853174,-0.32640167100365386,0.0,-4.620895865438823,0.18267757917648186,0.3462672526973097,0.5339779143910885,-0.3783436830993227,0.0,-7.2752476808006055
783,9396,0.025980709736115794,0.1055584492795583,0.03709798361015094,0.14222629165919062,-0.055480633680826966,0.149833433025124,0.32812756363847645,0.8710060238864441,-0.23959497885536676,0.0,-4.767103152568634,0.22087537083129838,0.40509335731118323,0.6108292569239213,-0.31528918429879627,0.0,-7.501514126238801,0.2820433216392093,0.4665009089270437,0.5420317746611488,-0.3403481363114832,0.0,-9.855874396962328
784,9408,0.038184363788520324,0.14229522056626362,0.10033952540969655,0.2531659990294581,-0.21578859839317813,0.12523559753179012,0.30390415284290734,0.8627344979412246,-0.05293250617630142,0.0,-2.2797612715349396,0.20452991650492378,0.3910977979099563,0.5715120867291181,-0.06864568267509992,0.0,-4.3563787951971396,0.14948071105203162,0.3214630986557218,0.5398272413907214,0.025138526300254697,0.0,-2.914710007476181
785,9420,0.0563626936822873,0.18303905736957074,0.050646457360503716,0.18729947229228086,0.05979837097979006,0.036915458974067866,0.1484965232569705,0.859763426138189,0.38614825290708027,1.0,0.345037354279804,0.08043295096824007,0.2139347551253098,0.5860698914790641,0.27470331162720185,0.0,-0.4270600944240739,0.057451216574387676,0.17501588380762512,0.5533154078177682,0.40234889139380847,0.0,-0.019312825931214528
786,9432,0.11765304596440122,0.2734081131996106,0.03411180329730708,0.14686940871459883,0.5936555064353566,0.06617550871873897,0.19938526174595037,0.8155447970037534,0.4806193305237846,1.0,0.43753680003523265,0.07042232506135916,0.2150987654295579,0.560452228111987,0.38834365149383226,1.0,0.40144069807876337,0.06511233119453935,0.19403172617033196,0.5371239989090604,0.7171644700922757,1.0,0.4465733491146445
787,9444,0.12329160051598127,0.2946739516714179,0.15080146890843285,0.30507215955067807,-0.02078734966653344,0.09925586573020621,0.25673650879709203,0.8009777628947408,0.1920289102710496,1.0,0.19495030225241905,0.11179952473956874,0.2887635665734472,0.5572587954712457,0.15939061642963356,1.0,0.09321053282070835,0.05259123768943569,0.20422443292377523,0.5430737306635006,0.6155538988470584,1.0,0.5734402224536073
788,9456,0.26900149891280956,0.466948407677199,0.2611336779896157,0.45986567000786244,-0.001664153657627665,0.14096173639580867,0.34123438413964774,0.6971904458203173,0.7991390669566337,1.0,0.4759815950263605,0.05989019295215827,0.20910472673659877,0.5289033334113202,0.8355765086123446,1.0,0.7773611180822072,0.058174220511962305,0.21239199901045172,0.5188504145515979,0.8376652430793581,1.0,0.7837401622404413
789,9468,0.1256040529789849,0.30493906716070346,0.12523640546642442,0.30532590506836016,0.016765455023799135,0.0693957311674021,0.2256370156267904,0.5941929366567956,0.6946069120287339,1.0,0.4475040452793919,0.03820388894570711,0.16558766422563861,0.49053000315243944,0.7436374636247546,1.0,0.695838724630175,0.0327394890925278,0.15314589171280232,0.4984477971730965,0.7828369903229333,1.0,0.7393436890288443
790,9480,0.1861614923963002,0.3931593571524739,0.21697355417467076,0.43229480298534223,-0.08008378357145722,0.20211289311633784,0.40286597848308786,0.5958008637719748,0.13818158862927196,0.0,-0.08568582317808415,0.11008489956406915,0.29467306472860866,0.49346234239303566,0.7604203963006453,1.0,0.40865912629384893,0.08567659679498736,0.25676663340738887,0.4838110035915852,0.8459634540832516,1.0,0.5397727226391202
791,9492,0.057626775878856874,0.1767889122542553,0.06591814893181207,0.1811820366150886,-0.10498477051051498,0.12520700827394968,0.2937348787081346,0.578866497492584,-0.2973983803282434,0.0,-1.1727227727811824,0.05546375086475638,0.1661538897248827,0.4461989981817743,0.09594357412009548,1.0,0.037535069090931183,0.05929260450097351,0.1701413313470839,0.4625442004750169,0.16533273847968194,0.0,-0.028907198029238135
792,9504,0.10984353004965468,0.26869379894677275,0.17799797624980798,0.3659236438339537,-0.10600661484422162,0.1309499677578004,0.3252046259634973,0.6798766693327382,-0.05569119711060154,0.0,-0.19215003103600714,0.12357872619851862,0.27896857154013216,0.5727581424438897,0.013756428900437573,0.0,-0.12504328787189345,0.11539776315052531,0.277187652116724,0.5510622249142794,0.09449400063023398,0.0,-0.050564954516300054
793,9516,0.19616242910773118,0.3147740152946566,0.23656929300562649,0.357004923361335,-0.10788645529057528,0.10779643119676414,0.22548868343834982,0.7645124943070224,0.09214909957880041,1.0,0.45047361165392674,0.20907243828845878,0.3293583961683914,0.632186679152645,0.022741255483395607,0.0,-0.06581285335550935,0.1919970217365595,0.30993585721975586,0.5997236686321787,0.16326352866194976,1.0,0.02123448098659131
794,9528,0.1778677145588902,0.33809675676144596,0.43254640099318004,0.5340050970508446,-0.13147677371460847,0.1738104876123128,0.3217242941920731,0.8229137335895238,0.08942338884509365,1.0,0.02281036194027275,0.18369158006490113,0.33985973233892963,0.6869576910257996,-0.008745215520685346,0.0,-0.03274267913350126,0.15601728558768968,0.3161104834462523,0.638621008271595,0.17856193717668384,1.0,0.12284651559946846
795,9540,0.2613392546712204,0.4130970323582051,0.5688033982036536,0.6102548248080107,-0.5632571359972005,0.20361715775387426,0.3475830263182546,0.8306807053941642,0.3578050686309606,1.0,0.22087036633652224,0.18902669176269513,0.3500337184875864,0.7002863557524958,0.29025114967790155,1.0,0.2766999661015279,0.2040237148170724,0.36917584189021474,0.6283304359464128,0.18727841502189005,1.0,0.21931469853717223
796,9552,0.28511469911868903,0.44280840983297526,0.15949273536786132,0.31118115519109013,0.18244686055660275,0.2836120559730945,0.4157775669625387,0.8726899948747118,0.026592926871031895,1.0,0.005270311037064324,0.41037220863377327,0.5538625415220518,0.7055966141880222,-0.21975280725013172,0.0,-0.4393232264147189,0.2260617084766278,0.3842743876845849,0.638540959822537,0.1580065124119957,1.0,0.2071201198135293
797,9564,0.42493844679095666,0.5884478159250479,0.5857912371760269,0.7002707554451671,-0.28365577793838603,0.24784077297156584,0.4127867299322984,0.8721359836523168,0.6590984519116291,1.0,0.41676076889910574,0.4760994200710791,0.6318499572078237,0.7079837746571045,0.05798811820111022,0.0,-0.12039619777047483,0.47123060396832034,0.6353290990983049,0.6237605826908362,0.048032936889773836,0.0,-0.10893850045095244
798,9576,0.07131290756157575,0.20338312798281885,0.07573210442222354,0.21973760568864306,0.10829261341310395,0.07869238402999089,0.21449052639359026,0.8383617956779907,0.045256962719695315,0.0,-0.10348023549654406,0.08610069893593031,0.20147001342444368,0.695443069942042,0.04709797029695678,0.0,-0.207364863949572,0.08962680002844915,0.22854058322791246,0.6423542241958804,0.1152997719847346,0.0,-0.2568103460241067
799,9588,0.3342993660779017,0.5301432085712817,0.2698895456838957,0.46514379133456357,0.22109457501571445,0.12209411317106632,0.32282197690031306,0.7167660052630919,0.5838774720268172,1.0,0.6347761151822982,0.10594170521716868,0.2931357486978036,0.6012543394179727,0.6722880221757154,1.0,0.6830933110639489,0.10634048089427771,0.29355736741440425,0.5755901400846178,0.6722880221757153,1.0,0.6819004410869951
800,9600,0.08422021591044977,0.2343840256411387,0.17328442801327348,0.36721530080672027,0.05407652095580824,0.10481646583476405,0.22450804869008256,0.8576008695767372,0.4731884801471476,0.0,-0.24455232869758947,0.18759296462814623,0.31289831860549,0.6187196179553938,0.40292361868316756,0.0,-1.2274101603777807,0.18461831235753487,0.2968239398517658,0.5865525043682938,0.23717635620951455,0.0,-1.192090228714648
801,9612,0.06681701823403162,0.20035231126861439,0.2553766433497134,0.41421964127226113,-0.09740031598768183,0.2118978820069206,0.32990551118381084,0.8623473651634843,0.05980958295615296,0.0,-2.171316045034102,0.15486359721517604,0.2906064988146033,0.6460794611409862,0.14121431688414607,0.0,-1.3177268502577393,0.179436460440929,0.27501072139905247,0.5999149187878268,0.00702328262326708,0.0,-1.6854903912718666
802,9624,0.07497291855383345,0.21383784313239543,0.10456706650024757,0.24626862792938886,0.2271747971479186,0.13796092381709998,0.2755191618559146,0.8514277927423191,0.15136360274747052,0.0,-0.8401434341660143,0.1280138315212657,0.2637385751750896,0.6425722634074654,0.19047121462949246,0.0,-0.7074676295194087,0.14765585362198788,0.2708077672730059,0.581246924274488,0.08397869720825617,0.0,-0.9694558577970427
803,9636,0.09896380890747657,0.2512965556675529,0.14007218239076222,0.3210019535960275,-0.12085550847445711,0.17118793001711194,0.3337212601718753,0.8577605202734923,-0.33012128758714876,0.0,-0.7298033685946677,0.2330337515348174,0.4036016065733459,0.6348822347513536,-0.3078301064995902,0.0,-1.3547370913409948,0.22380164013423556,0.37452646470758366,0.5692022688305738,-0.3913059983011903,0.0,-1.2614493379440623
804,9648,0.11068120195066167,0.27296198457106025,0.0939761277695544,0.21314046439316647,0.11985693928302776,0.07817894677806776,0.22705999872576943,0.8125178269987654,0.05199793233208634,1.0,0.2936565071554105,0.2021346563305159,0.37110257000178937,0.6110367472518712,-0.3359772930553267,0.0,-0.8262781101764816,0.24331978371133642,0.39350652437617234,0.5596463728879203,-0.31339652489104014,0.0,-1.1983840021885652
805,9660,0.196081204628353,0.39776008265370866,0.21163993133577483,0.4039320523545384,-0.17826979564486917,0.18029986578071008,0.3210384801542687,0.791197643384401,0.17388657253279036,1.0,0.08048368979349363,0.23429341074837837,0.40865545797156466,0.6033801688679545,-0.12048184217351554,0.0,-0.19487949491360856,0.16169152500543235,0.2927339036078219,0.5568607023046489,0.29794178777476893,1.0,0.17538488550242182
806,9672,0.08743341305183279,0.24555502132988546,0.0958068276175325,0.25525678592711765,-0.16871706627671748,0.08866703794385994,0.20886855663154805,0.7928484261243424,0.0732229569837299,0.0,-0.014109307288459938,0.1305766736623555,0.29779132794662405,0.6614587315105043,-0.14558839557507586,0.0,-0.49344134129759154,0.14782687914819287,0.3076733823010635,0.6133693527154188,-0.18380867604516754,0.0,-0.6907366873641003
807,9684,0.3085293846852685,0.5234707587381389,0.22564170716443263,0.41416423157317234,0.16783890506050034,0.29669162940382293,0.5049140740322365,0.7599635239203225,-0.00042413793723166114,1.0,0.0383683236315443,0.2489467342449058,0.4641035611673678,0.6624063193234772,0.28798322269519144,1.0,0.19311823572702203,0.19991099504686174,0.41242171505017994,0.601923416157948,0.3043555039792567,1.0,0.35205200875504494
808,9696,0.03236630086139216,0.12641677838900958,0.06302506060615279,0.19311937733878073,0.07058223419999296,0.0737196105104767,0.20300296590873845,0.7374181992598168,0.11118031236943196,0.0,-1.2776656135707012,0.10575514177350882,0.25421755271742835,0.5953976013868025,0.07367639387068374,0.0,-2.267446046009473,0.0823666697341654,0.22841782822518175,0.5453510986660642,0.050481917006012324,0.0,-1.5448280323073842
809,9708,0.0719404106725643,0.24155133448485933,0.21462467373847116,0.40601331725149875,-0.19479326701123395,0.03778649478325225,0.15767074917115959,0.7542944621503033,0.5057715697080976,1.0,0.474752862403901,0.042178683175312155,0.1587494703565319,0.5991417076789783,0.4440171569225996,1.0,0.4136997164599491,0.04444610400475724,0.1537434970544359,0.5527905506960613,0.450852086396101,1.0,0.38218167523322855
810,9720,0.04353237867951067,0.15379313222973529,0.05564738333621989,0.18103710763354544,0.16758396320073138,0.05237255326781215,0.162621290477938,0.7864199529872378,0.19019249325188703,0.0,-0.20307125078975452,0.05631162688333049,0.1815447691589338,0.6456076956357263,0.33842330147856126,0.0,-0.29355731507119787,0.10524375256631764,0.2605298249145991,0.5781171983973887,0.38599802197728916,0.0,-1.417597102633231
811,9732,0.04535378425074491,0.15611224547090954,0.14121828252997096,0.2997528702122056,-0.19702420230444279,0.055380759050455246,0.18213224902851696,0.8138190968143851,-0.06663804926372843,0.0,-0.2210835317351858,0.07066352141039178,0.2032066697323381,0.6507976733574095,-0.039426917321612416,0.0,-0.5580512757153484,0.07172692699627155,0.20423654814927042,0.5791835591554146,0.04975583951037309,0.0,-0.5814981744349914
812,9744,0.07112261948292747,0.21248479612878643,0.05831981279416354,0.18095738212355417,0.39153027403964097,0.07217882049133735,0.20970461663442172,0.7122342646420398,0.22147055675138488,0.0,-0.014850423340543761,0.03121331966857895,0.13528308639668488,0.5710976946559055,0.5678775776487739,1.0,0.5611337167344981,0.12796339170910817,0.307359678290469,0.5349087159978364,0.7122382078545665,0.0,-0.7991940206845862
813,9756,0.06190503408404518,0.2069577278679731,0.10811676416401729,0.26559063912981923,-0.04789972182188833,0.09371285436330194,0.25141054592388484,0.6590782270928426,0.00898458457865251,0.0,-0.5138163761621224,0.039420389021491926,0.16182226281141565,0.5151928746409821,0.38051560055502487,1.0,0.3632119002152078,0.037157787397504215,0.13876295772229189,0.5008814501163056,0.36168577669809243,1.0,0.3997614580575618
814,9768,0.06796306207852815,0.19827501391483235,0.07056928313592202,0.19194872991045678,0.17362359609040562,0.163154250686961,0.31789469086938804,0.5616185794518902,-0.11157969715613328,0.0,-1.4006312502288942,0.11255930549941122,0.27568458856750827,0.5259050787710707,-0.19807723661992754,0.0,-0.656183551137737,0.06937067524441602,0.21314450708356256,0.49535615536098165,0.10627968283761495,0.0,-0.020711444170385507
815,9780,0.11898153892098788,0.29349454413744286,0.0958803858168642,0.23329410484733426,0.12377749297611165,0.07579222272412366,0.21690586548744192,0.5146286201889863,0.19163930488652967,1.0,0.3629917429925408,0.10635769350412638,0.2665996285377203,0.4940264399805595,0.11839524548883776,1.0,0.10609919430647663,0.09109365276853164,0.25056536822289716,0.49316306536715837,0.2524672950576208,1.0,0.23438834633813033
816,9792,0.10921347943335276,0.27828246563093356,0.13413408919707773,0.3051716648694786,-0.056059542263432904,0.06851806282877078,0.19397596492847802,0.49404671674331907,0.22454838390323126,1.0,0.3726226544170882,0.16876231429322996,0.35717878190423463,0.48155186132996725,-0.08030289651429628,0.0,-0.5452516957507678,0.11901317752922526,0.3010409300359258,0.4639029792615251,0.05052975995161835,0.0,-0.08972974898993802
817,9804,0.10189241179303021,0.21775185823675178,0.05910037543669939,0.18927297019050862,0.230204400395046,0.11705586202593458,0.291713715469677,0.5397037312744078,0.2601524760730031,0.0,-0.14881824824899859,0.08319414449944834,0.2293869253267223,0.49574297199659156,0.24380851295472966,1.0,0.18350990976210158,0.06937651711878372,0.16516464577753856,0.4717737289296993,0.17224218499724117,1.0,0.3191198844158746
818,9816,0.0864339971889753,0.2264039660371251,0.05680680215160435,0.18727467357213975,0.26881880105126,0.11634045171574366,0.30575003750040786,0.6301938318759148,0.15371655962445502,0.0,-0.3460033725084153,0.07655735894836556,0.1924171381509048,0.5551823943432364,0.18048753406569412,1.0,0.11426797975125369,0.07168708835283023,0.17704379058066766,0.5097087257543256,0.33056514889610594,1.0,0.17061468074770525
819,9828,0.13426542645880543,0.27037612948509887,0.19020568532170304,0.3164981315519719,-0.1874189430258965,0.10267658008377505,0.2726385183242533,0.6378524460735879,0.5915548320954205,1.0,0.23527163476237345,0.06469464920277958,0.1643642141871597,0.5887213519402407,0.4237027217868573,1.0,0.518158539327108,0.061566774375019395,0.17278872450903807,0.5297408917641258,0.42245301780510125,1.0,0.5414547437950531
820,9840,0.10440427576323774,0.22959602040693908,0.06311941596895888,0.1884595067632958,0.34666185482676015,0.10393461574865097,0.2619510670928097,0.770523299399541,0.45952388083435736,1.0,0.004498474905873073,0.06582044591873731,0.1787942299088663,0.6431524517345011,0.3976971146941771,1.0,0.3695617785999369,0.06172567926491237,0.1579481879753933,0.568703784562531,0.32999959788955424,1.0,0.4087820751241026
821,9852,0.13716196795235916,0.28243252982246303,0.2316556958173703,0.4111145429575949,-0.031926032473602706,0.05250545790748987,0.14626304186773995,0.7345376002764443,0.4597722019146152,1.0,0.6172010456591965,0.10199097720037391,0.2182843940636594,0.6198214617270557,0.267696951677845,1.0,0.25641940894433135,0.08110103230275083,0.18249925905701334,0.5644603550523584,0.5453027516375952,1.0,0.40872070069073474
822,9864,0.19015253246153355,0.3819622349466469,0.1215810834861838,0.2830090616589597,0.21657507307032375,0.04517284879744432,0.1671530477165841,0.6917612117298411,0.578640256748972,1.0,0.7624388788690866,0.06609253516110254,0.20855016699067744,0.5799904816158115,0.5486130682532802,1.0,0.6524235869723556,0.09826420901116224,0.28062702856820293,0.5332437624743409,0.4243610132389442,1.0,0.48323481292030457
823,9876,0.05694859788221255,0.19231092460764346,0.12202958646422707,0.2649562415084013,0.09970809692299927,0.10421675590675934,0.2704828335587654,0.781640266112135,0.11887629575839079,0.0,-0.8300144302465897,0.02763198435293183,0.14163901021044303,0.6153137903716782,0.5495473037780696,1.0,0.5147907871220396,0.03835274590715287,0.1650775216280271,0.5683901226920628,0.5320767146276225,1.0,0.326537485848584
824,9888,0.12407746868941116,0.29646180588501303,0.05693414665779863,0.1989233162761431,0.12170533701668029,0.05604235775860991,0.1726980063139514,0.7823757298213537,0.5629017520797555,1.0,0.5483276830953547,0.05321790109897082,0.17424529473109798,0.5568042182254394,0.5006908267168901,1.0,0.5710913378464783,0.020926510161807785,0.11985154766762496,0.5539913397683769,0.6578036952137726,1.0,0.8313431891958507
825,9900,0.046609759390800365,0.18023867017055928,0.12154387341798917,0.3018526512917556,-0.11739431419212414,0.05462889245457359,0.1946711528878208,0.7723232277153997,0.32622629709511825,0.0,-0.1720483685945826,0.026025594602171395,0.13905013249684342,0.5673297485702653,0.4830351315562794,1.0,0.4416277847744433,0.03857209135446398,0.16312457345582254,0.567256719925858,0.4436329736911688,1.0,0.17244603150478444
826,9912,0.09368033766864774,0.2628557824798153,0.05758899054208091,0.21084464397306216,0.23736204902755986,0.09342566586443456,0.25208319817627767,0.7728698559307693,0.33021595348237615,1.0,0.002718519281110665,0.07092745771978377,0.21981504381738573,0.5504376413794413,0.2526198617633285,1.0,0.24287786012623147,0.0610454826099065,0.1886709540060596,0.5510765855172532,0.4308357098606101,1.0,0.3483639776595643
827,9924,0.08679768494010927,0.26026538388709203,0.17264879116132148,0.36442777407502075,-0.15058714821665653,0.11428092010001795,0.2759642194054254,0.7748133324671904,0.14998707276133422,0.0,-0.3166355782285233,0.2417166314733169,0.4112979719662057,0.5515092081473902,-0.19468163257333196,0.0,-1.784828093515424,0.208691864376373,0.40169195112744266,0.5493346621251417,0.154198055387828,0.0,-1.4043482786478831
828,9936,0.08755849380997116,0.2671920416786063,0.15297640253179623,0.2997439781115576,0.011509226644752017,0.08021316955187278,0.23916063525883066,0.7367648995209659,0.22105344173285352,1.0,0.08389048210491135,0.05485776237247702,0.19033304239252727,0.5618825004865219,0.2832476120514114,1.0,0.3734729780581285,0.07035223787552941,0.1981154631634409,0.5402628648909459,0.33115221491013136,1.0,0.1965115568546053
829,9948,0.15808189593604316,0.30767705340266044,0.17430246979061406,0.3543861607519296,-0.1402236191159767,0.18479223056150218,0.37534606102460616,0.7551051827219604,0.7491284285618578,0.0,-0.1689651712949185,0.13885522921405494,0.3386994251437454,0.6108804799568675,0.1990332258827599,1.0,0.12162472247781586,0.05500903115471024,0.1971809050626704,0.5765998859217868,0.5283872031535817,1.0,0.6520219419878048
830,9960,0.13615026377236786,0.2933912624451392,0.1757260340445218,0.3626611715070571,-0.10687198277000946,0.07510459347277115,0.23573521732506308,0.8632061530744636,0.16025156475646624,1.0,0.44836982763147704,0.11730006257561482,0.28942589356050935,0.6918887203862754,0.20976555169528405,1.0,0.13845144823420275,0.05659072313016703,0.19348543743053315,0.6435675387888262,0.5036611274673624,1.0,0.5843509842567614
831,9972,0.13940305851689275,0.3081629401511367,0.2307707624310592,0.38909470136891433,-0.25639479667257237,0.10617038079345718,0.2798662949683301,0.8491280766571421,0.5492525997405459,1.0,0.23839274458535964,0.07853645815133158,0.23548129589024347,0.6935902229840876,0.47306561644126477,1.0,0.4366231344786844,0.06731539828540528,0.2148737499463067,0.6324005568182572,0.5316373741778573,1.0,0.5171167763349463
832,9984,0.14200378797968238,0.31303840545473766,0.1686118340561138,0.3452084310638423,0.05026241873157429,0.13353277887187223,0.30627713600370554,0.8749633987029819,0.1314037002555159,1.0,0.05965340240798478,0.11460057306285014,0.27920045712267866,0.7274047680389852,0.18095608001596558,1.0,0.19297523894752044,0.15055503470980092,0.32807819127866905,0.6674472255810755,0.10684293885930048,0.0,-0.06021844101329199
833,9996,0.32283776372007583,0.5050576622601982,0.3288056391343361,0.49621790855671266,-0.147722158083319,0.1351917399124399,0.31439215271687476,0.8595294825964495,0.7647832502365373,1.0,0.5812393867600287,0.2573148284048297,0.4460408476737481,0.7040925920324489,0.3827029921305103,1.0,0.20295932718719778,0.21718406506981655,0.4074826572106042,0.6221422519894986,0.49899866874923315,1.0,0.32726561302124757
834,10008,0.0963421198017585,0.23412634591098144,0.13986024492105345,0.27904504936326896,-0.07547627815382923,0.05943489756368963,0.20726939654564047,0.818264946346997,0.3373099059022733,1.0,0.38308501322175825,0.09560942352118973,0.2548221391613099,0.6373663834837822,0.291359636234381,1.0,0.0076051500846817666,0.0540182734205737,0.19824779031081918,0.5590479337653085,0.4939498552378567,1.0,0.4393078174766534
835,10020,0.11131570180019106,0.26375821797150534,0.060390881593506716,0.19270407851207758,0.35776946619168265,0.06728340194964111,0.22151726742982328,0.8634216649312967,0.2548033677964946,1.0,0.39556234330343476,0.056911911812328166,0.19971172906410395,0.6782352759594795,0.4853368530437406,1.0,0.4887341956978931,0.09095166966183828,0.24867020625484582,0.589170003906122,0.5505258285503987,1.0,0.18293943989057104
836,10032,0.17829486875310765,0.32053827690917774,0.17306641585514448,0.36838202175455265,0.18136883263251322,0.16027372399077067,0.3457775836190022,0.8845578899890251,0.4006414250159212,1.0,0.10107494897843428,0.1392663578272352,0.3300311896877923,0.6964783372228844,0.42795324054254136,1.0,0.21889867722394674,0.09778186791467276,0.26266882701524674,0.6009522706696693,0.4039844265670653,1.0,0.4515721703125658
837,10044,0.16609649519687505,0.3557369168921694,0.1260761255473301,0.29279912612632414,0.34165295441687227,0.3862763189238099,0.525067222957088,0.9205577425871411,-0.616389204454992,0.0,-1.3256139057356662,0.20788256360823462,0.3895634723087451,0.703464184997158,0.027436465244548902,0.0,-0.2515770628503047,0.1824441917739131,0.35212599871741035,0.6046267654518163,0.05522960137863594,0.0,-0.09842288699506296
838,10056,0.21680525423994976,0.4168066676026472,0.20607931940303748,0.40692077411388555,-0.05582535109661616,0.3376410651801258,0.5090444353485086,0.8377075984526637,-0.38056352333934274,0.0,-0.5573472440222353,0.25002015096513874,0.44354414587904456,0.6553031011940315,-0.12912601802110937,0.0,-0.1532015302933032,0.18669812684012807,0.3863011945190635,0.5889840682046144,0.06895575865476002,1.0,0.1388671483325794
839,10068,0.5808899970643147,0.7074815988064268,0.28784146037283626,0.46473645557784177,-0.0035391788570910965,0.8281055321755626,0.8394443827558057,0.8287878299323392,-0.32390087945013324,0.0,-0.4255806372301447,0.5386374613120869,0.6747811713429733,0.6357961199631934,0.029207486612313004,1.0,0.07273758537031527,0.3016661670850036,0.5013433599448355,0.5585821651320354,0.3692656687532145,1.0,0.48068279948087334
840,10080,0.45412266293575004,0.6445398659344238,0.4885613165203499,0.6596875225171598,0.0794975633889615,0.5131421837370121,0.6795680521128876,0.8100337318599955,-0.14860430386053156,0.0,-0.1299638305204167,0.5436423162221643,0.6972281968400628,0.6407984783759824,-0.23956940926545567,0.0,-0.19712659286303813,0.2928810544056526,0.5093984145840394,0.5224767580198739,0.2888459506832496,1.0,0.3550617964928787
841,10092,0.09205393689493939,0.2724977149335615,0.14919958693608515,0.3383665303595653,-0.08263564568180777,0.05834946117673939,0.1890681965831261,0.8064086207299661,0.2287559869625923,1.0,0.3661383407932538,0.11219788708119112,0.30975836389813094,0.6206991988368732,0.08182730905996971,0.0,-0.2188276880459974,0.11373291673073171,0.31539973756262135,0.5351242592813313,0.05565005130844054,0.0,-0.23550301667743345
842,10104,0.025538918702505926,0.12406474069158173,0.23438608947265374,0.4120915523516815,-0.4131028180550797,0.10003180756954826,0.25081429883629364,0.7984087055333752,-0.1746462562660287,0.0,-2.9168380123992073,0.07993166321612905,0.2322733747140988,0.6332298455126077,-0.06600338110038746,0.0,-2.1297982560352486,0.06899338003996801,0.21289964793572871,0.5606817256120787,0.1014746548615237,0.0,-1.7014996540632024
843,10116,0.025820033548883032,0.12822055436236093,0.07438395232127724,0.20667393157065703,-0.25322945561956056,0.07488583685971871,0.22814436080445447,0.8457216289227011,0.053483876290768326,0.0,-1.9002997504996757,0.2264288722904142,0.44970938114439796,0.6607642453994554,-0.3431814711028922,0.0,-7.769503411439581,0.20770556833003853,0.43315694437430413,0.5722092566389755,-0.3511087792460926,0.0,-7.044357027530811
844,10128,0.017817773802258772,0.08583299870899734,0.052867121227844927,0.1852840902539804,0.13411929253539995,0.2385695387095835,0.4396777391790521,0.8689043443727357,0.06869613755170817,0.0,-12.38941336651944,0.12134516018027375,0.29375936887855963,0.7067504262474367,0.07065673269725867,0.0,-5.810343510191533,0.07134547607801527,0.2381594044844124,0.6051059950755953,0.15330512773923685,0.0,-3.0041745321163944
845,10140,0.02189854906460535,0.10348567540516714,0.18385687547132312,0.3428709843473561,-0.14077626100701823,0.07897930694299189,0.219804676788195,0.9093082813726797,0.07816084622248028,0.0,-2.6065999948209466,0.04792835365208887,0.17409852097968193,0.7069564310208019,0.15295365007346354,0.0,-1.1886543035655053,0.02564181982048486,0.13194880207688567,0.6282606340415764,0.2192654423472494,0.0,-0.17093693033433732
846,10152,0.06056083970374045,0.17271261319948725,0.14515419857929082,0.33191133719378146,-0.03484364068627739,0.07213669859209432,0.21289424501554466,0.8736439722138561,0.3271539380111591,0.0,-0.19114429299498137,0.062082351576226456,0.2135520562991825,0.6701435790240302,0.2879793379739427,0.0,-0.02512369181023799,0.08220092423036739,0.24577949601847723,0.5997165868945167,0.41994876491698774,0.0,-0.3573280131598038
847,10164,0.07850269992211717,0.2013194622318825,0.1522466735243073,0.3444893675632364,0.16093320695233415,0.09471662553319343,0.24382620537581653,0.8621037182673807,0.19926224428654807,0.0,-0.20653971936203663,0.08871671922444536,0.23976730628041368,0.642848666086941,0.051588437326031855,0.0,-0.13011042056466282,0.051228963654667746,0.18732364422773964,0.5892916310274409,0.2811681491944622,1.0,0.3474241815186968
848,10176,0.09931359475332646,0.24386932186302848,0.1085643380371966,0.27112034873357926,-0.024606021898836393,0.09769383735315872,0.24216454807332377,0.8064369984447055,0.20002064227752353,1.0,0.016309523426182193,0.12078456936117117,0.2720344508088679,0.5970318508492032,-0.10008575231929837,0.0,-0.21619371105410057,0.05509799833208898,0.1955591808577237,0.562119115205631,0.44692332119967054,1.0,0.44521192220520756
849,10188,0.15249865126916906,0.31205872060505385,0.2688042577174183,0.4153783272856219,-0.20910884247939854,0.18586533336519115,0.3484950566705692,0.7843621691515884,0.059004597030290186,0.0,-0.21879985047951633,0.2231208258491333,0.3859360655275496,0.5413165826871216,-0.06351722655335774,0.0,-0.46310032247637345,0.15511674793668573,0.31517835660824184,0.5450185975734264,0.10942249972977085,0.0,-0.017167998836236098
850,10200,0.21447865063043547,0.393977730732429,0.30558031256861307,0.47387371549074553,-0.24931348650714819,0.27949766189747505,0.45453358430216045,0.6913751898332048,-0.04293815579064606,0.0,-0.30314910633726777,0.23053965605025914,0.4118651799259747,0.5132133807013777,0.22106198933979967,0.0,-0.07488393540622429,0.19553699541705064,0.376656147831718,0.5037468784008607,0.24089116760393808,1.0,0.08831487496638013
851,10212,0.5146419507748324,0.6685709619730836,0.617024399769769,0.7402757153311805,0.03033713130262613,0.5807780662966704,0.7062607986248687,0.6835485748490047,-0.17414669580214287,0.0,-0.12850898653377363,0.6565562091131089,0.7421652751347879,0.5066715203681367,-0.1245280087732286,0.0,-0.275753381792164,0.6653772908428289,0.7628168810001851,0.5117125413198805,-0.4577273673568724,0.0,-0.2928936124252075
852,10224,0.939272350705084,0.9483722352013461,0.8429317245005041,0.8953091908858622,0.03025415504654405,0.7625977574814208,0.8545701585347066,0.6396719388002068,0.4414622452204888,1.0,0.18809730009729209,0.6578439829646349,0.7919792835200252,0.4887045433285815,0.5081716021305874,1.0,0.2996238178726215,0.8312265887844891,0.89004798901964,0.49597163829561824,0.24099394659515946,1.0,0.1150313451039926
853,10236,0.044894210951639514,0.1836134152990314,0.10154241748390487,0.2719327674708873,-0.1362151939799599,0.08114327683278104,0.2578327142826034,0.5691008636429726,-0.06625942341614979,0.0,-0.807432965470523,0.19896800631458303,0.41505777764321633,0.505792069826158,-0.5123205224939107,0.0,-3.4319301330167784,0.18790481393133715,0.4094133013032488,0.5211951833626478,-0.4915310042640334,0.0,-3.1855020936608076
854,10248,0.018290096982008206,0.10764485746319656,0.018238284566268827,0.10598584037117591,0.22137164890682967,0.05250536515470399,0.19410954764206767,0.7398250986899335,0.034963489518416394,0.0,-1.8706991114564904,0.39570705085793034,0.541525088193171,0.616684350662734,-0.1220875850348627,0.0,-20.63504388452306,0.08409975233120244,0.243856460070084,0.5842638687138529,-0.01561419273341691,0.0,-3.5981031382135678
855,10260,0.018633986839981007,0.11019666601886159,0.047642150605615614,0.17294946228187272,-0.14958654908208607,0.08004946096066662,0.23826826706263896,0.812988867411689,0.26637816396553454,0.0,-3.2958848070512117,0.11086619776835809,0.28718100989813206,0.6692053403867142,0.24028090300066549,0.0,-4.949676723527786,0.029586875964152413,0.1370247596206494,0.6210435766653482,0.2558739489309465,0.0,-0.5877909659499669
856,10272,0.06185264142661728,0.2151194270643203,0.09833864344163107,0.2733045798329345,-0.07153739249984858,0.11414046457929221,0.3145673061827743,0.8490096174120799,-0.011002540473014166,0.0,-0.8453611995650958,0.053645835970576115,0.19548014395709648,0.7123875845469485,0.2018787210310325,1.0,0.13268318485278952,0.06808492355852674,0.23030735436281566,0.6624035843339238,0.03573266423015873,0.0,-0.10076016137974508
857,10284,0.03141214939571987,0.14717861562612602,0.042198368285428035,0.1680648090943613,0.040354867327496845,0.03290358505656921,0.14038181343317366,0.8551993464191814,0.15253962959002781,0.0,-0.04747958002047947,0.037312752689966616,0.14036235959829535,0.7103403614939362,0.3162059734686738,0.0,-0.18784462087942155,0.0208663629569374,0.10204180931300506,0.657379623084609,0.3932371492702735,1.0,0.33572317213731984
858,10296,0.04005013397145498,0.15898756318314874,0.15210715626012228,0.3249368483053822,-0.16563486059523924,0.04323142199012689,0.17131468760230115,0.8397506094088012,0.08857640731561857,0.0,-0.07943264361960223,0.03291694504345264,0.14048138499097382,0.6773994991889907,0.21663141631973892,1.0,0.17810649355346464,0.04875572982344142,0.16641837990687655,0.6472724094279195,0.20361672833472225,0.0,-0.21736745895010467
859,10308,0.06286891445204906,0.20890564082870403,0.17585657032965538,0.33681300594604785,-0.33283982298717185,0.040633818707715,0.1682420022399683,0.7806288857977985,0.21042429998737305,1.0,0.35367392515251805,0.05178863784936225,0.16856154643760646,0.6594646447694796,0.2233158095588242,1.0,0.17624412158631875,0.05444608738454454,0.18525057070139347,0.6284180204437791,0.2515112769613207,1.0,0.133974431416797
860,10320,0.04876601431758598,0.18387905184946482,0.08988604165845022,0.24761289611442186,-0.17850882884922442,0.020355564917970224,0.11346277886997484,0.7368976585044296,0.5384729379574971,1.0,0.5825870700565002,0.030660182871037518,0.14798973214877212,0.6376852897886138,0.46570619209175934,1.0,0.37127970575235525,0.03374210929817083,0.14832014493796647,0.608264035800544,0.3516659598151236,1.0,0.30808146266727476
861,10332,0.033869613531115755,0.14548838564323438,0.06036286658393123,0.19915433454023246,-0.2929152846019552,0.021562122774134423,0.10579799688373133,0.4988620867409434,0.2996445646857388,1.0,0.36337854123060886,0.026969402102894197,0.13006506892877986,0.51924759834306,0.3022200948019364,1.0,0.20372867325109534,0.025104247123101636,0.11268593674295245,0.5219543097325331,0.14982872506815287,1.0,0.25879735533331205
862,10344,0.03507890716200909,0.141101050153635,0.05159660660209447,0.17350427507910218,-0.12802872077158362,0.03174086865878408,0.1337717087522247,0.5672373072343411,0.19929571643942828,1.0,0.09515799588078822,0.04169732150327033,0.16264793984292794,0.5479222436308815,0.08624515475945012,0.0,-0.1886721929703974,0.03569212417592507,0.14181332130031266,0.5385871023934301,0.2061422812354138,0.0,-0.017481075196666973
863,10356,0.05543183621242272,0.20396662055846856,0.08233640711440714,0.24949245160498323,-0.24768338657127603,0.04201084363890195,0.15901787216205235,0.5974019653665873,0.5234859270271897,1.0,0.24211704844287696,0.02710233310938452,0.12679955089878311,0.5650885947103113,0.34806013732351915,1.0,0.5110691804340649,0.04364262889906148,0.16014124413786843,0.5550064627637733,0.14181929553680309,1.0,0.21267935754794975
864,10368,0.03978301826444064,0.14938991449384068,0.04135329226441515,0.15038439739611606,0.018875594736381843,0.055953324149824034,0.20286013439178252,0.6177667516520768,0.029638064311759103,0.0,-0.40646252071419475,0.030340841010029002,0.13004473163755792,0.5950340444247975,0.2787142483533914,1.0,0.23734190281010836,0.023065518082719116,0.11466527080825854,0.5706864755778878,0.3440327322517815,1.0,0.42021698983719824
865,10380,0.05102170168379646,0.18975458661850433,0.045265456309569053,0.16810253877519885,0.10667752546184053,0.05508867281278277,0.19289829439242986,0.7326880219573103,0.10105483750816271,0.0,-0.07971061322476247,0.044070583413236164,0.17081447012037157,0.6508482782578052,0.11712980856447248,1.0,0.1362384640488743,0.06604162547845947,0.228009946290756,0.6248108426885571,-0.000830295160541783,0.0,-0.29438304288139916
866,10392,0.1553752367334794,0.3603546829795225,0.17000458670175556,0.3428621630288857,-0.011437660335251043,0.09837424377472426,0.28207014837508,0.7457892720961838,0.2819853083545252,1.0,0.36686021631961174,0.05347837222898146,0.1966501429650176,0.6039247740666314,0.5432060352912028,1.0,0.6558114835202806,0.030540507191451276,0.14497150228737798,0.6111878808815061,0.7936363716915882,1.0,0.8034403175594932
867,10404,0.028735691123366585,0.14126906247336501,0.08937697996290213,0.24811804562087392,-0.45468259319376036,0.023019758386091934,0.12218065649713872,0.7730432456981837,0.451309033699138,1.0,0.19891405126590844,0.061352028461369314,0.21262747499112808,0.6142290804779169,0.09986160454367835,0.0,-1.1350462112769781,0.08761937290175766,0.26218630863711484,0.619186017410866,0.054987245314119734,0.0,-2.0491479228947265
868,10416,0.03374101339161307,0.14781430602534684,0.05471147716207427,0.18237995304087826,-0.065583101819499,0.016329074076113673,0.09887699400194978,0.7059655222373472,0.4093108456019786,1.0,0.5160467207492778,0.029547698700025164,0.13501052265818456,0.5948737657845948,0.20026112665280665,1.0,0.12427945310706723,0.017039002631015925,0.11014203940815803,0.5963041586879146,0.3577421618875863,1.0,0.4950061981466368
869,10428,0.03150830879659198,0.1516454359613207,0.034264817777150736,0.1541495070797815,-0.0008998510111399294,0.01672227555874889,0.09805786159071583,0.6851597160347376,0.41626199211373527,1.0,0.46927409951759724,0.020881727658356285,0.12736278474522666,0.5972920544743288,0.2953530638071705,1.0,0.33726282190636303,0.017795474650577636,0.11714952524500626,0.5933447294722017,0.3507155901180082,1.0,0.435213271348209
870,10440,0.04260460601042502,0.18304586667563016,0.10458772161101337,0.27640611601284953,-0.2117044399725468,0.022659134900664065,0.12201327097297028,0.6537928483003427,0.2740551207266645,1.0,0.4681529294011181,0.027245429575906425,0.14516393137210062,0.5963621238775246,0.29546693692185777,1.0,0.3605050691176518,0.034106444518408836,0.16463167756621686,0.6050900400669108,0.31015317450464835,1.0,0.19946579226520122
871,10452,0.04284092884210192,0.16378923574469348,0.043626768907834866,0.17750266191667122,0.09259407243969456,0.053360250374053474,0.19629270977499239,0.6416720049711152,0.21198953519152544,0.0,-0.2455437315731981,0.04088227080623105,0.16055617410955347,0.568584774396175,0.25456718276984186,1.0,0.045719317690096406,0.010984106536251459,0.08262111506902022,0.5779341617236033,0.5635981522787146,1.0,0.7436071804900545
872,10464,0.10449954213619761,0.25588710185163793,0.27063816276775626,0.4369419034011726,-0.6491003256313155,0.1789509177483485,0.3844542323234628,0.6058502480236665,-0.10643433780868201,0.0,-0.7124564767481567,0.06621248316168338,0.21463609458625763,0.5779875482813178,0.3788560151876754,1.0,0.3663849447743367,0.07797412911866539,0.23705176555565258,0.5791323292814257,0.3473930163168547,1.0,0.2538328156783769
873,10476,0.052121677766876436,0.18080850299678822,0.09479665249058027,0.2577672293186993,0.16259097312954635,0.08605919768587644,0.2571034625710926,0.6503173195070697,0.07643038191619174,0.0,-0.6511210186055725,0.06360635099388744,0.22067697824247093,0.6141678146907684,0.24369284630122068,0.0,-0.22034350617756915,0.04620627779342209,0.183290757431809,0.6017735053107222,0.2682148181551297,1.0,0.11349212509835227
874,10488,0.15572663171819856,0.33798324811932634,0.05309792532271999,0.17207407472749217,0.716289891636529,0.07514633233009331,0.24538405343049174,0.7616609481146586,0.6388034251338569,1.0,0.5174471347580586,0.07349234425081902,0.239906811422446,0.6974864787415096,0.5518450993849751,1.0,0.5280682344442531,0.06882733549240198,0.23736758058342947,0.6491202217623613,0.5851739927264955,1.0,0.5580246311565302
875,10500,0.047462199253962715,0.173134904385307,0.04088618918135738,0.17313662184808257,0.295375807018272,0.031171551600108132,0.13681747425057247,0.7887255194550337,0.3050499550627295,1.0,0.34323415075407493,0.03318221586697972,0.14786884200797093,0.7014244631239598,0.21326987494418578,1.0,0.30087066363219006,0.012103213339188562,0.09064151327943665,0.6406785933473008,0.5727164721774569,1.0,0.7449925724169211
876,10512,0.12018702067606434,0.2984846785881073,0.12092028689779555,0.29538888344547454,0.06442024569435316,0.058033521337240095,0.2055856990235773,0.8312371946895964,0.5212415394724328,1.0,0.5171398624344328,0.11030458184676593,0.2863653040666842,0.7368287106767715,0.22878582656107255,1.0,0.08222550799336459,0.09331863448414217,0.27595637340569473,0.648702568520814,0.2621171641905117,1.0,0.22355480684007922
877,10524,0.05682407574693677,0.18663859403772612,0.08734406556144099,0.21801830536064562,-0.17189548704238783,0.030059486771132366,0.1443622426815715,0.8388855303335809,0.42012822385248344,1.0,0.4710079068421489,0.03501772134203359,0.15434931959008436,0.7280918058474359,0.2966165720920696,1.0,0.3837520297209357,0.04010817853833016,0.16967027763996168,0.6276267602472194,0.38072839729187435,1.0,0.2941692757670189
878,10536,0.0707871115531616,0.22214261137010796,0.08588152628417663,0.23995824871094604,0.00044316905222268054,0.04619759516388505,0.18857113704349662,0.8759258133165175,0.3017805785756747,1.0,0.34737278933622906,0.07178704747014959,0.23556676796942888,0.7353462431508836,0.0938270170376779,0.0,-0.014125960150768835,0.07762548777275825,0.24592545882312974,0.6590261664623329,0.17806774420688715,0.0,-0.09660482070187282
879,10548,0.12974920873073031,0.29209155211883336,0.1724572379195435,0.33183482867764685,-0.23807019692595524,0.019741803162854187,0.11075278616969113,0.8750051096939562,0.5335618414116009,1.0,0.8478464465719824,0.04767922071904387,0.19196319486457755,0.7237596512624592,0.7191411983358715,1.0,0.6325278497998937,0.04829277798830613,0.19190244157636657,0.6562243941444504,0.5149652342373232,1.0,0.6277990558807294
880,10560,0.11454382524845724,0.28267658769282006,0.08780485619500022,0.2412708877833077,-0.025212867017804296,0.017503841617477547,0.10499232556856967,0.8994135214597747,0.339889387767674,1.0,0.8471865106695194,0.10122916937507886,0.2604551269598991,0.739984740845279,0.2525936972413051,1.0,0.11624071262241797,0.11488295770093009,0.27665699795065374,0.6584551688383204,0.03993557610648124,0.0,-0.002960722254012671
881,10572,0.1268243659554388,0.30797559546453745,0.1544869254406065,0.3469133278267762,-0.07917430263233907,0.08960099153984895,0.2620161004120662,0.8697671779047906,0.7100874144814496,1.0,0.29350333538169404,0.055440897470980216,0.1964934333910808,0.7141720336429698,0.45381364154178866,1.0,0.5628529497994099,0.07274076596679571,0.23333823033263057,0.6407595316324881,0.3394082106150774,1.0,0.4264448679179361
882,10584,0.14595412723579348,0.32906777931086256,0.15397676568191035,0.33235462050001896,-0.11311297407745657,0.08046937855893815,0.23263245637234667,0.9023688911534895,0.15124259955495928,1.0,0.44866664558969727,0.09873877552598004,0.2628888474109933,0.7337294807910091,0.20815668590422423,1.0,0.32349446092425715,0.10412366919430055,0.27537160197334787,0.6713218860285454,0.26885159716415685,1.0,0.28660003546124124
883,10596,0.2545379674578045,0.46893501027056184,0.21592388628876522,0.41847170014747204,0.22302367863413514,0.06886456177724733,0.23061899821052298,0.8680131295135519,0.6711826381362845,1.0,0.7294526924017211,0.09305086399359493,0.27139419978614077,0.686563364707558,0.6981003596697511,1.0,0.6344322816633623,0.07788412675065727,0.24161882121840297,0.6402997662379162,0.7011027454507154,1.0,0.6940176448781915
884,10608,0.10764013715067018,0.28730230464636597,0.0987538104279408,0.25714212426790833,0.5371081522751998,0.11640769964113613,0.275456680813404,0.8227087498546257,0.5085738251354794,0.0,-0.08145253919728357,0.17158156991526682,0.3816813747326189,0.667522334777556,-0.11879618738322847,0.0,-0.5940296478356775,0.09759472349642125,0.2617423847614229,0.6315950455379229,-0.005214406631434754,1.0,0.09332405104787056
885,10620,0.07070178752122701,0.20992954394791088,0.06104945583854965,0.18807309354368243,0.15377866622492337,0.042979018751153175,0.16849447055930844,0.83188568357747,0.24849537491921847,1.0,0.39210845640572445,0.11929694430073617,0.29382428166282304,0.6951227594853793,-0.0700964834184573,0.0,-0.6873257166930793,0.06435522382402857,0.20963597005563775,0.6321248571529681,0.14937800618046732,1.0,0.08976525091806187
886,10632,0.05287458816088839,0.16785986488841442,0.13747769462779003,0.28523811811484295,-0.1279523734072506,0.08327287286215031,0.2134269590900688,0.8437760234392104,0.02549531972103781,0.0,-0.5749129356575808,0.042648989205663346,0.15291656555451885,0.7321293174785891,0.2020059794307692,1.0,0.19339344874158237,0.028361170161815847,0.13171493650962998,0.6683787487295225,0.3402422987464705,1.0,0.46361435335406065
887,10644,0.055973054409310496,0.18135562045432982,0.08062969954865117,0.22766940434922914,0.017506367339731977,0.05314016006599715,0.18386428289636092,0.8756377107668005,0.03291377822661231,1.0,0.050611751908291924,0.04220279586600756,0.16381897702925505,0.7515851240242044,0.21520830284557196,1.0,0.24601584974452295,0.04238389302328893,0.16390163927836013,0.6844192917844414,0.21520830284557194,1.0,0.24278041513777315
888,10656,0.07936091703161642,0.22677967409983113,0.06268668577706744,0.20074831492048525,0.19854877751915256,0.1659973497451727,0.31848578666472815,0.8707790120857053,-0.02308453167316734,0.0,-1.0916763055931091,0.06179623487488047,0.20067144309557225,0.7367002060021399,0.316744368913504,1.0,0.22132660273744564,0.06061026020064194,0.1990237163907221,0.6762706714932449,0.31674436891350394,1.0,0.23627066738032332
889,10668,0.1629327263768651,0.317827535469382,0.15465928252386663,0.29254677195524215,0.12441961251877483,0.28350823582551793,0.4302329710024316,0.8549838893386639,-0.47404442852149975,0.0,-0.740032479231707,0.15270712578676177,0.30568781159540415,0.7172954935908035,0.10410223455740061,1.0,0.06275964821487989,0.15361116625842952,0.30210049764584,0.6710034520107868,0.06685005356415227,1.0,0.05721109764575294
890,10680,0.1072899005166419,0.27213673889653256,0.06044627303476082,0.1953272186288042,0.3588325647107932,0.1487423548847366,0.31160915251886484,0.822567775044136,-0.12077146650431933,0.0,-0.38635933269101086,0.09655127191571237,0.22823930906663667,0.6726774339228317,0.1638580223545762,1.0,0.10008983650109582,0.10897528038843292,0.24704066292678395,0.6355952418173703,0.061873896753394275,0.0,-0.01570865350489914
891,10692,0.09269033010153689,0.24835768623636098,0.14787651531534055,0.3243455810160541,-0.23665620605892723,0.13985537320541797,0.33617296401380964,0.6960629206046782,-0.08369981123811207,0.0,-0.5088453461349689,0.04850908584234317,0.18708318465598528,0.5963221811983234,0.24354086658693208,1.0,0.476654298358801,0.06350707845907395,0.20898996414826163,0.5797459643379896,0.12129472896420439,1.0,0.3148467764705809
892,10704,0.4908643804856993,0.6324414909343422,0.8890337980873051,0.8869967185517189,-0.4944698139362778,0.3608794246677755,0.5305134622923832,0.6597612845215597,0.27077165412178783,1.0,0.26480828714706617,0.2583655828100377,0.4447684767860171,0.5362385545312077,0.3963035024247864,1.0,0.47365180061671874,0.4963545875392399,0.611616765457765,0.5237480904434849,0.09767126394253074,0.0,-0.011184773782339175
893,10716,0.3962269516249692,0.568655320753817,0.48997725204588405,0.6382112597594332,-0.07817815725201206,0.35132569444817796,0.5329417814275227,0.7546436622624098,0.10454314615881552,1.0,0.11332206704426928,0.2867474335520314,0.48155849458828714,0.6099911131904753,0.47265857284494467,1.0,0.27630507622954603,0.4541324585079957,0.6068745365431066,0.5694919822543392,-0.042276852199190904,0.0,-0.14614227186098727
894,10728,0.08573197283769175,0.2264697813902544,0.11095500749056238,0.2629231803228409,0.05844911590377988,0.10077782172612874,0.24672248210162104,0.7177671981431252,-0.007943838595425677,0.0,-0.17549868958366188,0.09401124451150579,0.23726916330221712,0.6105759301113922,-0.021318421304236175,0.0,-0.09657157533850769,0.11155938813258948,0.2752719984055038,0.56266026127148,-0.0735177614388218,0.0,-0.30125768065310154
895,10740,0.12041016985619307,0.27811102917208347,0.2668676567793142,0.41487920493094627,-0.24550415055327438,0.10430573213572035,0.24980205805226294,0.7105086441912084,0.13853299476376205,1.0,0.13374649117849757,0.1589263058403796,0.3229897448484188,0.6199196142049165,-0.18281297180657122,0.0,-0.3198744427500324,0.1616366239011123,0.32242014685615633,0.5463946055266835,-0.15494105943651185,0.0,-0.34238348882122116
896,10752,0.2119622805534156,0.3859795306607466,0.06705111942620404,0.20415837438889425,0.1725171966113551,0.22412556458248048,0.40917803454973795,0.7886130780876558,-0.03330190337112156,0.0,-0.05738419117452209,0.31838404278581484,0.48651686166720576,0.6499853137824172,-0.27328333971706414,0.0,-0.5020787753110649,0.19370678566374178,0.36732744461455485,0.5886249956954506,0.07445186299770121,1.0,0.08612614868084201
897,10764,0.3794027338733241,0.5577101542390713,0.5030323926336718,0.6095714350884168,-0.23332382455083645,0.27276243629285507,0.47426491001524185,0.8240717086787901,0.1537599129999427,1.0,0.28107414116861473,0.45599234373771913,0.6192130430262401,0.6924666412664631,0.03771304529761686,0.0,-0.20186889293730537,0.4156294424649711,0.5819389069853519,0.6222041718450364,0.18229335729185173,0.0,-0.09548352016815564
898,10776,0.08158689044269923,0.21646003165788272,0.09301566010960478,0.24740024469599983,-0.015677636069886713,0.054169118506601416,0.18251000570501988,0.816527834733968,0.1031901360323589,1.0,0.336056096602359,0.14172649119106548,0.29958834276265506,0.6785853829272586,-0.11951884048831721,0.0,-0.7371233346686252,0.11605485672925474,0.2608664722231291,0.6215416575315403,0.011232123654820602,0.0,-0.42246942001991505
899,10788,0.062294098028096025,0.18997707176286813,0.10012726947145385,0.2554914874520875,-0.03392704884083038,0.06427719383842934,0.2073047601587008,0.8204985137323423,-0.017166885129653375,0.0,-0.031834409247548434,0.07386019295202655,0.20835673362904164,0.6650606846773716,0.03545324345896611,0.0,-0.18566919323101772,0.08553375638463044,0.23160862126955695,0.607396644806521,0.02513772679004443,0.0,-0.3730635660869961
900,10800,0.20369866244752186,0.3975182721791201,0.27814166732564205,0.49081711725147953,0.04811544579288927,0.21981231010175498,0.41542494742939323,0.7783938550345113,-0.10741849008190255,0.0,-0.07910531890892725,0.1317860382568539,0.3062360773292865,0.601069655826589,0.1428929372731714,1.0,0.3530343465519542,0.13331618415125362,0.3119310877229345,0.5561094519345174,-0.027887342741900432,1.0,0.34552253534998356
901,10812,0.06404794846450095,0.20692140200637174,0.2328877953440125,0.3679405490128131,-0.03523182098124604,0.12151450829391996,0.27364048889516446,0.7474743154851093,0.049258197637261567,0.0,-0.8972427877415978,0.11599670518134915,0.27475785993319607,0.5867134135222454,-0.04197431516273368,0.0,-0.8110916580824004,0.072690769869549,0.2152602174535505,0.5352920768422335,0.21430375072112479,0.0,-0.13494298587625186
902,10824,0.0707526522639703,0.22532780934247718,0.058693572251085326,0.19719361224646695,0.09615740390229885,0.12358741400459138,0.3026048902512106,0.7785929524195174,-0.09859088298089813,0.0,-0.7467530905202031,0.13082835422794792,0.2923162510815109,0.6029809449240299,-0.008634129965039872,0.0,-0.8490946988084889,0.09133944469437953,0.2426660702514322,0.5458455502852309,0.01981367851299779,0.0,-0.2909684905323717
903,10836,0.06761852487528502,0.2131352158472828,0.14158972151637064,0.3048422602468958,-0.09728030902485414,0.12339387631369199,0.2677363872959388,0.7849526771910023,0.1376664834768075,0.0,-0.8248531233308993,0.08275834907601838,0.25030856928106515,0.6031541604208387,-0.0033184206819881143,0.0,-0.22390053951423972,0.09180142193220882,0.24537398430602275,0.5721066981634115,0.10760041470268358,0.0,-0.3576371578872284
904,10848,0.10838282702744413,0.27503364016037096,0.10222810502822538,0.2592070929397759,0.049640544935234454,0.1325032290018918,0.30877598238905796,0.6997792748090977,-0.04290743472054186,0.0,-0.22254818992994174,0.18607803055795344,0.3529322178861764,0.5447060752577749,0.0031109027200900974,0.0,-0.7168589864410506,0.19882999139706556,0.35796065562383533,0.539410358002073,0.01468088209904593,0.0,-0.8345156409946648
905,10860,0.10577908091558559,0.27134442146722026,0.10666214020563024,0.2753099575075966,0.04623813966774274,0.1548357135338048,0.33481370306214653,0.6458985828108089,0.012520455131527696,0.0,-0.4637649731270368,0.603707602369934,0.6151473189215028,0.524195186926543,-0.1940248937793423,0.0,-4.707249459387042,0.3417479284948535,0.4993143235650758,0.5158530294392291,-0.09605212303436528,0.0,-2.2307704466403626
906,10872,0.12107218923484371,0.3063307767329299,0.06337042892179354,0.2083306241484261,0.46389060850623964,0.23806836743663384,0.42713065597220695,0.5460978861206154,-0.19033556258920756,0.0,-0.9663340436906833,0.5577941315924674,0.6233735465264486,0.4621449441782657,-0.42181232511521516,0.0,-3.607120224038521,0.44525199439452723,0.5756101611085774,0.47150098106476673,-0.23164157500512136,0.0,-2.677574488480356
907,10884,0.5791444678003604,0.685022637569994,0.4807198748380346,0.6337475174068052,0.20324232350561405,0.7404360763128744,0.779147744768049,0.5614659893534778,-0.30347273378712164,0.0,-0.27849978283503796,0.6515708386541359,0.7291461498311577,0.5209985287637778,-0.08238087196616128,0.0,-0.1250575199809072,0.5891952730847243,0.7065702132233649,0.4876827361152582,0.0910808316190678,0.0,-0.017354573587722744
908,10896,0.3945497543784249,0.5818537134369693,0.5308502340320941,0.6679287810299658,-0.21882741457235433,0.25911515886987324,0.45145077878448986,0.6572280008428757,0.42427827564709963,1.0,0.3432636670168907,0.25638217131864005,0.45548847248434177,0.5648302119079895,0.4176779622759085,1.0,0.3501905184998899,0.3845566989715721,0.5690995500992644,0.5169379347909306,-0.02402827017911633,1.0,0.02532774458976894
909,10908,0.056407050467429304,0.18167120662064615,0.10078279495589489,0.23535799608546815,-0.21384248522948432,0.12516511296143956,0.28813175040754374,0.667440687408639,-0.28889377120939697,0.0,-1.2189622028493177,0.1007509519958716,0.2500287357740559,0.5472574089721981,-0.06265188525423873,0.0,-0.7861411146474935,0.10479040384327554,0.2564739142034625,0.5122553661424804,-0.1392153253823945,0.0,-0.8577536491432727
910,10920,0.07951569880621438,0.21968612687455033,0.14461545351977315,0.29847008014746074,-0.2945273431611376,0.20955198051348214,0.37768298453914734,0.687048109526906,-0.3008732204939449,0.0,-1.635353567402781,0.21172587789963346,0.3781688811229025,0.5506863799768057,-0.0327516867531635,0.0,-1.6626927899561696,0.22120846050321383,0.39532238886811727,0.49790020003621815,-0.16986922142140265,0.0,-1.7819470095121108
911,10932,0.054594841380934594,0.20035118188728748,0.07128871881349362,0.20078379814115846,0.10426124369995868,0.10243743866993461,0.28580083481940216,0.7265698984649562,-0.06845634462876032,0.0,-0.8763208405566947,0.1367664216281397,0.29779185910141187,0.5970939695986932,-0.013119151064377402,0.0,-1.5051162008852499,0.1792156431977867,0.347133725603982,0.5421007706703279,0.0009857332218819125,0.0,-2.2826479327472087
912,10944,0.1574941979799668,0.33514080587747447,0.18185546054044335,0.3518220548256597,0.03606093081944363,0.14332535976336638,0.3228845921158127,0.7497532152005048,0.14554643963862438,1.0,0.08996419168662129,0.12752401037929903,0.310833192228418,0.6067648904714389,0.11424366721749257,1.0,0.19029391549065178,0.08683901612294487,0.2603699707269317,0.5659336913369402,0.2868817227018371,1.0,0.44862085564580134
913,10956,0.08792350856192403,0.26303853846274866,0.12083063941584186,0.276338011476312,-0.11105362749396908,0.09128635350983043,0.23516301426127484,0.8053557356098565,0.19627809105719232,0.0,-0.03824739256780196,0.10274878141210149,0.2873780332253475,0.6418852329850313,-2.1329849218643115e-05,0.0,-0.16861557383980075,0.041225426375403613,0.1724270774328697,0.5942920007961751,0.4089753687681804,1.0,0.5311216869107449
914,10968,0.2936334197979927,0.4859064892389749,0.2998279349107788,0.45705700129792914,0.18536502602458035,0.10121199591739527,0.2853556161659438,0.847794519819891,0.6510279613748431,1.0,0.6553117285252311,0.11202740633388969,0.3068261067198209,0.6528414260683076,0.6452636902945464,1.0,0.6184786922041783,0.12193657065322545,0.3220382748210293,0.614874943018239,0.6329628651176754,1.0,0.584731973843057
915,10980,0.2627438969209801,0.4787323664883128,0.1426247900409898,0.31337897058962955,0.22037665977877277,0.09489914176824188,0.28842363380357633,0.8256260932503128,0.5356325071830609,1.0,0.6388150481121064,0.16458209283517242,0.3822295705712094,0.5982991721470755,0.4639150159653352,1.0,0.37360260404194934,0.18188965296832368,0.3992729025460029,0.5906859228408667,0.43840001737982515,1.0,0.30773024568853535
916,10992,0.08949603654035436,0.22747434564722846,0.06185085157628248,0.19421529460578238,0.1014156208083119,0.02771031895899996,0.1353053323520044,0.7510926995571948,0.6279816741360837,1.0,0.6903737860334721,0.04847453175288344,0.16603809026199476,0.5438332873187223,0.488757204010029,1.0,0.45836113389193556,0.014495337049348916,0.09275870007767605,0.5384560687331683,0.7825576631596215,1.0,0.8380337542343244
917,11004,0.07095101130954622,0.1973180888188196,0.07358100301263339,0.21430203457061625,0.2304561595941556,0.03873658199632984,0.1539358759392305,0.6701705770260539,0.20667599916238286,1.0,0.45403763411730313,0.10643910446714862,0.2577296661848966,0.5132906906782205,0.019116929255141968,0.0,-0.5001774111826873,0.04607572186041734,0.17269869502759735,0.5229313602357227,0.3830430317550827,1.0,0.3505980956438036
918,11016,0.07235946993470922,0.21434301190867386,0.12609473559842999,0.2930064986273732,-0.18720244428501448,0.10564509322429788,0.27520716171827453,0.7196044936008331,-0.08732054833903961,0.0,-0.4600036915641126,0.1359064198960661,0.29297777126363517,0.5597273483178199,-0.07684479300176601,0.0,-0.878211932988122,0.05028004688586813,0.1611223331868544,0.5583927417587603,0.40729331117912304,1.0,0.305135223748372
919,11028,0.11855494279475236,0.2909404508376702,0.09506375035866703,0.26814104043285014,0.12022177157057343,0.17199788150533554,0.33400363121088583,0.7850157076267282,0.06795777005849286,0.0,-0.4507862553070099,0.25066148437076874,0.39049037161610506,0.6226623829060018,-0.15281361132216004,0.0,-1.1143064849242528,0.10671130514133197,0.29051234911200924,0.6061797342664083,0.195685041231688,1.0,0.09989999045357922
920,11040,0.13491086395636634,0.31143666992788316,0.1557116248991365,0.3284392458853047,-0.032093000862371115,0.10789272232899694,0.29716987483548407,0.8563305303472688,0.2740970770356553,1.0,0.20026661185794326,0.1500037063536129,0.318761568356738,0.6971552686233717,0.039003047338446006,0.0,-0.11187269842203351,0.13940681803205077,0.3142872734326586,0.6636326612520742,0.1668145122073706,0.0,-0.03332536716345191
921,11052,0.2908403979676959,0.43553549395682123,0.23233944247477875,0.3747964636756251,-0.17122310480311745,0.16249080579356334,0.33205912576506963,0.8597101958227225,0.40544670657095827,1.0,0.44130592954417747,0.19920532966467333,0.3785967095687766,0.7149277819028568,0.3560067556582428,1.0,0.3150699453835867,0.31702848944399925,0.435271217301516,0.660381717510995,0.07177011500202506,0.0,-0.0900428264412294
922,11064,0.2746196237262076,0.461009323354328,0.659619172402739,0.6513183932062682,-0.38505610094794707,0.1864299025544934,0.37261880416596577,0.8890680888398279,0.3760312151312578,1.0,0.3211340834828259,0.3428370252747355,0.4758789596662016,0.758080642504717,-0.00013670235334339864,0.0,-0.248406871376897,0.16520541484246656,0.3364135411597389,0.6933166033652159,0.395885801507598,1.0,0.3984209409332876
923,11076,0.42625919013493685,0.579199678956208,0.34901322598975765,0.5373991753980946,0.1317673358498705,0.3125662635233121,0.5063943847857854,0.8442352053564266,0.5326429342179756,1.0,0.2667225229223422,0.3802136458181417,0.5597677085020324,0.7553267812281853,0.03453813188460322,1.0,0.10802240839011334,0.3760054880347011,0.5402071087250417,0.6896808063158688,0.1805513304474152,1.0,0.1178947064679765
924,11088,0.5275065740234759,0.6580958161989278,0.6009999728676761,0.6921889120178438,-0.283857180825364,0.45842484300901926,0.6111199329354058,0.8778485344971745,0.1357825060773973,1.0,0.13095899542549072,0.3813313067868556,0.5673071567970588,0.7850914634172913,0.353586698530683,1.0,0.27710605788604814,0.5204042700994483,0.6741979211310607,0.7301677199841199,-0.02824960430130812,1.0,0.013463915472855303
925,11100,0.5902709799520309,0.7342834767185886,0.5957371316998455,0.7123903411200262,-0.11643440075137493,0.35640935498417564,0.5676731986274364,0.8406074424549648,0.6223052115199693,1.0,0.39619366851960147,0.32065954621656606,0.537025183716039,0.7550174007784966,0.41303286051328814,1.0,0.456758747918414,0.17211656227582608,0.38938237253481356,0.7043712785788611,0.7583903482250383,1.0,0.7084109364654632
926,11112,0.031381865766619256,0.13871724417465484,0.06808361130738856,0.21195869752782923,-0.05194366525471274,0.0504986358726342,0.1627740244835071,0.8025900491114338,0.1958650454042125,0.0,-0.609166142261349,0.061855431261348626,0.1907259870798923,0.6795407498091162,0.11570502026513192,0.0,-0.9710565242154581,0.030460282053700004,0.1503501423606246,0.6330688946540876,0.18789333146612303,1.0,0.029366759764154482
927,11124,0.057412792304072646,0.1872856724329869,0.28279873076495043,0.46396706637207924,0.13492347721298473,0.08492919701142025,0.23898677093666584,0.8691681084329808,0.06932718604197745,0.0,-0.47927306098637,0.14538323516103485,0.3417719325145554,0.7133172539116919,-0.07227235596083989,0.0,-1.532244632712663,0.21586988974847707,0.4438901185559409,0.6579222293506996,-0.25372823851235715,0.0,-2.759961518770514
928,11136,0.033667791542762296,0.15106650583724293,0.06943067166493903,0.21002291635417972,0.08296409893059771,0.12017291146649621,0.32705606373483925,0.8865637267548969,0.5213616591160147,0.0,-2.569373159325334,0.03924943251695158,0.16445484674576924,0.7465089414574951,0.4171792759550719,0.0,-0.1657857768039197,0.02296779053121839,0.1205458496022813,0.6803786149937763,0.39496147616427774,1.0,0.31781119346523123
929,11148,0.10619074606096555,0.3016358273237783,0.09575376632816339,0.24044952910207193,0.19715350270535623,0.04238981306236187,0.17186867392513164,0.9097510421411155,0.3731314884164302,1.0,0.6008144340748365,0.09899471172442864,0.27419349786442987,0.7620504874009031,0.24317563641639203,1.0,0.06776517355293443,0.09226327883655223,0.27410388873195624,0.7046162870238054,0.13583485033519982,1.0,0.13115518763205003
930,11160,0.026114365456782796,0.1257005197716913,0.09834249919191028,0.28235324304706094,0.005163612938661211,0.08871835232303767,0.24023739802628344,0.90200364198192,-0.226330183961929,0.0,-2.397300710593926,0.10804339177332062,0.25085866752593805,0.7485379013726743,-0.2586537746196155,0.0,-3.137316372941317,0.07141517528248766,0.19019044657380815,0.7015106150151157,-0.11708516226400137,0.0,-1.734708427079115
931,11172,0.04006188720513236,0.1614701016642279,0.2339472276600522,0.4196222924993198,-0.48885178577000427,0.13563608070304514,0.2908902567347012,0.89459705271775,-0.21674753077859338,0.0,-2.3856637858455327,0.06528574868359878,0.1960205744477943,0.7398313694271841,0.0015134931172410715,0.0,-0.6296223976996014,0.0996502257032457,0.2280577014430285,0.7060245486057367,-0.25728059914776835,0.0,-1.4874071756279976
932,11184,0.037059753957939735,0.15278624723351397,0.032483848321857245,0.14112681321160947,0.013119327032875527,0.15632010015452005,0.3459787572748038,0.8440924369126421,-0.4085034407327159,0.0,-3.2180555308578835,0.11031347557167774,0.24513035681955508,0.7000200643397294,-0.10733062550710089,0.0,-1.9766380990245085,0.09007755011819789,0.21422342169675648,0.6798928661755308,-0.13114072812871472,0.0,-1.4306030261406941
933,11196,0.03826550753087358,0.159232724994659,0.11131119639482112,0.27977008336813686,-0.2326009826888651,0.05945641064913962,0.19717856110682733,0.7325588752762169,0.017701351921399645,0.0,-0.5537860199859803,0.053201245117990015,0.17237734487230147,0.6745342244701197,-0.19427846061631063,0.0,-0.39031855451194275,0.03047123741134264,0.12197748829937903,0.6390173706528389,0.02906181728374624,1.0,0.2036891870111046
934,11208,0.023315945819898404,0.12010083064065165,0.024857138790503178,0.11990433447033938,0.00920369207003129,0.03434161211398964,0.1276749567473441,0.7229444848293987,0.09881879223688697,0.0,-0.47288093647402696,0.02804083867861522,0.12253756568886039,0.6458618875076586,0.035382762837196935,0.0,-0.20264641611426626,0.022802281442447853,0.11770556594003395,0.6011456837742741,0.0990154064989912,1.0,0.022030604351987115
935,11220,0.025940824779197513,0.13143867868546488,0.030215104809099048,0.13812848485496104,0.11432379435527584,0.03540552491798065,0.14075408210395804,0.7516592326202577,0.12951445185471072,0.0,-0.36485733276966115,0.026152733028337025,0.12959312660660496,0.6526331929172712,-0.02395810474685714,0.0,-0.008168909467729968,0.023899449964719332,0.11845189284570701,0.6103691399912663,-0.007622763706892771,1.0,0.07869352003469077
936,11232,0.06056012235639139,0.2028382982464266,0.041382574629759784,0.15964923419414076,0.13126406531345597,0.044110287868324494,0.1742771277665068,0.8053731921975462,0.2755275032235976,1.0,0.27162815806845564,0.05682110006045497,0.2048958782193393,0.6537648688317002,0.1320471873661512,1.0,0.061740666142194756,0.0645340228678755,0.2210485177977833,0.6170156870647059,0.01962344753548313,0.0,-0.06561909647569797
937,11244,0.05293165363678232,0.19821712317580178,0.025683844265937384,0.12973351975625402,0.5157796679413913,0.04449631503631709,0.17128849784517994,0.6506074907534524,0.4206592941561735,1.0,0.1593628390744909,0.023336603426517746,0.12406024198916872,0.599945945112589,0.30195761031634455,1.0,0.559118186885794,0.06891766504589969,0.2393559571151699,0.5731043073555563,-0.12775168048121416,0.0,-0.3020123179754326
938,11256,0.16164721949665875,0.37263810817905013,0.16351882217950262,0.3652511492487906,-0.12987267433860678,0.031236835102559226,0.15354601675032836,0.7775839319556471,0.911963397949757,1.0,0.8067592180068096,0.06811134662869099,0.2391269612051872,0.6691582253437786,0.7768248223977529,1.0,0.5786420153666865,0.09888241070739771,0.29128664317655356,0.6072344841997634,0.5125655602771276,1.0,0.3882826378622516
939,11268,0.025726427493618097,0.13143866650665828,0.01881247718175778,0.1136455313470514,0.19182380666261029,0.015046690709493243,0.09691539634916713,0.7286229760425282,0.5716319351526137,1.0,0.41512708232707995,0.013430677031225727,0.0949307771235534,0.634629621526337,0.5021213018207871,1.0,0.4779423985488289,0.010373629286575595,0.08509612477275691,0.5987085662416194,0.48004813111081346,1.0,0.5967714798664152
940,11280,0.055778275750921945,0.1965938325145634,0.05479216892672215,0.196297169776622,0.09979535512962484,0.02769444337353855,0.14155304469389315,0.6386085313536419,0.37566030138810846,1.0,0.5034905077165137,0.04326023674043933,0.17789426610816406,0.624838008406254,0.27593296589569033,1.0,0.22442499058920284,0.05131600662151629,0.20024157714088328,0.5858452042875323,0.17886003581955504,1.0,0.08000012673987866
941,11292,0.05429248377805589,0.19839868671825409,0.03313924465932631,0.14894728442310226,0.1892144951709124,0.04631618828009924,0.18614991787244226,0.6497259507193153,0.1481511351207941,1.0,0.1469134388944744,0.05177575546232945,0.20456998558810321,0.6102087861846462,0.2217226283943325,1.0,0.046355004239899245,0.032966751202699186,0.1575167979619512,0.5792906964427946,0.30305205800061286,1.0,0.39279346037169527
942,11304,0.12114894042569664,0.3136785873978121,0.20044931871311553,0.4115245243301547,-0.24624678676992023,0.0850627049164131,0.27081215229026995,0.7484067152576971,0.3640047951526353,1.0,0.2978667034353143,0.07512235115540433,0.2537094002121339,0.6463080141528506,0.38888361709847963,1.0,0.37991739018569004,0.11034557110312027,0.3097653391415473,0.5958242661579445,0.18856614294314428,1.0,0.089174278244739
943,11316,0.05758220710315896,0.20607573545030947,0.04054077649976693,0.16443442199760422,0.23601231171598308,0.0564219997163956,0.20954399341239557,0.7607006434210375,0.08440904040012116,1.0,0.02014871338093782,0.044958842402491116,0.18506825392560108,0.6647886051776283,0.20788758615195557,1.0,0.2192233562366408,0.06646970946587354,0.2238875718026999,0.603762966977732,-0.0061101569375248575,0.0,-0.15434459375259024
944,11328,0.038536357556947926,0.16301731808698386,0.1685778327856721,0.3775341842938745,-0.3456925412371194,0.050353828578526,0.1923887244259241,0.8419891783996114,0.14241957094158728,0.0,-0.30665770640399925,0.058384299975203315,0.20770648700341307,0.7005117597548653,0.025214170998374596,0.0,-0.5150445884493537,0.05047814787470628,0.19110847680819207,0.6306505747547352,0.1218205729650326,0.0,-0.3098837325274222
945,11340,0.024823976097219133,0.12481281441119742,0.07561931835945132,0.230268291502012,-0.09351536725087721,0.06354746252016165,0.20450166399178724,0.840595672791627,0.07311173696620274,0.0,-1.5599228049240854,0.06756272849303967,0.2148339130122853,0.6988747710116113,0.020906206047275645,0.0,-1.7216723150409523,0.02960921945786872,0.13462322957184025,0.616884713263499,0.13216875335819317,0.0,-0.19276699840142242
946,11352,0.01779811358708145,0.1128313467521822,0.03209348208143837,0.1546556001722431,-0.011579427855059055,0.05896203993861804,0.1998276530687182,0.842152098432984,0.14230869440827282,0.0,-2.3128252412893318,0.07199898970885933,0.219869285360815,0.7049398693073597,0.14098041767928252,0.0,-3.0453157777978754,0.031092543258404663,0.13780408835143657,0.6272899109222637,0.20812152676013884,0.0,-0.7469572326458696
947,11364,0.05449757496921372,0.1903221568931174,0.04056475759039011,0.16911734585171226,-0.08063963359848333,0.03276117346076114,0.13623793293668743,0.8068668783542303,0.6660019934044328,1.0,0.39885080245738846,0.01576633517915625,0.10317987596631499,0.6871438478241109,0.6598789837788391,1.0,0.7106965734151872,0.017963815144915556,0.11149838106221532,0.6324014053031181,0.6556021961007716,1.0,0.6703740459082168
948,11376,0.02798509845867833,0.1352834053117057,0.05280875546005151,0.1886356926027781,-0.11525228599262922,0.019046792462880147,0.107633917963933,0.859422597281316,0.3259771526697673,1.0,0.3193951955894001,0.08881094160111637,0.26688180793711047,0.7234243240236828,0.06877358915235857,0.0,-2.173508277351642,0.08096662170703868,0.2520233281907743,0.6569900915364182,0.06464036231401905,0.0,-1.8932048185069181
949,11388,0.0279649798790722,0.1336011310665294,0.021193361840428915,0.12276690529337293,0.19594202089159626,0.035474362371233296,0.16020668597112148,0.7969275206191881,0.5894516080013414,0.0,-0.2685280849345719,0.02303758741951839,0.11597028478856337,0.6827095632443522,0.504168315240664,1.0,0.17619867709045844,0.013243919481051579,0.09503954103419136,0.6278695668640562,0.3311901678621977,1.0,0.5264105485388615
950,11400,0.02767981224215278,0.13473061307159442,0.04832212551016873,0.1696233453836062,-0.3062917152090355,0.016866336404948053,0.09483280850205754,0.8437619389429913,0.2834016123900776,1.0,0.39066290416295524,0.025135706132264415,0.1225918228648062,0.7250781310692065,0.22056230586725073,1.0,0.0919119713541271,0.019193298010714517,0.11049899277408615,0.6506592188161624,0.3076776404632337,1.0,0.30659580192218194
951,11412,0.029920863818053003,0.13893744674003192,0.026296396903178462,0.1322386258890141,0.24003769259375848,0.03473562173776055,0.15212158649178018,0.8016165417974819,0.3345508382662126,0.0,-0.1609164076607481,0.04877935345492107,0.16901834619972203,0.7035576550097663,0.3524473542493146,0.0,-0.6302789167968352,0.03898706515360699,0.1529057650275296,0.6329919630473686,0.2996836973875748,0.0,-0.303006002456514
952,11424,0.060916069391854254,0.19974504024978623,0.07458651145769461,0.21839567554738404,-0.05330421291638858,0.027494869806337235,0.13175592772048375,0.8151594071158593,0.4731387528167691,1.0,0.5486434026222009,0.09132420122872996,0.26286368441529423,0.7047914887412149,-0.056633084161144834,0.0,-0.4991807931872556,0.0769119189720288,0.23733949584575623,0.6320824449414134,0.007986198202895723,0.0,-0.2625883406442098
953,11436,0.03722656782264429,0.1537057252058026,0.052858085341353396,0.18778996613082866,0.002626971680430035,0.05937604343019512,0.2046097463089628,0.7780406358211448,0.10353573002239183,0.0,-0.5949910750052461,0.10110014596654009,0.2620046367248856,0.6599873283024987,-0.2739303767332233,0.0,-1.7158062609533018,0.05323879717777578,0.19304376618283295,0.6142526206510626,0.14770346143067992,0.0,-0.430129079624459
954,11448,0.06149248980466312,0.20633225575808387,0.04658676405149139,0.18019042371812347,0.2804058649900387,0.03913857298155777,0.15841949346508818,0.7351344421432847,0.4838232734266553,1.0,0.3635227146292944,0.1502518767951002,0.33336567117172416,0.647149185823422,-0.33978287391560247,0.0,-1.4434183307976292,0.014160439220062543,0.09899992829391054,0.5977791513354213,0.7398703549609815,1.0,0.7697208347711313
955,11460,0.07641621020736362,0.23669859321043032,0.07013335752008022,0.23226298622824704,0.28387118963000635,0.09523584123281063,0.28686094582427574,0.7965492342557052,-0.0017918256720579658,0.0,-0.246277994870171,0.07547960389547635,0.2390023674250572,0.6711138171798414,0.05176606296196262,1.0,0.01225664436047913,0.030255056149904935,0.14435728810289097,0.6406635126663394,0.603853389068606,1.0,0.6040754171424547
956,11472,0.04409270811403771,0.1631637771668112,0.037174212636054076,0.15692961147284404,0.15949417452954034,0.035557584942071147,0.16680186630903968,0.7745391918495947,0.3059678112495018,1.0,0.19357221493159438,0.04245539193224266,0.18384333928529326,0.6547222756301952,0.14983572232566317,1.0,0.037133491042564915,0.030040462722670757,0.1474823453385908,0.6419240109784562,0.31688959081715795,1.0,0.318697716525449
957,11484,0.07116652051188889,0.20667962779756202,0.06914742144254338,0.20748720326973802,0.09140204404820103,0.068100722396454,0.19562946348717766,0.7934753320259208,0.1333141474534593,1.0,0.04307921889932398,0.028785475512542607,0.12514905404813653,0.647235795528909,0.5011682056324485,1.0,0.595519419728638,0.04461019698910738,0.16452399490542233,0.6320438066194222,0.4339570839566214,1.0,0.3731575371644744
958,11496,0.05340392544045469,0.18447047959417887,0.07028154902925905,0.2146384066938618,-0.16670420482058484,0.03147576415741356,0.14036265734835987,0.782029197800971,0.46793583853707527,1.0,0.4106095404445691,0.029908755365453638,0.1309863084968489,0.6573052862674239,0.41990346248687616,1.0,0.43995211740002405,0.05461414939023864,0.17947422245058578,0.6349339157954959,0.4086054395317607,0.0,-0.022661703981542436
959,11508,0.1438506854843229,0.3230537861259755,0.12511300122118435,0.3042192418099095,0.19866408516455897,0.022867478147215948,0.11204456559906574,0.8241509335972971,0.7839711138551033,1.0,0.8410332347723981,0.02720748513326519,0.12886657158141643,0.7172705511056293,0.7450935799893073,1.0,0.8108630136751742,0.07499485847237632,0.22920303488630955,0.6577311658444982,0.5365910709140367,1.0,0.47866179281746013
960,11520,0.08100247027755819,0.23827871703911074,0.15534084296719114,0.3352855027077357,-0.30301411882677654,0.01966585227719671,0.11487887008553266,0.8474077119018025,0.6677444382226627,1.0,0.7572191044321132,0.01924084558692204,0.11146268860532706,0.7558446530896902,0.581137461448549,1.0,0.7624659405942495,0.05445609073416976,0.18944609592707232,0.668926198942249,0.3457438823928751,1.0,0.3277230861284379
961,11532,0.0738555071674605,0.23053925219415305,0.050594801902574316,0.184230112440347,0.027950795598220425,0.027006596021121446,0.14117481299629012,0.8184374104714518,0.5234721243677461,1.0,0.6343319942291304,0.03205579637867544,0.14539551769729106,0.7279456296723202,0.3556317731436128,1.0,0.5659660652523596,0.02469989473810268,0.12187262749490747,0.6472920131747022,0.5760345619305737,1.0,0.665564618192954
962,11544,0.056697836513462475,0.1973873055772968,0.06131881437297451,0.208421440628916,-0.029889922974367523,0.050003981057508994,0.18130079090090542,0.8666472598399719,0.1942462547076182,1.0,0.11806192030562002,0.05012052505612774,0.17259464635793656,0.7408695507275004,0.25071354165285714,1.0,0.11600639216230058,0.0389097731800347,0.1653422084543497,0.6488869033064392,0.23984587918264016,1.0,0.31373442845926114
963,11556,0.046371372134571175,0.17089525975131933,0.047624552131804006,0.1734983252087071,0.03651559697942478,0.020361461129853934,0.10943569317613937,0.7762810991023417,0.3719263487302757,1.0,0.5609044936008291,0.03966049971007158,0.16852291574820102,0.6897115328902295,0.1468683716559192,1.0,0.1447201606418812,0.03695884868171968,0.16643029717006144,0.617819082255411,0.28783567871185034,1.0,0.2029813442987206
964,11568,0.15489850393488055,0.33194309323413973,0.43151344707317496,0.591823058502293,-0.46230639577507854,0.055856449892810495,0.20192700002434152,0.7635888026278609,0.5033460935253249,1.0,0.639399681250036,0.029218826277576992,0.12613516818528933,0.6455277304790277,0.7877718194512886,1.0,0.8113679245742709,0.02790298542522283,0.14300391046743813,0.5862222423975025,0.7278695923294456,1.0,0.8198627829423499
965,11580,0.08181588480137034,0.2266888689182324,0.07545119801171032,0.2114039444340503,0.25696881292447327,0.035806154831100126,0.13557482956796932,0.8587528307823161,0.6362331742391947,1.0,0.5623569320550768,0.04068206559428455,0.1769176090179859,0.6949905579471994,0.30252351533409605,1.0,0.5027607940310002,0.05197698549957699,0.18831343409771126,0.6217912388780946,0.1665099028266725,1.0,0.36470789717956553
966,11592,0.0729813467882968,0.217108205063172,0.1278587339780043,0.277029373726758,-0.14469734953975724,0.05788116465356955,0.19454752444290022,0.8473602531233038,0.447748603988694,1.0,0.2069046790617558,0.02365480416828189,0.12490473798702247,0.6492148696854612,0.5985736632979559,1.0,0.6758787661606274,0.0457781534384021,0.160849354642705,0.6065484375928735,0.7198931328222653,1.0,0.37274172849680776
967,11604,0.09963349898501594,0.26073192960821445,0.0811742753166813,0.21985104475385941,0.15575260551630765,0.14695899372064183,0.33505563378013203,0.8395793103682856,0.14121376090128002,0.0,-0.4749958118277393,0.05422224929078242,0.18441231568262828,0.6573386973870676,0.5666724718600121,1.0,0.4557829460657906,0.053704653039185014,0.1820999100735563,0.60894935917936,0.525790537634693,1.0,0.4609779483177465
968,11616,0.1013637205157586,0.27335022435506134,0.3755791767391439,0.5582345821565943,-0.4116524091938363,0.06982312123722384,0.23172284844836785,0.7881782719826443,0.3343325655710401,1.0,0.3111626045102722,0.05078965826427718,0.20057877650451972,0.617147168416288,0.43983895730077666,1.0,0.49893652279287526,0.05999821786510826,0.2185684823590938,0.601117156607925,0.4243081457747091,1.0,0.40808982188276544
969,11628,0.10177111048432054,0.24810116809370775,0.0408492660939432,0.1535286744129796,0.4075864019472699,0.05923856871393716,0.1957822428534601,0.752854841727516,0.18922268870255077,1.0,0.417923530243253,0.0738321945344504,0.21785613081335406,0.6068994411217016,0.3148726995822443,1.0,0.27452698331492187,0.07369995014842383,0.2205568748246541,0.5882211941013212,0.3530050279925478,1.0,0.2758264128425868
970,11640,0.10517531000445167,0.2626083026354594,0.13888980776514112,0.3232685539319205,-0.016005680813838418,0.0548156994837204,0.18809043379082083,0.744495229915214,0.34057958747441464,1.0,0.4788158981285602,0.07720694062488821,0.23982813476490825,0.6272471427167867,0.3569973184649603,1.0,0.265921435157925,0.08293084347508965,0.24401125425943135,0.604254691181711,0.30785460837403333,1.0,0.21149893951746368
971,11652,0.09599321796298133,0.26285690617769925,0.06726129378974997,0.2219689948867025,0.1273393046378913,0.07908167696342171,0.25318299002484435,0.7806945535316997,0.11530713546757392,1.0,0.1761743314624723,0.026745415877491366,0.13857042706671538,0.6612619687890582,0.5213193640772301,1.0,0.7213822346511456,0.07220503143541397,0.24481086921831705,0.636456997220982,0.22721461064007592,1.0,0.24781111658055877
972,11664,0.158653453019803,0.34058159270671967,0.27004569028216396,0.44933155668701,-0.291476474528945,0.07987654618319114,0.2501948730920883,0.8336576707735052,0.27270969770492615,1.0,0.4965344613506709,0.17004944805594835,0.3627894898184863,0.7020215964413679,0.043249281380752326,0.0,-0.07182948003484624,0.2262492969281672,0.4339558825767833,0.6602970501793753,-0.18014282685394317,0.0,-0.4260597082619244
973,11676,0.10028630097051301,0.2665438422918632,0.09902077809290888,0.2607311209887316,0.11003157589644603,0.08186362007066424,0.25814774933990914,0.8134961237230807,0.2214736170395732,1.0,0.18370087162019821,0.07382342762888489,0.22681934541062862,0.6634425298390537,0.3491598131807924,1.0,0.2638732617070896,0.11538515212194363,0.29924421998931744,0.6398817821010693,0.07976598227152168,0.0,-0.15055746403359827
974,11688,0.05921911153491222,0.20259423848158875,0.10382387883864931,0.24456999615036992,-0.08412132255516147,0.05747305775550007,0.2012298851025259,0.7867050389043736,0.07547225485761191,1.0,0.029484633155679285,0.031155807647402903,0.13978947284154267,0.6422869323124593,0.3444853854745235,1.0,0.47388930971996746,0.021072573984739343,0.12302686593633416,0.622192477470201,0.45860299300483476,1.0,0.6441592344336988
975,11700,0.10761334942806373,0.28398997075927385,0.08585418228735686,0.2512217523459917,0.3210896362869413,0.0412778187986436,0.17022008508515132,0.8139175384147457,0.322984347815915,1.0,0.6164247370979139,0.10609626988844385,0.2884261811886522,0.66051798780648,-0.145760927469489,1.0,0.014097503215751206,0.10555485982192721,0.29568580973182085,0.6261581243401527,0.04967765762222072,1.0,0.019128571102719594
976,11712,0.08024907653825954,0.24625654765088648,0.2382066251454833,0.4212239314706179,-0.028894675148173475,0.018204261181052523,0.11750819451061527,0.8697954257616155,0.7295779374541645,1.0,0.7731530135132028,0.03318549773636457,0.1602603402025002,0.7224526110845825,0.5866851098226851,1.0,0.586468789824104,0.028551319415516817,0.1440460729730677,0.6637307390116324,0.6010557181235442,1.0,0.6442162246950631
977,11724,0.14032604289402814,0.3315140257603583,0.055737226902911885,0.18254078036663915,0.5474966394920211,0.09755838389310086,0.2654660519743906,0.8899851301845277,0.38487605913461975,1.0,0.3047734983393261,0.08405446628317399,0.2404664035977818,0.7234809310606914,0.2861860009142058,1.0,0.401005939099626,0.06593020798783476,0.2162743845000412,0.6595605120927077,0.42678517595431453,1.0,0.5301641332705138
978,11736,0.11063181847450665,0.29343779901814826,0.44791050029745455,0.6109120781417253,-0.37144130102129325,0.06100448126894703,0.2116915990014613,0.8695802246213447,0.4345853289650992,1.0,0.4485810491942285,0.05968592493733051,0.20907985520415284,0.6847831757576969,0.25557937347297693,1.0,0.46049946787158536,0.10369585893954825,0.2913361952611428,0.6397981078701713,-0.005611809976688154,1.0,0.06269407509157665
979,11748,0.04037433938535038,0.15037405949312152,0.108759164855935,0.28592169212495017,-0.14018575965632984,0.021824356037963257,0.11370733415232392,0.860711177334311,0.3703637183851735,1.0,0.4594498295151769,0.02018328427052916,0.11182764953320572,0.6912101693927355,0.2593180510099248,1.0,0.5000962349404394,0.018067322585416944,0.1090909588268465,0.6406274438099328,0.3891657005228811,1.0,0.5525048122032535
980,11760,0.04171397975361355,0.15904089498892934,0.07273934496968107,0.19089185380137352,-0.09053414473557646,0.02483665981626751,0.13143784201426387,0.807641169367751,0.22990615542424223,1.0,0.4045962537507348,0.03817575250433696,0.16661688418719647,0.6604902712770924,0.1392146678866979,1.0,0.08482113838514971,0.054178585082043096,0.19258089990869878,0.6032603141881643,0.14041758902029722,0.0,-0.2988112235287206
981,11772,0.04210634711962569,0.16426030711032774,0.053512396911293246,0.18975529332472396,-0.11797803391578573,0.0751208276372002,0.24741159471574334,0.8286339383148738,0.6576955919313583,0.0,-0.7840737270269291,0.05920126296643193,0.19883503299308006,0.6994277046612127,0.34091058598991586,0.0,-0.405993799420286,0.2084529917868874,0.42772090168031834,0.6307529926132307,0.6237780578277423,0.0,-3.950631105440345
982,11784,0.08530763428144221,0.2493225881800204,0.06736027383715226,0.22696561489186565,0.1358013828039512,0.014416625582889328,0.10064991841639716,0.8482891170503855,0.44107805716473036,1.0,0.8310042740685224,0.03739035982911654,0.16730045304523955,0.7355735274759381,0.3145663733768299,1.0,0.5616997219057753,0.025642402413340728,0.12314451259941665,0.6481606529276792,0.5968651715742582,1.0,0.6994125715789663
983,11796,0.03078119302657274,0.14652025749088357,0.030354580409668385,0.13982281116192427,0.02377511333511536,0.0871620023040503,0.24172094191107873,0.8273842489082736,0.4923973834608706,0.0,-1.8316641992662608,0.11940191535855571,0.2769703445988984,0.6896349036849811,0.4732084719838687,0.0,-2.8790541762133333,0.03546520732719333,0.13771520564406547,0.6148436969519409,0.3433424318791252,0.0,-0.15217130462022643
984,11808,0.02953616231299322,0.13669554280211002,0.02135267571649795,0.12900250119457243,0.49535151487851337,0.02578019870781227,0.11030314100525135,0.8310375767449504,0.2703232942609774,1.0,0.1271649161925369,0.04765585216252355,0.17205864675212437,0.7007137537165024,0.11038831592785348,0.0,-0.6134747519842589,0.03931004241434306,0.14578598597159576,0.6234080792707097,0.10061691906383785,0.0,-0.33091232360441847
985,11820,0.025668120563334385,0.13295976696729958,0.024123259000778118,0.12221792398178259,0.12547393959168998,0.028116059710376784,0.14231748639171127,0.7746086035083255,0.02315034860783758,0.0,-0.09536885028267927,0.028585526620524382,0.14468279755745722,0.6547513030292701,0.1376162356495804,0.0,-0.11365873282352279,0.02593154842318494,0.1281511675176827,0.6214269313126792,0.11060655284750857,0.0,-0.010262841769056008
986,11832,0.029127240720049713,0.14277538056926228,0.07925706162092372,0.2412206048856768,0.4808467835180389,0.03225320352215793,0.15025872158752585,0.7748789058613406,0.13269390027555078,0.0,-0.10732093822936206,0.027152040000886255,0.12786601153710817,0.653788669724141,0.2440273438572585,1.0,0.06781283329058463,0.04014309924303413,0.15899439463489332,0.6113054801003198,-0.06744850770619627,0.0,-0.3781978055821009
987,11844,0.02821522222689495,0.1407900191316065,0.03435980649816661,0.15442801198165734,-0.040726627019263925,0.028867133375402865,0.13036141088425557,0.7887938492692448,0.2625570982799351,0.0,-0.023104944673677297,0.02708618042475119,0.14025727272504604,0.6443677636349588,0.2845701683353806,1.0,0.04001534324502143,0.03211790459378471,0.14359862402635237,0.5961898896188738,0.03413621009798832,0.0,-0.13831832815301026
988,11856,0.028837232507644205,0.14877576271995485,0.22429581974313995,0.42823528263234295,-0.21879072581011458,0.025929645113570998,0.134101000205742,0.7359100813869762,0.2556188810914793,1.0,0.10082754623913581,0.018407060149837645,0.11291735783953737,0.6249275841499244,0.3495964729889013,1.0,0.36169116974181614,0.020830648587462957,0.11624204485899399,0.5839770926367096,0.4109715651091802,1.0,0.27764744477677783
989,11868,0.07616570562129411,0.24635527825850445,0.06060795667825427,0.2152931192424489,0.17631038212556277,0.021715601051949945,0.1200830453649147,0.7577262014450044,0.26596740843036015,1.0,0.714890043034292,0.03699103867595835,0.15912108525992538,0.6612811566655392,0.3539623366531028,1.0,0.5143347209322442,0.03791168004810572,0.1591674190677874,0.5965600812450631,0.3338162429669259,1.0,0.5022473731602046
990,11880,0.045544294019354815,0.19147998791213708,0.027583799701816736,0.1286004595323955,0.2785611467812476,0.0245664861983209,0.12519490866909846,0.7105310620032427,0.4594711781680876,1.0,0.46060232731061856,0.02778083185266487,0.13745352282449436,0.6163063197604417,0.31912391252499417,1.0,0.39002607349981233,0.01241811548353784,0.09308791522373268,0.5809415585017519,0.5933110981104355,1.0,0.7273398182819444
991,11892,0.0316045924361667,0.16372109505143456,0.030755520244870646,0.15498315038701335,0.13161291518746376,0.021938616904829233,0.11997090461778648,0.7525736065227424,0.32442651653058524,1.0,0.3058408536942945,0.01737334572245897,0.11387526474773586,0.6386302104434677,0.584254995141898,1.0,0.4502904678315741,0.01858659905809847,0.1158219201322686,0.588798287118977,0.5320945117799325,1.0,0.41190195394423423
992,11904,0.034762179095909146,0.1340778831688166,0.05585348356524992,0.18473712974403442,-0.16731957780648526,0.02559741018950566,0.12812471993132069,0.7554716624958667,0.33526545009702324,1.0,0.2636419564239,0.026686736281333345,0.13675303383914714,0.6392197060694367,0.3363079929332951,1.0,0.23230542574145274,0.020498161677742367,0.11360124299924353,0.5820302589633533,0.3221691976064565,1.0,0.4103315093916361
993,11916,0.07727885562336306,0.22410185116220607,0.136088629595851,0.32029419212842963,-0.23045437649363612,0.032435408881264796,0.15132307524582697,0.7492838893125915,0.4870109481931042,1.0,0.5802809368794681,0.046712244790745906,0.1766370716628586,0.6348003597063043,0.3547649748345563,1.0,0.3955365356546017,0.04358890440953609,0.16847967857654142,0.5751291979023987,0.46786023812807553,1.0,0.4359530293515601
994,11928,0.04800398956804902,0.17760622972870263,0.03359211541726887,0.14832897356942876,0.16746247560038638,0.09820448840646274,0.24904066498934171,0.7419835442335116,0.41091116528597427,0.0,-1.045756806676474,0.07917885316758591,0.21486191777377592,0.6205496463020672,-0.22677091366711774,0.0,-0.6494223476018453,0.0612576736995006,0.19929361832284642,0.5714971031892622,-0.14861207046826913,0.0,-0.276095471453754
995,11940,0.16956383328054983,0.3083491009900798,0.1749852402493005,0.33556062755057275,-0.015488010633597194,0.09329003159238775,0.24454819166344355,0.7537105068704719,0.5988897917206495,1.0,0.4498235278861865,0.11239047598642303,0.24816247069899244,0.6238161682094938,0.42723167934798123,1.0,0.3371789619755252,0.0681462702989837,0.20345042159009577,0.5781646786816148,0.4776586147123777,1.0,0.5981084587405316
996,11952,0.2399496160208642,0.401720571474901,0.345607637254188,0.5160908987343791,-0.20311568595186058,0.23131662268227782,0.3864289464687695,0.7685497343032618,0.1194550219284922,1.0,0.035978358631070795,0.25243415995526547,0.4016454169786626,0.639838833512086,0.040177822988902455,0.0,-0.05202985585655484,0.13082218159074024,0.2735155665826334,0.60622085571267,0.3672705777574389,1.0,0.454793119654899
997,11964,0.2806850876089511,0.46040087850152894,0.2658062588277224,0.4450707485252295,-0.18060337287008538,0.21246114387225448,0.39879674504425605,0.6815061793841457,0.5571470689612327,1.0,0.24306223147752637,0.2126685586870802,0.4096619708588219,0.5651502887271005,0.4296887355449929,1.0,0.24232327232371942,0.1935935640469391,0.36893750770229056,0.5580372323736047,0.2332675958261358,1.0,0.31028197580395667
998,11976,0.16104029208098758,0.3363974694677871,0.10926646800370476,0.260345983442336,0.40105391648862565,0.14059795088137975,0.3263958974138092,0.6586884657918297,0.12859704226744162,1.0,0.12693929534931125,0.2000427825683551,0.3725117038527035,0.560580339929184,-0.1635784603172985,0.0,-0.242190882687626,0.22294619780340233,0.39493299889835637,0.555559512870744,-0.3590372373986538,0.0,-0.3844125275883261
999,11988,0.114015364537716,0.27594291466087606,0.18304870073739063,0.364933558058139,-0.3455906557695551,0.15564618124541005,0.329151731337505,0.7191523493194023,-0.2833228882307976,0.0,-0.3651333912450254,0.1993815577467811,0.3702191837046682,0.5950316794172672,-0.5334568112012402,0.0,-0.7487253455285507,0.17190483773933465,0.34329529300316075,0.5835293857135189,-0.36310575443494836,0.0,-0.507733965824132
1000,12000,0.09790385137795136,0.26881189703681846,0.045321250936270895,0.16974338120374635,0.08178350562907503,0.17395572274860563,0.3674520969848228,0.8003813649139225,-0.6681280864232766,0.0,-0.7768016303777574,0.2658399556822597,0.46328199965407874,0.6371149663564023,-0.6463397525031106,0.0,-1.7153166289240458,0.2615684856258742,0.4596504833342272,0.6190790841183762,-0.6313243047663015,0.0,-1.6716873947696533
1001,12012,0.17563604897312338,0.38899674330974016,0.3122310114014068,0.5246583364197961,-0.496908820712325,0.2887038607671098,0.5101067956768703,0.8703167561989569,-0.6539796433205957,0.0,-0.6437619865343736,0.2340858958547433,0.458482706406786,0.6712735854759868,-0.3735423870563658,0.0,-0.3327895794932405,0.2555716057745294,0.4796858351610873,0.6433697029226544,-0.45316445493454127,0.0,-0.4551204451976607
1002,12024,0.12362380797443619,0.3335027926629643,0.10867123542676495,0.2920541932888652,0.2346885239918922,0.06108293628045869,0.22078965026490585,0.7982392247611667,0.5139186467043503,1.0,0.5058966611585864,0.05095412819128426,0.21006790001990924,0.6622139513227886,0.3790655757681486,1.0,0.5878291647364485,0.03128041604325436,0.16118445976070775,0.6351286008900516,0.40926061615047465,1.0,0.7469709390466055
1003,12036,0.020877483488664025,0.12177857247531221,0.10328127634453625,0.28803815068886945,-0.0599399628704536,0.1176612306511285,0.3263016148932393,0.8404321549274443,0.6869905296937081,0.0,-4.635795651090599,0.017124763231496865,0.10615655002208868,0.6616811881707532,0.8078405512205483,1.0,0.17974964555497308,0.00500263204485751,0.05739066204170506,0.616447155967256,0.4095358346852441,1.0,0.7603814632365141
1004,12048,0.05194454738931964,0.1913721751625186,0.025549419168894638,0.12866494926504857,0.33012821655625274,0.01254171419794937,0.09238100709396703,0.8248832187371761,0.7914439659097567,1.0,0.7585557131925635,0.027214521960041777,0.14159292525842818,0.6710478286176745,0.5875028032442831,1.0,0.4760851075268513,0.01684589681433037,0.1024716801632863,0.6102435470191936,0.4491221993901096,1.0,0.6756946077887269
1005,12060,0.0493474483459015,0.1964826110523128,0.2284298824953992,0.41819973655709425,-0.010609038514058389,0.004473113662936645,0.04847250736372052,0.851837474521173,0.8115311599403521,1.0,0.9093547120900294,0.007988474292382806,0.07297746760249871,0.6807675456148806,0.7444208167765529,1.0,0.8381177839958917,0.011123289169975436,0.08851314555185814,0.6304041670030246,0.5352746521857158,1.0,0.7745924147484462
1006,12072,0.025788987724334262,0.1350200464687362,0.15742283771707663,0.35277342738757317,-0.16046472552860122,0.010389389081510889,0.08521933393781304,0.8467992414780813,0.21778089824099692,1.0,0.5971385463994947,0.013128951856651269,0.09612884125315783,0.6440518647291299,0.7767831704586425,1.0,0.4909086003300973,0.005315734380696115,0.057923938325661374,0.6075233085941918,0.6283312202972747,1.0,0.7938758032103665
1007,12084,0.012813873771372922,0.08799545839734578,0.018662430447079756,0.10881506071880982,0.009462992527287417,0.00937051780004345,0.07576105723800432,0.8310965695184118,0.10138774780996218,1.0,0.26872092177325535,0.005767395580031875,0.06371563046575357,0.6476227277561373,0.20449175033174477,1.0,0.5499100675615649,0.019271172793221724,0.11816218709945643,0.6172810240685032,-0.10108494600957134,0.0,-0.5039302819007672
1008,12096,0.019642051841519185,0.10691836675389961,0.06265064912402592,0.20555259658832026,-0.3536768152757825,0.03284950250430756,0.15970894625135104,0.7779416555296885,-0.09415356108659165,0.0,-0.6724068732407369,0.011604096426683932,0.08925955143352832,0.6373816827631797,0.1929546740704498,1.0,0.40922177986745245,0.019252662479365842,0.11770246078461072,0.6135943902627443,0.0978965680893224,1.0,0.019824271175695296
1009,12108,0.049450694759651116,0.19821371500445006,0.04447095871864685,0.17634888762734058,0.3102986253421585,0.08106393812597518,0.27099585284754363,0.6931433033959167,-0.17139922528703655,0.0,-0.6392881539880533,0.08684289664553739,0.27726608635430194,0.6150181069762646,-0.28820849081090005,0.0,-0.7561511939847634,0.06493218999364526,0.23491016661473718,0.5885215418541365,-0.12832576991774394,0.0,-0.313069317008386
1010,12120,0.012324137300429062,0.09231128859539812,0.017212292981566384,0.10951079327788577,0.06278755562496283,0.02319338734639333,0.1378927570565104,0.7904240025334215,0.1250558549551032,0.0,-0.8819481462273109,0.02281992157487306,0.12336516631091103,0.6714267541444853,0.09356216507569569,0.0,-0.8516445426227592,0.009214595482989408,0.07932753404254102,0.6222993124155407,0.37110396919459887,1.0,0.25231314303285124
1011,12132,0.019897690326361392,0.1209079204210226,0.017805408145785004,0.11057358035930971,0.15413151903738967,0.02273741569832544,0.12921098153277769,0.8022668235542053,-0.08335957725707191,0.0,-0.14271633166397435,0.03488357526842681,0.16178938715623123,0.6603065340581372,-0.2227604743707022,0.0,-0.7531469580774113,0.03469991763858829,0.1480971182553971,0.6191395987854146,0.024405982922196513,0.0,-0.7439168601702588
1012,12144,0.01955775630498072,0.11353854352551063,0.021285054356814145,0.12574314844153386,0.10131937421114778,0.04490542141131564,0.17586555143291585,0.863191624889869,-0.06882173271715313,0.0,-1.2960415658661062,0.01516775490332061,0.1017701921026597,0.6650711430180903,0.26005819355982335,1.0,0.22446344729953105,0.02626615219251037,0.1283892434010582,0.6325132926399945,0.2593850973425562,0.0,-0.3430043703848198
1013,12156,0.033048833959300916,0.15420745901735491,0.053877062084384066,0.20759428875698913,-0.23288738762436054,0.08057966540620005,0.2419720534917397,0.8106981814277866,-0.3026349428873785,0.0,-1.438199952997814,0.03980141671503201,0.17013669110888027,0.6327941790780885,0.021721549712374055,0.0,-0.20432136165671655,0.043575664131979684,0.16763566501898527,0.6101032633353727,0.053609264505503004,0.0,-0.3185234972478117
1014,12168,0.02921670153721533,0.14286847699033237,0.040234559882874624,0.17394545385318905,-0.1301835347937581,0.043129662338840004,0.17031018164195535,0.820869666614589,0.04903029248551659,0.0,-0.4761988886357611,0.028863428808330704,0.14103821214595724,0.6521083926069002,0.24007942364541773,1.0,0.012091465165382731,0.03956246534091956,0.16545036045714578,0.6308862346363485,0.17190771059785598,0.0,-0.35410444230078886
1015,12180,0.027482978863104458,0.13726197043402888,0.0258051308570936,0.12140380306724981,0.1099924209714405,0.048971460448843186,0.19894323305515005,0.7717578357800476,-0.05837072426645555,0.0,-0.7818832773832511,0.02308503509848552,0.13156970187655392,0.6203555732693063,0.20139915996331248,1.0,0.16002427489849436,0.03962565088050082,0.17502681496426709,0.6094592459704506,-0.0010063213248682978,0.0,-0.4418251776083031
1016,12192,0.026093232033879962,0.11675100632741199,0.049829465537767265,0.15964646542143685,0.05761360692934003,0.04336928581670287,0.1736577723413036,0.8264962100523725,0.09067749642746874,0.0,-0.6620894552423151,0.016867427295603064,0.10015426719222757,0.6800758062503128,0.353798646286061,1.0,0.3535707928514924,0.016160683110204587,0.10515323081558041,0.633694670186047,0.2919545090110216,1.0,0.38065613760605665
1017,12204,0.030843147743687144,0.13623807381018563,0.0355614202080905,0.14076475043233103,-0.10249380291483338,0.043880777416869986,0.16994068730624926,0.7917116776949551,0.3659912314341508,0.0,-0.4227074934610502,0.036174020149268966,0.16026803971082862,0.6565767765185342,0.305266596402275,0.0,-0.17283814381990004,0.040052169584489296,0.1665966159046615,0.6203916340406194,0.29591677390491744,0.0,-0.2985759403460051
1018,12216,0.050159277858139166,0.174491391766445,0.09003441306385972,0.23351420511981816,-0.059267653245147,0.030874579861376872,0.15339734233433377,0.8648516420489546,0.489643413732099,1.0,0.38446921128536615,0.032296945769050046,0.15456555092260757,0.6857283348893191,0.43269548323236123,1.0,0.35611222592971725,0.04105102823812306,0.16861505961298087,0.6645850048294202,0.4500908119350793,1.0,0.18158653810320247
1019,12228,0.0644656127796775,0.21337018656879628,0.06255544367536293,0.20179737403313627,0.06538243512101748,0.04242984221524093,0.17957930924126633,0.8602789366495125,0.5670323518896975,1.0,0.3418220911006875,0.04046748825256122,0.1741557619652679,0.6818336857241857,0.5583746929129549,1.0,0.37226241235205604,0.05415260056388041,0.19288518887122097,0.6589594711073633,0.48406429598857503,1.0,0.1599769516043167
1020,12240,0.05250680520031742,0.18829705533310526,0.05771990650079644,0.1944420600943909,0.024768486640864663,0.04653086663796981,0.18091225280575363,0.8095208555319834,0.09498217644940202,1.0,0.1138126484662122,0.07999828468061303,0.20910043057199632,0.6609547867255104,0.019326955590928334,0.0,-0.5235793603403129,0.08258040017525328,0.21527886106100005,0.6462739621575457,-0.0946378738374914,0.0,-0.5727561381844284
1021,12252,0.05198913862290453,0.196682387729313,0.053219397269514725,0.18876255358298252,0.14029701224677377,0.06610011740459042,0.23406346664833902,0.8220722059105778,-0.031600487847692,0.0,-0.2714216691305038,0.06674904394275695,0.21384513457648513,0.6655077525077112,-0.09199735369300643,0.0,-0.2839036327743607,0.052158462779463365,0.17269284550952335,0.6373997883936983,0.059647605478838205,0.0,-0.003256914060204119
1022,12264,0.07423645429001903,0.2524249249356599,0.06567278832105493,0.23602536997885723,-0.05591223112457426,0.07201504121306089,0.24563706973709523,0.8133319634192097,-0.04695187935824978,1.0,0.02992348029284586,0.15283691615065165,0.34922411742828235,0.665104309839913,-0.29165514337687604,0.0,-1.058785237149996,0.059569883367543104,0.2272483076224668,0.6232623736028132,0.13489960402894266,1.0,0.19756561736068556
1023,12276,0.14143172017757444,0.345520597144507,0.15873562991157456,0.3621155851958971,-0.19421560685403563,0.1624241038571321,0.36593492833289726,0.7247208256787913,-0.07096218006735325,0.0,-0.1484276911374669,0.1325754877004163,0.3286845886276317,0.631453939641945,0.09255220126052174,1.0,0.06261843146670854,0.1304866295950758,0.32898670475912184,0.5964658933087479,-0.13448894854169305,1.0,0.07738780641822463
1024,12288,0.17158721838481492,0.38930437610644253,0.14669306552526967,0.3447147742390957,0.14851799318792952,0.20699300284181857,0.4338383296780825,0.7572551606796342,-0.11038043428790574,0.0,-0.2063427846799164,0.0993610614184177,0.29068182704976214,0.6293767993957147,0.5300620784044577,1.0,0.42092970354247006,0.16460712364547958,0.3794301242580198,0.575229017247558,0.18765367302809038,1.0,0.04067957278543455
1025,12300,0.0167672175376606,0.10483990388833116,0.0329430442133074,0.1361637428901006,-0.15599326451658568,0.010810054921385752,0.08282658840152751,0.7030811621427198,0.42628477536003073,1.0,0.3552862961844775,0.008579364948011176,0.07439441627690471,0.6051933352620231,0.33002849438526505,1.0,0.48832506474367676,0.01626826242499303,0.10722754281042463,0.5863794440115448,0.22095463764618817,1.0,0.02975777653906353
1026,12312,0.03627433593513459,0.14263122612559342,0.007262207028607237,0.06844480569356719,0.7053829439839642,0.023143836582862398,0.1331891486188443,0.6751563281528413,0.33412317891016163,1.0,0.36197766309911295,0.03499120190622218,0.16369691115471083,0.6028580293671861,0.24240311497309044,1.0,0.0353730535882697,0.026014205969854376,0.13910667186519055,0.5774336872626004,0.4510436926935772,1.0,0.28284818180068905
1027,12324,0.06092231986981549,0.20421863633166237,0.05644363502820208,0.19716517007477666,0.047483597398517444,0.009365356182748806,0.07795094017739726,0.7567151358200879,0.5302215075437828,1.0,0.8462738089626006,0.02841001573335532,0.142338936585125,0.6399989119555842,0.44840740222610814,1.0,0.5336681893587687,0.04630389689871193,0.17916083744219669,0.6072900292697941,0.2891225909740272,1.0,0.2399518436320478
1028,12336,0.03410277912230815,0.15060790529887058,0.013140866470069614,0.09100769230343479,0.45922806804040517,0.03809003775200303,0.17059664318052215,0.8397329885503515,0.197779837116055,0.0,-0.11691887676939028,0.011070441172011882,0.08486813363684172,0.6537039987668898,0.6127917279603479,1.0,0.6753800875785454,0.033719284127515056,0.14684863613308133,0.6038544152918872,0.06260865469521161,1.0,0.011245271050130734
1029,12348,0.0627702156800135,0.21483111438802074,0.056803098777197226,0.19875970852440164,0.10661590168343618,0.03236642246266391,0.15602774505433645,0.9040403728782888,0.39186851942007006,1.0,0.48436655646270743,0.019390951634984707,0.11884577516160565,0.6720883958141911,0.7007734890935611,1.0,0.6910803726749193,0.05108080973772109,0.19228462488653178,0.6336497061477443,0.10652217211915402,1.0,0.18622535888488911
1030,12360,0.026336340173672465,0.13358976796938285,0.06665084769131174,0.20382858715439264,0.18054158559441863,0.020749490456063474,0.12021761540707006,0.9046850485553112,0.23845339814477545,1.0,0.2121346276956877,0.04105599762700252,0.1546439815042604,0.6551038731694325,0.490100384592633,0.0,-0.5589105151385003,0.03160890254694619,0.13204951431076428,0.6327756489260383,0.37905515160987224,0.0,-0.20020102787647476
1031,12372,0.021307838890747697,0.12258225949713449,0.013736046232797562,0.09822219515924058,0.19913696628049662,0.0429919043533844,0.1706053258740091,0.8651516784725549,0.00210463815237144,0.0,-1.017656721257282,0.030235551366063585,0.14653770097043617,0.6478147311605865,0.13288393307106303,0.0,-0.4189872338105807,0.01857385523551726,0.10791855923544498,0.6219989705546571,0.22739999927412224,1.0,0.12830881954986018
1032,12384,0.024780281254675563,0.12615230396736068,0.04258574524662867,0.1710843671364107,-0.16659924735578957,0.019600175869339622,0.11551425393880622,0.8095082117886674,0.16723081621490496,1.0,0.20904142822666938,0.016895529227374976,0.10805361204736037,0.6029747709965806,0.14252599746487582,1.0,0.3181865430124158,0.014908952823597716,0.09829941194215168,0.5982129404101808,0.33800740685494696,1.0,0.39835417240130466
1033,12396,0.06982257227525161,0.23293217928731483,0.06593150816348795,0.21730553116535575,-0.21457122839799045,0.03995056609191645,0.16463581982984096,0.8435869237740983,0.4426796900139257,1.0,0.4278273516703882,0.05427618059709876,0.20426070181169595,0.6564952299919776,0.3189817205463462,1.0,0.22265567096076777,0.08053823078349111,0.2532904407849242,0.6296498712411003,0.039392970742463625,0.0,-0.15346983302185824
1034,12408,0.01603046390152184,0.09679625210466299,0.014888642186076271,0.10774829396063455,0.1110870000339285,0.01410871234279127,0.10177732694985721,0.8928811851681715,0.19835439859581522,1.0,0.1198812193169364,0.0173643856041646,0.09941655773727574,0.6957090120455828,0.3320796973391805,0.0,-0.08321167190402545,0.022158390882286615,0.12484796772530447,0.6676749053994705,0.19569193332417104,0.0,-0.3822676011380446
1035,12420,0.023515969750637872,0.1149234186221441,0.0700726110426821,0.22829987063698318,-0.31284947303626176,0.014542519587118335,0.09675442189048632,0.8569081014727974,0.451075114939602,1.0,0.3815896286087088,0.011679729640018099,0.09121488584327347,0.6782215127505202,0.5431963894764424,1.0,0.5033277485951313,0.021527845306279787,0.12727732613706536,0.6529125639684843,0.32841106680083676,1.0,0.08454358741910517
1036,12432,0.0405238531983184,0.17681162816422277,0.12101574059297975,0.3137575966712444,-0.21436796876069114,0.026520130114445224,0.13984789865124417,0.8514598360219583,0.254250046709789,1.0,0.34556741224337184,0.03145096915826164,0.14985352446229927,0.6765410489958466,0.2611097000427684,1.0,0.22388996415654894,0.03740072761950724,0.16623791709366922,0.6392895604962947,0.3291403024505216,1.0,0.07706882076408172
1037,12444,0.01970258707018228,0.10781285760412011,0.07355411915383266,0.23374417169871806,-0.11019149542461319,0.01825441092430778,0.11440525278144358,0.8247978579862885,0.15400632081478932,1.0,0.07350182697916652,0.021995590689165425,0.12112462047546375,0.676510738815107,0.09791319234940468,0.0,-0.11638083926822773,0.015975327737644745,0.10860847833916187,0.6007641796461877,0.27244882144714516,1.0,0.18917613810108913
1038,12456,0.02711062906578766,0.13735846771916668,0.017665028878379507,0.10952386083119851,0.26799849606481674,0.018409520786802604,0.11308970430693514,0.8292384080015953,0.5125061585244298,1.0,0.3209482250622302,0.016936976689025437,0.11259629746325417,0.6882058341501475,0.31769786616016493,1.0,0.3752643419698769,0.0167138127117946,0.10632116545220695,0.603531561977775,0.3439041155295183,1.0,0.38349594650731855
1039,12468,0.018107548521042616,0.10932487727596125,0.020634610054541928,0.11347911654126681,0.012613440078115368,0.02277104933824298,0.12330028721040692,0.8656411187029939,0.18466567176802964,0.0,-0.25754457108210715,0.019132469252671275,0.11446798077031367,0.7063484618210754,0.11650210970982548,0.0,-0.0566018492474345,0.016045630564693183,0.10832002346555912,0.6285906623348227,0.1603566435484338,1.0,0.11387062991731312
1040,12480,0.02241731074506456,0.11035219100228094,0.056877682328853076,0.19183762448665917,0.022347303737978684,0.042962983026038404,0.17374712269207057,0.8157580385270664,-0.05136614608367929,0.0,-0.9165092331825404,0.04078752887371787,0.1533553723627521,0.6740340746451883,-0.11464135892258316,0.0,-0.8194657395601179,0.025488583048186908,0.11459563093150404,0.6065296145511047,0.06060675042200413,0.0,-0.13700449344926557
1041,12492,0.036721790636535814,0.14963621759484444,0.023731907947523067,0.11415047168982795,0.2576311746185718,0.0381056651422194,0.15523571029975913,0.8081315041337962,0.21116710649071582,0.0,-0.037685376494323686,0.03808337776302275,0.15599522152393175,0.6895421251843815,0.10931340012344264,0.0,-0.0370784513196436,0.04105546060049616,0.16268085962930925,0.6077979004194217,-0.060125883918621524,0.0,-0.11801357964414261
1042,12504,0.02960905502330229,0.1379805281393827,0.039878836885629515,0.16149731219856628,0.049086375045182394,0.055630595147480234,0.20119237175799143,0.7153316188542426,-0.30871736619238976,0.0,-0.8788372375848883,0.042511448621208696,0.17773075815111686,0.6428806319789651,-0.03913316357709755,0.0,-0.43575837147630136,0.03561440179807646,0.15091778411113907,0.5973543646467279,0.051191227194302934,0.0,-0.20282129132618287
1043,12516,0.04581552301231504,0.17825214132663633,0.08323209482131204,0.23721080183115437,-0.14006362948370743,0.056712174844609387,0.2023245096856823,0.7657556346258748,0.10175355880031929,0.0,-0.2378375519005942,0.07336995114558141,0.2269354672352576,0.6414156937657407,0.07093783421993219,0.0,-0.6014212284744593,0.07839358532368432,0.23187686488476747,0.5880915168231848,0.01149637184010135,0.0,-0.711070400803073
1044,12528,0.05428487450609095,0.19300564297578593,0.14377111186794525,0.31094449372790495,-0.3419497779202252,0.047732000696009774,0.18305982618282268,0.7693432328641702,-0.029663439820931448,1.0,0.12071270072377016,0.10429737017862802,0.2767779866368747,0.6357691726391134,-0.18491257452188387,0.0,-0.9212970671402305,0.11917325153035647,0.2983973025132482,0.5857763567039495,-0.3134254709866528,0.0,-1.195330699658978
1045,12540,0.046584511750022796,0.1708101156849627,0.07550634421146674,0.2076056294097166,-0.15488170545600535,0.023483740677556954,0.12521704667746872,0.7702737424981148,0.36591994121160354,1.0,0.49588951788154223,0.041588760825196684,0.1718041498127922,0.6381921612148014,0.0954982613069234,1.0,0.10724059858422075,0.03444306299827492,0.1569344011765961,0.60813534184517,0.2524074917894693,1.0,0.26063273598100845
1046,12552,0.06137174254641978,0.20290413342394673,0.05256340486024711,0.19105383382826582,-0.0559070034046103,0.04087147332483158,0.14539619662344996,0.8188273675342723,0.5433588677792865,1.0,0.33403433520047765,0.04363686338724332,0.16241714569598675,0.6516869446949657,0.5859824375771268,1.0,0.2889746717842062,0.039498061421434694,0.17149788213489572,0.6266030811756146,0.45537460597368307,1.0,0.3564129062889241
1047,12564,0.08687797002923987,0.24834633815974247,0.05301003218279713,0.1997546977770959,0.18091040661696262,0.04128552172339064,0.15777522730091242,0.7802696456485743,0.5336365822785675,1.0,0.5247872192513767,0.04019135532981399,0.1751497080338237,0.6344336082275078,0.4387072985322232,1.0,0.5373815097626351,0.06046787678210506,0.22085958009372578,0.6109235693363836,0.24114474160992144,1.0,0.303990680701289
1048,12576,0.09896161667976743,0.2806912193538407,0.07512289809238702,0.2359214399124457,0.09264566753791156,0.03903854021604508,0.15448815408982594,0.7509279162532542,0.675768035636733,1.0,0.6055183663543922,0.055999301358392005,0.20580022429600253,0.6273589748188815,0.3530955088356471,1.0,0.4341310981246228,0.05880836026478726,0.21073778030173554,0.609593687357792,0.40983161401236445,1.0,0.40574576044885335
1049,12588,0.3154584924542134,0.5256230062265593,0.2858569077415963,0.48956203678605953,0.1508997369860662,0.11009097587357575,0.2880069646241044,0.7874733367862122,0.7428375189348773,1.0,0.6510128003938436,0.13368191726530226,0.3242112293063918,0.6727180167829717,0.686460773083782,1.0,0.5762297720207825,0.13562955155437412,0.314811693325382,0.6382361827321688,0.5432659590828779,1.0,0.5700557924461019
1050,12600,0.1296679919024895,0.33841798563947484,0.06275657380604889,0.2345848298634138,0.31471165161148223,0.07234562336725547,0.24360265961287042,0.8481073469979437,0.3271559691744127,1.0,0.4420703035051281,0.06778274144923811,0.23466745638691347,0.7122145988626742,0.2521266439608552,1.0,0.47725926456691936,0.06923999300009205,0.22812088706879244,0.6744126536187249,0.42302222165314485,1.0,0.4660209355894043
1051,12612,0.01996989970272516,0.10723393992948894,0.055274673379209605,0.2039186075695466,-0.12066410495502777,0.030246443058788777,0.14421799970052449,0.7941562569498009,0.04408052210750335,0.0,-0.514601650936747,0.028598502322986965,0.14506883255380806,0.6868052792243668,-0.04114632988431993,0.0,-0.4320804184652123,0.043653355791875216,0.179214723677662,0.6587066079809182,0.06936013888303225,0.0,-1.1859576884063237
1052,12624,0.02009502596835443,0.11659776243445853,0.02732299630772042,0.13448772841697398,0.014121097689287787,0.05438638533669812,0.19979520837577294,0.8260798753263291,-0.19872422827872288,0.0,-1.7064600673990467,0.03452143876485466,0.14945890014906593,0.6873940771387959,-0.06441180233697855,0.0,-0.7179096369031266,0.08629618747356947,0.2447942334055585,0.65917645292118,-0.23148400901347482,0.0,-3.2944053722283506
1053,12636,0.02364727252515894,0.13160100269061814,0.07100466788909511,0.21787368686177122,-0.2766679587978992,0.06947435645050966,0.22398968028216593,0.8636770161130733,-0.04934838793601652,0.0,-1.937943747068255,0.024148712314913317,0.12067506846576422,0.7054251542960234,0.23037106886779624,0.0,-0.021204973606189892,0.022337923386382543,0.12981990165764082,0.62603199338117,0.2128090110166722,1.0,0.05536998558219974
1054,12648,0.09145062894751975,0.2772619374620003,0.08377365230037241,0.2669143935522223,0.19315217627835907,0.040108869776331824,0.16927775232563522,0.8590695549372693,0.30134785829242905,1.0,0.5614150472453407,0.03364093255311116,0.15293536918287737,0.7148291869875818,0.46293765915946994,1.0,0.6321410476857793,0.04312455331842422,0.17479010819922514,0.6272733594804076,0.34123906965316364,1.0,0.5284389641194063
1055,12660,0.044607026381271155,0.18881695735294116,0.031134573892749314,0.14475962870833117,0.29504950277512487,0.016817283947989415,0.10020493898740364,0.8812919574779722,0.4208838085181504,1.0,0.6229902481226506,0.01562708651462829,0.10096494371252213,0.7226527843722841,0.43493060008208967,1.0,0.649672085714516,0.010973514059684114,0.08688887688291154,0.6359086116689342,0.6538789622306852,1.0,0.7539958398954949
1056,12672,0.025623409627718086,0.12605353357564128,0.10039224772402255,0.2773169117253494,0.09502677155802977,0.011868321705162088,0.07841295299197197,0.8625803512472494,0.5460543048458212,1.0,0.5368172355827482,0.008298960076966115,0.07703121150465075,0.692767936596863,0.5499846669119002,1.0,0.6761180421520199,0.02347910786577582,0.13627864815704796,0.6236265189454261,0.5824808762786774,1.0,0.0836852625429938
1057,12684,0.010858630442805698,0.08670479854814356,0.03497240165073414,0.1554957616090897,-0.0993138643994512,0.02746175130773994,0.14053208356765404,0.8065603478752046,0.11848221946372248,0.0,-1.5290253179151625,0.029802847331488986,0.15261360742493535,0.673234002508668,0.06228703143168827,0.0,-1.7446230432526262,0.014988257917288693,0.09953608355613919,0.6238884785134078,0.18968544980484844,0.0,-0.38030831753916505
1058,12696,0.036202136600988165,0.16327273472424497,0.022698595546775308,0.12656116178277313,0.26113023831325743,0.06972558440148084,0.2462495067117372,0.6628872477058787,0.0684491939571679,0.0,-0.9260074390078299,0.09328077815857498,0.2888247527081263,0.617775512585744,-0.10357211533339686,0.0,-1.5766649959557584,0.06637457906172602,0.24153603207030816,0.5894727674565801,0.14028977558911498,0.0,-0.8334436940363976
1059,12708,0.009600714785656226,0.08177599223699714,0.020381035523457908,0.12109906614719058,-0.04983067036205745,0.009268130114268417,0.07928997940397652,0.7353656633428216,0.1327452918078449,1.0,0.03464165729459023,0.017239217080533997,0.11203169571199019,0.6587222805910236,0.26250516791845446,0.0,-0.7956180831754254,0.009466149177267714,0.0818576598480103,0.5991277184986814,0.22519921437200296,1.0,0.014016207271312364
1060,12720,0.02389847016956888,0.13295409245537002,0.028971724849885732,0.1473907454334541,0.07756743562841577,0.06552182159570359,0.20610793578258443,0.7878417463552916,-0.09453286636753137,0.0,-1.741674305125012,0.010384869984452516,0.08068772670553802,0.688505155014776,0.3431378068039793,1.0,0.5654587967025566,0.04188346133960532,0.15401461127414753,0.6290275716610566,0.1702704788895894,0.0,-0.7525582617810251
1061,12732,0.011706184797134788,0.08825653953285113,0.009353168890468904,0.07660536098723503,0.24372020272051026,0.02528842077464481,0.13522058563820893,0.7661584075637199,0.3185322966886969,0.0,-1.160261538057593,0.02332512383467054,0.13612500895164734,0.624434356168876,0.21017411555321752,0.0,-0.9925470372191296,0.025027558270403195,0.13882509109967142,0.6079103961799828,0.019458938623696298,0.0,-1.1379773772688906
1062,12744,0.02686804405561796,0.1301661766249008,0.027319526545269677,0.12773196481428964,0.12077112619461579,0.07744230422455678,0.22868928404288943,0.8002865329596341,-0.24673681197188407,0.0,-1.8823201296025873,0.06440623110571425,0.18543853628241788,0.6566376573439264,-0.14952252717475817,0.0,-1.3971313643967047,0.02089945392507858,0.10826581898811338,0.6355779917906925,0.34852195635796523,1.0,0.22214457137944799
1063,12756,0.010758537141734735,0.06779098207663575,0.016768737061086298,0.09957411200123044,-0.07878653431062019,0.02886581797425301,0.13527149415345155,0.6628588153958397,0.013278007141221992,0.0,-1.6830616090245338,0.025962226127340143,0.12691253899272328,0.6098676525258515,0.04194347479822465,0.0,-1.4131743735518603,0.015992104393185467,0.09604030243924222,0.5802275290768388,0.08369626758029446,0.0,-0.48645714398740814
1064,12768,0.0217900922332417,0.09303211724221234,0.05636072030606228,0.18927013807060003,-0.3138797954266745,0.054427343388398754,0.19371219578958176,0.7178267000018446,-0.07865004474795778,0.0,-1.4978023408899368,0.03258519462251092,0.1394773367193274,0.6465819184346027,0.0657899606919136,0.0,-0.4954133407843424,0.05005418876312851,0.1832299246369052,0.6211780771622238,0.009154487372905163,0.0,-1.2971077050683038
1065,12780,0.034375961048049276,0.1372574217851044,0.03624237274003736,0.14137907064683614,0.06929421324503578,0.08377853290673924,0.2381068268153699,0.7535640628269327,-0.243421034043734,0.0,-1.437125547985033,0.09696498087355525,0.26711563120930926,0.6650327116009304,-0.42174231582010213,0.0,-1.8207205825612167,0.044007382282192344,0.17153271855446076,0.6237684197368077,0.04000082277095399,0.0,-0.2801789663620071
1066,12792,0.029732173175335736,0.1199339525737712,0.026798280836788226,0.11888414400326996,0.14937471841988376,0.08465436934657573,0.2537619386496494,0.7588623533687777,-0.1845835929658947,0.0,-1.8472311407361435,0.05557905867776184,0.20030405823597608,0.672842379963229,-0.15221623374507498,0.0,-0.8693237911000511,0.08188169027538904,0.24674331503697258,0.6473487765537517,-0.3542624152398973,0.0,-1.7539759637655354
1067,12804,0.03221490514391274,0.1311128807251807,0.05686035613292446,0.18519643412095374,-0.21692773129249518,0.058333112331513996,0.21513601596252366,0.7610223900694277,-0.062517248856811,0.0,-0.8107491569794829,0.06945450158682358,0.23279374031182612,0.6628640874343602,0.004296222179177578,0.0,-1.1559741143595312,0.052427496945860984,0.2024776941817126,0.6430630069290642,0.12467151080094592,0.0,-0.6274298096379023
1068,12816,0.02779862906924338,0.12057532127388353,0.022590288142550975,0.12046729664192302,0.2321921717338828,0.028998525246901014,0.12754064910396365,0.7486242819441096,0.30272845669946846,0.0,-0.043163861594355035,0.021912369338253645,0.11861649178777119,0.6548460925257243,0.28973410453595905,1.0,0.21174640362039787,0.026316730343725014,0.13537358739787084,0.6504436822360533,0.15555644855305695,1.0,0.05330833840140525
1069,12828,0.029171996911669412,0.14205343417864735,0.029966057856753322,0.13535593045634875,0.039842342526435946,0.019962409846389435,0.10924916161964171,0.6740585611228218,0.5290433349609691,1.0,0.31569957631511847,0.022291875886500695,0.11725033062087668,0.6049881309359516,0.3639446091092128,1.0,0.2358467624277214,0.02566133663264363,0.12711176629035223,0.5825281436863017,0.2043665887175438,1.0,0.1203435023545284
1070,12840,0.02656752641387532,0.11825281041632328,0.03365976237559448,0.15044804097986209,0.020906832448886435,0.018639878916309176,0.10984566993071859,0.7614287394051791,0.22517457884606862,1.0,0.29839614626018784,0.018681613558222062,0.10939832978284243,0.6767290529580842,0.42685062040344535,1.0,0.29682525700001616,0.023135752638942426,0.12193350235880256,0.6155395960739749,0.2666913389905094,1.0,0.12917174604334247
1071,12852,0.10553406545940973,0.2951847760148156,0.057116454695399256,0.21724864754571796,0.2977339862434966,0.03443507132749777,0.16090479423791335,0.7283871096457346,0.779050056354472,1.0,0.6737065782731348,0.04208440653930287,0.17355540654516424,0.601917342041042,0.6433712602071957,1.0,0.6012244353886917,0.02521105977018942,0.13309532616832828,0.5838923633383495,0.6532096836085621,1.0,0.7611097453657176
1072,12864,0.018972200295346905,0.11043164526553968,0.022638531886166584,0.11874956464035742,0.20882608276814865,0.011411517237373924,0.08416709640246951,0.8208861673377614,0.36667590663593064,1.0,0.39851376963521223,0.029957803158423946,0.1430117282949935,0.677477499340043,0.3385015021817022,0.0,-0.5790368376920074,0.01953218767500225,0.10967482770261494,0.6348911227799323,0.2903106335966118,0.0,-0.02951620639345065
1073,12876,0.12168423086957492,0.3207153433596535,0.14771776327555042,0.3517126069908363,-0.3013432208809305,0.06782462226466614,0.23128890562756763,0.7890907363393975,0.46897171952728234,1.0,0.44261781678710077,0.062432761079981025,0.21192159707550975,0.6581366483155836,0.5139617995204293,1.0,0.48692808728109993,0.07790227883435036,0.24613319958628702,0.6115696111696793,0.49400700582203827,1.0,0.3597997186845966
1074,12888,0.019120350023753004,0.11459195900533738,0.034495069877137935,0.15157887042648419,0.0127180346769869,0.017717344050300374,0.1062593669767538,0.7771098710185591,0.1665259476089333,1.0,0.07337763020602084,0.04105158165517763,0.16634020359106189,0.6574117066591378,-0.008508245651735736,0.0,-1.1470099451202356,0.034251912114248974,0.1491067877313324,0.6167522785029943,0.06133844289850114,0.0,-0.7913852032885482
1075,12900,0.014514936059670941,0.09383579628015039,0.026749476792938594,0.12874278440476475,-0.10387210651051085,0.015118000649804684,0.10131000911802297,0.8048384651994842,0.14258879771865512,0.0,-0.04154786405221089,0.01331764294912127,0.0968301985487852,0.6854359493033317,0.1635008576265371,1.0,0.08248697105020619,0.020985717979370058,0.11883283677352365,0.6408273726519561,0.05929925395963629,0.0,-0.445801613806476
1076,12912,0.0178587811427724,0.11091521222200916,0.01896555355603711,0.1107091684517278,0.20068643614356257,0.02829332280509254,0.13098531672548633,0.8029655026225244,0.2775016706844502,0.0,-0.5842807288415139,0.01436822142280513,0.09724658042965408,0.6974056384908858,0.26147172800169016,1.0,0.1954534126412053,0.025435856061597817,0.13247003323015324,0.6428654156611991,0.10416941308055214,0.0,-0.42427727056232634
1077,12924,0.03868256805430558,0.16058470851781656,0.028616415336092497,0.14670984494422545,0.3650489015186392,0.0466619272497491,0.18161339806440494,0.7570327182636376,-0.08040089997408086,0.0,-0.20627790751228003,0.06371135305640574,0.22049572971473866,0.6597253911504413,-0.12715924532472764,0.0,-0.6470300773972093,0.05349328626047486,0.2014437465768535,0.6280695566979546,-0.049506378651972466,0.0,-0.3828783597142993
1078,12936,0.03223930730921865,0.14948751369033067,0.048134176717243016,0.18418461982653564,-0.07727123338757734,0.025859797147455066,0.1317890692107919,0.7344357729080823,0.14843094958527914,1.0,0.19787987690229936,0.05489470992193215,0.18597116470535005,0.6505531966038423,-0.07019693327761481,0.0,-0.7027260975373162,0.07101176828649085,0.21953211725106594,0.6184667915483214,-0.2810306365426016,0.0,-1.2026455967366712
1079,12948,0.031719772980683465,0.15371707301178095,0.0755399016080407,0.2325562247590749,-0.26725537018553225,0.03263489004069415,0.14718936946043662,0.7643979320780538,0.09821054769262619,0.0,-0.028850050741787037,0.058681498903482364,0.1989330403157353,0.6674574066635585,-0.02005619813562398,0.0,-0.8499974428952535,0.06206349249329296,0.20991888037663586,0.6329525516519408,-0.07207764368102988,0.0,-0.9566184326441443
1080,12960,0.04827772763162743,0.1784939312325745,0.054716474473991195,0.18509278949936991,0.09532292237091858,0.060797216104014805,0.20792298001051046,0.6736147521454374,-0.004519730713405901,0.0,-0.25932224001747906,0.05297292559131639,0.19417754572904192,0.6363310214567288,0.16561383445482641,0.0,-0.0972539137615307,0.06188286059015663,0.21328356168050325,0.6070275735468219,-0.003418599360434857,0.0,-0.28180972108588387
1081,12972,0.10520372109721861,0.2827004416445992,0.10974983405420796,0.281103820610546,-0.011542249465287879,0.11305343655050186,0.28437578527131147,0.7356363091175041,0.06745264691245181,0.0,-0.0746144278112495,0.20020553486631973,0.3895084182563327,0.6812738918661314,-0.241514688623299,0.0,-0.9030271246899155,0.16483964966879042,0.35998500893562335,0.62738795328481,-0.22318451092453023,0.0,-0.5668613994790388
1082,12984,0.035576418114234905,0.1383256254484384,0.0502488820113822,0.16472851659731652,-0.10789044137538065,0.03914948704994844,0.18131364593041824,0.7235414479036834,0.02181386963453271,0.0,-0.10043363343213763,0.028060493883679438,0.1485169577103305,0.657613647255463,0.16645488606147288,1.0,0.21126140935329807,0.035994900318263294,0.1485416915628381,0.5911318734765165,-0.03849251615994461,0.0,-0.011762909989551318
1083,12996,0.023392978654507863,0.13304036062557065,0.024468235672511513,0.13350578856115028,0.1177048689138109,0.026269050414288595,0.11548327109021095,0.7099602243520804,0.080159689235316,0.0,-0.12294594041475393,0.06703489190855638,0.22543859600810423,0.6362746453953818,0.2637415584271493,0.0,-1.8655988148665563,0.025877874786784747,0.11964619237943504,0.5641889814454636,0.05304491091849807,0.0,-0.10622401571755558
1084,13008,0.04707127124670161,0.19726130445670362,0.109769959386998,0.30236589077393144,-0.3451923028177217,0.0385471692734033,0.1701007414962238,0.75388752225321,0.07059488456494538,1.0,0.18108926628778088,0.04189698390975429,0.18207180819294944,0.6799378661465261,-0.03865857991261272,1.0,0.10992452933401264,0.030009602394477697,0.15104061414385914,0.5841898282415812,0.3061943541890711,1.0,0.36246458615496735
1085,13020,0.16572601884709068,0.3856639821134105,0.17172355421871485,0.38834754521579923,0.17965163905304649,0.07452788576517647,0.2411494379562179,0.8024105626360839,0.569998394069334,1.0,0.5502945989794119,0.1268464090453194,0.32212643475742947,0.6965876258785659,0.2655917278468344,1.0,0.23460172441385962,0.129024601037836,0.3266250760337755,0.5841478414888475,0.2774742247011002,1.0,0.22145839298244252
1086,13032,0.11508703774299804,0.32423542887691165,0.10719146899951516,0.2918861626522975,0.0767645191456962,0.10807695970696107,0.297119791920329,0.8455313718232282,0.049623330836551974,1.0,0.06091109975122688,0.16775778158067353,0.38987234331331333,0.6973502213436531,-0.30552037289056944,0.0,-0.4576600881438535,0.17833062905161676,0.399538662213351,0.5870956758689303,-0.33289474773464167,0.0,-0.549528361741733
1087,13044,0.017161186477582316,0.08752551404493714,0.07246161872418534,0.21618502808861983,0.0301946328623137,0.03709412427829096,0.15625059587772347,0.798175948941379,0.09518790803952382,0.0,-1.161512802552846,0.03027691346848259,0.1379747639779723,0.6371704428033096,-0.03624636731474577,0.0,-0.7642669117332515,0.014371057155268275,0.0956556584275509,0.5452611507179197,0.21156158773559203,1.0,0.16258370748192674
1088,13056,0.072874497364266,0.168179984480147,0.07788829678555544,0.1971335636818348,0.037525648138023546,0.05322967498476222,0.18623862623236417,0.7838766319923243,0.1139706515362185,1.0,0.26957060549328216,0.09832935668439073,0.2101968829601737,0.6254218084353882,-0.26457986317635696,0.0,-0.34929721975148076,0.07235579851897811,0.22906607094697864,0.5301805810293916,0.06909373233018615,1.0,0.007117700485742673
1089,13068,0.13315218458929695,0.2454029063446387,0.09207559457890718,0.21225508247449124,0.3194533561631051,0.06030324542809687,0.20270074302104615,0.7318237995701142,0.30356245008902816,1.0,0.5471103563632844,0.1317590079074813,0.25075021841262035,0.6149311782595996,-0.11456249286637574,1.0,0.010463040363271947,0.09395189584039058,0.22021933464322344,0.5302963695222,0.17606884616083351,1.0,0.29440214495780315
1090,13080,0.18961401011823042,0.32925054483386107,0.2670706493600364,0.40117695738965004,-0.385389392594481,0.19708894161094723,0.33138393002481564,0.7813820809129709,-0.17723781664498572,0.0,-0.039421831161399634,0.2980452427934161,0.42840441459924333,0.6043229081975298,-0.48847032762924114,0.0,-0.5718524311973325,0.16244809845808758,0.3060280787896756,0.5402462970206948,0.05388694131322824,1.0,0.14326953816969545
1091,13092,0.2292327800412357,0.3926530492518235,0.2397579996979077,0.4180363190252671,-0.1296737313197618,0.2992229093262225,0.44856966763173967,0.8316460738663405,-0.33394065456634203,0.0,-0.30532338905629697,0.31484376649590434,0.46769405665705227,0.5864539493277331,-0.5553439735169542,0.0,-0.3734674702251066,0.21070349226483734,0.3805583849307828,0.5301528362668717,-0.2725300883652786,1.0,0.08083175439858648
1092,13104,0.1355168404915469,0.3096624394685694,0.1363485856353809,0.3115716175188144,-0.24265049979720174,0.1512497300936975,0.3205300210372622,0.8178239915724077,-0.02903919958585145,0.0,-0.11609545754670947,0.2233520966374786,0.40656956063049926,0.5778350473063201,-0.46508540156544564,0.0,-0.6481501179287792,0.14542468616031454,0.31906112560055616,0.5284068990119668,-0.01641342802808765,0.0,-0.07311154564133782
1093,13116,0.37431987952446377,0.5511377221442486,0.38706505551688397,0.5606868514403313,0.008462261294058781,0.3302299982180468,0.5109324106500727,0.728446574242634,0.07120721074597687,1.0,0.11778664110073123,0.3589279037247885,0.5410526597586043,0.5418664261610995,-0.03113381576614511,1.0,0.041119845997036664,0.370275598931259,0.5472299122988661,0.511076651810437,-0.15315794168250746,1.0,0.010804343596024446
1094,13128,0.18075686494960497,0.37103869799232503,0.13723078316133652,0.3170646625979366,0.16122427619916813,0.1780145200963252,0.35729296519888304,0.5356597773486496,0.05361549392411731,1.0,0.015171456165962605,0.15016870860862477,0.3308482535349498,0.46627552769555247,0.35334698456070324,1.0,0.16922265358778033,0.14056642494751898,0.3162985229919484,0.44136782526485413,0.38143113000110085,1.0,0.2223453035285331
1095,13140,0.04342474955320938,0.1742393950733816,0.046644167301901525,0.18678659683084306,-0.117697150936075,0.04551729993324202,0.1733978017024712,0.6761041813730143,0.021936302421369458,0.0,-0.04818796657580249,0.05542368641795401,0.20085920144175062,0.5307328701410856,-0.03941057450081935,0.0,-0.27631562618552463,0.04951957730394845,0.18128859929080687,0.5051416080788597,0.09914322074156562,0.0,-0.14035378012418787
1096,13152,0.12542712575794293,0.2989171336645892,0.06527602726506206,0.21513477603660933,0.4073742831266669,0.03369972158951382,0.14846284665716794,0.8639122013956053,0.7406798443122813,1.0,0.7313203074225775,0.030398463156481526,0.13990650004083718,0.5949798220125702,0.7073876787650106,1.0,0.7576404388381954,0.1155935270552272,0.28774174183297685,0.5502076383909811,0.2919406841736377,1.0,0.07840089329395317
1097,13164,0.12626876297078507,0.31785025442405096,0.03029198324865391,0.13979374083498328,0.5664368211732629,0.022971745055306848,0.12899704880126606,0.9140011799764821,0.8305021738210485,1.0,0.8180726213289835,0.16102003619425037,0.3526883420065922,0.639642407177249,0.2466228546273653,0.0,-0.2752167076468923,0.16577609682675692,0.35874577554376935,0.591808661581566,0.2466228546273653,0.0,-0.31288287717772856
1098,13176,0.06438071540176514,0.2211777207595045,0.06152039290083869,0.1938696612858339,0.11390388450779058,0.030374433243386765,0.15070914412968514,0.9333078090267082,0.6839099291917469,1.0,0.5282060310477075,0.03382282969616713,0.15367934587877793,0.6940997879224168,0.3847606352292866,1.0,0.4746434629516434,0.03347405892848288,0.15278578204763882,0.6313632724225609,0.38476063522928655,1.0,0.4800607803192396
1099,13188,0.020445425047799875,0.1153888331689485,0.034166338168757436,0.1472436686939561,0.05732357759975635,0.03232462054635938,0.15573837269902305,0.9221646205758919,0.1137795574498863,0.0,-0.5810197377059578,0.05035245375331665,0.18336810529857797,0.7080755505416579,-0.046413969793816165,0.0,-1.4627736344730606,0.03140143636431516,0.1476579731223401,0.6432423815584268,0.03895637268030065,0.0,-0.5358661554309068
1100,13200,0.04354489813913722,0.17950307834062149,0.08730350062933878,0.26103706592685333,0.11565235619334964,0.10475385182119264,0.28505767988351005,0.8857473504776021,-0.2816378060493109,0.0,-1.405651552714097,0.037109689240385414,0.15424141651890524,0.682810598237803,0.11515528132797943,1.0,0.1477833035270779,0.09559474451147332,0.25971503771138665,0.6205784263008846,-0.09968504156426297,0.0,-1.1953144592513079
1101,13212,0.02498311920848911,0.13815193496313694,0.05493139369492934,0.1975177418264724,0.025246814429319232,0.0428125635355869,0.1701721653088394,0.853836356114989,0.043045810196731815,0.0,-0.7136596586802282,0.03631991628572249,0.1572463296281503,0.6620075659226147,0.0004664514714657564,0.0,-0.45377828855658686,0.03075655003398936,0.1482775608489836,0.606188760749163,0.008970734597765961,0.0,-0.23109327451547657
1102,13224,0.03344090069764,0.1524479789534183,0.06550141488384209,0.18612919110510776,-0.035148519726583484,0.06742386359785256,0.23570807545696085,0.7708511794777904,-0.0355191482819045,0.0,-1.0162095574958845,0.03247269836585705,0.15590628284112204,0.6006792292677273,0.07039798069015357,1.0,0.02895263918089619,0.03232416031466015,0.14677584414852238,0.5765353678841081,0.1067500778627484,1.0,0.033394446910296804
1103,13236,0.07434975959345362,0.22487035966749325,0.06954707622713653,0.2178175310150933,0.1667272249498495,0.07255126652881479,0.22230094770228895,0.8368099133609167,0.13017871055217234,1.0,0.024189628513569428,0.08643380122454614,0.2528828395806109,0.6300384053835062,-0.01759237935898954,0.0,-0.1625296665001792,0.09178777235744605,0.26549528855284327,0.5995623070305365,-0.02084905025936925,0.0,-0.23454027100213803
1104,13248,0.09020359707807,0.2639182827065543,0.07058090050816453,0.22371807851538836,0.2654295838934992,0.09860024412407124,0.27213404085691506,0.8136292944252708,0.09049492088927813,0.0,-0.0930855012215761,0.05649447038073766,0.21262218894762153,0.6025342560746083,0.20206474519232343,1.0,0.3737004708155657,0.041072198970421546,0.17579047568182404,0.5737449274579329,0.4299641745744799,1.0,0.5446722713854293
1105,13260,0.031074350825878738,0.1572292152069403,0.03182077192880533,0.14823566789362916,0.09562366771532266,0.027681856316095724,0.13750607423586433,0.7296039412752751,0.24542463947631124,1.0,0.10917346363219094,0.025555177653460187,0.14063963616175065,0.5373700947263764,0.012359319717369003,1.0,0.17761185755237663,0.016253906422976767,0.10142640520297048,0.5293213321881513,0.37337676177584345,1.0,0.4769349643359081
1106,13272,0.1586940963240999,0.38700568442340294,0.22805893803515928,0.4625705692434079,-0.2138821698165878,0.10403744754559868,0.30332887245595785,0.5838925082453333,0.4341713771607365,1.0,0.34441513606704244,0.09558945807875557,0.2967613360109413,0.4882358642335185,0.38071267723577007,1.0,0.3976495642060064,0.0849807081066594,0.27650176816323746,0.49588174517806693,0.487512684455042,1.0,0.4644998769638924
1107,13284,0.0096968938463778,0.07817757859012527,0.04529642428405212,0.17435283959385428,-0.16694662817200193,0.01752793356778285,0.11018029712891735,0.6788968689858168,-0.08760031353972429,0.0,-0.8075822882530861,0.009738187569860944,0.08231066271994175,0.49302700702269087,0.36178905113120485,0.0,-0.004258448544176785,0.008657888278588564,0.07859057970440965,0.49905085621826917,0.3398298901639386,1.0,0.10714828730205683
1108,13296,0.00915192402705547,0.08275448559344063,0.029418448326671617,0.13913018233730998,-0.16608324953229675,0.018480293415207603,0.11065175923007547,0.7507514223735187,0.15027773903478212,0.0,-1.0192795919825213,0.018762624331061382,0.11311307338211875,0.5277098906285126,0.151328567932777,0.0,-1.0501289428970542,0.016252607703919755,0.10264180310893896,0.5340620147747119,0.0824558382211394,0.0,-0.7758678564062393
1109,13308,0.018251569799874797,0.12025520405025192,0.027334516882358526,0.13812152071133463,-0.13509021790895925,0.012535288899152694,0.08953201879926355,0.7423531975528528,0.01910619757100478,1.0,0.3131939314480947,0.022823256350801745,0.12753870062868286,0.5776532493519313,0.14097349614614577,0.0,-0.25048182710060973,0.028011667239661142,0.14449834979380996,0.5581604954679366,-0.0017935648662118276,0.0,-0.5347538620953742
1110,13320,0.024371854074405928,0.1289765448475112,0.027251076221684545,0.1325253698064142,-0.009365280698649092,0.05441755233608481,0.1598666829898802,0.7480670594078683,-0.21791714013574043,0.0,-1.2328031412772709,0.025653051879686074,0.13040092193815442,0.6215563293640645,-0.06871300805347792,0.0,-0.05256874595460492,0.026504073820323396,0.11433995221061666,0.5803665364418196,0.027857340470698832,0.0,-0.08748697326875177
1111,13332,0.05974074057762747,0.2193013185369538,0.10367555360772684,0.28982676366612187,-0.2380795900394396,0.05799175789341134,0.2203208170657763,0.7976227936497788,0.22119184937682443,1.0,0.029276213640898607,0.046735042310111934,0.19847281124944557,0.6803352962736464,0.20173299373420805,1.0,0.21770232745300255,0.04399805881089702,0.18712679268543983,0.6087885108259441,0.33442571249324227,1.0,0.26351668249365456
1112,13344,0.07329422381229465,0.20128541137134356,0.0437571115116803,0.18055720134897732,0.35015323585945757,0.1226345809293432,0.25379559603336554,0.7679149346932198,-0.3884431769545893,0.0,-0.6731820674356062,0.09583252064538457,0.24152471534625067,0.6452676407649827,-0.03377366726519766,0.0,-0.3075044070431816,0.16199834890495926,0.32946299801720363,0.5978488336771017,-0.4858618673996232,0.0,-1.2102471447113547
1113,13356,0.041233397763277245,0.18206509899472442,0.037939627715653415,0.1723642385958657,0.22976228741587024,0.06241434531249843,0.2266041502442049,0.7119482164507002,-0.21273638572162873,0.0,-0.5136842631990199,0.05938124245617197,0.2098780306554412,0.6235453642855757,-0.2247576109988863,0.0,-0.44012489092173057,0.04809773082269692,0.19651436187324,0.570685260586081,-0.036966893682432986,0.0,-0.16647507680128903
1114,13368,0.07242229918261599,0.21694249399659857,0.040289489320390386,0.16946696771530076,0.4309748316341004,0.1146525948369058,0.2791018744578702,0.5367210867336999,-0.4337788250182407,0.0,-0.5831117781528075,0.09909082586005037,0.2622482524084285,0.561392373796013,-0.2265750442028235,0.0,-0.3682363992641069,0.08712432505081485,0.2481747918487508,0.5475035831734693,-0.05319280453475526,0.0,-0.20300413041468168
1115,13380,0.12603138931318816,0.3067201407560946,0.16622175205972656,0.35820102155440176,-0.12858837186237024,0.08538480241264505,0.24312578694864073,0.6202750476361313,0.36047475103257903,1.0,0.3225116149401185,0.07017233457681075,0.22113718872526555,0.580744197170471,0.5895252052389505,1.0,0.44321541673691767,0.1143600536088738,0.2913842369467698,0.5654970722948616,0.17405594920328815,1.0,0.09260657815420159
1116,13392,0.10886638740789407,0.2963085610448189,0.11857535041921574,0.3160143726297138,0.12285204699609695,0.07530819121792093,0.24018078134352794,0.6575483520097228,0.338978728983159,1.0,0.30825121498924457,0.06450025920031954,0.21904911325816165,0.5980769467540208,0.3838021340005059,1.0,0.4075282487453742,0.10368610043512151,0.2906701809192766,0.5711834645726539,0.07660555068934169,1.0,0.04758389706974819
1117,13404,0.016031358925975823,0.10396358232895488,0.01634288736214501,0.10249320815687217,0.0918371773780811,0.0290838032356963,0.14012514184624636,0.6227260547724165,0.12139930283589762,0.0,-0.8141820272373437,0.013895458725016857,0.0916150748680924,0.543504240890702,0.1857052579248735,1.0,0.13323263553772347,0.018133761848009276,0.10303760320365223,0.529678762927991,0.22956293688446863,0.0,-0.13114315085459793
1118,13416,0.02012391573290996,0.1163298783529373,0.05950091458705962,0.20163729582423054,-0.490105182232873,0.016166445068045654,0.0949936446507408,0.7493307660507178,0.3544023270854427,1.0,0.1966551001996294,0.016437571592124,0.10439478784303924,0.5994694430698211,0.2894268796332741,1.0,0.18318224890782264,0.03645921369100745,0.13866278702366405,0.5543667811172842,0.4035194410319984,0.0,-0.8117355575775596
1119,13428,0.026479416596083476,0.13550363277597616,0.015081643703032015,0.08884012368089678,0.1570247042065559,0.019814142854251954,0.11358729494635673,0.8166805098887396,0.41942923080803884,1.0,0.25171527921115044,0.024845940981634965,0.117811093564982,0.6295473414178079,0.45486740028193734,1.0,0.061688504673857336,0.02451865430675375,0.12271907476405992,0.5729006478297166,0.21635334526767563,1.0,0.07404854567754104
1120,13440,0.017522315667413864,0.11012628713159994,0.05150625747255255,0.186944695821771,0.2305855283944608,0.023760088712976597,0.13187731625857949,0.8732156396732986,-0.07031423462658488,0.0,-0.3559902220665434,0.027466609603587915,0.13643044624194686,0.6704612866456886,0.0015946275542303655,0.0,-0.5675216749272123,0.039344343955426304,0.1649838192309836,0.6299031320859776,0.16000239326365523,0.0,-1.2453849538046344
1121,13452,0.01402316957648989,0.09765670400251081,0.029561416589181887,0.13657530641274435,0.07007423114535227,0.022022636578359192,0.11301196752449043,0.8612116303165832,0.07069740046244037,0.0,-0.5704464285506865,0.031639928046888165,0.1423329868964293,0.6711707179703085,0.035885988208644956,0.0,-1.2562608170932412,0.035499030598365074,0.14842249180803804,0.6253158075196291,-0.09088247906109201,0.0,-1.531455560366315
1122,13464,0.04313501041570458,0.18657390508888225,0.02392010057038278,0.12977329799912474,0.28911642548695626,0.019602456339579532,0.1124687585946124,0.8158196763387918,0.34843811211626347,1.0,0.5455557759076679,0.02559305397668594,0.13026139770423345,0.6501393011329119,0.23469543125243691,1.0,0.4066756045718253,0.05678203996630834,0.20218747275761037,0.6012572915470648,0.015742144199846052,0.0,-0.3163794193877174
1123,13476,0.051914127204426896,0.21296834752344754,0.13039439495991276,0.34904940187350314,-0.47092156156095505,0.11715839357108482,0.31895226396942195,0.7218129622220067,-0.3836244672898023,0.0,-1.2567728647298595,0.03995384630234449,0.16754913004624647,0.5695432258259933,0.17159676791806816,1.0,0.23038586115462056,0.0794980381170124,0.24165433310451276,0.5348547335431295,-0.056463985042255437,0.0,-0.5313372755736774
1124,13488,0.009542320277694772,0.07746016691046737,0.030501476098007765,0.12585438980611746,-0.23679180340739495,0.01532389670856768,0.1018299880644178,0.568291983077166,0.0032322407013857953,0.0,-0.6058879038452918,0.020155396264579024,0.11599939992856802,0.5185960335258331,-0.021202005881800056,0.0,-1.1122112524028749,0.02798457789840361,0.13701641404450962,0.5180293473796581,0.027653681540453823,0.0,-1.9326806357378006
1125,13500,0.0162090735247092,0.107173778248998,0.01755736784977784,0.10252750696552337,0.13362729067662799,0.027213070642762377,0.14025881965596257,0.5688995372170662,-0.014974026493197595,0.0,-0.6788788453133132,0.02285966623874761,0.1287299679245836,0.5313494040330446,0.1487018973677889,0.0,-0.4103006074900091,0.028608237424464056,0.14118646621358477,0.5373716536529815,-0.04177341626309026,0.0,-0.7649520424997458
1126,13512,0.011987941323883625,0.0896652561318171,0.021230401590016473,0.10381580458945074,-0.15910952717319307,0.011853253437346015,0.08244319924641451,0.5309406496899143,0.19227961153944123,1.0,0.011235280762450062,0.011990020966310022,0.0940732636199253,0.5059555874730827,0.07415007807980842,0.0,-0.00017347786164534362,0.010369554875386773,0.08332140991859217,0.5113164718479124,0.11344414888662464,1.0,0.13500119868559368
1127,13524,0.017948831055725548,0.0963910085416046,0.029243451191633057,0.13003233295402675,0.10369310680109807,0.02241694817599824,0.11296994822753743,0.5720095275385052,0.04259508060019931,0.0,-0.24893638512728633,0.018170977661077545,0.11419034757338715,0.49958720468712875,0.27018940485227505,0.0,-0.012376661447327741,0.01362784093157989,0.09324996666886005,0.5096911945540245,0.0884408445959963,1.0,0.24073936128376971
1128,13536,0.059111547273443726,0.2001343888464627,0.0652694075497208,0.20910315044169195,-0.1078544032756276,0.030584273600051576,0.12219926851770906,0.5438592042227459,0.3226069413060231,1.0,0.4826006929141614,0.04072355906523381,0.15361506706404,0.4724261018387062,0.0678676827330283,1.0,0.3110726931770038,0.027223634034897515,0.12381104100574987,0.4767213532017173,0.3094087920614227,1.0,0.5394531983917815
1129,13548,0.03900738244821007,0.15060449726283895,0.0631469587671773,0.17914001121264836,-0.2769008940845485,0.04105580363050591,0.17115816662084404,0.5889315392098332,-0.0013994851113481213,0.0,-0.05251367955836361,0.038599053630622555,0.16329445268240664,0.5205113768196443,-0.0007871925806440583,1.0,0.010467988159155617,0.045498194287607686,0.17251374996827729,0.4916000925880546,-0.04233065194620108,0.0,-0.16639957443992648
1130,13560,0.13528154206314966,0.28310565381340086,0.09898799634271584,0.254646384852862,0.34596602414691413,0.1288205480144097,0.2713360459378386,0.5725586236247625,-0.05545834538129788,1.0,0.0477596126581995,0.1490396697428896,0.2953737653653202,0.5183108140071704,-0.30902051230138394,0.0,-0.10169996194541908,0.10587110687484541,0.24852012628405026,0.49522734025298104,0.2455323282004469,1.0,0.21740168495843581
1131,13572,0.15052976476772914,0.30099104679867256,0.15724392293997105,0.31245611166612447,-0.1244851785264152,0.1435673342225966,0.3047948362305017,0.6588044268851754,0.13288808937279334,1.0,0.04625284943396901,0.13152751670326437,0.2875169355824016,0.5555410873221638,0.08072477203228719,1.0,0.1262358185026441,0.11879614391644118,0.283649036909581,0.5223093480402067,0.21126096210475714,1.0,0.21081293058720751
1132,13584,0.28294304214851973,0.4338418522842562,0.21821908184676012,0.3922094953669619,0.2129449493385196,0.2981077672686691,0.4404605905701886,0.6747643512436946,0.027210904504891054,0.0,-0.05359638818115653,0.33378594172143156,0.48180360245412607,0.5486112465937335,-0.37644004829927635,0.0,-0.17969305478176012,0.3543432202582755,0.505060983234513,0.48352123250493795,-0.4789531919672627,0.0,-0.25234823789120453
1133,13596,0.4045909592460186,0.5640409576956528,0.36174871472139253,0.5288996087274923,0.1852880292667828,0.3903667250518308,0.5528137780402523,0.6219159834025177,-0.06178079232751747,1.0,0.03515707375344124,0.38976298427067474,0.5487627840054823,0.5205931915411937,-0.09371244117530855,1.0,0.03664929884487966,0.46872708334991664,0.6051068883483618,0.43584870065772796,-0.3939943800761745,0.0,-0.1585209027493344
1134,13608,0.35270403087732344,0.5503930593700456,0.3772014470483948,0.5685609343964967,-0.07897908964068659,0.4494544900082156,0.6198332770832743,0.6204055438417853,-0.7451974865164085,0.0,-0.2743106136049338,0.34534528065299064,0.5386456952326196,0.5573470005099639,0.11701813429104443,1.0,0.020863810957953866,0.3768595578627913,0.5704359364041224,0.46058562134301273,-0.22335667709069665,0.0,-0.06848667684739218
1135,13620,0.15358560221871623,0.3509068776912307,0.21653924536110516,0.424808838737254,-0.3874774294455549,0.28052703075644764,0.48400997803683277,0.6819423088430168,-0.6668489183036737,0.0,-0.8265190662661093,0.20341585499649084,0.3984473295805735,0.5820912176730635,-0.5439301272815609,0.0,-0.3244461203258686,0.19584938072637834,0.39161790825892345,0.45217878645877024,-0.2730133629262427,0.0,-0.2751806021991283
1136,13632,0.13754905846791152,0.3435227352106634,0.13413954127004205,0.33105538669825224,0.1217817644230276,0.2446991788902578,0.46314860330502894,0.7811099429950459,-0.5623311511165623,0.0,-0.778995666097875,0.16904451956339672,0.37909332498886616,0.5876522820866323,-0.4216390977474644,0.0,-0.22897620271848473,0.3437319210820631,0.5564226498695503,0.424866143821576,-0.7472010347138721,0.0,-1.498976909843781
1137,13644,0.034521975110821716,0.14685170320355292,0.044558868073040075,0.16245115148848413,-0.019697906396054378,0.11194916187279165,0.3055157771306783,0.839414818725969,-0.5755186021908071,0.0,-2.2428376856600707,0.0857235490931702,0.2553166388935168,0.6646075293454013,-0.3394357220894272,0.0,-1.4831588812048637,0.17093770322823584,0.38743162155681254,0.4787525129720486,-0.5869904768549119,0.0,-3.9515620899295376
1138,13656,0.01757296937365661,0.11250555931303369,0.058304622400573936,0.1744640311989015,0.14831272836029225,0.07725981780809354,0.257006705630647,0.8831475741679139,0.4590601377128566,0.0,-3.396514679181803,0.03162958615402365,0.13653291530020648,0.6712261120693224,0.24692793719798606,0.0,-0.7998999191018403,0.03155388513907189,0.14887987957243867,0.4733438986196279,0.21221078961779177,0.0,-0.795592109002015
1139,13668,0.06498037760014735,0.22311881852775306,0.24223158202149223,0.4404950809531854,-0.20320606002049885,0.04892458723536916,0.18422972073356236,0.8954646661244274,0.8535074609783824,1.0,0.24708675076615416,0.013532959328794994,0.0918091912580475,0.6658308716270351,0.7044120540025093,1.0,0.7917377548639498,0.01683234332862715,0.09905138094438713,0.4741925024161782,0.708364228704602,1.0,0.7409626728825137
1140,13680,0.03164633082772066,0.1477518753655365,0.22585640812032728,0.4373696675580707,-0.20407122703294003,0.029454476384813116,0.13486790701235238,0.9046307639723518,0.6657219874373123,1.0,0.06926093438255998,0.022789639509419545,0.11497993995591027,0.6634569178855615,0.6979829296570466,1.0,0.2798647137488395,0.0214950562771361,0.11455551073186761,0.5137882334027578,0.6511132077121985,1.0,0.32077255988528486
1141,13692,0.04297837408385899,0.18001956505097194,0.43857118439955695,0.5887744777170689,-0.3955380841759335,0.010655429444959017,0.07321465115240079,0.8974224053516849,0.6303440258581678,1.0,0.7520746265512919,0.015266464758228501,0.10493403566589166,0.6422910733656579,0.5614739214771991,1.0,0.6447872893367087,0.02215401292463623,0.12291999890900991,0.521268650278715,0.49465607073572626,1.0,0.48453115323977747
1142,13704,0.03470450325081793,0.14941032471891919,0.06741730273436065,0.2250700442930346,0.21923586640875853,0.029000087113079626,0.13519790917419094,0.8947498808588513,0.05774716180940172,1.0,0.16437106436911342,0.035445531216115427,0.14426141495984815,0.6137223697953985,0.07023366526067613,0.0,-0.021352501718347794,0.025426044492298832,0.12758316631118394,0.5079792735038157,0.07343329192406926,1.0,0.26735604574027194
1143,13716,0.2173046683666573,0.437447081834041,0.22911321890921657,0.4334924918116568,-0.017528224254502088,0.12424971706781125,0.3279335366249272,0.84501177885068,0.6266730424978384,1.0,0.428223433938542,0.16725369923955946,0.3834480203672344,0.5769347574722625,0.28472365544093103,1.0,0.23032624887122555,0.18424443196371873,0.40044551320722893,0.48681748257863316,0.11287513073908159,1.0,0.15213771821577327
1144,13728,0.03305653272001166,0.1592429667958529,0.02613490910470732,0.13958775845183655,0.20044203158761725,0.11293872931139744,0.3004534526183793,0.6620655872270298,-0.3691542347266093,0.0,-2.4165328308321623,0.021003611528945133,0.12040095765923457,0.45084889351377216,0.267204944171891,1.0,0.3646154087954291,0.01858558922470319,0.11125659243747778,0.36684771812868244,0.29353214666435895,1.0,0.4377635010264732
1145,13740,0.0915998871055127,0.2809091640699743,0.06079866349009466,0.22234413583577806,0.2881343516939809,0.14530295686790987,0.3477633071339028,0.6196188095936702,-0.23358256916411047,0.0,-0.5862787767471516,0.14227572674834005,0.33734901043629645,0.41063449583253986,-0.1354345423176615,0.0,-0.5532303722651373,0.1432639887814827,0.3446329876099539,0.3550755373130349,-0.27168657230406107,0.0,-0.5640192723868622
1146,13752,0.07033151766408259,0.23646020880327212,0.0473905846530793,0.18938357248406912,0.20807621368817175,0.1360332962412176,0.3333121693563374,0.6731655800646015,-0.3658866570057655,0.0,-0.93417262643101,0.13425696093661757,0.31468109013441004,0.43287312455505694,-0.31867508645876197,0.0,-0.9089160222285504,0.0794538776268281,0.25080255337245044,0.38518226125643423,0.09858382266379125,0.0,-0.12970514878287887
1147,13764,0.053275041333485734,0.1962737344048923,0.023666445851742098,0.1274719661664533,0.36813455488596913,0.0626317724689669,0.20945847074582757,0.6867373238734378,0.16063508826892656,0.0,-0.17563066871991406,0.2448016430024098,0.4162643882856307,0.4659044548634622,-0.8202469567853132,0.0,-3.595053084427005,0.09042955775405152,0.2665663256874959,0.36645252502173775,-0.08590626327740085,0.0,-0.6974094339596977
1148,13776,0.021984090309172283,0.11299594217241599,0.03201663147057177,0.12342029580744429,0.12637849195396117,0.06727857414024958,0.21264406807794378,0.7612469330698218,-0.26790052404222275,0.0,-2.060330138481071,0.046685340137420074,0.177264693780932,0.5074568042968954,0.00725433225259271,0.0,-1.1235966319671569,0.07263473888818438,0.22977179150635915,0.4409281452047975,-0.3498523347187313,0.0,-2.3039683637889463
1149,13788,0.017455822635937798,0.10963023351542012,0.017161476018079002,0.10494439461765126,0.08236150789550938,0.024810870187932477,0.12352842263502677,0.7823929339416399,-0.008926546082445252,0.0,-0.4213521015533357,0.02757396548244501,0.13078875877708093,0.5171079391727369,-0.011416447126354945,0.0,-0.5796428537075144,0.032857541220732096,0.13895549768462742,0.47204891034692426,0.006773456312607666,0.0,-0.8823255658593516
1150,13800,0.01972029537493107,0.12025407622510602,0.057444340855431854,0.2043885671603476,-0.11751962918049422,0.026467285487033605,0.13935764904217474,0.8438352626136556,0.17585321704222695,0.0,-0.3421343333771498,0.041067717464892316,0.16324038161299856,0.5820680425542823,-0.06694295251876867,0.0,-1.0825102608299986,0.019940868904778253,0.11992774101977788,0.5097145157113919,0.17815904708355318,0.0,-0.011185102740782549
1151,13812,0.026474646027750376,0.12734760951241944,0.04224758780409368,0.1601915705069875,-0.04429488416274223,0.0797800588017787,0.2570932023979193,0.8562523783373193,-0.25178731026242135,0.0,-2.0134513873444915,0.06389839911383717,0.23089026688257608,0.5889807075949504,0.09697783936143943,0.0,-1.4135695354287159,0.03271426724749479,0.1564283241962728,0.5173249291965276,0.06512882043441401,0.0,-0.23568289499335027
1152,13824,0.03174459892288419,0.1517782453730727,0.0518604924025426,0.2023390054131776,-0.023968655983662733,0.03705041643115403,0.16763525360379253,0.8473785208720571,0.13259934825452754,0.0,-0.16714079523130976,0.019035972583624952,0.1177747736191479,0.5845770277905339,0.38210331258648556,1.0,0.400339798594771,0.03667172695543155,0.17010325878981022,0.5383674256371966,0.10097380745687064,0.0,-0.15521153833181578
1153,13836,0.05484814053821529,0.1977766504526711,0.08754642675871116,0.270675600386518,-0.10944191368331731,0.014355945124287913,0.09635493412668365,0.7653954667268488,0.6945751341105046,1.0,0.738260130910264,0.027974573988937722,0.13920193729543895,0.5462284744424593,0.3776812686126591,1.0,0.48996312884214344,0.027879841262880126,0.14167035064724687,0.5256442969518853,0.38951190967175614,1.0,0.4916903109330585
1154,13848,0.028870669389748953,0.12598542299109863,0.029679487723643084,0.13384031984792213,-0.06452601247340246,0.01468593592911608,0.10181346457619823,0.8002246850143837,0.46636406540681585,1.0,0.49131986754936197,0.03292262326455364,0.15122158763257992,0.5894787452121708,0.0841261109643047,0.0,-0.1403484560785213,0.011783245168850326,0.08932753040730634,0.5508536717039588,0.507059569755819,1.0,0.5918610334322841
1155,13860,0.03682351067426285,0.14828084599536603,0.0383732417860389,0.15451063572774534,0.006061640646926436,0.025360412048167122,0.13353431911813832,0.7692133844398985,0.42211254104946716,1.0,0.3112983639038974,0.05176094890837923,0.19587130295935617,0.5871681893661889,-0.06502639601761848,0.0,-0.40564948753125374,0.02849170371076336,0.13492478738273317,0.5626284403494466,0.24799378334233957,1.0,0.2262632435348665
1156,13872,0.02342457310906457,0.12904692366711287,0.014845328127747909,0.09740571098447337,0.24456023523112336,0.035456877342505216,0.16165569266891003,0.7428707211537819,-0.08271834588914244,0.0,-0.5136616226651542,0.043878895310861754,0.17459712414503734,0.5845390023645024,-0.14003169803235224,0.0,-0.8731993580656547,0.02843709148699473,0.1474369763135435,0.5701678741168477,0.0940099575734816,0.0,-0.21398547391202927
1157,13884,0.02254350335374533,0.1236958409200345,0.01517809307101281,0.10266332443602062,0.3062515005131348,0.02106275771396704,0.12477372430987836,0.7376957864982545,0.28508834502199853,1.0,0.06568391862360135,0.02486183546529985,0.12059585963023732,0.5630069071559209,0.17639358610967665,0.0,-0.10283814698966731,0.029355626961512504,0.136655754689084,0.5212665319501404,0.043523719224799556,0.0,-0.3021767957213013
1158,13896,0.08816294669975216,0.27443655698385766,0.12408605713066079,0.31992212016560856,-0.05437428204306873,0.07275031359225798,0.23830274409295718,0.7249395936957592,-0.0015143546582895295,1.0,0.1748198498852752,0.045545770988172946,0.18636145158513165,0.5450556049729502,0.40222828589737675,1.0,0.4833910084325598,0.12435165035779154,0.3335374572610199,0.5271586244969866,-0.17540868818325278,0.0,-0.4104752054316385
1159,13908,0.013429261918433076,0.09239415982581324,0.015947900633122413,0.10188380977058697,0.090844442301136,0.019131838762769714,0.11333347899320671,0.7016939330566286,0.12936782065577024,0.0,-0.42463814310667747,0.016749155712047863,0.10933641438311421,0.5436870118874857,0.13065108744575868,0.0,-0.24721342198694352,0.021334881076218514,0.11552072170787564,0.5144032464355144,-0.07520389342914872,0.0,-0.5886860503431051
1160,13920,0.012001940714397835,0.09063695209036766,0.022719618392342027,0.12415308561731951,-0.006518060958322425,0.01349040380445598,0.09137537475604386,0.7497115312902982,0.1522420757173263,0.0,-0.12401853379200145,0.014340845217938242,0.09356288324333716,0.6306798217823975,0.12283196022995524,0.0,-0.19487719188069286,0.01975310398364259,0.10828820378965177,0.5990524767298302,-0.017785594650694108,0.0,-0.6458258254805624
1161,13932,0.01482128067424156,0.09877481979806753,0.010188599784665077,0.07908672577640762,0.20466533810274185,0.014618597171185707,0.09395650313188725,0.7721569728123252,0.09022806437583615,1.0,0.013675167990584214,0.016103321640560574,0.10919390181394169,0.6295224284875387,0.3441007517487458,0.0,-0.08650001268426966,0.017546134363648203,0.1105280062100127,0.5786366251661328,0.33321937299794285,0.0,-0.1838473846691444
1162,13944,0.018606004749936154,0.11491320858733729,0.02867043246427531,0.14469983987086832,0.027298171180459817,0.027665245105412545,0.13115247219155776,0.7949094449263978,0.08160446304278735,0.0,-0.48689874463820493,0.02856839225332718,0.1409366242161564,0.6265085151732601,0.11642353193676078,0.0,-0.5354393722502522,0.03697057399605754,0.14701625115231773,0.5813095868163904,0.053180410041785954,0.0,-0.9870237857584341
1163,13956,0.0653170511730246,0.2165951423904514,0.014928111422651602,0.10213063686537999,0.48058339682338264,0.05836087956224121,0.19964857029572536,0.7886344823169144,0.18596077486600718,1.0,0.10649855567356392,0.1306188239497069,0.3110288291117638,0.6421494171167722,-0.28368108597022534,0.0,-0.9997660887001492,0.16246706938023045,0.3528244277472705,0.5835547445418281,-0.41438374573104564,0.0,-1.4873607497964945
1164,13968,0.04435844658882949,0.17153094324921633,0.10863182590287594,0.29827537569221074,-0.34194480728914656,0.019979700189822477,0.10801254607825285,0.7873187772035406,0.5030961302772571,1.0,0.5495852148516436,0.020640386067630856,0.10775888575165148,0.6463989068863165,0.519525397400925,1.0,0.5346909629421379,0.05412774981350623,0.1705411084743669,0.5629439851315758,0.21310678049448964,0.0,-0.22023546755888623
1165,13980,0.02012630230096031,0.12408632302530011,0.019906101887944633,0.11861458030164833,-0.05876997462212902,0.022112535813563722,0.12467666575021287,0.6719969066873127,0.24813503603780637,0.0,-0.09868844673512833,0.022178420096025515,0.12918329691062916,0.5738244564019777,0.08913020389758144,0.0,-0.10196198806808576,0.023196212110988584,0.12702669273212094,0.5095898374266536,0.040631075344017296,0.0,-0.15253223190838172
1166,13992,0.015091678068134365,0.09558392255019559,0.01854767347474791,0.11262048383375105,0.05360642695463984,0.08330731379199419,0.23082070968919635,0.6993367918312049,-0.07620527225584459,0.0,-4.520082883817614,0.03424064826015905,0.1357057676040189,0.5917633310712291,-0.06606447069963872,0.0,-1.2688430077538677,0.01691100541857979,0.09706879646047438,0.5153736516383443,0.07267846494796903,0.0,-0.12055169360436335
1167,14004,0.02168446792717071,0.10365368136485371,0.04900660019210836,0.15396262503247152,-0.3757729962896106,0.04318347415686463,0.154820926594562,0.5967088432100477,-0.21143062974396615,0.0,-0.991447256252739,0.018869556346527185,0.10756829958269985,0.537197216545347,0.1010576970154711,1.0,0.1298123426453287,0.019243005081743005,0.10185576010562476,0.5025988417144728,0.05627813306309659,1.0,0.1125903966667563
1168,14016,0.027345035658807387,0.12336211083538752,0.05014452034525668,0.1851485025814,-0.286470354048119,0.031669546278800774,0.1293129055092078,0.5630868064850573,-0.06589985609767603,0.0,-0.1581460954723799,0.030058162370175962,0.13626654701655472,0.5329476138032139,0.02433045618200272,0.0,-0.09921825464852607,0.029534216525549172,0.1354609021638684,0.49828493137914076,0.024330456182002722,0.0,-0.08005770751433205
1169,14028,0.031415777739592414,0.15700219565608978,0.03914886339561462,0.17120242950637135,-0.1404840590948613,0.014337045258512341,0.09180155797375585,0.5438744649474897,0.24290761870478433,1.0,0.5436355140607018,0.03322158493446486,0.1563674003294854,0.5202610615142149,0.03182710017568713,0.0,-0.057480900515686884,0.03995332525485435,0.17383281114537893,0.4997698466872252,-0.12888070003169097,0.0,-0.27175986493252746
1170,14040,0.07488018323379891,0.24320526553484378,0.06419724022884242,0.22669691801043126,0.09636856480725853,0.04301269195754581,0.1694637723202601,0.6849302504444079,0.4730995366320137,1.0,0.4255797715765868,0.06910726356354943,0.2269282355413599,0.5650202252259277,0.04764484962580974,1.0,0.07709542659938018,0.03057081532617557,0.14978651569100568,0.5341799759807808,0.44573360527738315,1.0,0.591736905467711
1171,14052,0.05710172621788665,0.19101460513171975,0.08206779936244656,0.22386028300760383,-0.22643389903693228,0.10497775385626645,0.26965377492303183,0.6807125658755926,-0.3113220958594436,0.0,-0.8384339810620827,0.0743746427756994,0.2231879762348408,0.5428731789569008,-0.0978295197677507,0.0,-0.30249377211300743,0.08731421878051583,0.2559443595322519,0.5347038820568338,-0.2042821926109289,0.0,-0.5290994609750583
1172,14064,0.1459949105732646,0.32911318122506156,0.1634332859118748,0.3529990602952398,-0.047201165401374555,0.08135849027421282,0.24557918582152416,0.6170538445986347,0.5154742592520387,1.0,0.44273064071377544,0.14991412508412774,0.3365444531759112,0.5140273677877709,-0.00681441150525246,0.0,-0.026844870793604425,0.10562499070941807,0.275189297028328,0.5145121054323775,0.36118876860784643,1.0,0.2765159395305613
1173,14076,0.05187872347693532,0.17639163160087615,0.11472711117787966,0.2589383435943946,-0.4171589503229482,0.07011950455257014,0.204275640583002,0.6244965052772258,0.17437849495801974,0.0,-0.35160427730540555,0.050768673638973534,0.1809169944162284,0.5032854979495562,0.018823181928113376,1.0,0.021397015261088725,0.04128201098673193,0.16176323104624019,0.5164872638625579,0.17968887911371287,1.0,0.2042593144165269
1174,14088,0.0571737702603638,0.1796574566555745,0.12763843137654338,0.29008396093868116,-0.3271055848911277,0.11023680714641547,0.26968518853068607,0.6337942212946079,-0.08936301362827875,0.0,-0.9281010618052257,0.04399953102585996,0.16772301105048626,0.5026306089152773,0.16412819012378685,1.0,0.230424531642913,0.033407701338278396,0.14746117103487816,0.4958288583063772,0.2847150223640505,1.0,0.4156813310344417
1175,14100,0.13644345755402945,0.3231627393531668,0.05910176300493241,0.18843869095785978,0.586730306946595,0.06885617758329175,0.20626324619488598,0.6710885788037458,0.6613589207829442,1.0,0.4953500972662922,0.10417801321918126,0.2683423000558373,0.5359320474415724,0.15860216298661525,1.0,0.23647483663386049,0.10391699955126825,0.28341968028056935,0.5279664441043239,0.12854312593712178,1.0,0.2383878170917887
1176,14112,0.03321240071716881,0.15420631772786164,0.05458952958801546,0.17522686471548088,-0.1496457545814719,0.033949783984107994,0.16352322726831842,0.7138451816177935,0.2084692143142311,0.0,-0.022202046555400257,0.018406099342544845,0.11540803919276303,0.5275657047180029,0.37587326882545813,1.0,0.44580641732923565,0.020233572356816703,0.11389767382908739,0.5201191119044231,0.15262753522881597,1.0,0.3907826016817517
1177,14124,0.03966794624418458,0.16649315055746053,0.06338693191666596,0.219521314570023,-0.3742242384866461,0.02964902929633742,0.15048155841285657,0.7519543487808941,0.2652795121553282,1.0,0.2525695907263149,0.04930266050664781,0.19076736689744833,0.5215216236372164,-0.057249657542146795,0.0,-0.24288412117820957,0.047806049677005025,0.18498896297175707,0.5176919989716697,-0.16030381954701448,0.0,-0.2051556534518979
1178,14136,0.07991093607284257,0.24419851635713793,0.09484542083356695,0.2661760050467011,-0.1678734164667409,0.02971898944254746,0.1501099973376394,0.6872927886182902,0.5684868079295735,1.0,0.6280985944720106,0.05812273501431566,0.20734941871637705,0.5458610827925474,0.1399431793033632,1.0,0.2726560609760088,0.03711519491903536,0.1712994698036289,0.5001544788651899,0.35863574666799913,1.0,0.5355429839389803
1179,14148,0.1250040666711737,0.319786833449111,0.17270595104889827,0.37435990775154027,-0.2549428471863351,0.07010740945625143,0.23864972366804485,0.8072999395637203,0.6005111399118009,1.0,0.43915897039837337,0.04703532584353496,0.1831712658904235,0.6084246268084323,0.5457792116157872,1.0,0.6237296345945085,0.044164312507140056,0.18708641816945182,0.5290284008703277,0.5492861341569684,1.0,0.6466969940800775
1180,14160,0.13192379480852415,0.34321739361960235,0.07932183341116796,0.2421423020704124,0.36062661543977226,0.07058830389583028,0.2391179148804642,0.8825995617264656,0.2901684064293297,1.0,0.4649312203436611,0.05321636900880894,0.19650282730004676,0.6662935849119511,0.3604208549952461,1.0,0.5966128090383707,0.036279652579548516,0.15777420444506782,0.5709484958221146,0.48593107765534843,1.0,0.7249953836439798
1181,14172,0.019083084849172247,0.10771751432856243,0.024590645145374863,0.11683174315724072,0.09504604023955336,0.012405244971174836,0.09142254747975476,0.8251497907189138,0.24955829042243013,1.0,0.34993503046165364,0.02182773885102315,0.1117352297769636,0.6454327356460456,0.2049487421030795,0.0,-0.14382653661836842,0.027237522361576772,0.14094743287203806,0.5594871252392692,0.060848506031630424,0.0,-0.42731233324460294
1182,14184,0.015735726912203176,0.10236756191005159,0.06271615736607687,0.2163025685838493,0.04107356469831628,0.0491982555273287,0.16888170201267572,0.8365302529999571,0.2917932027047023,0.0,-2.126532113948614,0.06835909494427521,0.22631246818286202,0.5919397522364932,0.20280343182783817,0.0,-3.3441968283818024,0.040912315294893954,0.15681016557515415,0.5492603829486903,0.03569761027910372,0.0,-1.599963479486044
1183,14196,0.03251797132939835,0.15404741008092443,0.03224126064892046,0.14575414379768412,0.11650076551330772,0.08786890628821376,0.24211934796864987,0.8221008395578757,0.5372084206617599,0.0,-1.702164455406066,0.037445963629797525,0.15547303765935466,0.5785880305838254,0.06874873227375719,0.0,-0.15154673243542582,0.04065071614404741,0.1668939995645772,0.5497975122873571,0.007041790689107585,0.0,-0.25010000569428303
1184,14208,0.08940758105817698,0.26571751547761424,0.04388380401226518,0.1737037973136016,0.33196258275292295,0.023202478688155198,0.1316890830896841,0.7894609166444277,0.4202471002223456,1.0,0.7404864507735929,0.09968366125627733,0.2665962567946334,0.5689723410070705,-0.20602205342101515,0.0,-0.11493522223147679,0.10730714480213706,0.28149433521434325,0.5394327047465988,-0.27656312397827587,0.0,-0.20020185684604241
1185,14220,0.017756642210416642,0.09671679763842395,0.0306056252067519,0.1453744818914167,-0.08351909877829067,0.019085871615464517,0.10814359715585502,0.7672221325626808,-0.053136362618081724,0.0,-0.07485815106800464,0.06755388258670515,0.21063349158784014,0.5532875136492423,-0.25953360193248814,0.0,-2.804428888423273,0.0516811261529937,0.17664635810889825,0.5380594719671289,-0.2618530689692077,0.0,-1.910523596779791
1186,14232,0.019349239371022352,0.10356287205599272,0.029111512339533935,0.13129960458056275,-0.008969555799410722,0.020161284451195055,0.12315927320307951,0.746930438640892,0.13051563118977874,0.0,-0.04196780372611597,0.023340098620440283,0.12777606678028663,0.5073806273415681,0.043190810930247375,0.0,-0.20625406368142252,0.025742917395827892,0.11875399905383126,0.5121473325442041,0.029508480057906274,0.0,-0.3304356260319352
1187,14244,0.07735775664629758,0.23775653940927163,0.12965606861012194,0.32062384895916723,-0.06381188644376838,0.03290095726032825,0.14131980850482886,0.6978352808334611,0.1380354050934151,1.0,0.5746909077164544,0.10235747126452772,0.28198204454470355,0.5032928254820417,-0.1991729072481641,0.0,-0.3231701086231882,0.108790417487159,0.29953856969695064,0.5177341863787712,-0.1882284698922549,0.0,-0.4063284950800834
1188,14256,0.06774764494429945,0.22922932229297502,0.18702405715830084,0.37642924799523136,-0.6307265100956135,0.036561496057961974,0.16421429117628858,0.5284142822573672,0.5249888530485818,1.0,0.460328162137267,0.041083484150940396,0.17795627488642332,0.41090156240832726,0.4070297225967409,1.0,0.3935806302238508,0.05090149524965578,0.20330135834192434,0.45435312287379775,0.3366117814280353,1.0,0.2486602996826559
1189,14268,0.11725161924978933,0.3102186607869835,0.06658232446372372,0.22916677767126767,0.5135847099183632,0.05576807553547749,0.20529335104903257,0.6251613955179499,0.6539684328857696,1.0,0.5243726620382883,0.056249673747913016,0.20789726008799003,0.4531179128472506,0.5950379123136169,1.0,0.5202652713214954,0.05146236020284672,0.20813498394394866,0.4898447185691189,0.6633430220795586,1.0,0.5610946737271675
1190,14280,0.04216872693502189,0.171134771205533,0.05327055092038652,0.18518997572691243,-0.056870748742933096,0.043231726300582286,0.15249824202726822,0.6364014164692834,0.23977189078349426,0.0,-0.025208239442428004,0.023845382405516233,0.11142863006940272,0.47069503685913433,0.4681004939195906,1.0,0.43452448914903774,0.034997624979019266,0.133081322494334,0.5232316549545304,0.364389694867345,1.0,0.1700573500132605
1191,14292,0.1850402144827984,0.3926042269874667,0.19092378495976559,0.3935787702022942,-0.07276055912763685,0.14293827831338926,0.34996722069498726,0.6297939477520768,0.34870605248919223,1.0,0.22752857419176298,0.052709809833388487,0.2083522862100153,0.5041376880973756,0.7575279979609114,1.0,0.7151440297412297,0.0632997838906813,0.22575427877509127,0.5184266756574919,0.5458539429638523,1.0,0.6579133672774371
1192,14304,0.08764493717910293,0.26349032157585756,0.049115148435826754,0.188648217728039,0.40279446703660715,0.07432878733169812,0.23910281245624068,0.6479514519662984,0.3588060357896353,1.0,0.15193290423830397,0.04417896799287552,0.17786030017182086,0.4462354583207112,0.3375356564512073,1.0,0.49593245868160596,0.034945321002884125,0.15960720189885383,0.42775871969379187,0.4518153199336316,1.0,0.6012853437104626
1193,14316,0.05986511934374985,0.2160286937839214,0.11555921590400187,0.3093017716652003,-0.3855628718309282,0.0323162826489733,0.1464148402303271,0.5911602775681251,0.46405113383325236,1.0,0.46018177190275245,0.025672579493435,0.13450357673058888,0.4127648166617017,0.4793752894656024,1.0,0.5711596372835877,0.012743757855165926,0.09190427647768684,0.42042624683755525,0.6760345365025102,1.0,0.7871254915238648
1194,14328,0.01071771585438752,0.07274249130702283,0.042340442719681966,0.17169788932058228,-0.23891063298173337,0.03331910851175727,0.14078851003376222,0.5926205757128093,-0.1640495126013676,0.0,-2.108788193719224,0.04201037600322799,0.1651635350286769,0.4295759257910438,-0.041188005904002796,0.0,-2.919713544750318,0.008976178173914657,0.07461318628304763,0.409874865490225,0.1291465444789516,1.0,0.16249149577518696
1195,14340,0.012174457771481162,0.08326191002001111,0.013024592991295951,0.08892975399711005,0.07403885789338076,0.03312617581809108,0.13365809543448723,0.720768940111252,-0.2291540122089341,0.0,-1.7209569772946778,0.04583742508267772,0.18163721652898923,0.5318968366116492,0.172328559773892,0.0,-2.765048591326386,0.02945784320179637,0.14376569255296456,0.4782140675904971,0.25344689629638734,0.0,-1.4196431376846843
1196,14352,0.019561007886895385,0.11274166878678925,0.08017697707822921,0.23787698090152842,-0.2650292271807835,0.04532802527077039,0.15639827865452177,0.7816341171822299,-0.1303253136320189,0.0,-1.3172643011476546,0.04394039491750703,0.1702063197393764,0.5817590795542011,0.29852654044961197,0.0,-1.246325709369212,0.02632280358975786,0.1205149568861996,0.5191487070607954,0.22012656242475642,0.0,-0.3456772647892259
1197,14364,0.019062857878778667,0.10969153567348396,0.05328096122398345,0.19490436580839118,-0.28541603010445127,0.033179580949763164,0.13620398915073748,0.8291285963660066,-0.2039981685337354,0.0,-0.7405355042120756,0.03911537501888844,0.14883269314484945,0.6040394811627162,0.18935299653522347,0.0,-1.0519155767526769,0.017406703233922325,0.1114398407274824,0.5374731513446612,0.13332349051281805,1.0,0.0868786126082397
1198,14376,0.02100518603988218,0.10348341014714979,0.01388417138511292,0.09517448917758424,0.2680547319811232,0.06902676075522067,0.20057819005591307,0.8442340174079153,0.07206230580419704,0.0,-2.286177071898376,0.02401688045639303,0.12287714411648687,0.6467107394722511,0.15630312924770035,0.0,-0.14337861187197287,0.02795503410122201,0.13844144820448703,0.5666481314381104,0.11049985552169009,0.0,-0.3308634376360331
1199,14388,0.03109133536265483,0.13407221542289074,0.03761427356805009,0.14435022550730678,-0.03242763418652841,0.02636188246915064,0.13723485515657513,0.8619778990844613,0.24086149121312364,1.0,0.15211482036197588,0.030571101504058732,0.14898013857612682,0.629807251631358,0.18723447399299925,1.0,0.016732438556530282,0.03240295220381973,0.15534615695859222,0.5644378043276419,0.16087928646648114,0.0,-0.04218592819722833
1200,14400,0.03173462069205472,0.14412961893079154,0.04016624876078409,0.17072418678728418,0.011854167591851993,0.030374551768639745,0.1447609166482778,0.7808273377166639,0.1788530649852342,1.0,0.04285757616619279,0.023521577532599452,0.12460195387468771,0.6104663341602525,0.24189240328000877,1.0,0.258803886113929,0.023234615050139195,0.1233986140263617,0.5688761452169206,0.23991669672656352,1.0,0.267846454646412
1201,14412,0.032700766508732694,0.14675974695558555,0.034722373463871824,0.14791555986441435,0.023700675571705833,0.04308015595655307,0.1610489080225027,0.6563421288212518,0.1782332475622768,0.0,-0.31740508116372657,0.02821272974581739,0.13732859123938682,0.5551148022074874,0.14512250990224432,1.0,0.13724561354599385,0.02285491738879804,0.11285636686043084,0.5096318020366555,0.26547263965754275,1.0,0.30108924563909945
1202,14424,0.034877938244586675,0.15139796802513114,0.019748792747886792,0.11548931148706676,0.3172792771067384,0.039298052548174915,0.1565367430657099,0.6361745016669054,0.036575185177513486,0.0,-0.12673095160016445,0.05290938534163605,0.17426593470536322,0.5688951321303911,6.289518747448763e-05,0.0,-0.5169871845807283,0.0575597930148167,0.18115980635219853,0.5232725211485917,-0.006219357358772548,0.0,-0.6503209739970919
1203,14436,0.09746086271273047,0.25719592777783284,0.09542869809395575,0.258312401239799,0.0685529595269188,0.09198293598646073,0.23592147112126605,0.6789500810834552,-0.09852926211473173,1.0,0.056206425572243535,0.10117254827966878,0.26066444661851884,0.5483378323996153,-0.048592612997393037,0.0,-0.038083857085060346,0.1259641451224401,0.2992306054722476,0.49422375201393337,-0.06272997444844028,0.0,-0.29245875335337557
1204,14448,0.07964663495149125,0.23167785575318986,0.09071285675267123,0.2585361259828006,-0.1529849271838327,0.12721557454379143,0.29712235679073346,0.7897366122671821,-0.14715935969928864,0.0,-0.5972498351157209,0.06292493885142507,0.1969218310540339,0.6132468631312413,0.2533037186175134,1.0,0.20994855727741069,0.1040996652404822,0.2648301874186605,0.525351341298548,-0.12479452539431235,0.0,-0.3070190009142766
1205,14460,0.06466836190366844,0.21150742149721405,0.031418047620310384,0.1545379150845251,0.4149304350456961,0.05069096308744266,0.19913346732959414,0.7397112586394435,0.386076530370697,1.0,0.216139676416218,0.06002077645691891,0.20409021914343584,0.5998303976756543,0.04143690577950922,1.0,0.07186799402268274,0.05827058121454842,0.20664712394843887,0.5308646512534019,0.18473857815220343,1.0,0.09893215941746458
1206,14472,0.06778414389564942,0.2070519599289237,0.06823202846674341,0.20444001492714858,0.0755231761727657,0.08077119488996608,0.22523711576359204,0.6688156402360972,0.12390269110532062,0.0,-0.19159423204207804,0.06267382129223283,0.2056981960342917,0.5695019585322699,0.18175480308828332,1.0,0.0753911211342243,0.04815936758947905,0.17370704150149274,0.5086988045195112,0.25941448592393285,1.0,0.28951868649963053
1207,14484,0.11022719188480769,0.2812179234062822,0.17147781314019572,0.3492154271299894,-0.40656726855816866,0.08593328755797464,0.24453478254464137,0.7996121851756703,0.06467665693744137,1.0,0.2203984689387829,0.08011254471731331,0.23166987390478466,0.6155489548487114,0.291776882062399,1.0,0.273205246841138,0.06267380906389441,0.20289774559438892,0.52764841272276,0.37939867380726044,1.0,0.4314124492131549
1208,14496,0.08295467493561186,0.2355418826754426,0.13780656457849236,0.31060621467385713,-0.13394529715347994,0.13068975785291928,0.3014168171225935,0.7724926624302307,-0.22686523016467625,0.0,-0.5754357178104628,0.1336541296805106,0.3085048020159439,0.6054335450386282,-0.13754985235119727,0.0,-0.6111705552972257,0.13782914983799022,0.3074411410256422,0.5228315942657389,-0.15770779377490696,0.0,-0.6614994868579871
1209,14508,0.06728851884966579,0.21689708555320608,0.07011470883342592,0.22811673542718044,0.08978525148350053,0.11263149061635806,0.30298883884447103,0.7571520924029069,-0.21608861884711103,0.0,-0.6738589664604795,0.07359278928972797,0.23968137916902274,0.5839680919860257,0.04749541113105869,0.0,-0.09369013537282656,0.065372778512588,0.22766512350106724,0.507940086460462,0.1291587120736714,1.0,0.028470538062487005
1210,14520,0.09155154941379355,0.24468094090772352,0.10774902189118414,0.27069769815912514,-0.11051853529139281,0.041671290104143645,0.1686147977054752,0.705300168289026,0.5343708157218344,1.0,0.5448324974184952,0.031232171768981607,0.13637159762151552,0.5684253722527561,0.7272594532990677,1.0,0.6588569830990099,0.06466218369639255,0.20582040374606914,0.5052762714459005,0.3917311454170032,1.0,0.2937073800451675
1211,14532,0.10423052015981289,0.25603581597281727,0.09974631822567087,0.253400438715843,0.09598076646667604,0.07906635610302361,0.250000697937798,0.7705605070106643,0.343268442254601,1.0,0.24142798115375397,0.04568767083080449,0.1705424109170551,0.5617087845384237,0.4832743118442745,1.0,0.5616670552852157,0.11389724123880561,0.2821586131516917,0.5004659411605655,0.1691650293676636,0.0,-0.09274367108761505
1212,14544,0.061898875808193275,0.21129513559588142,0.07084515556370978,0.2120698539283623,0.07446193450304818,0.0584734552734259,0.21637472871703278,0.6995837545986234,0.17623357729624978,1.0,0.05533897813236166,0.07425052312948752,0.23169581985387663,0.4862142127512487,0.18875769574941753,0.0,-0.19954558398715383,0.08086333451926984,0.2484881675496778,0.44686582232107,0.12790467265067446,0.0,-0.3063780797868114
1213,14556,0.20277582134462438,0.3889978577043693,0.17887571285850257,0.36690056348218697,0.04396707691494328,0.14066949865550846,0.3154264799624495,0.6341573159042708,0.23766764230247128,1.0,0.30628071077352026,0.259540249812445,0.45338241902239873,0.46264734271909924,-0.2540613023430152,0.0,-0.27993686866319023,0.14123417983096806,0.3251912123719173,0.4469036843171727,0.02736841515470866,1.0,0.3034959548212812
1214,14568,0.1401132287533994,0.3312313665875469,0.15138444902627443,0.34655617733086075,-0.007609584052531315,0.1400325538563809,0.3278711497473108,0.6891729963839773,0.19269918525577726,1.0,0.0005757835840076719,0.07868256909510025,0.23194679002693275,0.5267439719788493,0.30448696135765757,1.0,0.4384358293992189,0.23178724815676635,0.4237940657363506,0.46709547785266736,-0.2687576986529104,0.0,-0.6542852535695547
1215,14580,0.5484283002205111,0.7087745115656897,0.5162589148040763,0.6897804842776942,0.1331500759828264,0.318051987878382,0.5332177971756521,0.7630269153141728,0.42133526966607004,1.0,0.42006641934688604,0.36314795362684,0.5717975961637088,0.5611679528962992,0.28838826163862585,1.0,0.3378387776837445,0.5379108263164816,0.7009156322439444,0.48036893475370057,-0.01676668368476672,1.0,0.01917748208799719
1216,14592,0.04619392769579522,0.17828051737077563,0.09413426822544728,0.26115410410909123,-0.05302996555700806,0.04214803304562432,0.16992611865218218,0.7642000632394657,0.15298430713551173,1.0,0.0875849890231174,0.041657151662029296,0.17177617167777992,0.5687863170281664,0.15773735621071117,1.0,0.09821152389643806,0.035104882338129174,0.1612299901378196,0.48582809809986205,0.15493445040478748,1.0,0.2400541783476754
1217,14604,0.0376584657070528,0.1575561390978897,0.0370668799257902,0.14524003009177106,0.17435593683332068,0.018871445875312903,0.1011383730197809,0.7718290794169886,0.1275769621161865,1.0,0.4988790562495329,0.02778035975329517,0.12408165193480657,0.5869103780714326,0.18677917805850297,1.0,0.26230771138155073,0.042879726461151846,0.161594302195777,0.5329733628550208,0.005364343160378815,0.0,-0.1386477291644197
1218,14616,0.0434609838735076,0.17392382585590438,0.10790074486524952,0.25782487745464794,-0.05103748857126091,0.08340783816917112,0.22745388975792533,0.7637736715157766,0.01846028180915768,0.0,-0.9191428894460398,0.010914047882142475,0.08267855252839433,0.6002746807844672,0.27053852552194335,1.0,0.7488771097794837,0.08152419689047902,0.23560901872394857,0.5351758911884769,0.24644093725904942,0.0,-0.8758019175947258
1219,14628,0.08050111605338903,0.23956256883396435,0.07216878274952292,0.21867059347264925,0.16801343194808013,0.017665927013040244,0.10959919996392815,0.7432064091089938,0.5961427747618087,1.0,0.7805505329724367,0.043836834461627255,0.18362390371857096,0.5938128196260358,0.3041612085539804,1.0,0.4554505998084015,0.009453888148203601,0.07502130256997332,0.5464090828714072,0.6148797267152278,1.0,0.8825620238366173
1220,14640,0.13608970890723418,0.3143097316177001,0.17966705002529548,0.3660854182003746,-0.06809680493160297,0.11177579292454487,0.2957328220629878,0.7972792861885063,0.18911976521390808,1.0,0.17866094488645679,0.06152613167715102,0.22328500487909353,0.6054823006753642,0.4637584788041977,1.0,0.5479001889915833,0.03462842224428595,0.1550982366893794,0.5521811084091872,0.7686029903909704,1.0,0.7455470915299666
1221,14652,0.21486487042027558,0.41890785706846917,0.19859224228397712,0.33747558552755735,0.019465615073649994,0.24311755299048568,0.4665041935059045,0.8248080359976925,0.07382476082144618,0.0,-0.13149046893960792,0.09403148964794521,0.2794621252227088,0.6157664776894555,0.5520838156602549,1.0,0.562369178991337,0.03365826901443134,0.14486384485655054,0.5555076314051237,0.84021104705607,1.0,0.8433514564358716
1222,14664,0.15531280924204782,0.34221051403618397,0.07509506876718262,0.20504154669235178,0.5229775055326888,0.06771891942297993,0.2412335615881834,0.7861616308560107,0.6928105802702285,1.0,0.5639836807185483,0.06535158380033868,0.23964977567437498,0.5703336663874268,0.7238855579834107,1.0,0.5792260527688269,0.02823043321310494,0.12817179258337297,0.5259558421483213,0.7058005957419157,1.0,0.8182349971591261
1223,14676,0.09550431169233271,0.2518312266554457,0.12836054187237755,0.2644513628817977,-0.05000721096130341,0.04688234911963544,0.1774033726654435,0.7181612641848012,0.4612918386634849,1.0,0.5091075126464761,0.08955048689795135,0.2558635809079453,0.5405451901819088,0.2746767494871948,1.0,0.06234090051935681,0.060139902981659575,0.18604834149929594,0.5205984494146867,0.46426146271826907,1.0,0.3702912264799063
1224,14688,0.11385034775675779,0.2758112079723968,0.23731383522941932,0.39685498779670975,-0.16613286520620893,0.23563808859067317,0.4206135936876004,0.8008877742000694,-0.36124290513719115,0.0,-1.0697177763050485,0.21432072388215542,0.4194663234389144,0.5786519495301313,-0.20975750662228565,0.0,-0.8824775514964032,0.1501467954143993,0.3331096939623656,0.5385778153820959,0.1578680583829161,0.0,-0.3188084039513799
1225,14700,0.08140951602115697,0.2386124520629402,0.05183613768542308,0.19365342775891356,0.24276536435905624,0.26976634409391065,0.47228060080583384,0.8507210820752802,-0.5453893761127289,0.0,-2.313695465574355,0.13407238753151998,0.3286296099844785,0.608518482816419,-0.19838612080877616,0.0,-0.6468883993448238,0.06119979682673835,0.21589998791085532,0.5572815482952025,0.038597283825935504,1.0,0.2482476273310168
1226,14712,0.19799371572436453,0.3902885347730505,0.1505978485186176,0.3532473372205371,0.17985435658727325,0.4547112496699326,0.6173452280756195,0.8891516720769141,-0.4439565171144471,0.0,-1.2965943540498803,0.24754550643822218,0.4345003455106111,0.6497462003941534,-0.06101268314167163,0.0,-0.2502695125073606,0.25636735578940145,0.41043863986314794,0.600754814598031,-0.1975188413803265,0.0,-0.2948257213693659
1227,14724,0.11084168567006392,0.2837140985985398,0.26590605139085893,0.45552079021832875,-0.37482622322985504,0.21136835836707965,0.3636325052061908,0.8800153714914589,-0.2627925355075406,0.0,-0.9069392267837546,0.2063803748532785,0.3692466188711328,0.7097273753362889,-0.3828017779310425,0.0,-0.8619382555007249,0.28185348645352276,0.4394242264117414,0.6193465238225808,-0.5862321081799998,0.0,-1.5428473479959504
1228,14736,0.1303862236721823,0.3204906068952396,0.1874055032433248,0.3828028739477484,0.020351622376964845,0.2421529334600938,0.3982039984385815,0.9140772396096271,-0.20360937845120325,0.0,-0.8571972301990731,0.2421315582808868,0.4122627447637226,0.7114080840856338,-0.3224666095442262,0.0,-0.8570332927936863,0.20693806855801192,0.3683972304815682,0.6213479134304657,-0.1559389867692907,0.0,-0.5871160520631125
1229,14748,0.12587347004060254,0.3301904227807326,0.1185176033578857,0.2890211061527455,0.18718682999470776,0.2509026587090137,0.4498469390109398,0.8934184972282656,-0.3017885842414142,0.0,-0.9932926185961264,0.34036452140094814,0.5144766447249678,0.7082109639450378,-0.31203803236567434,0.0,-1.7040211197098007,0.20281315874837388,0.39140024722014743,0.6081297278754323,0.024896295402801805,0.0,-0.6112462672472063
1230,14760,0.09084616294528576,0.26310095227520996,0.049600714610701306,0.16742544658573863,0.4164793603477802,0.1621354424159693,0.3615531734141934,0.9058779496791676,0.03866503145384779,0.0,-0.7847252669726865,0.18014196252767567,0.3932381721112401,0.7103453407878586,-0.09459273276156913,0.0,-0.9829341899246797,0.26819012398120684,0.4669634990631122,0.6382279841785532,-0.3153927380689931,0.0,-1.952134853980907
1231,14772,0.11076836838988052,0.25505280813576753,0.10034700245419852,0.19678192677587902,0.12050939005471795,0.17971813288537997,0.38436002786780826,0.8941565279127041,0.011118241890662628,0.0,-0.6224679978386185,0.17511855585980896,0.38135161043480775,0.7094340403663866,0.14544499232389768,0.0,-0.5809437152981236,0.21273914184286088,0.42178631172202063,0.6322354062504247,0.20655216568366339,0.0,-0.9205766495906615
1232,14784,0.14380761687977917,0.28413070661194534,0.08250782391232178,0.2201489451377013,0.009813649271415748,0.09726477311228983,0.2562923464623193,0.9126786840381989,0.30149175285263335,1.0,0.32364658268691293,0.12915437460926701,0.30567483092009856,0.7193193431998648,0.454263492171919,1.0,0.10189475765224609,0.15456230760399628,0.33826384468950926,0.6640955036603261,0.43174878269773204,0.0,-0.07478526490851922
1233,14796,0.2961127799342224,0.3890194530626445,0.4060141368669701,0.4927728033430525,-0.2906145630239957,0.1632751220908445,0.33589344846380226,0.8956971891775947,0.551432807177868,1.0,0.44860494664528183,0.09965132727070651,0.26721646338164756,0.7004471155917379,0.7050875621822078,1.0,0.6634683336097728,0.0861303259668671,0.2629327715436307,0.6361660998845923,0.7205518261980159,1.0,0.7091299943690379
1234,14808,0.317888638831991,0.43493497703346273,0.45570253165572877,0.5417550004424233,-0.4581505124748272,0.16806414146931994,0.34483359985537615,0.9009926721787691,0.5118061670989563,1.0,0.4713112677230833,0.127854644456032,0.31776690110470734,0.7206570957783583,0.48966129835555955,1.0,0.5978005224540122,0.11925246604432266,0.3084898168455997,0.6588935164249218,0.608178580805141,1.0,0.624860874290794
1235,14820,0.36520373793651006,0.5057079696630344,0.4119590191360825,0.536893589080233,-0.12756329852951023,0.11861787267657657,0.2933125441759232,0.866939580127282,0.7351148794531603,1.0,0.6752008253070014,0.3325354343887466,0.47067874455325615,0.6656943889611515,0.16703592347929702,1.0,0.08945227048427085,0.2160001085350969,0.3911119563419629,0.6331214451043976,0.519433656388196,1.0,0.40854902045759434
1236,14832,0.2591408633329418,0.4468347175932776,0.22207017745481483,0.40411169181227197,-0.10407909548858982,0.28840063981831365,0.4704332737316805,0.8707516463332678,-0.03800216199476473,0.0,-0.11291070080205445,0.15030967893195485,0.3418548737009915,0.6956725907263944,0.4527646690185193,1.0,0.4199692128877476,0.23565820663557688,0.4228542269568498,0.6416579259087968,0.05907325692327932,1.0,0.09061734376949504
1237,14844,0.31390176356471394,0.5236967002278001,0.3071627629291296,0.5115384558725949,-0.168422191599013,0.1368694510109618,0.34129919800217756,0.811419681794251,0.7574061746979478,1.0,0.563973615641236,0.2000517862606557,0.40716679958059726,0.6648514363156459,0.457014303617019,1.0,0.3626930158376984,0.1984706426445886,0.3977397847565645,0.6171595418410731,0.20774834056524685,1.0,0.367730080931285
1238,14856,0.13649081443489622,0.33350620719435903,0.0866673417560762,0.23787935918888947,0.42210898120304324,0.02158105808935656,0.1129837724574657,0.7051113651425545,0.7046235003087362,1.0,0.8418863703121183,0.02551772408486505,0.12843932365645164,0.6143371045948867,0.6649752567467941,1.0,0.8130443855103775,0.0516703360414727,0.1900235510689051,0.5568534323816056,0.3656243307644197,1.0,0.621437264804962
1239,14868,0.06106627949784633,0.2081677997423473,0.03205894089417823,0.14794063294127496,0.44806992294030207,0.02661528718910319,0.14442536194891065,0.8308995632305034,0.42516229153390395,1.0,0.5641573809971205,0.021672296581972877,0.11860184689466101,0.6793154949657688,0.4735060964388961,1.0,0.6451020635253011,0.027694767263489684,0.13802595818649246,0.6267319391662414,0.327508950198838,1.0,0.546480193468043
1240,14880,0.02753782509185564,0.1385560490095483,0.12713352034052758,0.274242877484775,-0.33353888930202935,0.1276661638610492,0.31664970285510435,0.8556187569930241,0.4531963298689914,0.0,-3.6360292955309204,0.04607774127323514,0.16996103066381854,0.6931982791470743,0.1025275066264059,0.0,-0.6732527394424739,0.027931023631895407,0.1374239542061222,0.6344567934268752,0.16626709201246087,0.0,-0.014278489268059857
1241,14892,0.022692132520714902,0.12432811441975906,0.2818370480281025,0.43312741979211405,-0.25268429021393424,0.12826373443064282,0.303636038000957,0.8947596702111316,0.02832843324039739,0.0,-4.652343794200703,0.11539147223856028,0.2684687483222992,0.705139679478811,-0.0988527825546799,0.0,-4.085087183111733,0.055865016789025536,0.18652773916396084,0.6565309699558809,0.17162823657409204,0.0,-1.4618672016844694
1242,14904,0.04808184655132367,0.17577865914142396,0.05299781003606733,0.19049513945757882,0.1776789333599331,0.04280391714473755,0.16779573520244387,0.8739285583821989,0.4048578456175781,1.0,0.10976969033317674,0.08187203396040506,0.24177660878745244,0.6843097512063652,0.345072976482944,0.0,-0.7027639292724117,0.02883225592343962,0.1343373787906926,0.6525029003235562,0.3061634044351148,1.0,0.4003504858603255
1243,14916,0.12529886097560283,0.31875608746446665,0.06501580759681636,0.21371733650942568,0.20527035802776608,0.0788599653641141,0.2366208551448156,0.8500715675350052,0.20474419467488017,1.0,0.37062504199883295,0.0911848078215061,0.25685820245787017,0.6704673796675189,-0.018683807448586907,1.0,0.2722614785839046,0.10057923784515359,0.28006568715181795,0.6500885185193648,0.1184094275495093,1.0,0.19728529803046213
1244,14928,0.0435110595945147,0.17854273969428425,0.14069031242014962,0.3123502018587268,-0.05914930332821102,0.0623094085494583,0.20130575013880705,0.7861171392074967,-0.04519348955433082,0.0,-0.43203611059183333,0.0380757326355426,0.16142706398640785,0.6490458257637695,0.09063257396963231,1.0,0.12491828536525262,0.0466996944051743,0.17387691120512158,0.6317148560954493,0.1430053047676459,0.0,-0.0732833178592962
1245,14940,0.06015259341646617,0.21137799674495109,0.10055818265930234,0.2485111522368663,-0.04169208457990141,0.08505038253769553,0.23681938327741348,0.6850487438475674,0.0011253455530460615,0.0,-0.41391048510327133,0.057150075494168395,0.1829909755107065,0.5952432583250266,0.2531748048650281,1.0,0.049915020313585745,0.07541255238659171,0.20959806429256392,0.5936480505195698,0.1666826293843871,0.0,-0.25368746555070865
1246,14952,0.15877475263528942,0.3163847807299638,0.11044451273798928,0.28194601891652493,0.38042693746021095,0.22791182499063864,0.39942789653156135,0.7347276329310203,-0.07465073215443079,0.0,-0.43544122228399385,0.28951942287139565,0.4308062875236689,0.6571826655951215,-0.42803676323021833,0.0,-0.8234600782936241,0.12206676820485445,0.2843444282440316,0.6245303327967306,0.21987776361506506,1.0,0.2311953495197966
1247,14964,0.24421324038333866,0.4193698519755456,0.36453389756199867,0.5375272891493802,0.08952193119060156,0.20665537166432682,0.39784613750108516,0.6768199001147904,0.05231409111994689,1.0,0.15379128772894413,0.2975688162586246,0.4857279391121569,0.6179430815991556,-0.07306822276771156,0.0,-0.21847945587034623,0.214088683602614,0.4086032444353014,0.5730421782920735,0.237532712729326,1.0,0.12335349522179273
1248,14976,0.36794328358173467,0.5445674839261044,0.4339019615696909,0.5792094758063323,-0.12156722843706276,0.20698157903186773,0.412167595596946,0.7527241634437999,0.6687677286186176,1.0,0.43746335843662987,0.1877995044735706,0.3883517856885798,0.661593525373316,0.7371332656145276,1.0,0.4895965958518361,0.13129848174919795,0.31078545646889927,0.6013278513885811,0.816694354800593,1.0,0.6431556503190488
1249,14988,0.22703550038051323,0.43013787666653513,0.2689268899428038,0.47250951289797194,-0.027305773031462977,0.20525139655062605,0.4010697000478147,0.7573918037464603,0.295523769161361,1.0,0.09595020951955469,0.14058899997910304,0.33821243252406336,0.6618633067569222,0.6136409423871569,1.0,0.38076204054663343,0.1342840647104212,0.33025681266351026,0.6021012013837108,0.6449986812435146,1.0,0.40853274274128903
1250,15000,0.13819365314909376,0.33146746537101685,0.27913888952178884,0.49015819331085586,-0.14817899225196773,0.14346126316376775,0.3369612080693334,0.7291905322480797,-0.10583161836192878,0.0,-0.038117597260352465,0.16485945461290133,0.36639630081136065,0.6570504993225181,-0.23341730495764262,0.0,-0.1929596682348247,0.08277122068393757,0.2567963274053165,0.5973938317141948,0.3949961069418708,1.0,0.4010490438758594
1251,15012,0.10379366114562451,0.292956497455016,0.1291707736168153,0.3308704198169594,-0.1348823149332122,0.27522572249841976,0.496207942121935,0.7769142309820396,-0.6379149430113108,0.0,-1.6516621483490477,0.11461636339743668,0.315881083362089,0.682771126667876,0.037524445616639646,0.0,-0.10427132189342192,0.07420295187221813,0.25080916082209703,0.6086796634481602,0.1307755043816165,1.0,0.2850916804243955
1252,15024,0.08096045459142115,0.24589325222781122,0.1328963077924549,0.32824975910498416,-0.02908047492943886,0.09667956636277468,0.2719591140902695,0.8679121247746149,-0.013176235376011336,0.0,-0.19415789907161884,0.07312358805247345,0.23415008221539088,0.7370895132979451,0.15023058070194123,1.0,0.09679869732077973,0.032648481452741365,0.1445177950488733,0.6482227982516697,0.5378183215293673,1.0,0.5967354479726339
1253,15036,0.024357163908535918,0.11787932024960927,0.07668850441000759,0.21545309124310508,-0.18656732615021815,0.03163460813109287,0.14142744401453167,0.8764376246032528,0.11348368000752806,0.0,-0.2987804429893657,0.0297066554531749,0.1479808379487196,0.7333643233868725,0.13603347172756414,0.0,-0.21962702902221976,0.039892090042091176,0.1544541252028017,0.6580929779980477,0.22783621998133938,0.0,-0.6377970026350677
1254,15048,0.051168979379368706,0.18883395003575312,0.1373111215272251,0.32707280661832866,-0.13348605565503902,0.13418418328349582,0.311086794396407,0.9067815955020444,-0.1543493161270439,0.0,-1.6223736512047529,0.02514178272906774,0.11774009378101036,0.7514522991136989,0.5714232339270982,1.0,0.5086518622412686,0.029237964945589705,0.13424214488836236,0.6882228211015858,0.5568036710808448,1.0,0.4285998020633096
1255,15060,0.023926958187854775,0.11217182378175376,0.06648180701155529,0.19502044782381764,-0.13620811581794243,0.015874655295727954,0.0972473076080264,0.9231514044756792,0.19490422636567867,1.0,0.33653683969799963,0.0625109360725642,0.19893572741093948,0.7480997626842795,0.34862979805162303,0.0,-1.6125734655353927,0.041481645363259496,0.1610621319839278,0.6960775963658399,0.3866326885752331,0.0,-0.7336781816384588
1256,15072,0.019541329462366978,0.09989748126550728,0.0716015022536803,0.2191538161399488,-0.08654237233320744,0.021065290293074062,0.1154031062350105,0.9333086825478254,0.2567897394776472,0.0,-0.07798654813337813,0.1068303965465897,0.2689742765069152,0.7776390827831186,0.19201416144837619,0.0,-4.466895011023968,0.07751804929712014,0.22680106301271682,0.7291953053156481,0.22003236642929638,0.0,-2.966876943884791
1257,15084,0.03029496470798855,0.13631865474836993,0.035966818916787824,0.15101421684742444,0.06943696749594037,0.0326360392859174,0.1484407174899071,0.9079246770026923,0.15695411427766257,0.0,-0.07727602921786958,0.16387209479869122,0.35399957765458295,0.7649553661868177,0.07714715280912006,0.0,-4.409218871130733,0.0776290300117201,0.24748248133439352,0.7172024705957282,0.18636327312905085,0.0,-1.5624400213032734
1258,15096,0.027813577079183183,0.13167365251934013,0.05076087753542587,0.18424103434334338,-0.001832447467636568,0.020746048047568463,0.11615056477684953,0.8849710871190443,0.4152019711403975,1.0,0.2541035628568735,0.09334881947129652,0.275022394374546,0.7535816411632126,0.3402242736407898,0.0,-2.3562320734776177,0.037461532221705965,0.16940274435047242,0.7130388854817339,0.34827718083333287,0.0,-0.34687933576669305
1259,15108,0.054935309443031766,0.18453971800386768,0.05883392745647318,0.1903128391442713,0.12149338899707951,0.057869163193328875,0.219124337670673,0.8005302827429169,0.4441884411439746,0.0,-0.05340561070907479,0.07792957288057818,0.2541987381247256,0.7087244498843972,0.34181965878029097,0.0,-0.4185698355151999,0.08067119437239745,0.25923188282374315,0.6735536654974167,0.34181965878029097,0.0,-0.4684761984649226
1260,15120,0.08331216868114208,0.23122832852718336,0.08365874266802785,0.22215606915442446,0.10063104836227928,0.04313101652183504,0.15077385327685755,0.8336231814247179,0.3947800043967214,1.0,0.48229631751744495,0.02254207382803757,0.12866010154425614,0.6996053295494065,0.5524142420054936,1.0,0.7294263949086225,0.02016411072314346,0.11906286206875531,0.6646481556367905,0.6524810926209745,1.0,0.7579692013502025
1261,15132,0.20027916737339221,0.3901421152066846,0.2761127453664981,0.44314195174122445,-0.31210250137322604,0.0903916055492131,0.258933861169873,0.7773704344638681,0.7633150995248528,1.0,0.5486719525816146,0.04035658773886441,0.17049837626596853,0.6349535771174935,0.8290226651868183,1.0,0.7984983247727147,0.05638696581299577,0.18967088305250976,0.6081746839865436,0.6925898739860302,1.0,0.7184581574184885
1262,15144,0.09100991317754022,0.2541957562900669,0.04670576309872579,0.1790506880320566,0.4643836853888261,0.06530831197303406,0.212535106513116,0.8152746872170555,0.2718283366955614,1.0,0.28240441405946637,0.04914092512453255,0.2002967741367252,0.6475843835399786,0.46760631462580343,1.0,0.46004865394531835,0.05078170098198004,0.1973829150289248,0.5861840341039615,0.3500495503272085,1.0,0.44202011397465935
1263,15156,0.12220998680504164,0.2986685054940961,0.14436950403494722,0.3270270620452012,0.03662328008943823,0.08121134769490806,0.22713912729689723,0.793002575813168,0.17334114305964743,1.0,0.3354769948182518,0.09615332497136136,0.26373259785447134,0.6573625646466942,0.08393514447481201,1.0,0.2132122137877961,0.12646059978065702,0.3083730174760633,0.5746672198180305,-0.0708238829671627,0.0,-0.0347812244051402
1264,15168,0.08375761912775258,0.2438000872423017,0.07167369918277831,0.22547893207408012,0.14662581591342955,0.12207745905051408,0.2762400524764151,0.8147871831654745,-0.18761859604854547,0.0,-0.4575087057371292,0.045735872033205525,0.18079468905126025,0.6637624729571594,0.3655719359854411,1.0,0.4539497121635443,0.05150976078481199,0.1970742870567037,0.5626388941775298,0.376501708642735,1.0,0.38501402832086307
1265,15180,0.06509941609318796,0.23047230718905665,0.07837125304514186,0.25507386062798837,-0.05572528481697876,0.06206682842132779,0.21657939007951196,0.8436652031129566,0.12462047632373663,1.0,0.046583945814799854,0.03598017910208407,0.1494836974374718,0.6702845157898418,0.3142510051335894,1.0,0.4473041194320473,0.054328111349190585,0.20138461939202842,0.592449544407428,0.08947077748492177,1.0,0.1654593142368368
1266,15192,0.08047866611042585,0.24795924602527872,0.0505124085440293,0.19024334911314902,0.3067290653026452,0.05166640961500104,0.2014501228254695,0.8246254515645403,0.3693353647585046,1.0,0.3580111088805962,0.06106499154341999,0.1792489780476123,0.6580855038666354,0.5938654511727176,1.0,0.24122758869248784,0.06151482393148754,0.22786469777217153,0.6056966495019636,0.36025516135555596,1.0,0.23563812741277013
1267,15204,0.13830162432622764,0.30544875995765297,0.08586758455099648,0.24600438095610952,0.22116138533344332,0.03303333893666326,0.13038640777755173,0.8891584301659773,0.7681725812100645,1.0,0.7611500291656459,0.027913950026408767,0.14135502606792474,0.7125834928057593,0.839195593318564,1.0,0.7981661447405347,0.07242385348859036,0.24559507560202018,0.6217146991736945,0.4288272895082277,1.0,0.47633403554425324
1268,15216,0.21120441206574533,0.392201242322382,0.3613984039190579,0.4995737437325882,-0.25494481182412576,0.1278653356982453,0.3055976758075196,0.8692912004614938,0.3223098089543533,1.0,0.39458965630678977,0.07109919904030064,0.23960987713561996,0.7167301450839909,0.7716537211586691,1.0,0.6633630976507805,0.05803768503182149,0.21873447069027793,0.6120207728293057,0.8869063467502796,1.0,0.7252060955348079
1269,15228,0.2349530272399761,0.42462330927403996,0.19795450033670892,0.3864939392429488,-0.012248922999770007,0.15942141886394293,0.36239252411003564,0.9042985117162609,0.26727656351714757,1.0,0.3214753572801885,0.14628477416718633,0.33848486814145723,0.7142822520803207,0.6008976032781141,1.0,0.37738714888838554,0.09643178728895141,0.28207556771607634,0.6098508721649388,0.5549171584883339,1.0,0.5895699305442104
1270,15240,0.23917937337300002,0.4469754913355695,0.27038603034492054,0.4615845143337339,0.09511205894226799,0.20673421994936633,0.4360690616382143,0.8899219015959788,0.1602784144976442,1.0,0.13565197101271564,0.12190633353230505,0.3075882301933157,0.6821490291461917,0.5724357482275833,1.0,0.49031418632328205,0.12560004905158348,0.3187284645084017,0.5997808337646362,0.6491974359523156,1.0,0.4748709001101432
1271,15252,0.21142536203968518,0.3230810120509866,0.2605015457951653,0.3745275101977524,-0.12524863667140915,0.19738541680213528,0.33544193867475447,0.8284551761825358,0.0824717954258809,1.0,0.06640615440882891,0.23569810544300404,0.3177612860021691,0.6495766984309524,-0.07570097814732533,0.0,-0.1148052587880295,0.3591866144320077,0.42691270274628285,0.5733674770816155,-0.4853697335816844,0.0,-0.6988813970416061
1272,15264,0.3110001447081055,0.41499954749816875,0.22584538178493638,0.3557797835297312,0.2395815780545239,0.2840540507909315,0.41502094300648734,0.8197141466459568,0.12604244803039588,1.0,0.08664334848610677,0.2717514605247732,0.37839589765998194,0.6036656701746985,0.11379426627799938,1.0,0.1262014981381111,0.5930137153563528,0.5599160275806505,0.557774308880127,-0.3991355588573646,0.0,-0.9067956251690366
1273,15276,0.42422325562521457,0.5294314528308731,0.6252495419257844,0.6403227962516514,-0.3154620518167412,0.468576854676803,0.5332352790137913,0.8494540224791681,-0.1099327929615169,0.0,-0.10455249320601401,0.4304106266458649,0.5217822524242616,0.6415640010543484,0.08416813807863407,0.0,-0.014585176410311318,0.6123722124678169,0.5899816894939472,0.5859171241910632,-0.27616393887923785,0.0,-0.44351400906890626
1274,15288,0.4300390366502819,0.5645177029981064,0.2812575248801655,0.45730457549502396,0.37481416722623423,0.6144578468642113,0.6647495321551048,0.8731067496412035,-0.33291275630400713,0.0,-0.42884202246016856,0.5866324241530211,0.6329549126711683,0.6770768944680591,-0.30352616946476124,0.0,-0.3641376111399037,0.476570411810645,0.5760411188088056,0.6232070007344359,-0.27940796808911716,0.0,-0.1082026774192677
1275,15300,0.6861109685458068,0.7540725222766955,0.7696350583538584,0.8028360732546593,-0.004532653589174018,0.6237596521511022,0.6950542970233413,0.8672248212137628,0.09954346007605297,1.0,0.09087643144206903,0.8745990780491999,0.8410547682409666,0.6798970504371842,-0.36243096722131585,0.0,-0.27471956891009697,0.7950405380942733,0.7961606512230653,0.6191996437229867,-0.15323720389927784,0.0,-0.15876377808000908
1276,15312,0.6714780542162293,0.7833127864366087,0.6922518613953826,0.7820240645146054,-0.16168926375936218,0.7582817302363591,0.8168487377977153,0.8813346521517605,-0.21671256394281807,0.0,-0.12927254357024354,0.8615843054782971,0.8848239626127977,0.687051768389181,-0.3918797642996838,0.0,-0.28311610493952166,0.7244604099335502,0.7954902288774047,0.6129239305090086,-0.1338413914498672,0.0,-0.07890407643949526
1277,15324,0.07967841334245024,0.20433895722305281,0.04544685525299702,0.1680486160878579,0.14799887792600458,0.09836304721833239,0.212056747417398,0.7500108242902215,0.0422766420119355,0.0,-0.23450057665653268,0.0927902524715964,0.22357933608119715,0.5901165234144377,0.06067114368166212,0.0,-0.16455949082209664,0.1600179270043343,0.3219604802882628,0.5578149311050291,-0.1894520688169476,0.0,-1.0082971069791822
1278,15336,0.06292392618688182,0.1992455540708117,0.27662300691485237,0.4578556221496149,0.04903485897655409,0.1654167307219565,0.3642761903497022,0.9059620187255213,0.27993924208878485,0.0,-1.6288367676021154,0.12813278401965514,0.3235048857344094,0.727887707186402,0.28042964544201926,0.0,-1.0363126045108078,0.2195054006331725,0.4418096036568029,0.6413677517111703,0.4193673611794586,0.0,-2.4884250544260267
1279,15348,0.40254097043682524,0.5682296399016656,0.3159269466568162,0.4916607549327021,0.04391626334240104,0.033709115998953085,0.1383450338340577,0.9183086227513811,0.9255887612248482,1.0,0.9162591674522647,0.037915981302891186,0.14643345617266526,0.7244809130513777,0.8660838969150282,1.0,0.9058083919712672,0.02572653272429144,0.11761306103212506,0.6479726251235738,0.927669357997406,1.0,0.9360896539391412
1280,15360,0.3540684368818628,0.5194069617019096,1.19888918506541,1.0004176067894692,-0.19860879887559657,0.05529710034434255,0.17052285536801756,0.9299219888576238,0.7970403692449646,1.0,0.8438236945622104,0.043290750512688804,0.14949635541605744,0.7345087976232652,0.8667109820441767,1.0,0.8777333814503973,0.03710699333282236,0.163721704502365,0.6462828995510013,0.9110617552403968,1.0,0.895198245684906
1281,15372,0.22788418914735686,0.40472873297019074,0.10534728488644879,0.27274544879229135,0.4227123464448511,0.06313349724980194,0.20129022537195562,0.9270649415858163,0.5597524241810288,1.0,0.722957974899356,0.06847368576075478,0.20572552580818812,0.7222141984891424,0.6168368745504836,1.0,0.6995241924551527,0.053174936104136795,0.17028870153204342,0.6243697327903937,0.8013087298398751,1.0,0.7666580717903502
1282,15384,0.16185279595847388,0.32196856406901575,0.0664054371861512,0.20260725109237887,0.6428286967939203,0.07669890266447706,0.22351689882984926,0.9119357377323871,0.3555357595837717,1.0,0.5261193839113197,0.050529498956551185,0.17743090654855198,0.6977259995746069,0.4663964602830514,1.0,0.687805832099957,0.05706236871418369,0.20115757044656532,0.6072028195361541,0.5175146903545764,1.0,0.647442799018288
1283,15396,0.3581922795169488,0.5420803916539381,0.26186037504116194,0.44155443488538726,0.3044611525317801,0.08441308129644026,0.24304593976593844,0.891420294419861,0.39174051480106814,1.0,0.764335843837064,0.23892395227075133,0.3947523870714611,0.6734938351388118,0.4121201027553293,1.0,0.33297291445544397,0.23822451817417986,0.3945274731803088,0.6187211416927585,0.41212010275532923,1.0,0.33492559221140994
1284,15408,0.21531100650459467,0.4169939922618757,0.43056685788112076,0.5692839939729036,-0.0027454433435326387,0.34910130994467753,0.5445577124986364,0.7773604571904249,-0.16759008930574745,0.0,-0.6213816265692289,0.35661047952359654,0.5558182291466683,0.6209798364792158,-0.2915935032875977,0.0,-0.6562575472238414,0.18726731824188725,0.37694728782121895,0.5967550732400693,0.14415203890452696,1.0,0.13024735111304664
1285,15420,0.1630664424940316,0.35623639248234795,0.5163004720172752,0.6439116985755122,-0.41329489803790587,0.22060547026126318,0.4288002982719894,0.783109557400441,-0.182465472784289,0.0,-0.3528563381109977,0.22316399417402985,0.4405273494034816,0.6577916849295778,-0.13012410571477945,0.0,-0.3685464082053418,0.1547028845992421,0.3581996007579027,0.6211127649974314,0.1326594489611229,1.0,0.05128926446712423
1286,15432,0.07478730919061317,0.23643297614608735,0.1127727457002809,0.2997201021938772,-0.1080531646808582,0.09976894505307439,0.2615117257548583,0.8604312857677314,0.07550904051794018,0.0,-0.33403576265579504,0.05279121753661679,0.2004977910263864,0.7300114290315843,0.38338502965611215,1.0,0.29411529699422845,0.05620616559772823,0.20775281219439687,0.6602763886328379,0.24280076287443247,1.0,0.24845316396564687
1287,15444,0.09413198305002228,0.239235643217684,0.1091830273284133,0.26924127161250444,-0.12002909851337544,0.07913685047701019,0.23368769334205944,0.8848763348691431,0.03251342250660174,1.0,0.1592990191765491,0.08223416830428586,0.2312205182158047,0.7407958731703079,0.24837405157160983,1.0,0.12639502919442225,0.05443149298373667,0.19294742363305004,0.6783864232780902,0.22929007982591623,1.0,0.42175346550585824
1288,15456,0.1081814517274758,0.276194901272594,0.22376189847264402,0.3785682346110802,-0.32366245255393405,0.03193917149301644,0.1371130636621668,0.8984267365403923,0.2872692223182697,1.0,0.7047629609050202,0.05660296556432554,0.19556692137368026,0.7368667344083767,0.3114129830023972,1.0,0.47677753754944674,0.0332130451590684,0.13907680093381725,0.6897730161222967,0.381055562599872,1.0,0.6929876182218676
1289,15468,0.1611809496458314,0.3483108065148886,0.11538732501768705,0.3108535755501906,0.06863620303404502,0.15870946324381704,0.349497071836866,0.9098827211075828,0.0037101346718221074,1.0,0.015333613602879548,0.03441709979444853,0.1367127916536913,0.7113421197942886,0.424846224605011,1.0,0.7864691834235098,0.08615965369081006,0.24280012399836134,0.6744158768189977,0.044715123933122956,1.0,0.465447660656351
1290,15480,0.33981834473606193,0.5285005920385373,0.33528964786431725,0.5162709780796993,-0.021282997602261135,0.41943659498764724,0.5976414632508723,0.9203002516539908,-0.19563212027666838,0.0,-0.23429650424971937,0.181613241576412,0.3936548343753028,0.7296300327891511,0.14350655226877673,1.0,0.46555786528396037,0.2657683115250902,0.47153631979954924,0.6958577879566484,-0.07403644235706101,1.0,0.21791064066446053
1291,15492,0.2785376934049038,0.5012468890640444,0.3769207619685417,0.5449742625654533,-0.3046291937380102,0.1699789342274368,0.38129266578265825,0.9138617747741945,0.31409212351653365,1.0,0.38974530825764275,0.13958266978846137,0.32217643893308473,0.7195946765296722,0.1648687700862841,1.0,0.4988733191469591,0.1408525981259807,0.32391191890166554,0.6783433472673212,0.16486877008628406,1.0,0.4943140499076851
1292,15504,0.047877867310557355,0.19688332626445768,0.1571323577205311,0.3484323124743156,-0.39542009370169395,0.05715634976231295,0.19697126771670578,0.8697680441872375,0.006074709710568671,0.0,-0.19379481528638665,0.019527651746588978,0.10968596574719991,0.7190730829002133,0.27617966395597426,1.0,0.5921361404858771,0.044407377832696264,0.1610101052453513,0.6724678276697671,0.42689798627074727,1.0,0.07248630051438876
1293,15516,0.028781537746654717,0.14316132667803025,0.059788252851067036,0.21617431115355604,-0.1471489051093425,0.06606178409050371,0.21835772186999533,0.8495034826678391,-0.1398778966065011,0.0,-1.295283340035648,0.04843493710311114,0.18785342909955852,0.6690470268923555,-0.06763283321771626,0.0,-0.6828474395444957,0.018765580408703034,0.11816332264223887,0.6231412342992442,0.12747527276954307,1.0,0.34799938162149935
1294,15528,0.03765170679270404,0.14077752394673168,0.029076849464183763,0.1432660817192341,0.26281487609266296,0.04581444297603441,0.1781991017698786,0.8833173973651782,0.2827868860045931,0.0,-0.2167959138817075,0.027461777853459348,0.13955313853277043,0.7498791545103842,0.22809387587754343,1.0,0.27063657420224163,0.014665208901208177,0.10179566619113802,0.6844933982728184,0.5734618565842189,1.0,0.6105034764572763
1295,15540,0.04781233628678655,0.1713368289053391,0.06652519950466727,0.20374687180168616,0.0031445214448361457,0.02421530327051645,0.11865044355858041,0.9151160475100198,0.5060548649498091,1.0,0.49353440657513725,0.0348757701276301,0.162290287481093,0.7744054817862175,0.6239689982590224,1.0,0.2705696304309565,0.02296294375185752,0.1264298126026839,0.702041662970936,0.5870300796099623,1.0,0.5197276365220502
1296,15552,0.13705799697363763,0.3185880946308273,0.06802626298694366,0.19551845164780465,0.4649890406405287,0.07890159255806072,0.19001739548969476,0.9120214506075388,0.3948122170174105,1.0,0.424319672691284,0.009023908264375798,0.07288864994190714,0.7657612647138592,0.6234913887225851,1.0,0.9341599289086977,0.02286160633595098,0.13237043315130528,0.7068229314052599,0.8707313716952807,1.0,0.8331975744520161
1297,15564,0.14846689122469203,0.34198801860749467,0.05598956993323115,0.19321381170282034,0.22909425260262567,0.06985093628027954,0.21381360570933375,0.9080116670360512,0.48380103098388066,1.0,0.5295184286268507,0.010586203796162659,0.07415407060840451,0.7505794752792015,0.9044809316247326,1.0,0.9286965349052716,0.01813742778874736,0.1147389937882335,0.6927496729344002,0.9103426635109259,1.0,0.8778352019151671
1298,15576,0.15753769129709339,0.34634927250627784,0.10957120984719786,0.261747764309157,0.3072494940680523,0.05926328616728482,0.19843555057437542,0.9011181093837021,0.7047341251305789,1.0,0.6238151919116117,0.023126708775280353,0.10399168135448149,0.7169375745941318,0.8493289277603978,1.0,0.8531988847566218,0.02350006985343463,0.10433836071645296,0.6814713660526406,0.8493289277603976,1.0,0.8508289053880008
1299,15588,0.07187768995298136,0.21101589132659515,0.16051265968370831,0.33324284800765186,-0.3712974678858457,0.0351161772678617,0.15143414683924886,0.8503076631697676,0.429323531328922,1.0,0.5114453832498946,0.04377304706362586,0.1533140192808015,0.6853434152202736,0.4126451385643829,1.0,0.3910064848736805,0.037615517496368996,0.14125239917181112,0.6585033751991928,0.44564172040070515,1.0,0.47667325534564187
1300,15600,0.10840336267756957,0.2673407351634744,0.14724339868609546,0.32785602121548996,-0.13552626593963338,0.18250286094129473,0.3468446074895743,0.7875054370368998,-0.4362972483019393,0.0,-0.6835535027093542,0.16491218130196592,0.34957382860687697,0.6572137588320873,-0.21516100098504803,0.0,-0.5212828940784227,0.06942966604390019,0.2083053672782522,0.6445860651116838,0.34552960939835053,1.0,0.3595247939825549
1301,15612,0.05694491832415694,0.18774084044239467,0.10413154289714754,0.26015196073171326,-0.20740432457912794,0.14678845874273397,0.32860273436849463,0.8202935103641094,-0.42613897051303623,0.0,-1.577727092471111,0.143455180690246,0.319977727624754,0.68312272190004,-0.11051471147897551,0.0,-1.519191965007877,0.14412397415520423,0.31126963965917487,0.6741000574551935,-0.03833083408955247,0.0,-1.5309365329981435
1302,15624,0.15639560893045967,0.34261008498179396,0.29117513641649156,0.46166512151297673,-0.3853580256018728,0.20802826829387314,0.4102521838597865,0.8640918127341916,-0.10056448724131781,0.0,-0.33014136212974887,0.18931871177006313,0.3848265237330281,0.7201530215679733,0.13891500428194617,0.0,-0.21051168293505285,0.12739308810311897,0.3072355169181771,0.7055278005113449,0.46563089581726763,1.0,0.18544331919342116
1303,15636,0.07245725172978469,0.21806967962002954,0.1007904238674908,0.25616853022790026,-0.12518324264723607,0.18272442821232973,0.3651122214203972,0.8453735989901103,-0.29875300473382527,0.0,-1.5218238871902727,0.16071136463729424,0.3550264875330396,0.7346740097684529,0.1571679915658683,0.0,-1.2180162896135807,0.06711130182500129,0.18931019757327708,0.7104185584191506,0.43004041783018865,1.0,0.07378074350266683
1304,15648,0.08459440576013551,0.24497606414179318,0.06202022739486455,0.2040177461193696,0.19201023778541965,0.21711616068291972,0.4207723269601032,0.8839619564168405,-0.2988902195614307,0.0,-1.5665545934390157,0.15989971261058897,0.36591627545802324,0.7471827331038398,0.08545273992664787,0.0,-0.8901925153771875,0.07941862943077789,0.23142305965786436,0.7250816410197923,0.3664266579138496,1.0,0.061183435037458045
1305,15660,0.030155434442543372,0.13353641505367092,0.07458141954121035,0.22026167975316832,-0.11646548889361133,0.09126765942442121,0.2688930617364032,0.8766013434944826,0.02660241470301449,0.0,-2.026574185104776,0.09454366344703728,0.2545438244705978,0.7441185120482171,0.2000142027869008,0.0,-2.1352114534173254,0.043099185233588494,0.16582273009594986,0.7220687508755621,0.24896517267342597,0.0,-0.42923443254341054
1306,15672,0.03196608658225952,0.13942896821633613,0.11493842014226469,0.2867617996491793,-0.0033414038013668936,0.06397688198751987,0.20054733663962113,0.9054138922320668,0.11873427042278602,0.0,-1.0013986329820441,0.1449730054670865,0.3058607950846612,0.7585291448727778,0.02047823999422193,0.0,-3.5352128135554555,0.13960612571184772,0.3234827258279166,0.7359701248449799,-0.10327443179109268,0.0,-3.3673198892393055
1307,15684,0.0538475205433536,0.16362463186695506,0.07593523343163927,0.20599100525421235,0.05397570755917767,0.11623377361719718,0.2997282883037023,0.8832748941194435,0.20430302256303526,0.0,-1.1585724364711516,0.12164400149498138,0.2870730443759884,0.7420482460440915,0.4082857713814749,0.0,-1.2590455468983688,0.10626902803118721,0.2712726149634402,0.7207744635724405,0.4422739122724645,0.0,-0.9735175725617322
1308,15696,0.07448589715101417,0.22479089177073705,0.20721978207702607,0.34809598854381774,-0.3326199015942595,0.05794036167305321,0.19721503799458137,0.9194417913268722,0.17127250610959263,1.0,0.22212977369952613,0.12313759470642886,0.2986071250057242,0.7629523751165838,0.19870927602632654,0.0,-0.6531665646287013,0.06596079306718482,0.2200114210625276,0.7328894352995292,0.3533949352199911,1.0,0.11445259317405265
1309,15708,0.11023631510514044,0.2502567973660656,0.0715790671386272,0.21212668302260626,0.31568937726549795,0.09179872430038098,0.24762184208341523,0.9117005081429144,0.3388931621057007,1.0,0.16725514443379363,0.07615748939046861,0.22852701519881977,0.7665106015419964,0.4183424692456844,1.0,0.3091433678835178,0.030359824331397712,0.1479671107747217,0.7164422041223034,0.5777751435672128,1.0,0.724593258560563
1310,15720,0.16604671694761056,0.3319737800376708,0.24106627731300756,0.39146581742814385,-0.3967624920239117,0.1732246969880328,0.34270399058680706,0.9123594228796381,-0.03583912712165656,0.0,-0.04322867788278506,0.04722724605667277,0.14745859200759856,0.7607109266725424,0.481740337060626,1.0,0.715578561715415,0.03524344023184509,0.12806971760833144,0.7212793487756162,0.6997771562033441,1.0,0.7877498520915367
1311,15732,0.14796754415203162,0.3210423214462918,0.21426723454735605,0.3967051195463611,-0.5059518188995746,0.03901406683365647,0.14574851633339767,0.8800869282371447,0.715671760889647,1.0,0.7363336192592962,0.06556012115260164,0.2026483016302556,0.7491228971551596,0.4426973566419726,1.0,0.5569290446204822,0.06585242860307979,0.20241048228006978,0.6918892282381038,0.4426973566419726,1.0,0.5549535610632379
1312,15744,0.07607868282250484,0.21519779145971332,0.07240525399304681,0.21452875720091394,0.1434794425542528,0.06605090648991654,0.2020822316839838,0.8336610353260699,0.041252460871547304,1.0,0.13180796460400834,0.03622425357068232,0.13247244550962223,0.7176477650842363,0.35286555094076144,1.0,0.5238580345141461,0.03816143155098454,0.14333473401163446,0.6579382037704322,0.43796521751290174,1.0,0.4983952122302516
1313,15756,0.0872818279484252,0.22891145889281472,0.0606319800891863,0.20440248150256304,0.3232477862373931,0.04526101427135415,0.16167062640045973,0.7615381108287254,0.3552128269530886,1.0,0.48143828635098174,0.04989128991164221,0.17157680713417914,0.6683023236795214,0.28682028328085585,1.0,0.4283885765875234,0.03175201462013229,0.13357494954287472,0.6264755981652753,0.40701642643696145,1.0,0.6362127676920958
1314,15768,0.05824443637434801,0.2048293406913754,0.09322552317401972,0.2582642714532981,-0.16340415555167712,0.05398314004075482,0.18388419429855,0.7557829162282718,0.12690269157172815,1.0,0.07316228980575978,0.06129188766451769,0.19959093136682635,0.6668227071860169,0.20262999695322065,0.0,-0.05232175774838188,0.03695163895479674,0.15737370808376341,0.6229390869046498,0.41201110299237786,1.0,0.3655765038689436
1315,15780,0.37028432595371846,0.5684430582290269,0.4492442371133165,0.6407164899510812,-0.06515863756239977,0.08006508689000819,0.23714642321027246,0.8220699400108982,0.8976624831224665,1.0,0.7837740317962704,0.11647853998132723,0.3197048398358739,0.7487816021625384,0.8780225700359214,1.0,0.6854348623012312,0.18776959581813832,0.41541971862790117,0.6907941053801621,0.6143068844398364,1.0,0.4929042828520711
1316,15792,0.2547853272925396,0.46071870184694746,0.19423075815308286,0.4054924243327805,0.028212929915313757,0.029027703841433748,0.1328547440714992,0.8698591694869696,0.8011589957136056,1.0,0.886069954852209,0.09917128517533869,0.30152161797488963,0.7906206480174246,0.6601568088469494,1.0,0.6107653206360972,0.09656987043900082,0.29778118273621773,0.7230251343233396,0.6601568088469494,1.0,0.6209755425667776
1317,15804,0.11707681064687157,0.2969056557235385,0.45198018277529056,0.5834640386902216,-0.31188742075343556,0.0362657184680782,0.14919481737205645,0.8779905175408793,0.6240697829049152,1.0,0.690239952150189,0.009770792157515168,0.0788712046629946,0.7575435995004459,0.735027393371934,1.0,0.916543745054809,0.006016914633804548,0.05882094472972401,0.7191307292243848,0.9298703730249596,1.0,0.9486071186893463
1318,15816,0.11442288428505858,0.29632330524930267,0.11989610214209023,0.3038509110977723,0.23795338703770721,0.051954503620676995,0.19023902285058614,0.8449231934528744,0.5633272611241817,1.0,0.5459430694716262,0.024190149888965295,0.12635857945441145,0.7024881893087151,0.6699092536735723,1.0,0.7885899307633162,0.012265713625592237,0.08596609480666295,0.6721190228734193,0.8568835615964602,1.0,0.8928036668343807
1319,15828,0.05467159216802666,0.1887022652014656,0.02290340579373466,0.12272835719208275,0.45369885778437763,0.05922385462244948,0.20063591026932737,0.8193332013038488,0.04464397816160791,0.0,-0.08326559139583822,0.01940983165588088,0.10586989312824131,0.669158997008967,0.34257182653951845,1.0,0.6449740919154675,0.013990243902870412,0.0863466692081228,0.6487350724396319,0.5333473042631065,1.0,0.7441039606113344
1320,15840,0.10762195061114588,0.29369999248465106,0.0641255464320214,0.20011597267576361,0.3151793559017715,0.18909159715634546,0.40373965196378786,0.8142705210314292,-0.39794796078252687,0.0,-0.7569984197699737,0.0709408738115492,0.24285082849787995,0.6630261505089257,0.03755295704862318,1.0,0.34083267020620045,0.012958481424434704,0.0930182588177935,0.6513215034138753,0.41070893378385154,1.0,0.8795925798515247
1321,15852,0.02827443054710017,0.13908958439139077,0.12075429476377487,0.30148053165036837,-0.22184952312682088,0.058055659581253506,0.18006775645777376,0.8309693651322909,-0.10401394585374893,0.0,-1.053291912795312,0.02967561246646999,0.13645355166052198,0.6778517337599042,0.2156431224416114,0.0,-0.04955650360617181,0.015697385501340328,0.10836236112179777,0.676570664679184,0.4964180068436187,1.0,0.44482045446711027
1322,15864,0.0897768052758986,0.2523817912565199,0.048074719310341636,0.16697809322558108,0.43916315199266504,0.11237175134070214,0.2912296752408988,0.9129098377842425,0.012966564935393988,0.0,-0.25167910570403595,0.12143879396249446,0.2772580405292237,0.7426677671748171,0.11758671352301073,0.0,-0.35267448634748666,0.03929517663387757,0.13777131301598866,0.7339977428886422,0.40641554625338544,1.0,0.5623014595683467
1323,15876,0.04127698642021057,0.16624794842056845,0.0936386880410578,0.24076857491921308,-0.1742296194436017,0.07043942104168616,0.20860343996277553,0.9118524248497714,-0.09405312829210635,0.0,-0.706505904394142,0.05649690126770548,0.18014564261644586,0.7504258344843509,0.12993455161063366,0.0,-0.3687264058609361,0.030369858909232657,0.1340973685803897,0.7404937737149986,0.19962285474613334,1.0,0.2642423407547365
1324,15888,0.056462961117620836,0.19836581151850705,0.09847182937544334,0.25400509246480374,0.10066071616358493,0.05269716211027742,0.17795105652272272,0.916964932389484,0.1821945159198068,1.0,0.06669503215565853,0.0758916986805638,0.22303568728862402,0.771848506625658,0.05931987605015301,0.0,-0.34409703597496377,0.07538068655289419,0.22228169569390457,0.7732022563740351,0.05931987605015301,0.0,-0.33504664050234445
1325,15900,0.06196748363025636,0.21275946339959298,0.053858563612646605,0.1874485805732898,0.07466222478408586,0.0673706183607915,0.2149610555553887,0.8805798913803434,0.24572423401206667,0.0,-0.08719306342620303,0.07439708825032713,0.22615669742864153,0.7570929855009918,0.21846981238389152,0.0,-0.20058269098411285,0.06267467066022364,0.201210318821641,0.7576814854782812,0.1866334304150134,0.0,-0.01141222764808214
1326,15912,0.06528982448349639,0.21678925511048783,0.1091965637953376,0.27609002509896186,-0.3193327304251793,0.07033269115544337,0.20902507779868032,0.8956396231214633,0.13432734866724175,0.0,-0.07723817167285674,0.08334451508673742,0.2520366372546767,0.7754690127760867,0.20505932404455124,0.0,-0.27653146177173116,0.06901233103255229,0.22017236551018082,0.7651819876046011,0.19811815054750057,0.0,-0.05701511037140028
1327,15924,0.060951397987725385,0.20857872593653956,0.08391354593238604,0.2614437397585205,-0.275516227215277,0.06231228971225749,0.19145306020865402,0.8607898699685116,0.3062728936418111,0.0,-0.022327489925762833,0.04060886915081619,0.16334320261648944,0.7651038399120564,0.33263533538669654,1.0,0.33374999603792266,0.04062985191177606,0.16341811666035638,0.7578808050736525,0.33263533538669643,1.0,0.33340574206422224
1328,15936,0.06834285674411872,0.2185589342144756,0.05787804195243194,0.20256655790902464,0.21970635565589536,0.031395701772328595,0.13617713991218292,0.8623417638000428,0.47037885033743887,1.0,0.5406147289119522,0.051255596930192215,0.1759514959668785,0.7635514185249068,0.21332107090342337,1.0,0.2500226157929366,0.046375641062831464,0.17300132803540025,0.7517121091306282,0.2178066106382373,1.0,0.3214266527302819
1329,15948,0.12539836148594544,0.29319602264421724,0.20903059344887773,0.38980748383958524,-0.5181204083845564,0.02915708718768822,0.13169811528528363,0.8311722730036168,0.7756760402739034,1.0,0.7674843048810002,0.07431144547020839,0.20610544515477866,0.7484759730473026,0.34848777620658256,1.0,0.40739699793814954,0.07409282698536003,0.2057880031031145,0.7326928846300285,0.34848777620658256,1.0,0.4091403898155056
1330,15960,0.10750833001600679,0.26759276663379644,0.18099673546915554,0.3467113574391334,-0.3493405984083278,0.06119292182819596,0.19316968933094433,0.8881000158404089,0.393458527544838,1.0,0.43080762375264303,0.0814654297359201,0.23229567028962297,0.7734102804461761,0.229832857886683,1.0,0.24224076661044958,0.11379245719871556,0.2740002425660524,0.7400188273322048,-0.04353281794037388,0.0,-0.05845246765318679
1331,15972,0.09891061780452211,0.2656357293112022,0.11013498907321197,0.2832651337081884,-0.0357542989338347,0.04638112481304352,0.17906690256918836,0.8590568648277644,0.5369900793210156,1.0,0.5310804255140037,0.07719605648366648,0.236315430319874,0.757191036700925,0.42729088805972787,1.0,0.21953721251413372,0.08141191644478361,0.23370454592654352,0.7245054362617256,0.13230953162003298,1.0,0.1769142863339639
1332,15984,0.03301742223896887,0.14317155606360735,0.0758427997951109,0.23486110566159502,-0.22291627111116927,0.03337234306428428,0.14604531482260943,0.779292312814601,0.4673212662967835,0.0,-0.010749501361632996,0.05429349564814059,0.19592502610267362,0.686000781848418,0.039608013672357764,0.0,-0.6443892940879132,0.08164011817374987,0.24585073532776466,0.6615684268252497,-0.03694008788926567,0.0,-1.4726375542847188
1333,15996,0.061556035483441095,0.210367745526601,0.06627686181753928,0.21562857374923006,0.22256340744353076,0.036992165877805384,0.16311855646154355,0.7998580050585733,0.3198394902986935,1.0,0.3990489220548247,0.050795948362452326,0.1850723810786262,0.6800398228901138,0.10703259803567447,1.0,0.17480149649798826,0.04334569147699322,0.1704472704346224,0.6428278593270523,0.1790599820126284,1.0,0.29583360694738947
1334,16008,0.15343353230500184,0.34538211667148716,0.12452355193030723,0.30341590880011915,0.26269271792049353,0.05808309354741028,0.21407901071736588,0.8263585980775747,0.6615419790640241,1.0,0.6214445911865589,0.07124818251244275,0.23079702292517545,0.7082771204039019,0.6465821400464742,1.0,0.5356413852819831,0.07767804874612126,0.248080502809526,0.657602320086921,0.5530800164409724,1.0,0.4937348597846951
1335,16020,0.07288520757173157,0.2342285039054013,0.11395814590051949,0.28066660652692393,-0.06741857685118044,0.042150710314083135,0.17879706116221442,0.8564730665553089,0.3749241566809094,1.0,0.421683607437084,0.11779742345766332,0.2586962534258948,0.7190005648259863,0.4033691647489306,0.0,-0.6162048155207682,0.07356128291568793,0.24398514151820963,0.6564392463530145,0.19584519932201983,0.0,-0.00927589241329918
1336,16032,0.054677801579048314,0.19587756929636266,0.03697155896362788,0.1525530362381766,0.23147407042541285,0.06377031821203966,0.1928675277105978,0.8433840547368614,0.01589406612370852,0.0,-0.16629265205270172,0.18673083324058196,0.3338749572025483,0.7002045805058602,-0.40975549169220893,0.0,-2.415112309711704,0.17000622573701593,0.3063085933406888,0.6363677914730841,-0.414219816767966,0.0,-2.1092366705935683
1337,16044,0.1106107949827818,0.2713977830434169,0.37304940050817875,0.534479946168884,-0.16186290931269132,0.12266356470568966,0.28716618146653544,0.8318782072379655,-0.10205092716927193,0.0,-0.10896558265207346,0.27377345856445173,0.42873962327446113,0.6982826542912693,-0.5019055426428635,0.0,-1.4751061468012105,0.2274703742866059,0.3790385196610096,0.629141605009395,-0.39759308374236746,0.0,-1.0564934401024333
1338,16056,0.14376690398121117,0.3232751556916596,0.1404627385381822,0.32360128637369184,0.02802157527402447,0.06581797496898577,0.21277475918496203,0.7869773352443039,0.44842637097469373,1.0,0.5421896615539034,0.2442721910492688,0.4314620895930688,0.6575957347615488,-0.16250633485435792,0.0,-0.6990850069442451,0.2114068006168388,0.40431989184502143,0.6033522601020298,-0.2367016747012814,0.0,-0.47048308590179744
1339,16068,0.04553079986352727,0.19643493156596978,0.13023275259597122,0.28057736617429135,-0.13485765852032278,0.043590377984583865,0.16629402236518623,0.7271090593471696,0.19236893221393309,1.0,0.042617785867139824,0.04291580946506849,0.15882131778440775,0.6733779281220682,0.10048327926895784,1.0,0.05743343860193262,0.03877124992901324,0.16295844107511218,0.5916582301310241,0.31865702641072513,1.0,0.14846104076306388
1340,16080,0.11240966871795184,0.2935433600417566,0.18638756877462978,0.37759274543812377,-0.2872136337482917,0.22190879213892914,0.43070367729700393,0.7399078771016259,-0.3235361136612961,0.0,-0.9741076961602171,0.04630656077173736,0.16683644055702054,0.6994524421294657,0.4342927015088273,1.0,0.5880553576941359,0.0449912996654086,0.1636847895122462,0.6028644539660195,0.4342927015088273,1.0,0.5997559624671015
1341,16092,0.09315515449151796,0.28030415726043306,0.07231578786251813,0.2330610954244805,0.2286922245949996,0.03123624922998967,0.13205323503423416,0.711891119938489,0.5514101707931551,1.0,0.6646857664453358,0.04312970725856887,0.1559520180495515,0.6887682311600423,0.40166097699178904,1.0,0.5370121224747048,0.04696633067680844,0.17727928710865246,0.6006558769167069,0.373540687393249,1.0,0.4958268178162394
1342,16104,0.043492145693148354,0.14975653337790218,0.24035720080384712,0.42811882356442893,-0.44740402830355697,0.039870764123350076,0.17019525002871927,0.6888568175443757,0.5237500465602727,1.0,0.08326518528996796,0.03670063799947542,0.1551887123058279,0.6445660990300601,0.35763787136037284,1.0,0.1561548087691349,0.04120333172836157,0.17140612787459966,0.5736103479538731,0.27847961165500895,1.0,0.05262591505452807
1343,16116,0.03346703747847961,0.13222986998113204,0.0679568740567539,0.20433822405714533,-0.06427757921941255,0.032534090032140604,0.1514905637671925,0.7562256136579093,0.30285731141261785,1.0,0.02787660685350235,0.07335202825016242,0.22769145355040213,0.6809850850671294,0.35121821123884667,0.0,-1.191769387933729,0.07137098351171263,0.2233947193632039,0.6231222080128276,0.4033820634491024,0.0,-1.1325754799063552
1344,16128,0.04648785267491425,0.16704937830357794,0.07034587839416126,0.21036462393097086,-0.11065524214367917,0.05040887889402395,0.1829187174559809,0.778185368319638,0.4785048702779222,0.0,-0.08434517822384935,0.05213896808548629,0.19143914315277244,0.6826110575833104,0.48278528938057585,0.0,-0.12156111941951431,0.041032769332069674,0.1732662839769429,0.6109261811235692,0.49743586781538446,1.0,0.1173442744493175
1345,16140,0.04619522299075901,0.17512708324822635,0.12596146361853808,0.3039827371962155,-0.2907805835929781,0.03936085325305591,0.1622222171106571,0.811569410554732,0.4150591883246949,1.0,0.1479453782281831,0.029907280009400534,0.1450530219577584,0.6597936322836639,0.4375342042271326,1.0,0.35258933558166283,0.03920567111314744,0.17334627526191837,0.6058717889764211,0.4444537061423275,1.0,0.1513046463486013
1346,16152,0.03716068747967874,0.16840814609858143,0.033963207384966984,0.15167214250828998,0.12842700389520284,0.03511061971961712,0.16179904221664362,0.7192906867108084,0.157754027166788,1.0,0.05516764890807513,0.019214376344859566,0.11255408251153774,0.5862108733258109,0.3118176222901847,1.0,0.4829380819349234,0.03520819209916437,0.15975480943056503,0.5214505940162719,0.36483792621935157,1.0,0.05254196068310324
1347,16164,0.03933351350547463,0.17527011385869118,0.05202053794239578,0.19373844005100457,-0.08958135101127278,0.03351624406902761,0.14902136336827088,0.7436036278306399,0.22812202834360074,1.0,0.14789600312815543,0.05613288380190523,0.2035849161778995,0.5760815554101244,0.055472646577818474,0.0,-0.4271006782572928,0.02323091803968656,0.12250348169812071,0.5378979861912063,0.34102012465756254,1.0,0.40938614506295834
1348,16176,0.07370264079574058,0.22487037661633238,0.10218975527273914,0.25656190450780575,0.06616050464662752,0.11418141067555247,0.27309930243042013,0.709801032146921,0.038706195899893346,0.0,-0.5492173610440187,0.0948897040075631,0.24250240092171613,0.5567222328305453,-0.0077243383919657575,0.0,-0.28746681235670124,0.04408573721722228,0.18206387339900698,0.5336937872530386,0.8038988525147286,1.0,0.401843180363083
1349,16188,0.21028115559240787,0.4135715246152775,0.37491986177124864,0.5514065462855933,-0.2696559451390242,0.49093281538133166,0.6512860539936549,0.7586932708475624,-0.5028475277069231,0.0,-1.3346495980501287,0.3751936275556529,0.5575155213523241,0.5918278174110476,-0.28805931827543635,0.0,-0.7842475066234567,0.2752445179285352,0.4480386861577786,0.5924543965323286,-0.06841144254892706,0.0,-0.3089357301328852
1350,16200,0.2252770992786044,0.41167130115457534,0.30504692370994385,0.49361237184431367,-0.24964720613875918,0.20078936581303752,0.4016276099810006,0.7995671152138358,0.10915921423224414,1.0,0.10870050060118375,0.1388365651294883,0.32035301352046003,0.5912650461359993,0.3459196509274493,1.0,0.38370759578279845,0.355152592967303,0.5034309312559235,0.5656717178848645,-0.31378087540000016,0.0,-0.5765144087197214
1351,16212,0.07398809296880536,0.20956064627382484,0.06754688637044776,0.19247645978835434,0.06966901319907819,0.20528393737717743,0.3684711246492533,0.8052390710586101,-0.26768921715749605,0.0,-1.7745537037118746,0.12837479282813705,0.29446514636696014,0.5998688346270875,-0.14991171437419837,0.0,-0.7350736811430192,0.25899538902738367,0.41328579799835047,0.5966959720663016,-0.5761249444332392,0.0,-2.5005009405578345
1352,16224,0.0800071861040235,0.24099285663657258,0.08950378065012694,0.2588290382969184,0.07239926532869563,0.29953520818218465,0.43054293781488084,0.8599095616171125,-0.5618121979729759,0.0,-2.7438538057410975,0.277567899784728,0.41829307232620366,0.6277216466679355,-0.5251548390945079,0.0,-2.469287114082985,0.2642973689406869,0.4433687772489621,0.610355874980916,-0.46972784116500055,0.0,-2.3034203777277398
1353,16236,0.1542464941807164,0.3324187124367782,0.2926376734874029,0.48397865295195913,-0.20744957321496785,0.4946091676989515,0.6128536057711511,0.7980511196328254,-0.7045121467303893,0.0,-2.2066152966787276,0.4806525635971295,0.5947294403941209,0.613147611388859,-0.4556630261916773,0.0,-2.1161328246073015,0.556063611234462,0.663163278719718,0.6158266938183983,-0.6408404606191282,0.0,-2.6050324137868155
1354,16248,0.2414583737900995,0.4472661366592828,0.2040729921914011,0.40358328404412563,-0.01169769423215814,0.5248969884003228,0.6769704634588652,0.7975412467027319,-0.6098048141323817,0.0,-1.1738611925574278,0.4837696907104109,0.6381408857463855,0.6388714926646388,-0.3969434487797498,0.0,-1.0035324644857977,0.4780306965271833,0.6343899242391862,0.6343085767295411,-0.3969434487797498,0.0,-0.9797644166308219
1355,16260,0.09876363558736505,0.27574428218275077,0.135158321634362,0.3228286393144171,-0.08208076676635874,0.40558717391034077,0.5993102374783484,0.7801978026132925,-0.43759328466011455,0.0,-3.1066448343891064,0.32265632601226896,0.533903635755325,0.6638780885350402,-0.32877187489228915,0.0,-2.2669547257284925,0.2812598445661789,0.4955328401247561,0.6452382059589417,-0.31990957843755086,0.0,-1.8478077269379178
1356,16272,0.08992335865192186,0.26142887561539396,0.06372655591494712,0.22024032350665923,0.2747656847348659,0.05941689180021117,0.21013099444088076,0.8737736238979391,0.28052726208259804,1.0,0.33924963779206774,0.1391925703850265,0.32918418492916063,0.7081066947151514,0.09333021601664677,0.0,-0.5479022633464732,0.03350247639108156,0.14786863817582438,0.7002927225052176,0.5901356767232278,1.0,0.627432995238045
1357,16284,0.040332714808531504,0.15730640072769,0.041678047013650264,0.14543992394758673,0.2590922045531997,0.0422168131921565,0.17100369003059512,0.8413570008914697,0.2531813867141733,0.0,-0.04671389943794346,0.06476451446152719,0.20259331488225218,0.7023903006011397,0.1930938008749755,0.0,-0.6057563883060921,0.025933726469059754,0.11293483443713737,0.6980948347402245,0.3776800326610828,1.0,0.3570051856867805
1358,16296,0.09152887560694013,0.2181639062343471,0.0826126789162236,0.2207263121900651,0.062490930625068795,0.07241484676125964,0.18510258725631598,0.899580186461624,0.17026224432719148,1.0,0.2088305872756857,0.08678937736033647,0.19828388903657793,0.7432754274943302,0.14892540332613166,1.0,0.05178145383274313,0.10678042288826269,0.2366898784056356,0.7267735899582639,0.123383980438097,0.0,-0.16663099136952697
1359,16308,0.13944358486737415,0.29066802500854827,0.22959336535849126,0.35913334290687077,-0.18996190655685768,0.1441356853684824,0.26960217165666367,0.8972547227862739,-0.08968381899376421,0.0,-0.03364873691085135,0.09037087259188058,0.2313944207249564,0.7508162458686156,0.20895022073688135,1.0,0.3519180342513928,0.1024930560819779,0.2434974699294398,0.722011186755385,0.2250870383276637,1.0,0.26498550521732633
1360,16320,0.3132877133985373,0.4422782728794387,0.2134702675068522,0.3601907288113933,0.08453175737259255,0.15038028588507324,0.3192350185250915,0.9095296406323536,0.31035886168687776,1.0,0.5199930305157785,0.4779339909893044,0.5925785016000805,0.7698684946773471,-0.39248239101427596,0.0,-0.5255433601423063,0.3893789028077217,0.5471808266519909,0.743305429738874,-0.19319297930170942,0.0,-0.24287958370198792
1361,16332,0.34771779517464113,0.4932611327556093,0.31182072096305274,0.4543451377519509,0.030115602959326214,0.2387191243356511,0.3947071141543817,0.9118250910787605,0.24479986600983028,1.0,0.3134687736767844,0.3046858003329765,0.4721554472686022,0.7674874526441873,-0.13840237840700226,1.0,0.12375551507236449,0.2646030054693474,0.4458108595795009,0.7292602826357415,0.05291495320901629,1.0,0.23902943955902334
1362,16344,0.4751773697012294,0.6104548240863609,0.7410618388880028,0.8031428487617177,-0.31592545995280563,0.35325342299571844,0.5086454342025347,0.8780400305414391,0.1982116724028681,1.0,0.25658618124464005,0.24128101790955894,0.4147227025612034,0.7610988928966715,0.4525572302329248,1.0,0.4922295688002444,0.3151015512380671,0.5189613018462157,0.723528855470541,0.3289745345292497,1.0,0.3368759302738069
1363,16356,0.3324854012565146,0.49079215253389635,0.3944363825261119,0.5349559063432959,-0.2854109789003414,0.346272331633864,0.4986390690145006,0.7589911225654213,-0.018278873450622974,0.0,-0.041466272880693156,0.48049109315641075,0.5889985083421684,0.6544428779610216,-0.23398295758499854,0.0,-0.44514944518032795,0.39865278492527295,0.5356977896620145,0.6344198224112712,-0.054686939331846054,0.0,-0.19900838779297203
1364,16368,0.4248882718418597,0.597314392508677,0.37438092967180414,0.5660540364408903,0.06877252114315821,0.5801791439642089,0.6968449190447535,0.758291486465686,-0.1436097750197812,0.0,-0.36548636997951167,0.6435584564432671,0.7327161353913683,0.6753093658420783,-0.5686742194264103,0.0,-0.514653378530521,0.7608070099125827,0.8055851409181342,0.6450791441565977,-0.7131785669006993,0.0,-0.7906048726987445
1365,16380,0.39424648396543754,0.6056349826399322,0.4083953784566609,0.6085621587960356,-0.1795786343655222,0.2686300354031375,0.4897096073052336,0.7678470250615723,0.12513713166135038,1.0,0.31862414421256435,0.7186844411062402,0.8099937550970789,0.7004802038795287,-0.8067923665678066,0.0,-0.8229317706971488,0.5224966606029767,0.6923731685776732,0.6527766637033924,-0.4888068377367474,0.0,-0.3253045540129218
1366,16392,0.04402522008904736,0.18406523738432123,0.042338758787897085,0.1583831940295194,-0.0464720053109204,0.20853557309193316,0.3977350740633388,0.7610950773523504,-0.3998454669264776,0.0,-3.736729825998369,0.293874238088561,0.48098055614623264,0.6980315686167288,-0.7155490934898309,0.0,-5.675133877676431,0.32342673517253556,0.5061133627644043,0.6628901881475616,-0.8034277964805401,0.0,-6.346396781625585
1367,16404,0.017586050755393726,0.10334831497638948,0.1222828456186519,0.3121749426176798,-0.16114672984959108,0.28577965184205517,0.5016589927369076,0.8459580089876407,-0.3971201883344619,0.0,-15.250359777587086,0.2409483560097795,0.4309912840551236,0.7324859620598729,-0.4002658601655528,0.0,-12.701106596424413,0.1983205010039031,0.3837413417780841,0.6837426379846985,-0.38663747321445446,0.0,-10.277148221756228
1368,16416,0.029976948977104678,0.12289329187236368,0.37766853614526913,0.544008312621081,-0.09868138358011425,0.12152040443961702,0.30435280817832494,0.8629995646989391,0.2517842514669521,0.0,-3.053794951995614,0.20162281379049754,0.4008902730871071,0.7406795526719268,0.1678219020748028,0.0,-5.72592844403511,0.3117255912721955,0.5114068476135768,0.7002576565373574,0.32007328981063055,0.0,-9.398843174810098
1369,16428,0.033907933604226566,0.14389351382110835,0.16720761072941173,0.36916199367687436,-0.36760643514882585,0.050570673421152755,0.18708232716183662,0.8830853261727303,0.19841608689418955,0.0,-0.49141124349875476,0.12217637369063462,0.30577771984788565,0.7510915812991928,0.22216098446524307,0.0,-2.6031795719750246,0.15445635382755848,0.35865435126237427,0.705574778580906,0.4363395451604072,0.0,-3.5551685817948444
1370,16440,0.09063599598259515,0.24663111767178095,0.05623588298592863,0.19565479329756008,0.37861218577565425,0.028852139638973012,0.1293583585874782,0.8731597502105155,0.47530330093091805,1.0,0.6816701871460265,0.022970462917142793,0.11583713329292934,0.7361133926043489,0.47914911730440723,1.0,0.7465635736870613,0.026212419970784287,0.12494960941380329,0.6873843042518195,0.7804879548234329,1.0,0.7107945945028522
1371,16452,0.07320548620120033,0.2245888456407972,0.03597461337032946,0.15569987712237868,0.12150586798828611,0.032557932154029606,0.14752283840737326,0.9039814014272078,0.2880819991397948,1.0,0.5552528390488887,0.03254015998911681,0.13579058720504705,0.7397497669809907,0.8527441678380059,1.0,0.5554956099918198,0.027274513650748688,0.11885729372613825,0.6973557431026327,0.8575905793227342,1.0,0.6274252782668975
1372,16464,0.06463241887117897,0.21360628694227698,0.1900049029109898,0.38260708036097474,-0.21044021168273402,0.03824132007842568,0.15657257304493624,0.8580049444232699,0.3970548440563378,1.0,0.4083260266856834,0.03333135846581921,0.13940324027872425,0.700502709578271,0.43210293302913766,1.0,0.48429350087835876,0.03785903436832765,0.13308389368074272,0.6661761057165723,0.7366622641165873,1.0,0.41424079386869683
1373,16476,0.2965765881004729,0.5214071005651264,0.21296907135871548,0.4382509824776628,0.4414100228411737,0.21867618248989698,0.42678203829304545,0.6689812308985016,0.3925912515794566,1.0,0.2626653914576196,0.2892000499194183,0.5066245372485298,0.6062564265329574,0.0059147162328716755,1.0,0.02487228755411941,0.17450582453462724,0.3871487712889479,0.5940216694843713,0.5702289835571832,1.0,0.41159946018561333
1374,16488,0.06820837573833469,0.2338380394594053,0.04681487443343626,0.1722819552929001,0.41000076022507354,0.10553451487401062,0.29375345553914944,0.6509431308060563,-0.09550829157905279,0.0,-0.5472368859635193,0.07790213808402273,0.25247252715335916,0.5191683732985892,-0.054031283572655034,0.0,-0.14211982385969524,0.03105710178587053,0.1506904689092631,0.5232756304696321,0.37780461826521006,1.0,0.5446731951950629
1375,16500,0.019185361002484674,0.10029480373278872,0.0357071367062875,0.15667209567556442,-0.15356528674530043,0.02391506595893902,0.11411363748647464,0.5423685763517528,-0.10316111017319032,0.0,-0.24652676360073755,0.05922809642909455,0.20967548019878668,0.4763051752600719,-0.29745810510042275,0.0,-2.087150480067797,0.06334563239150172,0.21654044012888374,0.5161902835775489,-0.32464123195890926,0.0,-2.301769113612087
1376,16512,0.0163838861133289,0.09590970048310903,0.0370132783528806,0.1563891013619739,0.06794903190437863,0.0879712915075609,0.22827717116023108,0.7117361942289119,-0.16816585958528152,0.0,-4.369378845717988,0.0463994625998941,0.16583561729942684,0.6573888180904891,0.1810356305101018,0.0,-1.8320181353156757,0.052709940006061363,0.17816170139622856,0.6458952279191537,0.3044265976079982,0.0,-2.2171817871206927
1377,16524,0.018616616835195877,0.10014041002517743,0.018881224780306485,0.10629722638759422,0.12756183723801326,0.09234532040564658,0.24009188319465938,0.7766245884693792,-0.08424279357330654,0.0,-3.960370685132327,0.03468422701046437,0.1448898385937946,0.6943901553775774,-0.033362492594746794,0.0,-0.8630789534697665,0.03458071864477064,0.14470810720401125,0.669255246232781,-0.0333624925947468,0.0,-0.8575189547541009
1378,16536,0.02129840750560363,0.11283928192124655,0.020793299484168012,0.11241390763849908,0.15677895765100652,0.06694708393068735,0.21822044972983726,0.8230181643635813,-0.21815178817119926,0.0,-2.143290591706141,0.03791398201795713,0.16020724810795337,0.7288674694399437,-0.039080511521207874,0.0,-0.7801322473514476,0.04662708130076245,0.16830713303843017,0.6841209444698534,-0.0006319893844913604,0.0,-1.1892285274612586
1379,16548,0.024558150493773533,0.12570391332847508,0.03312081581509034,0.14886471855570846,-0.08076977211364286,0.10295309298818696,0.2865227579665029,0.7893415964554599,-0.2065976901183771,0.0,-3.1922168778259445,0.05298172640096699,0.20012108559272257,0.7168885517543793,-0.08242767088763256,0.0,-1.1573988812553275,0.05210565031519166,0.1947085518440901,0.6721790109953265,-0.10859790007483368,0.0,-1.1217253444392123
1380,16560,0.1882454319214372,0.4146680605128772,0.2479278991283317,0.46523289889706093,-0.15166947997778032,0.16175928535722037,0.3883990831524729,0.721066892057507,0.06245734266685514,1.0,0.1407000759267859,0.15224653150015346,0.37433486765147655,0.6347731437400527,0.21143418515976792,1.0,0.19123385919031277,0.1399348581870424,0.3566559388029278,0.6173308556411694,0.2688140248917502,1.0,0.2566361012922579
1381,16572,0.06049457579824128,0.22446174301481214,0.05715977954311676,0.20692259791060086,0.08896716398673779,0.05951295530521395,0.2237835752067813,0.6886629041479122,-0.06112846617443392,1.0,0.01622658693072232,0.06804903083845616,0.24133035707499087,0.6126720478933793,0.09828714503645178,0.0,-0.1248782215683295,0.02066128719435877,0.1225461798461263,0.6190888123330203,0.3476399997487215,1.0,0.6584604996112818
1382,16584,0.038390473802743325,0.17612263194067546,0.06039421198897869,0.21057292239266698,-0.0625107684363451,0.03809624751481093,0.17949189862759996,0.7234884078956719,0.28061744373806347,1.0,0.007664044196072695,0.006041212372363435,0.06432425428838248,0.6061267575446794,0.7117316316865492,1.0,0.8426377230089893,0.015123266242385894,0.09864594448751969,0.5979308223287975,0.4326360449376974,1.0,0.6060672155261286
1383,16596,0.032775212386643306,0.16622410610631563,0.015213389623296054,0.09737140880596983,0.36002729928314564,0.04426212198013155,0.19866486431801747,0.7056561003058385,0.18641043292816667,0.0,-0.3504755196695364,0.025067163146024682,0.1476212922101452,0.6017121970064243,0.32055933741710335,1.0,0.23517923086777126,0.052691435017346966,0.2171212418626681,0.5850048153210929,0.10375720290498809,0.0,-0.6076611310936921
1384,16608,0.007793641745148352,0.0660542255344207,0.027090091045565274,0.14464655183397,-0.15441574707048988,0.021587353373856855,0.12404695055596852,0.7188516298645927,0.0546651262001569,0.0,-1.7698672943614935,0.012393561766268142,0.08755958301200573,0.6143884654476451,0.07277942363178144,0.0,-0.5902144557752225,0.016731476255659725,0.10779039807064617,0.5693313230986744,0.17717857468085646,0.0,-1.1468110548031407
1385,16620,0.009275273565450336,0.07005104894535848,0.010490951000956568,0.08691754678401085,0.3598829663118559,0.007430056863425907,0.07260579670702326,0.763009440526494,0.3432963851276609,1.0,0.19893932928271962,0.008340634591073329,0.07548566308000892,0.663769507660123,0.3347424785578074,1.0,0.10076672863412506,0.007132574029604317,0.06667306711365763,0.5894931428187957,0.3290756079578383,1.0,0.23101200419871237
1386,16632,0.009244094264397469,0.0685242834451928,0.01153517334428491,0.07814912555162326,-0.09611418391266677,0.006046768718978195,0.062265576681006685,0.8411101798781548,0.22910648315866494,1.0,0.3458776440363004,0.008797060260989885,0.0798652799800487,0.6935440472304151,0.29397862275527553,1.0,0.04835887547461326,0.005778989409911543,0.06159967530800081,0.6190294903055141,0.21822382727773268,1.0,0.374845253128948
1387,16644,0.04087686632117781,0.1746060338494939,0.039337421847384306,0.17371549682481247,0.009194496856923196,0.023779644487048487,0.133056061090686,0.8732311219583041,0.2829804788768901,1.0,0.4182615589901876,0.010565479946419645,0.07837294964723883,0.7143080790675558,0.3647563436880639,1.0,0.7415291117620286,0.04023383481682955,0.18674984935845462,0.636347995711885,-0.07605752832897283,1.0,0.015730939336098593
1388,16656,0.009501605124708186,0.07561442304040239,0.024082633547767105,0.12574782929448236,0.11457123846568444,0.006705540920765549,0.06445138641251179,0.8795629788426377,0.3833922386544649,1.0,0.2942728273006936,0.021815208076071863,0.12922244762950386,0.7272709578411664,0.20823375450144882,0.0,-1.2959497674075204,0.009153207577876184,0.08421441963147297,0.6518067421654923,0.27618806876318586,1.0,0.036667230668849915
1389,16668,0.03649500570470343,0.16887812678442962,0.028766513695829606,0.14706029235658727,0.20946624531501562,0.0355645166709782,0.1726633699442078,0.7878717582403544,0.135577576852236,1.0,0.025496338903306714,0.011648842922607526,0.08594723708297262,0.7109221429218289,0.29719848429439316,1.0,0.680809943780712,0.04196075201699948,0.19374080163865712,0.6350771300056636,-0.10208060842521416,0.0,-0.14976696692478209
1390,16680,0.012328834502822322,0.08543345536868224,0.013267046682317719,0.08697023958413709,0.10510159137970139,0.007069391358045505,0.06681103514037816,0.7812872333249606,0.3933450378104695,1.0,0.42659694584859775,0.015398993194586671,0.08944854356380201,0.6763721827215146,0.06570671895055746,0.0,-0.2490226218108067,0.017510380194072247,0.09687537294141473,0.6124408205560421,0.1484097918471406,0.0,-0.42027863137134025
1391,16692,0.014420349709775687,0.09302077498435697,0.015565653181552522,0.0976742780839933,0.003245536779740077,0.011068248522713821,0.08090924078498539,0.7254378610585024,0.4647632037067172,1.0,0.2324563033855861,0.019592001039113197,0.1116374043840398,0.6272531792533323,0.3598402990858496,0.0,-0.3586356387620475,0.019294879336798406,0.11380747355186456,0.5866838430930745,0.00042601375198063064,0.0,-0.33803130472752896
1392,16704,0.01615152198233111,0.10531555191414499,0.023886167078464193,0.11354634050892948,-0.05417856440267986,0.013880526908955021,0.10101913228496923,0.6873751266945993,0.23935331786270225,1.0,0.1406056392617634,0.023451400389638288,0.1324617701554229,0.5654774785385132,0.0378158021119228,0.0,-0.45196226184088717,0.02473566516873361,0.135605716207662,0.5880474687583458,0.10290486396464378,0.0,-0.531475807406453
1393,16716,0.01380904722913851,0.08336520389112141,0.011268563846807697,0.07997304560714262,0.11002243306617729,0.008440451374186851,0.07314341571800752,0.7628334406589704,0.27928646362737947,1.0,0.3887738064667756,0.016655972419269166,0.11249940300560479,0.5874219329215047,0.37261783377776253,0.0,-0.20616376661550917,0.010907351747470859,0.08909241531818146,0.5971787206322124,0.4439601096625159,1.0,0.21013002805470715
1394,16728,0.012138495259637005,0.0892089341128291,0.024206482225323563,0.13677339493479776,-0.034023543021552735,0.009483143919854829,0.08244241764964999,0.7337055387883156,0.3177116930958933,1.0,0.2187545723737081,0.01238926202129354,0.09610413492007448,0.5541978790713585,0.09475363525179485,0.0,-0.020658801300551977,0.028459171558569262,0.1535568228063134,0.5729477303178203,0.1251916247881016,0.0,-1.3445386722027948
1395,16740,0.014659927977845821,0.08384197331437789,0.014642227667526,0.08971479702894268,-0.0029972634290065248,0.01017468887950437,0.0829094463614759,0.7778166444754366,0.5178482742724986,1.0,0.3059523283551989,0.012040001650441326,0.0818188625865664,0.5715714393813214,0.19132659157621767,1.0,0.17871345148241824,0.018035839596760306,0.11031891024261149,0.5819751721765507,0.30527312931978867,0.0,-0.230281596472792
1396,16752,0.021979768594765303,0.10403964926015337,0.028832201300387855,0.12921147134164424,0.06900678136664185,0.010852176034286952,0.08203963690759362,0.7341362107605973,0.47648189773987804,1.0,0.5062652280665274,0.012047170774097199,0.0844399382364257,0.5561561288237776,0.5038087979519041,1.0,0.4518972880830806,0.016053155712041738,0.08862705861453048,0.5596524456317483,0.24090880841525583,1.0,0.2696394576299155
1397,16764,0.017587064055111377,0.10786620429510863,0.022535572116287095,0.124784220072186,-0.154463122853376,0.014190028786774625,0.09706725456290365,0.7354432958888855,0.45409188610007833,1.0,0.1931553360863243,0.013886597210941773,0.09944495611544028,0.5493541988424618,0.1790542704390256,1.0,0.21040844751424703,0.011229090151141605,0.08110630809893185,0.5657864744990007,0.23466406350085228,1.0,0.3615142290973766
1398,16776,0.052070760046992993,0.1923711377097621,0.035509033725122645,0.1511594630528092,0.318253616647555,0.07423459364602861,0.2176217999080451,0.7477778014717484,-0.031127438435364176,0.0,-0.42564835963663916,0.10711265759906265,0.27262358744739773,0.5700448332926504,-0.39414692273748025,0.0,-1.0570596146934528,0.06272619532607078,0.22449819798938733,0.6157808759913201,-0.08432994322372946,0.0,-0.20463375739976586
1399,16788,0.021988151575774256,0.12998911897022972,0.01795907492842695,0.11488350015559949,0.24320012456578163,0.027227468519832963,0.14236334173051887,0.7641243381367179,0.37339925841698374,0.0,-0.23827909890484822,0.03491049515967435,0.15600785185265842,0.6284672175810246,0.353940475243402,0.0,-0.587695766029622,0.02481078796947343,0.12840992495284043,0.6492519799952319,0.43570198451276393,0.0,-0.12837079024000597
1400,16800,0.015790470896215787,0.08823611594491543,0.028918026059132147,0.1351794799072961,-0.040723798274869535,0.04673934997301973,0.18022471945339955,0.7900087367684364,0.025861402901950336,0.0,-1.9599718893893718,0.035466694967454006,0.15907132939204804,0.7351604049748289,0.04554658369886388,0.0,-1.2460821593327949,0.036145212318012286,0.15660908832560352,0.7092515784216383,0.07117898354213514,0.0,-1.2890522110188969
1401,16812,0.0273158562897953,0.11882039124590194,0.031475441164211804,0.1318185176802124,-0.017116687213476995,0.05122518237189172,0.18673269098400214,0.7729272311821647,0.10559574669995948,0.0,-0.875291106690604,0.055419284443786965,0.19082323710842963,0.6988969685065636,0.05708503681101597,0.0,-1.0288320401103657,0.052106124146023246,0.18524996489719092,0.672723550914215,0.12248963498658758,0.0,-0.9075413046996128
1402,16824,0.05359958230690274,0.18542059294837088,0.05238641243024016,0.1686447065162109,0.04308551203298346,0.06716447902207917,0.21907110082090553,0.7744082125820894,-0.05900822172525022,0.0,-0.2530784034380338,0.0809706270609105,0.2447097484720897,0.7048842438220602,-0.15510351381324958,0.0,-0.5106577994821953,0.048515577836303225,0.18557454811018248,0.6757148107009195,0.2257077479239847,1.0,0.09485156883293056
1403,16836,0.06056055058627816,0.18294029834473755,0.09187405197590785,0.24403196793731344,-0.10912418046717287,0.051553094721526915,0.1845015394406361,0.7711446561843951,0.3590906700807113,1.0,0.14873470894090846,0.10388018404040926,0.2669401742337593,0.6768439385918211,-0.3099097801878009,0.0,-0.7153110900538358,0.05654145145293999,0.1885187883689429,0.6492060988827483,0.07605869033201551,1.0,0.06636497017331977
1404,16848,0.0614321521986921,0.18639567583302163,0.06007018773726363,0.19597497528672958,-0.08407755285308721,0.029128575696028097,0.09437586748130021,0.7884917642023301,0.491647778432483,1.0,0.5258415234775342,0.03140623765295567,0.13390105395705929,0.6752514962018255,0.27843070479544363,1.0,0.48876546679697286,0.02966297918056912,0.11404232437752249,0.665094840345783,0.44539691331496023,1.0,0.5171424389523398
1405,16860,0.13056089607642204,0.3147104086357541,0.09353180721237564,0.26000601734393,0.19976539535747712,0.05788410036894239,0.17131589792639515,0.770058320247772,0.5661115479745586,1.0,0.5566505584102248,0.04073243682877637,0.14370621921153917,0.6803529140282133,0.6332368747077369,1.0,0.688019628749069,0.07824624118740961,0.2274156649924445,0.6551794972967422,0.38795492110673885,1.0,0.4006916041568125
1406,16872,0.06647857083095655,0.20122748057757142,0.09295446148550233,0.23686727024066934,-0.2442291797942536,0.05401623268811401,0.17181883781483087,0.8102070563797508,0.2790699112000161,1.0,0.18746399008083525,0.05572462931861849,0.17053451110554826,0.731971435544665,0.19048777441350806,1.0,0.16176553403477145,0.06464180886279791,0.18772539972289568,0.692662612200963,0.010720432193643159,1.0,0.02762938410377702
1407,16884,0.06662463505010027,0.20242279092649262,0.06314448545052347,0.19720551136944628,-0.2218597219876262,0.0345963604851305,0.13132721686810417,0.831657081457128,0.5533344466078175,1.0,0.4807272045975969,0.055304089192340616,0.18341842808395026,0.7504249263898489,0.33541114324353827,1.0,0.16991531509698854,0.05470570733928446,0.18212412509529274,0.6828408787263623,0.3226115673450186,1.0,0.1788967054281504
1408,16896,0.05096340788403997,0.17216207782754878,0.036047153128243324,0.1438692055119534,0.21727627245582312,0.03333399419068079,0.12747484666294492,0.8230571780564826,0.2823269734077302,1.0,0.34592297543116457,0.03664403904213154,0.1424263173735327,0.7014109778739073,0.1405619670949779,1.0,0.2809735344718338,0.03617915923174193,0.1495546076248985,0.6548954927986772,0.20249304387344388,1.0,0.29009536971973127
1409,16908,0.5300544497696176,0.6931264527933139,0.3146897242094098,0.5299871874578166,0.6179009995315587,0.3762019368657395,0.5908449538101291,0.8392343108397929,0.21171830632053842,1.0,0.29025794042621167,0.3842113208835624,0.6026606382893145,0.7017793079882412,0.3227890147815929,1.0,0.2751474474923177,0.41547189434907444,0.6269394312457103,0.6753055776410338,0.3389577929662324,1.0,0.21617129234618293
1410,16920,0.13873189309124426,0.3201898141899134,0.1282687242817319,0.2874132334842035,0.19727361981453312,0.011155161546038045,0.08765469730797293,0.8783035681730862,0.9518436892185196,1.0,0.9195919460372297,0.017369245178664183,0.10882158049994684,0.7704884974972575,0.807112370690421,1.0,0.8747999123226813,0.0301051799335306,0.15211735483635266,0.7081957757794154,0.7522550093660474,1.0,0.7829974113181721
1411,16932,0.10066447973502642,0.2732525844272296,0.3080196005583166,0.48404054592550066,-0.5630291901692649,0.005529251959029888,0.057695740983183114,0.8984977901225217,0.9371667161398995,1.0,0.9450724627635861,0.006845264700783682,0.064807490243154,0.7647709038035497,0.9140357500456734,1.0,0.9319992044979312,0.01226803135349149,0.0850191009544226,0.7136396519442677,0.8254335200504357,1.0,0.8781294912983809
1412,16944,0.1133303599456758,0.30005569537589366,0.06307187382727976,0.20847504280902962,0.38983045531257526,0.03275618664357816,0.15682502802796783,0.8780301624044828,0.6935510352412816,1.0,0.7109672407351425,0.025797317822475848,0.13607186053163942,0.72930175184259,0.6772977792107385,1.0,0.772370635416303,0.015447685220831698,0.09528670385781986,0.680038704641386,0.9106079829982271,1.0,0.8636933189991063
1413,16956,0.06974236167873028,0.23322960468795165,0.090076304953445,0.27853032273667194,0.033671255106345534,0.01661833664064398,0.10031254294851583,0.8645194532198225,0.7213281119780133,1.0,0.7617181833159492,0.020814722498071207,0.11883705664186651,0.7073819607025625,0.5372887194920147,1.0,0.7015483560199083,0.013253062913583658,0.08655317407652197,0.6843778170479442,0.8152694862516041,1.0,0.8099711194950039
1414,16968,0.038022801689530906,0.15536190432815528,0.019861994205950067,0.1019978423038453,0.2338644872494787,0.019189336925945388,0.10435822968178032,0.8136275667497873,0.25514683077454614,1.0,0.4953202795882101,0.02841878559458787,0.13671812627166016,0.6876360858875247,0.08650907667602134,1.0,0.2525857030042944,0.024764472104508207,0.11883012972640372,0.6646014074790825,0.5449451267903566,1.0,0.34869417812189285
1415,16980,0.027549128257437383,0.1300890144130337,0.05766026487920309,0.21510727352106765,-0.036730656051474395,0.009945579084501137,0.07218295609097142,0.8308543072295972,0.36341030213947034,1.0,0.6389875210727893,0.011071526707303547,0.08074554416903225,0.6890960283609916,0.3618586915009462,1.0,0.598116985632219,0.022179450735021297,0.129116966547956,0.6930386994217849,0.5260352648526065,1.0,0.1949127926023011
1416,16992,0.022713526769155435,0.11323547527784139,0.01780408589259486,0.10143483594999621,0.1243239490969446,0.03274117681830001,0.15094878822460334,0.8846464218522412,0.14560167325612444,0.0,-0.4414836212385098,0.04065920625526597,0.18131400880683887,0.7404422515871268,0.1429023393459668,0.0,-0.7900877599721963,0.04183062957462708,0.18393775841762924,0.7368181436032641,0.1429023393459668,0.0,-0.8416615790125703
1417,17004,0.04442619803001638,0.17297254736205603,0.058083380206574636,0.21516316241906916,-0.05901498316452106,0.06033260152528106,0.20000472589775298,0.9312881674527447,0.08796136732044853,0.0,-0.358041070372882,0.044692126264672234,0.1861712538178878,0.7752688265426043,-0.010825297063516013,0.0,-0.005985842733519098,0.04312963040342149,0.17906934294129775,0.7558960623142805,0.022247198349917528,1.0,0.029184753233190586
1418,17016,0.023676866960242293,0.12609213254382454,0.015182378205284439,0.09580097231599359,0.1700701420152458,0.016716843574371785,0.11015561257426332,0.9216592871026055,0.3293715653644216,1.0,0.2939587994288956,0.02423390977940375,0.13410860556229834,0.7734010534270569,0.241808081459437,0.0,-0.023526880481984147,0.03308314274990936,0.1532563462376679,0.7537698335350783,0.11206000048713731,0.0,-0.39727704706293654
1419,17028,0.040995774537985454,0.17212231402417974,0.08966133006048198,0.2535656467970632,-0.15385851433393521,0.015647799284522573,0.10470607212577092,0.8994895632444365,0.4595261969858765,1.0,0.6183070216169768,0.014141300949281219,0.09930694199415273,0.7733352741807192,0.507505758466632,1.0,0.6550546706666485,0.03405363947361645,0.15663495382016146,0.7445665850348988,0.0796385259556746,1.0,0.16933781938762082
1420,17040,0.024595932171868215,0.13389738784301816,0.06552415451513502,0.21945740966156246,-0.1394695809523855,0.014944788254678517,0.102911596298702,0.8888713483854198,0.2870114618141836,1.0,0.3923878082664526,0.02725274365065934,0.13573728893418782,0.7568080541729125,0.3049195448129022,0.0,-0.1080183284059415,0.03855411997485512,0.1706259701791788,0.7307333644253301,-0.026947228673402657,0.0,-0.5674998493836996
1421,17052,0.02191134569661074,0.1299243666915918,0.0301361264825941,0.14909563110073024,-0.1777447471299788,0.015365420680106273,0.10348420982144597,0.8266603464120506,0.3427747590003736,1.0,0.29874591488541,0.02452603774965491,0.12957572283724406,0.7269136203348608,0.32667158412056374,0.0,-0.11933050983028459,0.03038453303900783,0.14392535501153483,0.6901606793249955,0.23163245909820862,0.0,-0.3867031929356912
1422,17064,0.032876050888426885,0.12855652324995104,0.04083925851362629,0.16810430428306075,0.009002174800221422,0.02098733413871946,0.10845797635760064,0.8028242678850827,0.3177927540003637,1.0,0.3616224098829499,0.03365751119027497,0.11863197247461403,0.6955423983935152,0.006355946562326941,0.0,-0.02376989573657018,0.02682889870547096,0.11538405153607556,0.664496543938639,0.17821727145759092,1.0,0.18393791284356054
1423,17076,0.03735203453219731,0.14948865322066304,0.05645831651918881,0.1939607092023162,0.009906662870838601,0.024351724203217556,0.09612210555669227,0.8548068502762847,0.3236440966678743,1.0,0.3480482520376109,0.08453683498746915,0.204724376604455,0.7470925588858177,-0.12310216363284292,0.0,-1.263245792263303,0.027590800360290536,0.12073637375598156,0.7008102047253341,0.2304085787929134,1.0,0.26133072252041933
1424,17088,0.04139233624121505,0.1620978782749558,0.03675295359034397,0.14065221669526415,0.15610896913092395,0.05741680763287712,0.1812136585167026,0.8555935512417262,0.13004307500365977,0.0,-0.3871361910639446,0.07610396935179747,0.21267279040583068,0.7593895301511071,0.04625483450627097,0.0,-0.8386004817002686,0.06622475418020911,0.18986079577153725,0.7120631076393433,0.0807336860693075,0.0,-0.5999279140535199
1425,17100,0.03703232096055519,0.14643964948868474,0.04066585348515395,0.1703802126230506,-0.005759679968298076,0.060181519104258265,0.18160534732073144,0.9009891429516099,0.13313709355266587,0.0,-0.6251079474159975,0.09603416056556764,0.24320516905928727,0.7764834251998368,-0.03122679550581477,0.0,-1.593252544658435,0.07545589474910058,0.2101660969717908,0.7222558098119447,-0.01325876095860259,0.0,-1.0375686101195787
1426,17112,0.03670301424003236,0.14125657892601629,0.09897184002843662,0.25452497411418423,-0.3014383505250967,0.06902988619320004,0.1924845893798627,0.8459164066829761,-0.18634236841459612,0.0,-0.8807688584309357,0.02597415689465704,0.11443061939892646,0.7137472095439462,0.18799601343703326,1.0,0.29231542878767824,0.048305219300531214,0.16341400587193747,0.6972518778112861,-0.06443156919321978,0.0,-0.31611041492728975
1427,17124,0.062056207901720804,0.2030176755577844,0.06980969147761838,0.21752195049205228,0.033608072557991676,0.04897672831772024,0.1579289669186343,0.8412523087772422,0.11521181855480862,1.0,0.21076827002891796,0.04283257689837228,0.14656442495583388,0.7025651276667181,0.14390444431415977,1.0,0.3097777265699708,0.050993593718442455,0.16266592094818474,0.6756957034199939,0.07970526553015334,1.0,0.17826764730449451
1428,17136,0.10921032017274677,0.2767318096425692,0.15907654380220962,0.34245991964857403,-0.31151108735600097,0.09273382302331333,0.21097778730695418,0.8108845854827548,0.13759177095767444,1.0,0.1508694153022465,0.07369359469889636,0.18292460295794724,0.7030677231990745,0.2661831429410224,1.0,0.32521400374681386,0.1193810400242229,0.2693648448528,0.6855973326209144,-0.0004163607598746788,0.0,-0.09312965876657331
1429,17148,0.10473271424550724,0.27370437917786444,0.1099386029747426,0.2784424568122476,-0.10616545717100445,0.09558338195196321,0.22676087097100353,0.853729162918829,0.19730488969779666,1.0,0.08735887692260891,0.07536105355035795,0.19389752609056052,0.7296982938939474,0.31576998476271323,1.0,0.28044399409241183,0.06203332765887685,0.17646178737975826,0.7067200821042319,0.4087800100556732,1.0,0.4076986536082453
1430,17160,0.05551045830786113,0.20603487311859003,0.036740046382671226,0.1610757865822929,0.13839109586588064,0.07048534126885843,0.23464586055453815,0.7654156205501065,0.150572758244128,0.0,-0.2697668766837875,0.07766115700711286,0.24220150493576073,0.6872178864025449,0.042422300469152484,0.0,-0.3990364946440166,0.06745773184427588,0.22100448802236894,0.6463802431012966,-0.004515064953638004,0.0,-0.21522563316186538
1431,17172,0.029200814618263612,0.1288017297170853,0.050074883584243036,0.19031274507728377,0.32536543720674,0.032535718695600006,0.13463866468472221,0.812534366342599,0.06420164754752082,0.0,-0.11420585764242963,0.09941960884318309,0.24751071082196588,0.7051254266346895,-0.41631922297340374,0.0,-2.404686141221595,0.12985318119897823,0.2861836737506634,0.663531168893104,-0.27832401699719395,0.0,-3.446902694206405
1432,17184,0.05129418088633866,0.1724515120366111,0.11017653723367855,0.28496947550879176,-0.18972774011843258,0.045598642339959784,0.16553779042056352,0.7860755653807324,0.06673944210424862,1.0,0.11103673843626549,0.18106133952833803,0.37510693901595693,0.6666182875627185,-0.5499379920510755,0.0,-2.5298612123185436,0.16439289565577,0.3529476769858926,0.6533148039059499,-0.5162564957130814,0.0,-2.2049034181877984
1433,17196,0.040832586658521,0.1555548761646586,0.041618096194205416,0.15852849235369956,-0.0341817889625883,0.04465677620155208,0.16445099284965725,0.7952999692613805,-0.07279984224733552,0.0,-0.09365533403534809,0.11664709065678085,0.2742944020850671,0.663617030389404,-0.4430603185940005,0.0,-1.856715682312494,0.10885626975905228,0.27924438730991336,0.6542861579434707,-0.18671211070957294,0.0,-1.6659165795546294
1434,17208,0.043764476371292944,0.1681674950463752,0.12185904362187772,0.2948197258496017,-0.35146220241990056,0.049335105753686936,0.18446802315539731,0.750396512523567,-0.01825182589676804,0.0,-0.1272865539423662,0.06935741701337185,0.2091969677543116,0.6397366060312628,-0.18409264576374595,0.0,-0.5847880007737611,0.06217820601808255,0.19185009599679156,0.6180480565759262,-0.02444860852483515,0.0,-0.42074602905264014
1435,17220,0.06745707230052288,0.21969296730422638,0.05491241081497624,0.19708586061137223,0.1620123078862073,0.08887081024946752,0.2572170656618369,0.7258970828788514,-0.0917172245511048,0.0,-0.31744244478245265,0.06259349861673404,0.20908395232530577,0.6036894648061734,0.036333914606215365,1.0,0.07209879584043466,0.027348081853941275,0.14373600903365805,0.606494186931421,0.44975345002972167,1.0,0.5945854019263552
