query_idx,query_start,persistence_mse,persistence_mae,random_mse,random_mae,random_true_transition_similarity,M0_mse,M0_mae,M0_mean_context_similarity,M0_mean_true_transition_similarity,M0_beats_persistence,M0_skill_vs_persistence,M1_mse,M1_mae,M1_mean_context_similarity,M1_mean_true_transition_similarity,M1_beats_persistence,M1_skill_vs_persistence,M2_mse,M2_mae,M2_mean_context_similarity,M2_mean_true_transition_similarity,M2_beats_persistence,M2_skill_vs_persistence
20,240,0.3427926887389406,0.4615199789611637,0.121814997956823,0.27140451914380964,0.6892921267063621,0.1933612949192555,0.3423654994840244,0.0762860320040446,0.6892921267063621,1.0,0.4359235150825723,0.1686745839876175,0.32485209123134096,0.06539000330421678,0.6892921267063621,1.0,0.5079399604229178,0.11850264601118886,0.27922124383782587,0.08582216725467129,0.6892921267063621,1.0,0.6543022943484174
21,252,0.2587266600452351,0.4190442515095894,1.0219613145513202,0.9460035961722237,-0.4423729643220174,0.719416093631343,0.7581763895436685,-0.0981654212201127,-0.3342554235442138,0.0,-1.780602870634059,0.6543796864561765,0.7417003096533321,-0.051992429536798335,-0.3342554235442138,0.0,-1.5292317627482475,0.6681558621842876,0.7805173545417329,0.025181064096934415,-0.25668327401172075,0.0,-1.5824778245406521
22,264,0.37377057600080593,0.5202156462502491,0.10454865981477002,0.2591236408348265,0.5804523058992007,0.07816210589677765,0.20229979268950302,-0.13291887803676283,0.7469977332943583,1.0,0.7908821322077286,0.0702768325215583,0.1945444347456234,-0.009067048694147517,0.7469977332943583,1.0,0.811978692187352,0.03373907277905589,0.13640317175082442,0.09290935993302804,0.7469977332943583,1.0,0.9097332028110657
23,276,0.11894515181695577,0.2734350110248674,0.1206890062304601,0.2838945910235904,0.2138093684792986,0.07025830767562916,0.20806555678097574,-0.15871501631372245,0.4550188204361126,1.0,0.40932180418963693,0.26251995704281456,0.36503530424779634,-0.06785507274373297,0.4550188204361126,0.0,-1.2070673165965227,0.09423720584129629,0.23581985086234492,0.04309645296375377,0.4550188204361126,1.0,0.20772554070705163
24,288,0.4553893293868447,0.6089410456663932,0.18621525472770153,0.3675469898722981,0.5218484309422757,0.04579836264136774,0.166442643352133,0.02522128672548184,0.6765718897482819,1.0,0.8994303122933676,0.12962045675896625,0.2666396021992015,-0.04967041782054647,0.6765718897482819,1.0,0.7153634299391849,0.061916760258048965,0.21445237521066154,0.11104801286262427,0.6765718897482819,1.0,0.8640355487876357
25,300,0.06250215213361958,0.21001800281148938,0.15737245454670076,0.34003473289203673,-0.08660555346427652,0.08480476256395682,0.22680819014932999,0.08007201141671862,0.3995149000048096,0.0,-0.3568294797698779,0.20578126466147154,0.3520599439568053,-0.020578226162604102,0.3995149000048096,0.0,-2.292386864080203,0.08833839331124534,0.2414426676384104,0.12320056524999339,0.3995149000048096,0.0,-0.41336562495307394
26,312,0.152019528577806,0.2827340928736005,0.2147598318148826,0.3783777935947781,0.13011139806363906,0.03630915040310047,0.14912321898811795,0.4957682869625993,0.6469290318661459,1.0,0.7611546967499188,0.04288216192053059,0.16086415368999288,0.26102402162803107,0.6469290318661459,1.0,0.7179167550267542,0.03867970971918457,0.15428369550332702,0.31891618396190996,0.6469290318661459,1.0,0.7455609152255219
27,324,0.09795335921253663,0.2603982954143262,0.5025396744547919,0.5975368933945806,-0.2526304641776367,0.06747578905492913,0.2196341234135771,0.5603289319877347,0.4135667591973299,1.0,0.31114369535278597,0.09656551626139136,0.25587152277313646,0.3017548510738532,0.37405288284439375,1.0,0.01416840588523327,0.06915624181704387,0.22067983162693683,0.3395539714211374,0.4135667591973299,1.0,0.2939880533653729
28,336,0.245904824031321,0.36588875556554196,0.07959447390804693,0.21775338524480736,0.5231568517125353,0.04896223021293352,0.16327253062496525,0.6599911676240163,0.6309757650510311,1.0,0.8008895091594577,0.037897592846630225,0.1394858504255115,0.4690333252763447,0.6358872765928405,1.0,0.8458851183748912,0.03829160309866007,0.13966390369743273,0.4757654242279063,0.6358872765928405,1.0,0.8442828307679606
29,348,0.17446396869297753,0.3044568196921619,0.13006909583167664,0.30876763570109533,0.20460185410615644,0.03462879832282856,0.15739589931459966,0.704298632185575,0.6977800838056926,1.0,0.8015131801583141,0.04264933221616616,0.1551777684657484,0.5095504512898078,0.48524821410522617,1.0,0.7555407426778153,0.019351486404476988,0.10300873126106108,0.4879843529394149,0.5419423759449815,1.0,0.8890803267319235
30,360,0.38545747440078265,0.4907816080148488,0.3459421019985888,0.477091904445035,0.15213352552766116,0.0530638405054998,0.15359469663464054,0.763988944589918,0.6661676551419036,1.0,0.8623354221163027,0.053647663048984266,0.15555473512043838,0.5746409720432555,0.6661676551419036,1.0,0.8608207996682828,0.05243103910255392,0.15379689228485685,0.5356116850546635,0.6661676551419036,1.0,0.8639771113945547
31,372,0.1394485767528385,0.31986819874703953,0.16350602234985484,0.33077666343418716,0.12814745010948592,0.18754496806426027,0.4045088776672798,0.6628983296155171,0.4069716886743587,0.0,-0.34490413908396356,0.17367246706078285,0.3831036074996501,0.5168427431372832,0.4393945860345875,0.0,-0.24542301617465379,0.1717747215807488,0.38084008504488304,0.47753048998053976,0.4393945860345875,0.0,-0.23181408932703418
32,384,0.29684020099765523,0.42320433990370904,0.10441237408563508,0.2627798861494879,0.5842036459527982,0.12360073231122604,0.2585295287848641,0.7244909973837874,0.4707073946140521,1.0,0.5836118831081024,0.12408249271779738,0.26009572907683653,0.582543910310653,0.4707073946140521,1.0,0.5819889209724072,0.10896605754783407,0.24474299590374815,0.5033543232601021,0.470707394614052,1.0,0.6329134086905742
33,396,0.16999647609578927,0.3605674914697697,0.2923597634426525,0.4378706693212622,0.06368880894678072,0.07632791410102709,0.2298574352168068,0.6561660134475578,0.45636019721678356,1.0,0.5510029628024878,0.07628767253514655,0.23036184348477032,0.5407591882467326,0.45636019721678356,1.0,0.5512396828028356,0.07644991768488214,0.23207865729154983,0.46422561954345964,0.45636019721678356,1.0,0.5502852797854216
34,408,0.30525948991289437,0.428734200449761,0.20801851002116564,0.3806531799325568,0.4302899478856954,0.14666805337042946,0.321793944911261,0.76495712946547,0.5043532217389555,1.0,0.5195299140010976,0.12102651463632774,0.28046931573711636,0.604286978393753,0.5069960073807829,1.0,0.6035290674472967,0.11650444219452498,0.26113050795490744,0.5136342653379882,0.5103907861315505,1.0,0.6183429310329731
35,420,0.18909457773414115,0.3832855568278482,0.305496567432509,0.45914150013558536,-0.3330162490323218,0.05630895105896474,0.2041567903557943,0.7669478588561791,0.6029534036913431,1.0,0.7022180554635855,0.055431706238665085,0.2017174514582134,0.5913891021297284,0.6029534036913431,1.0,0.7068572409484968,0.056166069521025284,0.20266746284634296,0.4875336217345856,0.6029534036913431,1.0,0.7029736643216054
36,432,0.247010508935794,0.39711661213898886,0.07765486483315744,0.22739839179924695,0.29343175714772085,0.046384347015857724,0.18760194627740703,0.8085270991667575,0.7141939352210999,1.0,0.8122171108601921,0.04849018127955462,0.17854646480963365,0.6379436889349471,0.6914287706483551,1.0,0.8036918287870951,0.05027849179387297,0.1808299260097939,0.5387314052147558,0.6914287706483551,1.0,0.7964520132746985
37,444,0.20562503990813516,0.4022576842177495,0.3375202315138832,0.4754655748926074,-0.1409862880338852,0.22489530379322242,0.42012862601547213,0.7745509040591081,0.387244512440633,0.0,-0.09371555085750471,0.0462819574697917,0.18620919603076083,0.5949629029931056,0.6269160170169744,1.0,0.7749206152593644,0.10833990183112963,0.2781020631725528,0.5031558519885255,0.4960249137741001,1.0,0.4731191207085895
38,456,0.2180000533010955,0.3652997880467437,0.07963447949202221,0.22450819784459095,0.3934417346178248,0.060547496022229697,0.20790030525722636,0.773549318680281,0.6644823542741578,1.0,0.7222592604663118,0.03465578122688378,0.14732590299239198,0.6219317713915387,0.5156321404165136,1.0,0.8410285653507699,0.05857906035408342,0.20394772179576445,0.523806092829777,0.6644823542741578,1.0,0.7312887796721055
39,468,0.1826593770855396,0.3789416165289868,0.44158544905606356,0.5607277307144168,-0.16616381196342928,0.08275781338068687,0.24220039810737046,0.7133967493230049,0.46451913734644334,1.0,0.5469281966185,0.0626945849630843,0.20969781056877188,0.5596505687705561,0.46414524577653193,1.0,0.6567677719949501,0.12501799323183174,0.31005379871563293,0.47284805748289827,0.43889904797570134,1.0,0.3155676142852185
40,480,0.17263195550627772,0.34061394477597523,0.2684343149532102,0.4415727079290847,0.05188585888957038,0.023520342321012532,0.11623119279706558,0.7551173149946391,0.5466801386363933,1.0,0.8637544117945346,0.023862665919797455,0.11709014626988845,0.5854700652810042,0.5466801386363933,1.0,0.861771444053823,0.05590292401734733,0.20297042351187367,0.5096782937872889,0.6668101159370465,1.0,0.6761727928447498
41,492,0.27073241511628293,0.4461256302179843,0.1237335595677325,0.2921999184453247,0.2612929021758129,0.0787457817523093,0.22537441038139594,0.7071441285471349,0.419749681849588,1.0,0.7091379629643277,0.08439059047666242,0.23718358029096034,0.554669906197435,0.419749681849588,1.0,0.6882878230875471,0.23152499574490779,0.44609766884861574,0.46824950871489823,0.2688776565361811,1.0,0.14481981906206198
42,504,0.17946805517953826,0.3406130083660872,0.09139068357195042,0.26243941271671495,0.4611433715716329,0.025809770635131526,0.11921572678039509,0.7516260232312655,0.5536964639434101,1.0,0.8561873832682275,0.04821454528747562,0.18087745911961595,0.5635196108043625,0.521361769323043,1.0,0.7313474799777475,0.0466930355047081,0.1786276726136876,0.5098390119221399,0.6762802432959989,1.0,0.7398253663695369
43,516,0.2100863678767604,0.3921743470825951,0.29225427295832646,0.451891220792304,-0.05944694489827666,0.09906460220693253,0.2831136791163818,0.7194294485815966,0.42352162927540943,1.0,0.528457732845164,0.02691575540940738,0.12555136266620456,0.5376183081881679,0.5899452760713754,1.0,0.8718824277775294,0.0528191038178135,0.1993863711419448,0.481379914917955,0.43139403622979333,1.0,0.7485838593354238
44,528,0.14265218999490617,0.30928630738333135,0.06836748205071576,0.2319525093359711,0.7154229182343567,0.03490815052485949,0.14764693442631682,0.7471287324086496,0.5569581264419481,1.0,0.7552918709056904,0.04276501209482394,0.16201987544369742,0.5467249174633639,0.5639096234929762,1.0,0.7002148225249749,0.10311409919084841,0.2884533326398373,0.48526927415635235,0.682912485262203,1.0,0.2771642749085702
45,540,0.1701175814275692,0.3580543628446378,0.33441914531936545,0.4950850604578912,-0.2421804492857212,0.07884340953373188,0.2386926642732623,0.7257714387479554,0.45110114788553235,1.0,0.5365357955826513,0.04490067047374772,0.17089322718415814,0.5233633152565853,0.5533382659176225,1.0,0.7360609638524338,0.05298684654460584,0.1909774802450507,0.4496433022762045,0.45870410743426,1.0,0.6885280986247386
46,552,0.14076418888728837,0.27780617581193695,0.1454775396875899,0.3342703740240598,0.32560358124170363,0.06536120752265673,0.17316947529527704,0.7494672926838154,0.5990654872058008,1.0,0.5356687802535327,0.05427672595588196,0.18195679479424595,0.5452457105743969,0.6477662098592317,1.0,0.614413819417224,0.04595623679152434,0.15407005097021256,0.46930819387827716,0.6386845414369668,1.0,0.6735232365930651
47,564,0.16760991628521674,0.3630497494392544,0.8536798284964272,0.7791614443132757,-0.5315521021840296,0.0940378119618648,0.24120725222953263,0.7360042671376563,0.38355358815183316,1.0,0.4389483984835152,0.056680862377811315,0.18805437538536415,0.5308720790046189,0.5130441457595629,1.0,0.661828705400943,0.11677925137440297,0.2780069759624652,0.4410995642057083,0.27742795777284,1.0,0.30326764691127683
48,576,0.10397461393768974,0.23669025272059444,0.12899134700061488,0.29287556167810963,0.10037967890627919,0.04348416864753285,0.15865754089435416,0.7852370015224039,0.5296087689493657,1.0,0.5817809078512934,0.05562214283577147,0.17029244744861283,0.6023955947065412,0.5470283584551318,1.0,0.4650411217770436,0.08728421640423033,0.23276903994769835,0.48598707578110273,0.5426301989558693,1.0,0.16052377500013315
49,588,0.24205510038820444,0.43200851712140004,0.35784202309011565,0.5518168625739942,0.04542971250072549,0.12276088034206366,0.2910500153532665,0.7722573963151734,0.4485409459679216,1.0,0.4928391091731529,0.09882022678171036,0.23090035421586316,0.5966399107348435,0.5197855985801321,1.0,0.5917449100505466,0.10080464090396889,0.23541536856615228,0.47853953073285077,0.5197855985801321,1.0,0.5835467183203333
50,600,0.10914214941920021,0.24542610974726595,0.24945547257390832,0.42243792832977495,-0.18737675614059895,0.11404712052294862,0.23276844393106008,0.7843031722486417,0.4183266457974771,0.0,-0.04494112613550505,0.11596172827310573,0.23463671502995212,0.642567367553921,0.4183266457974771,0.0,-0.06248345749278261,0.11662362972842792,0.2357860309335619,0.5023441071242416,0.4183266457974771,0.0,-0.06854803894774286
51,612,0.6125118887382414,0.6689573424536945,1.1526582870617366,0.91734001360819,-0.30174747673062424,0.42833857208818554,0.5500127550480474,0.7510716006303157,0.3436217493789301,1.0,0.3006852928674545,0.4151446264453638,0.5212005784858643,0.625114513552994,0.35817200300754315,1.0,0.3222260105015251,0.4016011557275632,0.5138235396433256,0.4870553453486024,0.35817200300754315,1.0,0.34433737024296585
52,624,0.26010299367206197,0.38389789000289837,0.30497390916333084,0.43079617466264214,-0.10330194418477674,0.6157839235935613,0.6541146957857525,0.7680423524790209,-0.11960620087853782,0.0,-1.3674618846176836,0.36541230478521297,0.48161259687126695,0.5944311708590221,0.11851177848115305,0.0,-0.40487542886924643,0.3339388430393037,0.45655671062598363,0.47605369051702695,0.11851177848115305,0.0,-0.28387158611612917
53,636,0.33464229775665827,0.47100968024837125,0.5272731832281755,0.569430154699779,-0.3524715622333828,0.3592998803251612,0.4626809296170195,0.7326268265777818,0.19099849673622302,0.0,-0.07368340085458414,0.22061562368703824,0.36172824924551056,0.560209881514709,0.45281655185567454,1.0,0.34074196488017416,0.24605833466141425,0.3830641297070256,0.48553809384890945,0.29541560969664493,1.0,0.2647123919752057
54,648,0.3483642315538047,0.5049907602562084,0.7880123305540855,0.7847148060636148,-0.37309739544547343,0.54943106270813,0.6473537965469841,0.7357505215721141,-0.07041504799257012,0.0,-0.5771741555024448,0.4310793221150955,0.5727336163119675,0.5236727730729014,0.08527854097047491,0.0,-0.2374385286123024,0.3542804357993423,0.5067937294641073,0.46486035304127116,0.11827517233495025,0.0,-0.01698281198144147
55,660,0.5974658969637842,0.6879582172841486,0.8632317853022923,0.8348727327354588,-0.1704524970208778,0.4939886399617875,0.630226835059297,0.7178851353741023,0.20354508294405677,1.0,0.17319357896048926,0.41357446105877926,0.5559288043254679,0.4953769104380231,0.2380672384229577,1.0,0.3077856608042544,0.3770060324377973,0.54794568615712,0.4538807486565101,0.4066110776209733,1.0,0.36899154520170074
56,672,0.26613089523869027,0.4366348381676109,0.4123346814837488,0.4960227964823894,-0.08446789845450789,0.4085575761458211,0.5585352868567682,0.7435504872297398,-0.04979279659096354,0.0,-0.5351752970258854,0.45907615007304886,0.6147066403837602,0.5040955379898043,-0.09998539911106936,0.0,-0.7250013368846477,0.4659204125560315,0.6223257688019549,0.46426952502665203,-0.09998539911106938,0.0,-0.7507189916381258
57,684,0.7199322204032788,0.7938405975591674,0.9307397987893685,0.8962445214115928,-0.27395387942763083,0.5212690319422592,0.6744526682241986,0.742628974677862,0.37722200365252434,1.0,0.2759470722809656,0.4333051354081347,0.6172655969082652,0.5056724847831091,0.46890693575233905,1.0,0.3981306529586721,0.4302471467505948,0.6166199277929639,0.46956186476357137,0.46890693575233905,1.0,0.402378259290039
58,696,0.22779031888287218,0.38725259043176957,0.0905124045589059,0.229182057431192,0.41718173501604416,0.04134261396636047,0.1543503872765969,0.5859333639739078,0.6938936528663862,1.0,0.8185058339216844,0.05041411119213699,0.17996974120207257,0.4162870304048608,0.6973630124549862,1.0,0.7786819411844298,0.048829553019300476,0.18884552666545487,0.43132515784692826,0.7356777494964615,1.0,0.7856381550420138
59,708,0.1119872741311554,0.2598075442576462,0.1437364315661145,0.31433569755472135,-0.025416111826052794,0.09385821604110801,0.2597386799975879,0.6030418576149146,0.3970448190175755,1.0,0.1618849840814529,0.1402449171573483,0.3330506420820723,0.43029920118644327,0.29819471979174017,0.0,-0.25232905475579814,0.10355280026553541,0.2763174886475182,0.4260386168363507,0.3970448190175755,1.0,0.07531636010482623
60,720,0.2985372683900333,0.44693740840895235,0.14216782600098835,0.3075433234025921,0.2961308639403633,0.023259132844666523,0.10652936095578665,0.5185354816138004,0.7934052723573097,1.0,0.9220896842457911,0.024686654364432337,0.1108535521830325,0.3883654924615748,0.7934052723573097,1.0,0.9173079646050097,0.023263575108803006,0.11751462752980696,0.37644526308349635,0.7783711724726142,1.0,0.9220748041466984
61,732,0.0924640590952735,0.258031617179584,0.16366013832492374,0.3231396559604619,0.01615162136140742,0.031284306791702125,0.13164503742308434,0.6701412538276754,0.4947022123949726,1.0,0.6616598157402189,0.061351385493531106,0.2251455338613103,0.49464533210740297,0.6482143325595253,1.0,0.3364839690812663,0.05186373646525174,0.18880984688518002,0.45895284867187175,0.5740197485704299,1.0,0.43909301654373434
62,744,0.15703195619706112,0.31155665888223666,0.016674150907279337,0.1012681751228186,0.5064717728708972,0.06157624434205968,0.19336603670739871,0.6437308990733684,0.7599118051313996,1.0,0.6078744363039904,0.026803731466156194,0.1211693131480297,0.501209575323071,0.5846640583829055,1.0,0.8293103383841192,0.026967428294931834,0.11372376591417599,0.4695583697595282,0.8020801364286767,1.0,0.8282678956053371
63,756,0.08900479889700715,0.25230436280117896,0.024147346366721573,0.12587574332528254,0.5018174042415008,0.0808704456249787,0.2559288824268462,0.6828497355079933,0.6238382679656104,1.0,0.09139229988532627,0.0707442395854865,0.24202635547250714,0.5393708363756452,0.665710190621258,1.0,0.20516376125573899,0.13013377320828656,0.33090983608756014,0.48899883927951926,0.6663354867332671,0.0,-0.46209839043479284
64,768,0.16067669098309825,0.32047162059282636,0.23086378996526233,0.4160874505179743,-0.2098250370129254,0.010433736542342392,0.08047660353847352,0.6256788578501806,0.8601677266945682,1.0,0.9350637825654504,0.006929441998700231,0.07051657749601879,0.5214655058612665,0.8637573982990594,1.0,0.9568733837104653,0.007053827167096416,0.07064658853752244,0.49064963347800045,0.9026675532471827,1.0,0.9560992504641609
65,780,0.12602757353360602,0.30721098982665845,0.27945596509062104,0.4298005834876523,-0.2300420231274117,0.013023207255891069,0.0851811571190267,0.8022878540613523,0.8094402858628771,1.0,0.8966638260918485,0.014235220354058704,0.09473949985780923,0.6277252418438444,0.7942960292040258,1.0,0.8870467790902695,0.014664757271078183,0.09443554434239863,0.5719753250564065,0.8105224169278614,1.0,0.883638501798436
66,792,0.11614181900647406,0.2762164845392475,0.06714552167193609,0.2148874748152342,0.38375718316451335,0.011789768760065539,0.07322102575350063,0.8964054894368501,0.9307154362434907,1.0,0.8984881685088095,0.01206262189618737,0.07402380345780628,0.6953600940081544,0.9307154362434907,1.0,0.8961388585147356,0.012018158010266478,0.07386687388709269,0.5980033413422865,0.9307154362434907,1.0,0.8965216998228989
67,804,0.1610324217273357,0.33447662861846544,0.47170808244904494,0.5565908275155671,-0.7450092826123484,0.0265855419569288,0.13778289727058907,0.8789628229716854,0.8756853886803654,1.0,0.8349056564401414,0.02307611824923723,0.12554391293330136,0.6788387117390178,0.8656679992297244,1.0,0.8566989305525672,0.026645881365586575,0.13778508834257247,0.5842919359654859,0.8756853886803654,1.0,0.8345309529611119
68,816,0.09696863422116754,0.2607938891461514,0.04764719472957838,0.17079178317740973,0.3058784829873873,0.020792022760892894,0.10759375642570379,0.930090380091667,0.9024603530937793,1.0,0.7855799153211735,0.021647813187860007,0.11039409767736913,0.7120307412796796,0.7992799395625994,1.0,0.7767544798198833,0.03681420257733741,0.1512256255885229,0.6195944725324795,0.888045031111116,1.0,0.6203493751044176
69,828,0.14794841966416458,0.32145973882899487,0.08065941663887556,0.23446929306293143,0.193122851638844,0.018046990478383186,0.1015564250650119,0.9175088803013413,0.9058533146023213,1.0,0.8780183626202366,0.021165135348172676,0.11055175805692946,0.7030453339649525,0.8630206421851769,1.0,0.8569424709218493,0.020974310746018774,0.11020000188633355,0.5869756881595135,0.8630206421851769,1.0,0.8582322758591853
70,840,0.11061149452326141,0.2623809495529652,0.08967975968005816,0.2390716031826937,0.12429381670041476,0.011576197870342498,0.07837378820626623,0.9411509941836279,0.9245186560985967,1.0,0.8953436266254585,0.03706706720226301,0.1498397321489173,0.7118000014060039,0.6390728828430667,1.0,0.6648895545438285,0.030129966991944996,0.13781699703785352,0.5693636554778172,0.6366181150272536,1.0,0.7276054616040948
71,852,0.12378554220999816,0.30069963451511045,0.03164291766853205,0.1397404389408251,0.7458873051424393,0.012655219633877118,0.08472218650982495,0.933728367439206,0.9204069916747368,1.0,0.8977649618207597,0.03375414071367459,0.15075957515613916,0.6872402118727166,0.8189614728827767,1.0,0.7273175840162999,0.03437334541258541,0.15446559821583575,0.5555769399130482,0.8153609590684752,1.0,0.7223153463732288
72,864,0.1633624267330677,0.311765759553225,0.511119979976132,0.5776798927619929,-0.6925749518117512,0.07162831750342437,0.21075318374072402,0.9617772945314782,0.6538576355496839,1.0,0.5615373808050477,0.09531191250603936,0.2290554892894768,0.7159025612780685,0.5214848116780024,1.0,0.4165616022478784,0.07963775841919683,0.2362624537970892,0.5639971655164947,0.6557474428405171,1.0,0.5125087205681389
73,876,0.10637860893122568,0.2643519071431868,0.11046785730786483,0.2781725768650491,0.038489209310485675,0.11132657777591648,0.30155496474501126,0.9488140090285334,0.4569445586816993,0.0,-0.046512817702755394,0.19420585638245128,0.3784007919768693,0.7107996221240911,0.2813358322547472,0.0,-0.8256100388378491,0.09087252439023853,0.2793898656160237,0.5570305711277139,0.5169224887156909,1.0,0.1457631820605204
74,888,0.17836428644944577,0.32856678460212646,0.07512960408798862,0.21860397265922993,0.4489300763277974,0.060508106526893944,0.18143250032634803,0.9440198512192083,0.7513190616080117,1.0,0.6607610877077463,0.10849478156612853,0.24555042419045495,0.6766212071933835,0.5275306619027899,1.0,0.39172362513905223,0.060187452816456856,0.1810424221550604,0.5327974020186066,0.7513190616080117,1.0,0.6625588338643345
75,900,0.14743894521291712,0.3358770964923294,0.15213248435545904,0.3363159316071364,-0.08473789501314716,0.03711315472250807,0.14504786381379975,0.939280826869406,0.8253870531335498,1.0,0.7482811975566372,0.04085339394933154,0.15083814439113877,0.6702870662804036,0.8239010354731533,1.0,0.7229131428583201,0.06565188449960215,0.20000623022568367,0.5429172323454339,0.7785864679537786,1.0,0.5547181621192825
76,912,0.15860766968690931,0.3228363917070641,0.23432550817069928,0.3978001491405238,-0.0765330392607911,0.05450092547144177,0.1746529490606449,0.9339663756314529,0.7233182480483744,1.0,0.6563790037453655,0.05139739304541424,0.17050412913598123,0.6987065069363537,0.6065729521428578,1.0,0.6759463577841323,0.02299524018449828,0.11857967166054802,0.5546691650287652,0.8230364098549998,1.0,0.8550181070695335
77,924,0.14195092559224015,0.325599977391533,0.23755688463809843,0.417408319362573,-0.3543132666112541,0.09386089979656193,0.24600273064229952,0.9272835031292372,0.6597601112611489,1.0,0.3387792337037575,0.07509393813298497,0.23355124329749696,0.6618084412198975,0.6954536185659996,1.0,0.47098662569700056,0.07306798550793624,0.22800672437776912,0.546236914198656,0.7071240782194742,1.0,0.48525883009860027
78,936,0.25725484157803935,0.38961030588615553,0.222328678651207,0.3669665969750455,0.25056153218845933,0.14235181177496775,0.32922267808263245,0.9397658557816554,0.5938537243350108,1.0,0.4466506017855266,0.10349196561762393,0.282511537999539,0.6046106959716694,0.6134355776346915,1.0,0.5977064416638813,0.18130234286183974,0.38027596849452744,0.5097719460456692,0.40895899030466065,1.0,0.29524225180873453
79,948,0.22395431494423831,0.407005762559905,0.1488232912750292,0.32835729187713875,0.1665448524094246,0.02357199352179487,0.12444040666124145,0.932123596000421,0.9007961067011795,1.0,0.8947464194754899,0.03279432108528393,0.1374570621131341,0.5949381488263914,0.8680934788101075,1.0,0.8535669156745237,0.031069883219772162,0.1346764660429891,0.5080266110327274,0.8388517089927324,1.0,0.8612668694170588
80,960,0.15414177656785008,0.3390277727580295,0.40036278986057416,0.5205773554911692,-0.24570424733842042,0.020747248378648307,0.1175349316770411,0.9467461577825768,0.7634949713748278,1.0,0.8654015229316123,0.028526472013970877,0.14113872201418803,0.6120337892723993,0.6903410280306096,1.0,0.8149335459267002,0.024249627060099397,0.11787593037317105,0.4860138313644417,0.6617254600826348,1.0,0.8426797225252869
81,972,0.30606128498230034,0.4676630027598958,0.1517783460463226,0.338057844158711,0.32911507661278844,0.04109166152583961,0.17051340577044893,0.9429099014391001,0.9144763429995459,1.0,0.8657404136291986,0.07710915303594203,0.23531466140697957,0.6069282735114563,0.8479705852079285,1.0,0.7480597618205737,0.0678647249681963,0.2166231939398724,0.4885709116875841,0.8750155295339784,1.0,0.7782642617731905
82,984,0.17495478129699815,0.36432152097979936,0.15857962217525948,0.3438736048089246,0.11881567568284361,0.04854705358861431,0.18494621898612232,0.9613276322182159,0.768577940382672,1.0,0.7225165655450008,0.06318882752332673,0.21353892817949824,0.6206664746050191,0.7045435524347232,1.0,0.6388276613254757,0.03791125858757969,0.1680675192112191,0.507058360659306,0.685506138445296,1.0,0.7833082450989285
83,996,0.2587939679824823,0.42972424295679845,0.5834357666883759,0.6427244005050969,-0.557170585706015,0.04671549783110468,0.18550303876904142,0.956485501910171,0.8640446991661334,1.0,0.8194876866903372,0.06509888786100165,0.22349084105477166,0.6338828623504645,0.6746966550889298,1.0,0.7484528392662994,0.065458876550419,0.21526344241995324,0.5044308353167695,0.7280288415365737,1.0,0.7470618150000703
84,1008,0.16228800356771178,0.3473298524819132,0.21040093291990888,0.39875773835098943,-0.16015096099721812,0.053649446379059225,0.20981862459603695,0.9660742554058667,0.6846369178521385,1.0,0.6694182860122809,0.07266544425890774,0.21685379235125132,0.6576071246791653,0.7394983347048252,1.0,0.5522438956580707,0.08742779205593938,0.25856107992368954,0.5421689921572861,0.7667359202172184,1.0,0.46128000755483023
85,1020,0.18428907288651694,0.3609649237206422,0.3762365769702633,0.5168616487846945,-0.3569114483467993,0.04144891784291855,0.17458447816173486,0.961196550276464,0.8465718874384128,1.0,0.7750874905728008,0.053072250851367596,0.18842528662822086,0.6355422879162461,0.8368198012972343,1.0,0.7120162903850036,0.017267366091577415,0.11700501115866002,0.5135065300715242,0.7979879016382823,1.0,0.9063028218595985
86,1032,0.29811564788738837,0.4427761915208646,0.5334274355200362,0.5928672987020739,-0.12898243911336435,0.18389705618253518,0.36495322528338053,0.9461907062936155,0.5143195593479741,1.0,0.3831351776207288,0.12120917787352907,0.2830711875854511,0.5804251350070835,0.5222203237526384,1.0,0.5934155797171867,0.1081234141410475,0.2348989814956146,0.5027414825730712,0.71905800716154,1.0,0.6373105038018986
87,1044,0.24156649675030875,0.4125342990978371,0.20102729268179678,0.3812584948670073,0.03988925876441909,0.11217793219773164,0.2784737055889939,0.9245644923064391,0.7015241743842944,1.0,0.5356229704581819,0.11175364153959728,0.27393926399345897,0.6111875753687359,0.5910737345582311,1.0,0.5373793839668519,0.1718411414677706,0.2950142048445192,0.5138439117578792,0.42783313838567383,1.0,0.28863835101524293
88,1056,0.2087214104051669,0.3690677951036358,0.3068763560664387,0.44705929625319296,-0.1316591207891257,0.0937275523748247,0.25235513151971056,0.9158035083565551,0.5692252183803487,1.0,0.5509442361812227,0.12020130434983055,0.29869184112892466,0.600716924956843,0.4699330117386656,1.0,0.42410649623104035,0.16019514455488248,0.337745598644628,0.5200142762345776,0.4997846004002987,1.0,0.23249299511768318
89,1068,0.30586770241663563,0.47220026882471,0.5870301775370314,0.6560632990199564,-0.3685133109090578,0.14978999327173048,0.3065181309422033,0.9294938395936974,0.6090063565198156,1.0,0.510278489398351,0.18366105078551087,0.3574189572223542,0.6260413921365849,0.5081938604796989,1.0,0.39954088210549865,0.16838402534394922,0.3571967717471538,0.5308764533579631,0.49180035207214967,1.0,0.44948739597688525
90,1080,0.21563116072878788,0.38783931468292404,0.32698432652309783,0.4936408071006519,-0.15404815326150662,0.2627632772745884,0.3780037836889088,0.924322660291734,0.21295755316857198,0.0,-0.2185774838223935,0.3365372183033957,0.4447661227896396,0.6516635848683456,0.07412517057412996,0.0,-0.5607077250151178,0.2990075231586284,0.4138770446516486,0.5420286818671929,0.13868714244770788,0.0,-0.38666193767193
91,1092,0.38958920827693877,0.5411610945505658,0.1791091648725739,0.3542326767163835,0.2552041751905897,0.1327216389784929,0.28948877027857817,0.9147410058245766,0.7344889662381201,1.0,0.6593292725804972,0.2080240774391394,0.3426970293268727,0.6252809829540837,0.49074606519644204,1.0,0.4660425057480908,0.264629538616529,0.40532024768101244,0.5348616993516501,0.4760623200130568,1.0,0.3207472563551669
92,1104,0.24032479562199852,0.41863972586806364,0.33138596019163524,0.4936813809555581,-0.0024219612713217873,0.25814604430719085,0.38624154277412837,0.9265245515566027,0.20170134749335053,0.0,-0.07415484798007688,0.458262440116119,0.5818389990540895,0.660101994690433,0.026717721897868606,0.0,-0.9068462699825186,0.44032526058402954,0.5728322747084021,0.5778277954875886,-0.015688984842175308,0.0,-0.8322090296359068
93,1116,0.4334308481422169,0.5800663631308788,0.6477475404054907,0.725243144749239,-0.11028053311699257,0.17631790788759938,0.298170098980306,0.9292424612162591,0.7486102376432455,1.0,0.5932040632471408,0.2031551275451354,0.3347718092603998,0.6441571373757194,0.6730028368690633,1.0,0.5312859515747335,0.19716325211209892,0.3340384888703374,0.5834631235090151,0.6838230698804234,1.0,0.545110245481637
94,1128,0.40219314347112767,0.5168546722181363,0.3769665507019728,0.5374211147967833,0.1894149846670607,0.2124967084906829,0.40979358534217664,0.7405551011332895,0.4936033375043521,1.0,0.4716550693611279,0.22428928531465367,0.424464072730436,0.5585843936652592,0.4869549939734011,1.0,0.44233438845096873,0.11765333805458889,0.311265678471075,0.534442209248187,0.693336033021667,1.0,0.707470552483362
95,1140,0.22123530680170744,0.3459325745757989,0.4853418937477986,0.6424672568071162,-0.092570379273848,0.2866114406455029,0.4960737273823797,0.7529630473994487,0.23778809361547198,0.0,-0.2955049751728458,0.29321459857458754,0.5055462756125446,0.5314262554830156,0.1964441580392244,0.0,-0.32535173889489033,0.28802761669353344,0.4765014548224437,0.507268798222382,0.13989293839139155,0.0,-0.30190619597482127
96,1152,0.2595335353121431,0.382318025888923,0.17797585683763498,0.36073018240718224,0.19600249465981617,0.0648049980608741,0.20231834119492295,0.7182586525616892,0.5270053794005695,1.0,0.7503020255824258,0.03571406201221634,0.1482094075641362,0.5465807319971386,0.7166942433869878,1.0,0.8623913400275508,0.31376355880334655,0.4953008079674958,0.5230035138958401,0.25829447433973984,0.0,-0.20895189296435435
97,1164,0.21831817874482753,0.3590006273318947,0.31128192319016496,0.49050038521261335,0.07923715893270153,0.16378672195934563,0.36416133791704247,0.7501480883781679,0.4348068124551097,1.0,0.24977973478433424,0.29538066438626553,0.5106621754770951,0.5482533146372474,0.3565796696363158,0.0,-0.35298245013077634,0.4865501258554528,0.6575261523139072,0.5245570147393943,0.20674217018216606,0.0,-1.2286285487207982
98,1176,0.21077789953823722,0.3783544532285073,0.12823992521626867,0.27172150106364473,0.46475296505081987,0.21042284875361505,0.33076196170617994,0.6588494139818236,0.4038668143146431,1.0,0.001684478237044762,0.11039346724242953,0.21305414890681665,0.5355237798682354,0.5619983501162791,1.0,0.47625691552921534,0.09335679001558916,0.21561940753459588,0.4806818499153939,0.5225978529414974,1.0,0.5570845415002662
99,1188,0.5143771613287025,0.6089204309285657,0.4444271741684778,0.5543606405347539,0.07896447644977642,0.16948419233130607,0.28965226579169207,0.6868834859726178,0.5742634086700569,1.0,0.6705059923471202,0.12849953541820827,0.25598347932236887,0.5661297347287284,0.6899946912514221,1.0,0.7501842129104694,0.11505201150155801,0.26057239068114363,0.5130587913184972,0.7175308251714271,1.0,0.7763275274423852
100,1200,0.3133689827358384,0.4716107833649117,0.35767235727555374,0.5139853818420163,-0.03234575406069632,0.6594970496369169,0.6071466919915031,0.7368914876083158,-0.06907893410461957,0.0,-1.104538374791404,0.28371998681649163,0.38991121485843444,0.5882585598864882,0.34358545660325046,1.0,0.09461369041855705,0.3075202127980285,0.41285262573680664,0.509912279001072,0.2721917837595691,1.0,0.018664163526165845
101,1212,0.7536794503108609,0.760838789629619,0.46034155525128134,0.5953327666606437,0.35852556204741337,0.6019271171823019,0.6239065000469806,0.8276217760799284,0.37598363470549045,1.0,0.2013486410780706,0.3779678319619168,0.4666200198661576,0.6744721142236798,0.7147565814294415,1.0,0.4985032007891139,0.36005696770325796,0.4631937027948599,0.5688061747850852,0.7345942588910768,1.0,0.5222677657527353
102,1224,0.3659049788319562,0.5081564225101886,0.42697704617561194,0.5593868962151016,0.02143784154055041,0.36524299666278165,0.4981161883942127,0.9285862071715236,0.3232433012260272,1.0,0.0018091641477188114,0.39812957286292994,0.5220092513756474,0.7198644344632816,0.2617053463348659,0.0,-0.08806820320904407,0.4519904634821346,0.5548036456799138,0.5974207763048394,0.20892140447593194,0.0,-0.23526732247530746
103,1236,0.8556449955379257,0.8183381675612903,1.1451950548495562,0.9490391228715298,-0.31861132822464333,0.42490554450819085,0.5795869250917133,0.9245799711049457,0.7443323405934565,1.0,0.5034090695042728,0.4699146286503118,0.6162158482366785,0.7027133427706487,0.6687771569331584,1.0,0.4508065481585777,0.3896122099362576,0.56066825825593,0.5903235456701819,0.7851564070201134,1.0,0.5446567069660511
104,1248,0.5344369380515274,0.6261269763401204,0.772486016837472,0.6915442998870057,-0.2885171417769846,0.5111438484078942,0.659949476000837,0.9578567896273167,0.2714894758909753,1.0,0.043584355768065186,0.6762581992590424,0.7714708572906067,0.7248091499450262,0.05141689676495927,0.0,-0.2653657543293564,0.635097724301084,0.747653224492398,0.6058123036717398,0.12131533759881685,0.0,-0.18834923090561428
105,1260,0.37738227043738637,0.5363818900123363,0.20340457516069432,0.3928150636309337,0.23451265118374737,0.08526648966188148,0.24426593745290973,0.9353933998324507,0.8294321130755404,1.0,0.7740580405034462,0.10806619688576465,0.2895336480057615,0.7130349325392517,0.7971581591889848,1.0,0.7136426235378894,0.09149133568770092,0.26004013059497133,0.6111392328063131,0.8104260406210283,1.0,0.7575632379823716
106,1272,0.3315219729872651,0.4459116228277844,0.03882906845217773,0.16032635843154694,0.8599195987383702,0.05744753970710079,0.18093432502634985,0.7638754902619259,0.668654380031232,1.0,0.8267157401681259,0.04077192949233382,0.15763503978939397,0.5990353490083443,0.6372297683858859,1.0,0.8770159059897366,0.05035915108795084,0.19213069976014083,0.5246943048268902,0.6465004098063375,1.0,0.848097094035196
107,1284,0.25686923614011703,0.449674642558753,0.31847589177014474,0.48414337261455015,-0.017770982753724684,0.06608212406556362,0.2100241522821568,0.8191310601919038,0.5245908052441606,1.0,0.7427402165453665,0.09508815378630936,0.2541975772221712,0.6647323091702414,0.6294063231013916,1.0,0.6298188322776003,0.0791872729783264,0.2272840976066907,0.542037382467012,0.6794283911834763,1.0,0.6917214604277044
108,1296,0.2521276353822921,0.38704770360527646,0.6091006383128392,0.6349841931281118,-0.3717952976740062,0.0801535547280231,0.21324760171535453,0.7790306897086441,0.49673341737579835,1.0,0.6820913558067955,0.09784245121377134,0.22858699102215937,0.6331528492386396,0.5020759446513097,1.0,0.6119328566842094,0.0839052993409518,0.21291634426064168,0.49729541553776374,0.5224911577036961,1.0,0.66721101709565
109,1308,0.3691357497422317,0.5494504469891406,0.2871880325985246,0.3530660728894433,0.5100643661657605,0.11030365139446134,0.2371793055865484,0.8265088117454233,0.38465501915513783,1.0,0.7011840455131029,0.08885320517341093,0.21093003877108005,0.6588692652220041,0.529618738034803,1.0,0.7592939582918823,0.13468956655841985,0.31033274044746534,0.540935319870181,0.6670114222878792,1.0,0.6351218578734954
110,1320,0.26310047288734645,0.37796152980839537,0.0959488158881854,0.2599370888825873,0.3326464632522418,0.14785707344478574,0.3004142783218507,0.7648490920559761,0.5710416606667902,1.0,0.4380204952801634,0.1028536601158514,0.21612010756293065,0.5860191050141358,0.5408958216212998,1.0,0.609070789622294,0.08069045376871649,0.19119165304660624,0.5156243499892266,0.6188479674323257,1.0,0.6933093548514211
111,1332,0.407524125563393,0.5688226992371017,0.6699761631861022,0.7163996567566692,0.0751954560116751,0.13154379630846558,0.2571921923513715,0.794686680777928,0.508655841527281,1.0,0.677212248166635,0.1551295195122268,0.3011741664801112,0.6173694708674984,0.6332485181924381,1.0,0.6193365992804384,0.08396167292092249,0.19178037376766213,0.5303933438172352,0.7441219605306967,1.0,0.7939712825471441
112,1344,0.30764885946221104,0.3945615731687431,0.33744710200939004,0.45162958363737005,-0.001021295884744755,0.24458478321926203,0.4481886030814421,0.7871692447344769,0.3713065717978772,1.0,0.20498719336450288,0.20570809480828556,0.40385232051875136,0.5968598267207266,0.5036161344341876,1.0,0.3313542745847462,0.09773722483912967,0.2630387523137758,0.5181739211754651,0.7686278845334694,1.0,0.6823091591823864
113,1356,0.2515404739026064,0.45798784772392437,0.3414575118148633,0.5074294408130978,-0.06986717189734556,0.13486911993820516,0.2842014243180208,0.9457806645572241,0.7511069584606362,1.0,0.4638273600835111,0.094728640502947,0.1975356536143779,0.693142213193355,0.7839486152035846,1.0,0.6234059710819149,0.10090389103375863,0.24118048655381505,0.5901097111606833,0.7825652419565045,1.0,0.5988562418275977
114,1368,0.37147382433639153,0.42833595184155,0.3416488946487439,0.45824466408246467,0.1357603796537215,0.28256419333462024,0.4979411599289556,0.9701927982580214,0.4653474816215436,1.0,0.23934292318066097,0.17191930053297164,0.35493481294617957,0.6896942211204806,0.5570377740369103,1.0,0.5371967302404368,0.15955837350079477,0.3583428445924733,0.601759394464217,0.6867217799475517,1.0,0.5704720950774038
115,1380,0.4294801909344468,0.4967211598921377,0.2564438156099333,0.3805408036770241,0.27041215028904964,0.8575756071712375,0.8873484346342426,0.9611228103480043,-0.11470105983449237,0.0,-0.9967756959997547,0.72432872082894,0.8172414041576906,0.6741129593784524,0.05812923998519798,0.0,-0.6865241659993047,0.7271917772353654,0.8120874611449441,0.5855960845360453,-0.06754872219180771,0.0,-0.6931904953594461
116,1392,0.4994254551221739,0.5856318381233284,0.5866260050206507,0.7004977805388662,0.03855155776867525,0.26853297394780934,0.5039109949593625,0.8916318726609411,0.5439708801132976,1.0,0.462316205163955,0.3561096919059065,0.5580996859032985,0.5823280388704412,0.4799453577334355,1.0,0.2869612706889524,0.3095108023631494,0.5277898556531095,0.5190066643898142,0.5161013323388278,1.0,0.3802662655882566
117,1404,0.1823483502086148,0.37578504739813084,0.09276348134764063,0.2539749494680189,0.19465399036128617,0.03454318641588592,0.145097714051622,0.8479938187224528,0.6333429784502459,1.0,0.8105648536092214,0.13385743411618697,0.31201709998930083,0.5802464207444075,0.7514002846474721,1.0,0.2659246219499767,0.08323480744562804,0.23762076311021985,0.5199198081190877,0.7641288062662501,1.0,0.5435395639697116
118,1416,0.17141147582918392,0.33982714094542654,0.22184013875120256,0.3986838195042364,0.24858565304843067,0.05025617859969486,0.18492550426904994,0.8417028013714006,0.590431630687974,1.0,0.7068097199642778,0.06083167388801528,0.19469312750037202,0.6146795897470192,0.5169003061380766,1.0,0.6451131781361263,0.023018941019875866,0.10997832546534263,0.5375471318942411,0.7554224369796748,1.0,0.8657094520158333
119,1428,0.2574018654229196,0.42893162000766005,0.054185269937074544,0.1774703069890529,0.5979243211620526,0.07605444004067463,0.23141826707726812,0.8277418537983687,0.7756947121385667,1.0,0.7045303462905572,0.09829339627744005,0.2655461415775189,0.6097714274200157,0.7548439954739059,1.0,0.6181325410523315,0.03882148406077024,0.1345673027565577,0.5334954857605996,0.7679731441833823,1.0,0.8491794766250614
120,1440,0.18935099728852886,0.3619503990856803,0.5564950311922144,0.5443769310432499,0.10170763050278146,0.23383430614310494,0.2813423854637915,0.8431769148513084,0.48720422586231865,0.0,-0.23492513634239476,0.1482283732745093,0.21985327840573157,0.6319706667352194,0.5279127527200039,1.0,0.21717669620381141,0.13367826725138007,0.22171601892535545,0.5467548034557124,0.529038984512567,1.0,0.2940186787203234
121,1452,0.5591489571199312,0.6150424575363488,0.4054667767821221,0.44275305234204226,0.30067682272057994,0.2880882982844181,0.359032896273749,0.8293879774310561,0.6701007187793554,1.0,0.4847736106523285,0.1697195730191375,0.28803120753390205,0.6380055560995233,0.7140877741410663,1.0,0.6964680504935028,0.1574176018862327,0.2876932251929071,0.5564900892611407,0.7254666328396564,1.0,0.7184692918018474
122,1464,0.30556836304151475,0.4619393430978375,0.3044518594349966,0.4059576115288317,0.08560773184660334,0.362413050707088,0.4501869148762068,0.9039452964193003,0.12533206756799037,0.0,-0.18602936213606092,0.24976199669557697,0.37457681162674455,0.7163979682798034,0.24530794055601782,1.0,0.1826313620639971,0.35107790435480685,0.4083745998238419,0.5726580254820742,0.09336066296108814,0.0,-0.14893407439273787
123,1476,0.8468610554060246,0.8064964807563918,0.8990225455128572,0.8224779774752813,-0.03803697068971551,0.6083658107329658,0.6373796932839388,0.894651411695237,0.4037475504735655,1.0,0.28162263827176837,0.422427122033441,0.523307200144418,0.7125436814348337,0.4597105179642858,1.0,0.5011848527726785,0.34837538900725296,0.47094359784726697,0.5944680678378895,0.5082353801065198,1.0,0.588627453366331
124,1488,0.24792459598121463,0.42891233956817176,0.2691695180070208,0.3884541655307294,0.3617900385912419,0.378611698691087,0.4728943814322881,0.9592863293769754,0.09282198406086484,0.0,-0.5271243951922164,0.16341637321212754,0.3174386781068628,0.7108897848467003,0.3708374811992726,1.0,0.3408626015286128,0.19757348665471694,0.35078286646144036,0.6096091181000285,0.40514082289490483,1.0,0.203090415967897
125,1500,0.6302928607882649,0.6976347151936397,0.6417475021806779,0.6815538875961581,-0.027487105299932,0.42692049907343455,0.5178877203282394,0.9529989161495422,0.49972773017835087,1.0,0.32266327982913556,0.24096179096802547,0.37473492087091814,0.688501378394614,0.6376011799829181,1.0,0.6176986826938342,0.07232855007918358,0.21371661213532941,0.6172917411743934,0.7880649318129207,1.0,0.8852461219555507
126,1512,0.3245450910148639,0.4911731799862575,0.273612896331294,0.4317663872129887,0.24971502024619877,0.44006588189581136,0.5284742644579924,0.9491471801987421,0.03293632481833372,0.0,-0.35594681318306165,0.1409084865804446,0.2861981270424545,0.6836595689566839,0.45338895788876654,1.0,0.56582770628322,0.1325280758975018,0.2716786150389591,0.5879059933008894,0.4900779152567347,1.0,0.5916497289079867
127,1524,0.2537436638180027,0.39019388819057993,0.42925198517659197,0.5211144488286296,-0.0675017692529479,0.2955830516910089,0.44162751753437207,0.9020004467179739,0.12187087156524012,0.0,-0.16488840447663544,0.4175184437804081,0.5721194332741392,0.6672873109055468,0.2376281655375138,0.0,-0.6454339686679731,0.4051616876254805,0.5601381532877531,0.5632615535195328,0.23265257099916611,0.0,-0.5967361766955577
128,1536,0.7806451304735303,0.762211422462309,1.1620364879540386,0.9650839237226635,-0.32145935882378895,0.45059126492579366,0.5856074981179205,0.8020925169731381,0.48112474174822484,1.0,0.42279629073908376,0.24327391484076868,0.42326564699757085,0.585531804726416,0.7528248219057933,1.0,0.6883681133151993,0.21306038594851354,0.4106548701982102,0.5121736752901553,0.8066600529678796,1.0,0.7270713956554452
129,1548,0.331197693820094,0.4668281470387962,0.16616599662588669,0.34097447672103637,0.3427696333212313,0.3991955297756414,0.5806431369884906,0.8477363677746306,0.32113514582053193,0.0,-0.20530890529836743,0.4850379004494467,0.6475618016910313,0.6363178561022069,0.1999884150539796,0.0,-0.46449661184210544,0.34693214399665323,0.5511479498500919,0.5345745528700203,0.2543751477221434,0.0,-0.04750772867732023
130,1560,0.3064691348822219,0.4415546636874221,0.16041885294420546,0.3267289355857826,0.2704978493546736,0.148692860202587,0.32672249340117515,0.8075771798896694,0.5035246196911177,1.0,0.5148194604989156,0.06851042174237242,0.22218282553991694,0.5932487677408803,0.7585485931757139,1.0,0.7764524581938685,0.0688848261431245,0.22253307743599904,0.51475652654506,0.7585485931757139,1.0,0.7752307873691835
131,1572,0.15440606444647662,0.29674912014203314,0.3436430509197739,0.4500361255603744,-0.18898545529641822,0.2250206236946192,0.40870744384481233,0.8581415636318669,0.3604606817947313,0.0,-0.45733021886987113,0.18899831912866705,0.3756301441713415,0.6240235853754436,0.40794686036768013,0.0,-0.22403430076531428,0.09585528208631118,0.27850002999839213,0.5285378419407685,0.48418452868106066,1.0,0.3792000176292396
132,1584,0.17039718254125893,0.31275665271832914,0.5390690386004812,0.5890632791828069,-0.41207674484709755,0.09322554377185611,0.2591036602651429,0.8116479958466115,0.44629893884629335,1.0,0.4528926923466997,0.06696099183719174,0.21983114188142006,0.6220603154587143,0.5500547077594673,1.0,0.6070299353630555,0.06595812205363223,0.21747409701590803,0.5281988633055354,0.5500547077594673,1.0,0.6129154187296404
133,1596,0.321105422352382,0.4943172859474139,0.5913610729346143,0.6599778570888916,-0.07296391998156601,0.06393665196579988,0.21626245050818102,0.8121346603199242,0.7223411851988147,1.0,0.8008857916586796,0.08759296316725118,0.2224996056139322,0.6271905739209307,0.708480348706624,1.0,0.7272143132135389,0.07638096521107125,0.20428186437370868,0.5334853047557767,0.6998352178791583,1.0,0.7621311884068698
134,1608,0.17701759412876153,0.3576185755191599,0.1715941137717655,0.34332499485363915,0.08902926070287366,0.28434174015532115,0.4672795119270452,0.8321186674358085,0.3052644060365299,0.0,-0.6062908410589554,0.25190972676138873,0.44315950598991094,0.618185504426403,0.4150117686785514,0.0,-0.42307733873137554,0.116978781442574,0.27773612365777794,0.5001012627670142,0.4950735682499797,1.0,0.33916861756982
135,1620,0.15999492409519353,0.33329337182284197,0.22149541050012345,0.37434991539488954,-0.06072346775772821,0.06054148217698228,0.1974877408701432,0.8893689225514733,0.5430282445885481,1.0,0.6216037319973888,0.17227986088649008,0.3711042801351849,0.6601043049083852,0.653885757920611,0.0,-0.07678329084982272,0.1055111925404388,0.29222213016811976,0.5388767928839695,0.6759835163548196,1.0,0.34053412545974326
136,1632,0.13997435395943994,0.29595151844215395,0.14916698118014218,0.31712618443513724,0.07889062747901357,0.1574164443546983,0.2813430515276236,0.9076898366199695,0.4163267481034258,0.0,-0.12460918662509068,0.16947364694451647,0.32898020910582304,0.6411813299448939,0.41452828885252047,0.0,-0.21074784166265537,0.18420488786959002,0.3162686636488737,0.5515756974013969,0.4471048700543337,0.0,-0.31599027006737734
137,1644,0.16802901903436507,0.3259924977780851,0.20982949950718457,0.3553020906896274,-0.0029125515436959014,0.1219630277229201,0.29289506172579066,0.8856401227566104,0.5010127474888962,1.0,0.2741549738026121,0.3086517060025219,0.4770079515395256,0.610263870206545,0.3811821408583567,0.0,-0.8368952445017659,0.3117716609944918,0.4785337800075448,0.5433172820896276,0.36753587715813196,0.0,-0.8554631978820793
138,1656,0.2853027862045541,0.4054123856739384,0.8387565590458973,0.7116416859051546,-0.5206299386425348,0.16791790293971434,0.34547159782861464,0.8785747704318843,0.45140409674362053,1.0,0.4114396667008997,0.18176518155445143,0.3483476286107318,0.6048185408867828,0.4118315039523369,1.0,0.36290428855422785,0.16732538317145904,0.3437068053209733,0.5326217332146548,0.45140409674362053,1.0,0.41351647701228056
139,1668,0.4932752604238999,0.6061522986825348,0.4259174341714944,0.5445290622371738,0.06932606397554897,0.2768472204708237,0.4160395981491451,0.87711066759247,0.40562627922012207,1.0,0.4387571348441174,0.3163754346538434,0.43557139758915825,0.5907935759060303,0.3830321874375224,1.0,0.35862294334006595,0.2498364696392148,0.36163088249126796,0.539907480953768,0.47719054543097117,1.0,0.4935151026538086
140,1680,0.39632023827705165,0.545464894421904,0.20040136772159267,0.38916431735782725,0.26838789932921303,0.25890649135992705,0.39321405148970934,0.8374387642982434,0.36181486912938976,1.0,0.3467240217519857,0.47139362490399944,0.5301161339004383,0.6019248850100126,0.09435165109809208,0.0,-0.1894260736048179,0.3995735143345434,0.48113662912093785,0.5281907327678849,0.1516005275653232,0.0,-0.008208705343019984
141,1692,0.941640359674664,0.8969950734825356,0.6533478731019421,0.7254275496115081,0.1801774134105234,0.30067267882808285,0.4436067641718393,0.8312768341923362,0.7826105651057546,1.0,0.6806926596349746,0.7993165605758307,0.7565309915237063,0.5814820716428436,0.2390815464696206,1.0,0.15114454009597256,0.6490159753901719,0.7018094109606919,0.5240134586693586,0.3766984937455594,1.0,0.3107602401256395
142,1704,0.44647492078333323,0.5836136672953687,0.4415119006686372,0.591666006680274,-0.02099463147781482,0.32956405482851997,0.460446031203878,0.8179904756659129,0.35075474852769345,1.0,0.26185315347544047,0.4860083046348948,0.5749354940087402,0.5656249180727955,0.08116728943112542,0.0,-0.08854558679847213,0.4008837858420393,0.5183261064632463,0.5110771464104868,0.20092131652572473,1.0,0.10211354057984934
143,1716,0.31530083851622936,0.4963057746399704,0.5356480940619259,0.6498798728811669,-0.22262532209243918,0.1656618625844061,0.3379169961988851,0.8613458500016824,0.6902834051124133,1.0,0.47459111316039504,0.20249783333849294,0.35265992964837395,0.5992173244333013,0.4074329780844074,1.0,0.3577630992311178,0.15515927735583832,0.3184130337855597,0.5320816826008922,0.45936090307583727,1.0,0.5079008413488508
144,1728,0.20453616927424123,0.38270374958612363,0.1518652255445995,0.2949205334604646,0.18128057165779482,0.25877669017154165,0.39789342788463294,0.754358549450724,0.3240955247921839,0.0,-0.26518791805753894,0.21246466178803095,0.3399636468750309,0.5820096883489004,0.19991350322104753,0.0,-0.03876327860212947,0.24604693870069502,0.3842745670644432,0.515570585570922,0.3546327352997705,0.0,-0.20295075229846682
145,1740,0.32597382581781204,0.4093557003241042,0.4034725930811776,0.49259338367598265,-0.08775487274100609,0.4622804793777471,0.5867557021321859,0.8022064062802823,0.18104425169896615,0.0,-0.4181521421787937,0.5785677889834683,0.6844047206809206,0.6195060371895259,0.009140955766606212,0.0,-0.7748903229636355,0.47147662079095176,0.615827509144227,0.5481709165375463,0.13479007681034413,0.0,-0.44636342997201806
146,1752,0.45624019052222436,0.5284934684989402,0.19038993889998354,0.3906488925456615,0.42852445140169265,0.1045284051899092,0.2582571678529883,0.809638058280614,0.7822985347444147,1.0,0.7708917202794798,0.09951584736191306,0.2521996346906393,0.6202059372359086,0.7862057312823091,1.0,0.7818783846113937,0.0983761429231841,0.2506448371002355,0.5556426684176899,0.7862057312823092,1.0,0.7843764206511921
147,1764,0.6504275667702611,0.6782646461870477,0.7046631340953828,0.7471076341152485,0.0035381948907031056,0.5045144970847687,0.6781460250787532,0.8473935499854093,0.3343361881419653,1.0,0.22433407982695586,0.5106745160453675,0.6823585048868533,0.6744523183947502,0.33433618814196536,1.0,0.21486335737405193,0.508879694042042,0.6813439460479623,0.5892097682210224,0.33433618814196536,1.0,0.21762280684240365
148,1776,0.32883787108694223,0.4346750488945877,0.34783231341425563,0.4997067199876965,-0.006002125649732326,0.04012630736989264,0.16787848855048207,0.725057996155629,0.8421802754549599,1.0,0.8779754070379456,0.040405051566174986,0.16700151737522026,0.5808731269336501,0.8570191837169119,1.0,0.8771277425175514,0.03957379246763085,0.1684222501573689,0.5261382119160507,0.8421802754549599,1.0,0.8796556116337104
149,1788,0.3026984218786316,0.47200431562295425,0.07233979072087052,0.21449766119553834,0.5572801254950623,0.05406188187451485,0.20892464208168257,0.7213920375900753,0.6289845391662432,1.0,0.821400185904533,0.10043395165100451,0.27385176292913144,0.5894377472953589,0.6262608253445489,1.0,0.6682045746136265,0.09843345269182635,0.26993152155255196,0.5373782965448005,0.626260825344549,1.0,0.6748134592809548
150,1800,0.18717922938880835,0.365109204624034,0.16630755414342677,0.34200533672380207,0.15251558829475031,0.04185788818959807,0.15858671353553136,0.6259861245708744,0.6234713718162885,1.0,0.7763753578520673,0.03998907150922726,0.15766342361717978,0.5374446580915022,0.6396765896466686,1.0,0.7863594607168618,0.07372286150531145,0.23693504115394262,0.49214597022404327,0.6373212067259878,1.0,0.6061375947211832
151,1812,0.4671305334290132,0.5988554532583393,0.3312747828308065,0.5053370132400598,0.2532462825000592,0.08560931073807022,0.25616775700834477,0.7065957434281481,0.8662015631122504,1.0,0.8167336437855015,0.06544172595318642,0.2300611742463464,0.5791574255356876,0.8647460543901658,1.0,0.859906982588345,0.08671113711878797,0.26580057643635424,0.5177406964228423,0.8681761971717437,1.0,0.8143749318155737
152,1824,0.17213629769924954,0.360369686028675,0.18645293152024864,0.36317555667815987,0.0437362065994122,0.1672947971059938,0.33326972227412605,0.8298731837366489,0.5783867379581333,1.0,0.028125971442203634,0.05931427718069799,0.19615030592517013,0.6214608675479715,0.6425219872324006,1.0,0.6554226042183746,0.16723612542771468,0.3328011336853936,0.5525327925827083,0.5783867379581332,1.0,0.028466815756060138
153,1836,0.34603856046215115,0.5144690702714826,0.2691032692934548,0.4489321336756475,0.08411834111890529,0.24451151451929096,0.4238889315772205,0.8734545457370448,0.545564860310497,1.0,0.2933980704556912,0.03971894901614133,0.1662376333682922,0.6416941186705255,0.7820309774902501,1.0,0.8852181416917966,0.03898081452357608,0.17576420569447693,0.5623282760806384,0.7373136992013402,1.0,0.8873512406492636
154,1848,0.193212176432454,0.35029307355134226,0.36606171125432957,0.4869840765593321,-0.10151914694222149,0.036108551740922125,0.15147174513744263,0.8941086397118945,0.5234394623837466,1.0,0.8131145127204471,0.14406464636312963,0.31785118615239255,0.6846206940667259,0.48302454606766254,1.0,0.25437076988005514,0.019582967832374825,0.10851064590158972,0.5884997405886296,0.703239340309547,1.0,0.8986452707383019
155,1860,0.2819404895612861,0.4668649740159463,0.06548994228538402,0.21513500985238956,0.585298917590112,0.043958498828370156,0.1844026120254382,0.8644215768591075,0.6520780899358117,1.0,0.8440858959393458,0.06346421081074953,0.19696634833638735,0.6661214249786477,0.8432938486962328,1.0,0.7749021046622175,0.05560162543556322,0.18333535052980918,0.5814711878695398,0.8432938486962328,1.0,0.8027894981594087
156,1872,0.2552651701808489,0.3805142654847225,0.7972296964402092,0.7345855129633377,-0.30207784569301493,0.1268549751730637,0.25518230348430626,0.9472428912538222,0.5154249450955553,1.0,0.5030462828783488,0.31067044474877853,0.47288858785216803,0.7038046794273368,0.15449559540610197,0.0,-0.21704988004699755,0.1402476696636259,0.34906525416748585,0.628501776854286,0.5448630936343075,1.0,0.4505804706366169
157,1884,0.15255928567167162,0.32717579230450927,0.2496868115700106,0.40460807297040424,-0.09726435774917457,0.06425550513254245,0.2194977259012315,0.9484581688551803,0.5297187590037675,1.0,0.578816164157788,0.13266006228729071,0.308040778963602,0.6959841535787374,0.48806707191197984,1.0,0.1304360026121697,0.021247408316571164,0.10712563369855559,0.6305388291750182,0.6418136978996094,1.0,0.8607268759615296
158,1896,0.4100421550904418,0.5133050407492186,0.6555534847340931,0.6971678605276734,-0.1288026047911311,0.09090176429616992,0.21562878433561836,0.9239518453577468,0.7719780642401977,1.0,0.7783111732106667,0.503345385594726,0.6618250400900485,0.6788852826938074,0.12434109558150515,0.0,-0.22754545928016734,0.14064828108328306,0.3163679290007258,0.6051040974463079,0.6093841527767017,1.0,0.6569906792820834
159,1908,0.16450850760707086,0.3483167050212004,0.043485575219813416,0.18202663853236878,0.32280916881392985,0.12765455179071236,0.30442218533830057,0.9411962511387454,0.6174825972501902,1.0,0.22402461947064956,0.3017481084485758,0.47898492921516816,0.6971218045773983,0.6034272504023548,0.0,-0.8342401425785357,0.31496096098488846,0.48513155197729185,0.6121260467683491,0.6322849790259185,0.0,-0.9145572807527609
160,1920,0.44978598794464997,0.5446982937204404,0.5577602955480204,0.6096473095817053,-0.1192145055431374,0.38233971298173897,0.5775291847223367,0.9413164291928491,0.2780758905666104,1.0,0.14995192551709913,0.6668489828023034,0.7724193384674255,0.7086976143436086,0.0019542336521180814,0.0,-0.4825917228981462,0.5742354929500413,0.6845037143021848,0.5887073680939559,0.1261401176720572,0.0,-0.27668604256454943
161,1932,0.13751199430211816,0.3074227608093606,0.19603550225706523,0.3692292394009795,0.038416143254470236,0.14638487842018008,0.32968332857499166,0.9356998367290981,0.5089829244932977,0.0,-0.06452443776335559,0.14781989670170761,0.3528351054884952,0.6988118048992018,0.5832815722822491,0.0,-0.07496002404664903,0.23864297010347935,0.4345882390087321,0.5771298590658094,0.5346464045553837,0.0,-0.7354338529857494
162,1944,0.3631968162240895,0.47870896068469077,0.25232305873526073,0.4228039292381358,0.3428417654760311,0.1251972709816963,0.3190194020462103,0.9443634061246236,0.689983625838695,1.0,0.6552908357422093,0.45965673804159907,0.6284458412009717,0.7176261082951203,0.13885543140022633,0.0,-0.2655858132798019,0.292721284069894,0.4873687060540035,0.5885359581721634,0.40696674663168153,1.0,0.19404226305418015
163,1956,0.14496317538152484,0.33508494174813536,0.2983729070268227,0.46815714633913497,-0.16893299968662448,0.16731812943679547,0.37104082667836663,0.9282652812624731,0.6695789509094106,0.0,-0.15421126086977055,0.14170297677341426,0.3273563453059091,0.7065128409961094,0.6701653110397718,1.0,0.022489839916448817,0.07841569774341306,0.22835908068617594,0.5702139207759059,0.6595285188275758,1.0,0.4590647070400272
164,1968,0.22950496991911443,0.3771657649125269,0.22933694579066044,0.3287387711549748,0.3391630149786166,0.21931745300282798,0.2620274393841991,0.9497449453788638,0.4289455449235007,1.0,0.04438909065837171,0.1553861058730095,0.241016961145215,0.7387339491147873,0.47189775268774614,1.0,0.32295101963250294,0.2370107902524089,0.3204114396116554,0.5664187883030458,0.27703589710075177,0.0,-0.032704391264118504
165,1980,0.590863324333672,0.6108967531527244,0.41265496257493456,0.4872209116516199,0.23912684666749878,0.33002986773398996,0.43966474576869025,0.9275759968482662,0.6165763528669207,1.0,0.4414446554011944,0.30869607696327056,0.4011323285192578,0.7245579879191334,0.5778791225519689,1.0,0.4775507900894117,0.348437873663935,0.42678180106569547,0.561267631093879,0.5472789702585963,1.0,0.41029023242071216
166,1992,0.556914165881793,0.6029948565981389,0.4379929525352873,0.5696120664751932,0.20452522602059822,0.6612278946538165,0.5928715643202,0.9508461966838093,0.06534717945211019,0.0,-0.18730665363280496,0.4105401279276248,0.480619237127186,0.7185703247935732,0.33742363584215684,1.0,0.26283051666032964,0.8953282871690585,0.6364669975507719,0.5731343855935964,-0.09123558405946648,0.0,-0.6076593881418617
167,2004,1.317292624889959,0.9803323498229211,1.0930363102807261,0.8632845806059842,-0.007563618091280588,0.8350062035768305,0.700111521101581,0.9470752429508373,0.5957162236732353,1.0,0.36611942722553137,0.9148696466001635,0.7380456486465427,0.6902149401667084,0.4287696270923151,1.0,0.3054924704550078,1.0574148833330097,0.7706871775743984,0.5542038551231785,0.4019985873241235,1.0,0.1972817099607298
168,2016,0.8003251406360592,0.7869511779030928,0.5801772315000345,0.6701602022595985,0.18419121652304626,1.0985900401304758,0.8650700325804124,0.9632807574556692,-0.18078425779247836,0.0,-0.3726796577418152,1.1908499191930355,0.8708734432996289,0.6901119918204041,-0.19973303121999578,0.0,-0.4879576546184796,0.810854460781341,0.7206316446052435,0.5830091100049569,0.06142462265282119,0.0,-0.013156303120646307
169,2028,1.5040882290586801,1.1324688783075778,1.9572017549623038,1.2795537051915005,-0.2264339054041092,1.1341491523530036,0.9397729742421062,0.9656242362255106,0.5134770103335705,1.0,0.24595570230424546,1.1521578284582208,0.9291291013102553,0.6763543788057804,0.33149514611967223,1.0,0.2339825508911214,0.9667459889200644,0.837764641001444,0.5793231672369646,0.29098323186893393,1.0,0.3572544680273886
170,2040,1.1837380624944902,1.0206440494587479,0.8978585262050388,0.8950066604567962,0.1462557555744001,1.5815964788016919,1.1538763498601592,0.970255368187774,-0.2670929525535265,0.0,-0.33610342432412366,1.2268395047304692,1.0029987211092912,0.6633345162165798,-0.043626732107586455,0.0,-0.03641130044019314,1.0022324792887032,0.9061639478984432,0.565969955543045,0.17552022109724325,1.0,0.15333255637932308
171,2052,0.19809156092087196,0.38843326095246383,0.1735020892895579,0.35009198229600025,0.21173504336450238,0.22175730512985747,0.37336761921916256,0.9388491852112167,0.2537895073707661,0.0,-0.11946871486584354,0.18085337571055674,0.3470403591443525,0.6545381467687511,0.3795986278741442,1.0,0.08702130030264665,0.1357522299149478,0.3037112700162229,0.5704691716168903,0.4417121834949482,1.0,0.31469957991206776
172,2064,0.12250508129317024,0.2949696600889358,0.3013667996297142,0.44714593779638157,-0.21259844760115257,0.32954979580197913,0.4728964024302352,0.8744445653847597,0.5551770209627765,0.0,-1.690090829892391,0.3155809151238766,0.4523997206597566,0.567161970257464,0.436617884793431,0.0,-1.5760638807189666,0.2858860560632874,0.4347629019041239,0.5167903904316054,0.5882379407913908,0.0,-1.3336669225917714
173,2076,0.3040684528991295,0.46270448430330374,0.45930624449582275,0.5736364759381042,0.40959939653040073,0.3542273656394583,0.48993371053212237,0.9034164664117788,0.28148211588131977,0.0,-0.1649592789455483,0.3430413862660773,0.48186362915033615,0.5957310299128895,0.2814821158813199,0.0,-0.12817157779888633,0.22380264305935135,0.4072051932522218,0.5404940353234197,0.49694748426642227,1.0,0.2639728293891942
174,2088,0.4329472571953293,0.549035005140771,1.1415732028719063,0.9177311045536412,-0.2682597046879318,0.22719099865020556,0.4045679229909613,0.8540474121051502,0.6722477198899309,1.0,0.47524555272166635,0.2508039873391898,0.42974941849687714,0.5611985055280592,0.6534082705523782,1.0,0.42070544813259647,0.19513127909682337,0.35238004452566485,0.5250004253710172,0.7831467322399343,1.0,0.5492954953430099
175,2100,0.4819642533097677,0.6165993041464662,0.5508583365768811,0.6693355085428099,-0.005789239029680426,0.4237266652040698,0.5849288109767972,0.8718412324897479,0.225032597877672,1.0,0.12083383301928718,0.42657925116457135,0.5869786004901888,0.5885431951210547,0.22503259787767202,1.0,0.11491516593783435,0.42537002672900015,0.5763710816765458,0.5328618312563665,0.2664693989445273,1.0,0.11742411639892592
176,2112,0.27503555143582614,0.43919426248599464,0.33043173932640546,0.5152269169551694,0.06998014411161338,0.18039144774438776,0.3780012347221733,0.7665486662342424,0.3010924810087038,1.0,0.34411589046342483,0.1989637166424396,0.3940191897643861,0.6335859997646472,0.5318117124075936,1.0,0.2765890969231166,0.17548681796997387,0.36261933604838487,0.5632431828346618,0.663627945257047,1.0,0.3619486024485089
177,2124,0.23134336072063688,0.4044313899840426,1.141050101504676,1.0249736551855875,-0.48105814397186253,0.857755597378743,0.8458550316493602,0.7523769031340303,-0.2805477000124476,0.0,-2.707716507216052,0.8558387006641919,0.8447159467654469,0.6434684795357405,-0.2805477000124476,0.0,-2.6994305693418035,0.4527641573145935,0.6047799995328212,0.5581339818557186,-0.018039853907856875,0.0,-0.9571089306571352
178,2136,0.09460638066337845,0.21674160245579288,0.04602837324117933,0.17101561653770378,0.36064773350936213,0.06757342451163041,0.19315695621710263,0.654515430575407,0.1375871715653635,1.0,0.2857413629206971,0.06503469476475003,0.19941220519967576,0.5262444237251976,0.4354067684199679,1.0,0.3125760196222731,0.08777458183403349,0.21877656887214414,0.4835208052078719,0.5031122279250081,1.0,0.07221287593331971
179,2148,0.10389602404766181,0.22286316943381382,0.1384098677363889,0.30113210847439964,0.13429181451091618,0.1706618788966885,0.37349410939388594,0.7116624551570825,0.18598786363417447,0.0,-0.6426218468032825,0.23178189494617948,0.44712874587959694,0.5759718950174152,0.17612678083539682,0.0,-1.2309024533975492,0.2203612545983916,0.435735769357684,0.5078346069868971,0.22952721926138273,0.0,-1.1209787055691556
180,2160,0.17754832207380597,0.31513490401886624,0.5081237773501694,0.5653636745964167,-0.637193047666921,0.07153240739137558,0.22232511295102367,0.7435127940497299,0.5459869474079762,1.0,0.5971102032626368,0.08939158702158494,0.26258974463059065,0.5706110202516413,0.5374958412891045,1.0,0.49652249045516017,0.07586058521512125,0.2432587552999721,0.526354419338185,0.6228848711132559,1.0,0.5727327392956922
181,2172,0.10621287213613002,0.2635561456773912,0.14951748580355936,0.3185178711531867,-0.19321118156918587,0.11946778297571597,0.26543587207168656,0.7519143324189372,0.3430404825283968,0.0,-0.1247957104728088,0.0736329000797426,0.22212622618687092,0.5413856272252192,0.5516125353731314,1.0,0.3067422187268469,0.08741508435664541,0.23714614544633084,0.4896550297414321,0.5307627460194186,1.0,0.17698220000483578
182,2184,0.10594278942488766,0.2576328523454091,0.10530264995136825,0.26701656499725823,0.06524332689238131,0.10584761973140855,0.2467013038718263,0.7696502790339792,0.40250886576688216,1.0,0.0008983121361608726,0.09894829644714649,0.24318620357516915,0.6286675942730799,0.4120260762557818,1.0,0.06602141604644263,0.1454805341398785,0.2762544304439655,0.5531228393131322,0.3940159389077636,0.0,-0.37319901552169976
183,2196,0.2076952436513709,0.3793188422207023,0.22280360109499545,0.38129417839257745,-0.07721361574829606,0.2227151333997853,0.3434163682709355,0.7404319184068873,0.29304663592165864,0.0,-0.07231696539775467,0.07425766278484407,0.19783555738957412,0.5916915292004432,0.6024759202522572,1.0,0.6424681592155761,0.0953759774445893,0.23768530144697242,0.5332830901031472,0.5888133233120222,1.0,0.5407888222771068
184,2208,0.11753515644268096,0.28252330289173333,0.12448466963377097,0.2905943637037131,0.061506322989417196,0.06710790464684424,0.18194759481881073,0.7722947882914152,0.49487790186808456,1.0,0.4290397300864518,0.13360137190615118,0.2582260764599267,0.6338061853257216,0.22011222534555994,0.0,-0.1366928496096853,0.08609670308839933,0.23444941409694364,0.563529449869088,0.35756933173953825,1.0,0.267481273737985
185,2220,0.8347010672809648,0.8394805877949989,1.0797461973469538,0.9128556881283378,-0.20687348244850812,0.5076513124952791,0.6559416719858607,0.7221926457046206,0.6014615369229288,1.0,0.39181662466426326,0.5505538469389145,0.6666101555848924,0.6029540169132073,0.540120461939203,1.0,0.34041794299803485,0.4616010805423341,0.6190905651292523,0.5411022761509702,0.6606696778072709,1.0,0.4469863539937745
186,2232,0.1913579481068661,0.3694854819346855,0.10767547915279874,0.269037832944982,0.2763095586444663,0.20327745817529938,0.34796895579218545,0.827986829995708,0.17716639350095925,0.0,-0.062289077544752436,0.19240189856561574,0.3238579504278109,0.6755677579059539,0.1913287194351166,0.0,-0.005455485225869028,0.24065990842488616,0.42827175448607974,0.5654497754441461,0.10338498952188906,0.0,-0.2576426054196965
187,2244,0.277327392257326,0.461529277888659,0.1508963033955156,0.3158026582377617,0.30127673065899196,0.10063067404335424,0.2149638860491724,0.845840415282083,0.5673427694624184,1.0,0.6371412386484302,0.07415717373542789,0.17225705644907566,0.6670771472773387,0.7622784832269083,1.0,0.7326006164345313,0.08143893095529935,0.1883678529526278,0.5613920911081062,0.6833047819029628,1.0,0.7063437178259913
188,2256,0.11484413558880696,0.29656519792079755,0.08584079188469802,0.23888612787772187,0.3304772126204532,0.14774964224792514,0.2935768447247134,0.863772257803932,0.12011474114068252,0.0,-0.2865231776129564,0.12586996287407023,0.2897514494784078,0.6720343010390704,0.19345867069881906,0.0,-0.09600688122849066,0.11936605518230814,0.2876615255561694,0.5992844660772523,0.25263396370160535,0.0,-0.03937440575713547
189,2268,0.10132487112405118,0.24005264337279453,0.1145645378190931,0.27070550004176214,0.016333525907746078,0.20439291204487345,0.4207238946348972,0.8481151454031872,0.1466047324828233,0.0,-1.0172037701842909,0.11833481610461379,0.29822905216082535,0.6431085726953893,0.3250713035113571,0.0,-0.16787531819051082,0.10194281133082188,0.26508962798683466,0.5788066475499576,0.4123957512618276,0.0,-0.006098603431867744
190,2280,0.09895808476148728,0.24262968797540696,0.09559049064041115,0.24635167983693354,0.0926968048948765,0.08656087072008822,0.2588211574720693,0.849709695684011,0.5557738974262311,1.0,0.12527742499543437,0.08445564062662642,0.2619017749548169,0.611898438213222,0.6334370082816756,1.0,0.14655138253549704,0.10252335875644969,0.2870477529481586,0.5578714805039707,0.543488429574259,0.0,-0.036028122447555155
191,2292,0.36415196288027935,0.5395416696913791,0.1825298486182447,0.34858266780376496,0.25783021740643,0.36152629228594035,0.5752222934433163,0.8307951432373832,0.10615712191642816,1.0,0.007210370565000179,0.43650205814966164,0.6370870198621162,0.647681416327081,0.15228289585454644,0.0,-0.19868105253950952,0.5355498853160672,0.6986431808113841,0.5650720764632193,-0.1230959972475193,0.0,-0.4706769148794554
192,2304,0.05961742798740883,0.1973761160265279,0.13323565562418785,0.29041833261639405,-0.20237952863655878,0.023382137450822692,0.1205181722903081,0.7842173692147222,0.4847087821823128,1.0,0.60779694394463,0.06411585196671903,0.22181257969940868,0.620641987781023,0.6584411207332138,0.0,-0.07545484820747816,0.08038145297487755,0.24891708738539198,0.548416539983785,0.5141266113277689,0.0,-0.34828783609809655
193,2316,0.10134208811254718,0.27106876497930427,0.04386267811456052,0.1661050729804923,0.14928317472709088,0.03733306221975451,0.1621991537280961,0.8072673278650742,0.6590848151953791,1.0,0.6316134498995754,0.04055337639664799,0.16188991387236998,0.624919932756981,0.6200273153719614,1.0,0.5998367790526405,0.055500339329231735,0.18281884326107634,0.5505148601105864,0.5715210838733833,1.0,0.4523465979150253
194,2328,0.06866476025533007,0.22029824842368836,0.1423866329787194,0.32626151236687423,-0.06147230965453594,0.041233786575414606,0.17586214131474295,0.6977943634517544,0.4959812890359526,1.0,0.39949129040738396,0.035796380802988116,0.16294327612773327,0.5526159037890244,0.5216592989267849,1.0,0.47867900987523737,0.03774866412433568,0.15911745349549083,0.5368262416038256,0.5188488731482671,1.0,0.4502469100020565
195,2340,0.11887892260384463,0.30246382216884465,0.16914876320899488,0.3396790103252143,-0.07604964789843198,0.014503491419555842,0.10061649086369658,0.7690382859934107,0.8418147345805431,1.0,0.8779977888268077,0.07702365199210692,0.2178983775024963,0.5813080768495185,0.4352990346297034,1.0,0.35208319267173505,0.05143128601025796,0.1744583356434455,0.5624137562435806,0.6121979661236331,1.0,0.5673641308001336
196,2352,0.03905215049535512,0.15055618073041002,0.031275849900680774,0.13314774559184617,0.07077237392899463,0.037348799198190036,0.14184812324854543,0.7836233088697541,0.4015201852187821,1.0,0.04361734950723595,0.05299481403440637,0.17911256466411685,0.6100316698664393,0.2504218185514747,0.0,-0.35702677988782194,0.0630481278624556,0.17940900575185717,0.5785300436774596,0.08528089210928333,0.0,-0.6144598200796798
197,2364,0.06639083221069642,0.21179978159383375,0.11515176127512546,0.29381959685367404,-0.023327850514273198,0.038086909869384185,0.16472630610401848,0.8217559069714028,0.748607761785598,1.0,0.426322752688015,0.02674686417948155,0.13563793778672678,0.6325474458006705,0.6698789039492035,1.0,0.5971301565463388,0.028676559679038094,0.1318482029094368,0.5904637726818553,0.5625821407721185,1.0,0.5680644642617098
198,2376,0.03775376321469124,0.16022992429140298,0.04315048903619218,0.16913014919043326,0.15525915006068303,0.0406029870672103,0.1561652344658988,0.8816035361418171,0.3165516574999655,0.0,-0.07546860524384313,0.12490597884944503,0.29786960255040884,0.6717035094017095,0.15555627720371973,0.0,-2.3084378407300066,0.1614198140569404,0.34275073390785654,0.597972908176582,0.09064165525860662,0.0,-3.275595339701834
199,2388,0.03592321771696906,0.15964546731840204,0.08349643611861425,0.2262556906050698,-0.06802758879230401,0.16922393759014775,0.35674916290805436,0.925935810762002,-0.0322676608911955,0.0,-3.7107121339581832,0.09783041642356523,0.24733075797596074,0.6768171926638229,0.18649963870087566,0.0,-1.7233199763548197,0.04980241644986614,0.18614378570380388,0.5944489151902224,0.33722191733691853,0.0,-0.38635733698044983
200,2400,0.05037318448294675,0.1869043368614398,0.04128524919811603,0.1530593321983194,0.1302620738219824,0.048790478694911786,0.17390240049430108,0.9025777856577519,0.24155230666187757,1.0,0.03141960954584422,0.06932043563583755,0.20804723636209424,0.6581078469371465,0.31906110890525563,0.0,-0.37613764838125663,0.05316552396314839,0.18761311950686488,0.5960145058053945,0.3520403736539076,0.0,-0.05543305448848379
201,2412,0.051972286637389876,0.19579402236520047,0.08906182106741516,0.25742988288195817,-0.09148638982800975,0.08657606351270702,0.24280044616741478,0.8626090764775771,0.20904024109339225,0.0,-0.6658120916777697,0.052654909710227495,0.1853750818132247,0.6636590043777422,0.34183971173900063,0.0,-0.01313436673664703,0.04567866208863491,0.17270502051417172,0.5814139766154872,0.4509395915597133,1.0,0.12109577923067971
202,2424,0.15006483599864442,0.3092039822048664,0.2066646523863005,0.36032838750435775,-0.24390913057799252,0.10632366941979148,0.2599570548184142,0.81429281515935,0.40131601777383763,1.0,0.29148178710732786,0.05468792140762684,0.1958906128351254,0.6863101572623729,0.6631269464021223,1.0,0.635571377906808,0.08542418614613005,0.2473708536890328,0.6038347110502138,0.4730036014052472,1.0,0.43075147766861444
203,2436,0.20292969613207204,0.3843024533752255,0.21073309926941644,0.4111971932467131,0.03167910177063411,0.2246414355718068,0.42693184184103045,0.8138908067296076,0.12766608961040757,0.0,-0.10699143522889898,0.25761207790587437,0.4760475548890026,0.6745901800246479,0.05479895990860286,0.0,-0.2694646609937936,0.1716979195645254,0.38557136008127496,0.5864279495987834,0.3053589847420523,1.0,0.15390441696231671
204,2448,0.15146879387090165,0.3354886287368492,0.21322840955964847,0.3936433301690124,-0.2997383184850906,0.10854973284247776,0.2909173052986903,0.7007421860202326,0.3983201495867846,1.0,0.2833524974458054,0.07009899840147005,0.23804013226530962,0.6145868616387955,0.6068236193947458,1.0,0.5372050135870488,0.04064858770607645,0.17965064651360185,0.5443153371911202,0.9099495908275372,1.0,0.7316372127401922
205,2460,0.1275960167882386,0.3105684874799385,0.15249785924806528,0.3393165214531328,0.07159059024652845,0.13935425380784208,0.346559290878336,0.7616849878752596,0.10436890701713301,0.0,-0.09215206959883182,0.17662309555527966,0.4010363541860345,0.6317687781249912,-0.012107202360297099,0.0,-0.3842367497130226,0.11917470232416634,0.3287026773568028,0.5551730417322143,0.27847536736648654,1.0,0.06599982253402525
206,2472,0.042613465430107945,0.15826434334037354,0.10441184189887032,0.28317459493491737,0.1174247521001663,0.021740361813855594,0.11606653669262956,0.7624660613666114,0.4915038302327533,1.0,0.4898241296635958,0.01395140877575414,0.08800027350976197,0.6272434738494538,0.4728820546989693,1.0,0.6726056274715229,0.01618022180598026,0.1008726558442043,0.531948228321485,0.8688864402316424,1.0,0.6203026052289013
207,2484,0.04379377378718649,0.16734330883916093,0.07682467521056813,0.23703962542063226,-0.3583647385722869,0.014413923659411007,0.09499167349916138,0.6978716295704503,0.6367573823082919,1.0,0.6708681985376574,0.011832312539840087,0.08679958785344223,0.5836546545637047,0.6777567656695258,1.0,0.7298174713753014,0.008547215886234619,0.06765623030314773,0.5111949297028634,0.7298174760340866,1.0,0.8048303412313961
208,2496,0.04558894785296399,0.1722838074080371,0.052251949378479656,0.19547364324844976,0.011730824642160109,0.04631913566244231,0.14376867152572578,0.7956727930737246,0.31159585975104803,0.0,-0.016016772570258908,0.02954647702475759,0.1200653462122422,0.6355093797025263,0.4858189507920109,1.0,0.3518938598878717,0.022889932188142448,0.12347757971245338,0.5206886162381974,0.5329621564289424,1.0,0.49790610956918047
209,2508,0.05028945540507316,0.18572014880103827,0.14869674053927595,0.3418333213537846,-0.3601513808403957,0.07942359961026979,0.2063878979418612,0.8265946088094092,0.16306636152073098,0.0,-0.5793290854022173,0.030303620313723505,0.13795847898963756,0.6376668424722738,0.5197505134602803,1.0,0.39741601754019984,0.037822190616810275,0.15247383515855265,0.5343993080623707,0.5108481003728331,1.0,0.24791011729678025
210,2520,0.03130459207304649,0.1481810130653647,0.10641828396790305,0.257902033084648,0.08011945004873373,0.03363950472778086,0.15474785198677626,0.871510325184752,0.4309044124073361,0.0,-0.07458690562988513,0.030879411540691806,0.14281945715972935,0.675532444504101,0.4566024037191543,1.0,0.013582049922981398,0.059004164989702575,0.17262643081969817,0.5737218639857694,0.3111958371085734,0.0,-0.8848405643498432
211,2532,0.07274056276778625,0.2305587934124751,0.053009575216920506,0.1799041150402868,0.26373798661692616,0.0755217417687971,0.2018217092574249,0.862843322488269,0.30306756884054925,0.0,-0.038234224416016316,0.03595863545980938,0.14284397925234696,0.6463648266986373,0.5993940409464712,1.0,0.5056590973237018,0.029207810787281477,0.14140363461234406,0.559912770990152,0.6727006469174371,1.0,0.598465977222046
212,2544,0.0906085990165554,0.25981284543523514,0.16651371919714295,0.3388170551079977,-0.20049521097610068,0.12027977664010818,0.25323535982366546,0.8847116563048211,0.03907314056491192,0.0,-0.3274653614071603,0.12257232891447033,0.2792598574304435,0.6618312101629258,-0.06139982948144266,0.0,-0.35276706896301024,0.14342496650364278,0.30454642338955773,0.5859490941456198,-0.11980787556256108,0.0,-0.5829067887633617
213,2556,0.14534142734749375,0.3453638221913404,0.20412043305281102,0.39058757807584604,-0.18081135500148554,0.06798710152297233,0.1938076440835971,0.8780990970531235,0.5883176167086142,1.0,0.5322248944175882,0.05326935148492339,0.18232477487861565,0.6461971562352529,0.5235266486474682,1.0,0.6334881770662482,0.08872111207769835,0.24133091487675315,0.5804238657794387,0.44199526526713784,1.0,0.3895676291551966
214,2568,0.11215060426511037,0.3096159099436017,0.10542418088039678,0.2863887893403552,0.10799179182830931,0.13307852371846532,0.31431898427552185,0.8929974124864654,-0.07851796742183173,0.0,-0.1866054988333714,0.1873834223714638,0.3928820315616052,0.6733477361730336,-0.2921312351256986,0.0,-0.6708195519706004,0.1868456062574647,0.3861774146494145,0.5896395556404641,-0.3143979104663194,0.0,-0.6660240707734795
215,2580,0.03203718635390418,0.15270157982051083,0.0366129710108224,0.15577796133448582,-0.03718441304562272,0.037443164367901495,0.16633869170896257,0.8862470641194757,0.15695931176537403,0.0,-0.16874072380387184,0.03349086265215419,0.14789722048656292,0.6606703910760474,0.0038323432523007296,0.0,-0.045374655632730354,0.033508308754998696,0.14767972048501435,0.5846106698606721,0.0038323432523007296,0.0,-0.04591921353028683
216,2592,0.03659301608571482,0.16237630781241183,0.02557049245930064,0.13299065628357645,0.2160809380718963,0.14926370858201424,0.31779554056835463,0.859818432349126,-0.4440121033141118,0.0,-3.079021751920684,0.17016231837619508,0.34262433179445595,0.6072232615547717,-0.4050076483542389,0.0,-3.6501309970626616,0.12443247282179393,0.28536827361012623,0.5431541613238547,-0.3672370231961577,0.0,-2.400443202886735
217,2604,0.03021688617963646,0.1464046812387063,0.028197981931271526,0.141754691441469,0.10073100413257863,0.052132448329348345,0.18394803517387057,0.850295596623238,-0.05378887244010344,0.0,-0.7252753317938185,0.04412154959283033,0.16025880975864235,0.611569607230025,0.13186275360117605,0.0,-0.4601620210147397,0.04081596845292262,0.16013028623968584,0.5376964268451884,0.08874128103074556,0.0,-0.3507668596385358
218,2616,0.09694611164304771,0.2840982860120432,0.10404930508865722,0.28985984290912337,0.1356855507166885,0.1660560777859839,0.3682746757241134,0.8052042007650142,-0.2991886906765752,0.0,-0.7128699126933191,0.16111131574356521,0.36270021409943265,0.5887517050501699,-0.29670321420263823,0.0,-0.6618646484427513,0.21755822727348936,0.4237084216788835,0.5180836828822873,-0.438711889622891,0.0,-1.2441150406787984
219,2628,0.05021299214220093,0.1792056155269952,0.05276820185695503,0.18542519306680438,-0.0022864296349118353,0.04430836209501098,0.17569369847929348,0.8146665474937539,0.22643366018744154,1.0,0.1175916788720398,0.03639860947485451,0.15944726186062375,0.6005517306288933,0.32953131564887583,1.0,0.27511570368530747,0.07147312217370679,0.20550309679279724,0.532899359438617,0.07788744707192383,0.0,-0.4233989874831223
220,2640,0.05879244654281546,0.1965880310637699,0.04620615300368497,0.17062643552973233,0.0854280901181422,0.08310421324928179,0.2383370864865433,0.6421381480444359,-0.2681088759979958,0.0,-0.4135185408343458,0.11160302995256137,0.2612943735705932,0.4961592632201876,-0.26446021688357907,0.0,-0.8982545635566761,0.12199764943999203,0.2707295639116927,0.4642160380675241,-0.19764563809107433,0.0,-1.0750565185469454
221,2652,0.08317592940928775,0.2410543138267922,0.06998988079650505,0.219508919033767,0.13743920094526252,0.11123212209248064,0.2758671308796014,0.6570520768697581,-0.22141654762472468,0.0,-0.33731144193334406,0.17832215177015154,0.3484839015667633,0.5487074100153879,-0.4827301922765894,0.0,-1.1439153495078274,0.1575773215282899,0.32146991035260836,0.5014442295018519,-0.3346431192641131,0.0,-0.8945062910315278
222,2664,0.0641055301468426,0.20270015676627204,0.0726237205313729,0.2235484253785329,-0.13413755224535148,0.10664443957032799,0.2727397155055548,0.6441411342057337,-0.48680212531394973,0.0,-0.6635762831388199,0.0809802123992579,0.24458586803326055,0.4582520051494556,-0.01310886078846063,0.0,-0.26323286327656126,0.09531495592420902,0.26587249151722614,0.4355968327358342,-0.16414629005443598,0.0,-0.4868445156896277
223,2676,0.20035403014502282,0.4076099767525201,0.22282033020134553,0.42069811263299295,-0.024893668754240872,0.2545005579797312,0.4598277597598695,0.6468625211732986,-0.4310230788683924,0.0,-0.27025424841973655,0.21469443919258638,0.41612286743671595,0.5029990066822292,-0.09272447467366045,0.0,-0.07157534608704164,0.2129521595367235,0.41350238516622717,0.4744755048387696,-0.10855802007702042,0.0,-0.06287934104735382
224,2688,0.22499776401568883,0.44199068768792654,0.27993986721157554,0.49029239375732675,-0.26415119977988616,0.26839375558343853,0.47542866677412104,0.7044145385714937,-0.23036025374041028,0.0,-0.1928729903499118,0.2717978024302573,0.4779053750210162,0.5589536350119555,-0.3020265662442093,0.0,-0.2080022377969284,0.27728909640847677,0.4847129597130279,0.49803209095740775,-0.3544729728683446,0.0,-0.23240823135087574
225,2700,0.11445395448620412,0.2742230008031039,0.0943255377980466,0.23873569109615791,0.3282176825843536,0.0662495517763801,0.20765078439914608,0.6688014681555335,0.4963787035324609,1.0,0.4211685207926512,0.09628013185893185,0.25135165715809,0.5503793742468235,0.3355966171665047,1.0,0.15878719707725675,0.12252704591443742,0.2786537898371318,0.5095009405529387,0.09854441144979673,0.0,-0.07053571424835647
226,2712,0.09672256835458265,0.26494222696820596,0.1098277430269939,0.27741727819074136,-0.1320828203801568,0.17103469636594168,0.340085447190207,0.5620211787351849,-0.4652829224041811,0.0,-0.7683018480126844,0.17168467945989493,0.341593504868354,0.46473219271253424,-0.4652829224041811,0.0,-0.775021924877997,0.16410189709290635,0.3305436180964447,0.46966759634660205,-0.49530088693052016,0.0,-0.6966246852679994
227,2724,0.050208749882285464,0.1835423363800264,0.0733926304971037,0.23784846986005545,-0.07670199312305212,0.09089647905359799,0.25783773285995865,0.7426101368463118,-0.15382129761090488,0.0,-0.8103712852183136,0.09327482703751035,0.264624354804627,0.5506784910631825,-0.1833069535317739,0.0,-0.8577404786256062,0.07898710125214803,0.24015815048314096,0.5238843043737631,-0.15473409701337862,0.0,-0.5731740271831798
228,2736,0.07677173064851338,0.24123867595487103,0.07519651223708229,0.23906164759001877,0.11757605157115643,0.146411763775785,0.3207959115901387,0.8331132409170895,-0.18527289250195905,0.0,-0.9071051614832932,0.18741483306550288,0.35438540338519586,0.5680731714016091,-0.2332377117356658,0.0,-1.4411958865894348,0.14442754972775954,0.3224055577301657,0.5323407861555756,-0.14206305130492555,0.0,-0.8812595275336059
229,2748,0.07117675601757283,0.2088284252491229,0.07802187883640913,0.20842143795397625,0.006981332152077124,0.08412165781898347,0.23116258264017522,0.8622009624002989,0.06232695299367262,0.0,-0.181869791849107,0.09166144446393147,0.2524807011581865,0.6135999406472024,-0.0046784936721816495,0.0,-0.2878002537977593,0.08097725050599434,0.23171112023618115,0.5642525086336374,0.13940979338557064,0.0,-0.13769234560229004
230,2760,0.27933877563951315,0.48425187180041745,0.24777970553229936,0.4354708776051108,0.17364184132229546,0.43219063525015006,0.6038558423594736,0.8012859051709187,-0.4161084020772365,0.0,-0.5471917003312576,0.4176832542592808,0.596386026505645,0.5878087691065932,-0.3625329906296324,0.0,-0.4952569807147049,0.46017116400986025,0.6271777341725119,0.5201663413445405,-0.38597091862309724,0.0,-0.6473587061314803
231,2772,0.05041090769126916,0.16694449169637515,0.06740763903132221,0.20631975067551345,-0.042983116115361854,0.04703061146498949,0.17811923622023582,0.7561773441977773,0.39360585051758346,1.0,0.06705485739280015,0.06462139686471031,0.21303913370902325,0.5801486898250966,0.2751013824857168,0.0,-0.28189314226338213,0.053411266150701874,0.1940583225292322,0.5202253035217319,0.40393153677997995,0.0,-0.059518040774186654
232,2784,0.053703587156065845,0.17030110782093288,0.03300349112684044,0.13462072086975982,0.2573588617003327,0.07795167812041069,0.2177824046958832,0.5124687453699831,-0.17754951371743882,0.0,-0.4515171564588123,0.033468071819438026,0.16134163173423735,0.3807875434238907,0.5905598706994082,1.0,0.37680006882635597,0.035496836244760695,0.1591209391809015,0.3297269179308956,0.5706732243332914,1.0,0.33902299409525927
233,2796,0.12935310600543906,0.286676990769915,0.09623880766193287,0.24558069960162654,0.2574332488633444,0.04855211871220647,0.16202319000197338,0.682241211891981,0.6526219975252313,1.0,0.6246544036587344,0.04645357538694306,0.16041001587918144,0.5031242980634885,0.6526219975252312,1.0,0.6408777738588683,0.06362969082735742,0.2061985533578559,0.43555252697949365,0.45960469518834407,1.0,0.5080930578916141
234,2808,0.11915075078071852,0.2390568126178235,0.1493571093305748,0.2862826211287188,-0.15373208304507763,0.07686153869587493,0.2138048630846379,0.6458038590001711,0.49110339775093753,1.0,0.3549219103341731,0.06513180631532924,0.2110850118775126,0.4820359350689875,0.6191403145629726,1.0,0.45336637924174006,0.05361158820289405,0.1692704002865407,0.394758497837332,0.5095277756172696,1.0,0.5500524516076343
235,2820,0.18128089499487607,0.3745972972070751,0.061954359595865253,0.20533632229172047,0.689266207980021,0.18857995727789142,0.38245710353743795,0.6766928171335133,0.06390683919109605,0.0,-0.040263825281873444,0.21411034257618655,0.4141190568698514,0.518037950840903,0.08406940092027469,0.0,-0.18109711772020098,0.21875560738925603,0.4226929709542177,0.4502637964707329,0.15964686744684825,0.0,-0.206721797106304
236,2832,0.1392692729018799,0.2847024770516666,0.1059385318773927,0.2810165459244273,0.46491775638717714,0.09784607798507024,0.27225853079556117,0.6754113567668079,0.4636331179550999,1.0,0.29743240596936094,0.0793780683068155,0.2244445722367968,0.5332470612859025,0.4899276199117047,1.0,0.4300388976487287,0.08408570759417551,0.22532184337132763,0.4199837104853993,0.46452352315347323,1.0,0.3962364716773036
237,2844,0.1546107644908367,0.3107798048355064,0.19331536391987916,0.2756920757555608,0.24404887861690536,0.09930094826265244,0.22006038215766224,0.6763481633748124,0.563654122943038,1.0,0.35773586923478595,0.1373951217030125,0.27201098935419243,0.5462155657170962,0.49502500413667183,1.0,0.11134828059688251,0.10817047841534204,0.21647220760953187,0.4513932315381951,0.42391875395670375,1.0,0.30036903464277886
238,2856,0.22174738180524303,0.3894129403519038,0.30863361018855623,0.45590232907698497,-0.21223345456604994,0.07875512745517722,0.2406252391931236,0.6180567628208192,0.7137142005874848,1.0,0.6448430334823682,0.11871525354125197,0.28780514399923346,0.44406446573033387,0.519820904389379,1.0,0.4646374059761501,0.10446670363288912,0.2706373766641161,0.40423270930375815,0.6448886535965433,1.0,0.5288931811396066
239,2868,0.26784938485338067,0.3882309852689276,0.24714928269725034,0.37102614256507777,-0.03484663569759986,0.2313403267391154,0.3641655827583412,0.7343830915301132,0.4482408998813332,1.0,0.13630443144101356,0.34230448479324194,0.4596584764719416,0.5524693570326967,0.1519873921101482,0.0,-0.27797375745558495,0.17523469509976794,0.3071360730648766,0.46750303604939675,0.48027907164223305,1.0,0.345771523068121
240,2880,0.4663737710399647,0.5061764069550891,0.4266371147032751,0.48018176419168523,0.23316203563155674,0.22909150777344042,0.35589627402278423,0.7482996717278213,0.6338164426615629,1.0,0.5087813209079268,0.2824218630667467,0.3928561177590284,0.5261714474972395,0.5515561704203508,1.0,0.3944302175549549,0.20311095346773086,0.3307452647111361,0.47935691794502944,0.7631514604878505,1.0,0.5644889012201207
241,2892,0.32147508781175976,0.5004527370028121,0.5354137227452499,0.6374294596587107,-0.6547527634569664,0.128215536779242,0.30228444119094894,0.7204290539474507,0.801997756926081,1.0,0.6011649373766754,0.20711237668945848,0.36309825208049357,0.5663261684657745,0.6110782242929391,1.0,0.35574361889362494,0.1524269971438486,0.3453933956600519,0.4961222193451735,0.6939761487980775,1.0,0.5258512932327046
242,2904,0.7607584487556247,0.6863796626004836,0.775706119903223,0.7156342571466171,0.06344876589322024,0.8794064897263132,0.7754377511842844,0.7923231375479133,0.03966888480108073,0.0,-0.1559602015130579,0.6703159930968802,0.6904547096797432,0.573312209268446,0.46241607112739624,1.0,0.11888458919737477,0.391746900396526,0.4881144049332616,0.49822015874955455,0.7681579430184475,1.0,0.4850574436112963
243,2916,0.2715236222577076,0.4326820522287887,0.24766687395513406,0.4241757160278376,0.14690984214334638,0.31035192343487056,0.43863058825193413,0.780787444714506,0.389575396664323,0.0,-0.14300155859113572,0.22309566481994395,0.3814407418706516,0.5990272962573651,0.4638485100893667,1.0,0.17835633244388538,0.09176532543122222,0.2631234887190834,0.47645163355465836,0.643909457065716,1.0,0.6620355729339593
244,2928,0.7152445332841082,0.6956312833887139,1.172944694097559,0.9144862050305115,-0.37332909383535706,0.789233321572867,0.785605705426586,0.8164817384658489,0.14069312068880144,0.0,-0.10344544396450361,0.36114319326974376,0.5058606911093461,0.5377768144153803,0.5707206158038712,1.0,0.4950773106764996,0.23864721614515017,0.4076969393028267,0.4858551005430661,0.7802438822938592,1.0,0.6663417823700372
245,2940,0.2652821289925776,0.43386943282949497,0.19962377640040038,0.3594255629719096,0.3107015390730368,0.20120055998836076,0.3523163863333627,0.8775044735049379,0.6343687238187844,1.0,0.24156006756870452,0.1576495571815558,0.3383400334097882,0.5889858193932052,0.44873990306732425,1.0,0.4057286942763991,0.10580590380627357,0.2694786233355502,0.5059856870275843,0.581968367623749,1.0,0.6011570616985136
246,2952,0.27488130035604136,0.3990956972868278,0.8212236644450307,0.7138738362028526,-0.426065850415047,0.25231807636698217,0.42871867608960484,0.9191649323581739,0.42911555232533266,1.0,0.08208351735761599,0.548259426307517,0.5733080769914704,0.6542182106456423,0.029968881623828224,0.0,-0.9945315508817125,0.237228735833977,0.412236165650755,0.5611367125042885,0.2869609067049538,1.0,0.13697754075411717
247,2964,0.5344503467122915,0.6557484080304801,0.34575126507630527,0.5207168329082094,0.31931472469596,0.15705282401112597,0.3047455787845705,0.9365014440063538,0.7085689647750609,1.0,0.7061414124300838,0.20585313724233822,0.39553176124817907,0.6791451383760865,0.575114161155929,1.0,0.614832063429918,0.17073207196486265,0.3527892316146383,0.5374604969008123,0.6927991807278125,1.0,0.6805464286530398
248,2976,0.19259301039074428,0.36984469631386746,0.6971893996349136,0.656963533108061,-0.07059779159522754,0.2157386913957362,0.3724673049843717,0.9613679070609855,0.33571136543056623,0.0,-0.12017923681670784,0.15708830626655076,0.3175442736262983,0.7251027154064914,0.30559978310817637,1.0,0.1843509484179069,0.16396572729887313,0.32139260784911117,0.5860146415394935,0.2830250690855419,1.0,0.14864133975470029
249,2988,0.857734321036129,0.8616136156402473,1.16997443417464,0.9929443829245055,-0.24935493838342787,0.09810346120742085,0.26051196757410755,0.9686947690527437,0.8032996237614178,1.0,0.8856248854669666,0.20701801935211459,0.3769564282261603,0.7064543887541849,0.6771287651551423,1.0,0.7586455219583144,0.1720650378678709,0.355015933327161,0.5678803230609717,0.7092278370581898,1.0,0.7993958809296343
250,3000,0.38643177974748655,0.5626903866983611,0.6215769572603991,0.717614076555229,-0.051471932953615476,0.36340167894486836,0.4552000980165307,0.9763409268874262,0.1942294736101057,1.0,0.05959680856907568,0.4199781444890278,0.5445668881197229,0.716288823578151,0.14309328405400273,0.0,-0.08681057433594641,0.38307140996394157,0.5262484121409834,0.6057572689491807,0.15475634964796625,1.0,0.008695893970575685
251,3012,0.4798569596851225,0.6626415287351602,0.4607494991196847,0.6307099306101952,0.06540025371545685,0.20202454547717394,0.37519323890836587,0.950218153454685,0.8047191805158498,1.0,0.5789900690202754,0.19022317512979417,0.334950859158877,0.6546107374682298,0.5769689631684599,1.0,0.6035835861282146,0.18034148790983054,0.33280227737028906,0.55255280161504,0.5649500816896652,1.0,0.6241765712262068
252,3024,0.0814014109627996,0.21633922746994383,0.180811592213899,0.3638011907811031,-0.07908772157809585,0.13886621956576603,0.2867468045767565,0.9110846896429201,0.25517025350354233,0.0,-0.7059436430312962,0.16535602849540385,0.31824366572183155,0.6258209681508855,0.13773781011338845,0.0,-1.0313656303939434,0.03634661237993581,0.16029002584262278,0.5709888832504081,0.36480059119606656,1.0,0.5534891600767682
253,3036,0.0879504690597741,0.20330843731025036,0.11366277047220714,0.2993350617635085,0.1737846103542142,0.05354455103244948,0.191471109118717,0.9056850679427619,0.512177924865535,1.0,0.39119652680807426,0.0442771254805658,0.1630234525598447,0.5944064610824291,0.32124343453830984,1.0,0.4965674890207399,0.026094833937620975,0.11587727279690441,0.5476012224542504,0.4196106934796241,1.0,0.7033007985450761
254,3048,0.17042216057351134,0.29576901112596854,0.05430479760516655,0.18634950756622404,0.4921750014103359,0.03735398855938723,0.15924696065527233,0.8846553350079759,0.5432909613774053,1.0,0.7808149571999198,0.024342657998960043,0.11915235638090231,0.6060413318611848,0.5869462996631014,1.0,0.8571626018761811,0.02284257546598788,0.11352490157726396,0.552737701300428,0.590795171853032,1.0,0.8659647584027972
255,3060,0.10670980253370747,0.25486834568637995,0.1043229793211441,0.2667029865989561,0.20651637603835304,0.055172117987858905,0.19440645431713766,0.9059212170548436,0.3616200910108018,1.0,0.4829704799572546,0.1027449955728225,0.282491193904174,0.5629201421602795,0.5015176829014922,1.0,0.03715503980651236,0.058710308853648974,0.21744909931930131,0.5410668885899667,0.4875003369466726,1.0,0.4498133492927834
256,3072,0.2537770383233227,0.39554035131654236,0.1115196060729069,0.2576097150609131,0.37592265837831296,0.13725455336316872,0.31106804056587073,0.8692365640883777,0.528571232439204,1.0,0.4591529861409266,0.07788140149272671,0.20540746387680664,0.5474062597353588,0.5706004526329548,1.0,0.6931109212745146,0.07025406505499536,0.19373953739681457,0.519241920820394,0.5706004526329549,1.0,0.723166187456689
257,3084,0.38418416330653876,0.5245447780671012,0.80111471098003,0.79010755320622,-0.06585474417359563,0.4467795317101178,0.5871442813149483,0.8711894051991307,0.11138186840128009,0.0,-0.16293063166592447,0.3995739051372953,0.551133498315881,0.5484861436770739,0.13820468449412665,0.0,-0.04005824107454714,0.6001150688185779,0.6857261101340554,0.5152716958827642,-0.022948367291890738,0.0,-0.5620505115400836
258,3096,0.534743868219374,0.6359770436534687,0.7503604131090609,0.7385036768782395,-0.359681939902319,0.3943287210139536,0.5429696465789635,0.7085348023513719,0.41954631964385847,1.0,0.26258393139314373,0.42476494582274227,0.5888976329506187,0.5208388659419978,0.34793671729409076,1.0,0.2056665423071553,0.4189496429107968,0.5743495297987228,0.48572690003726676,0.356109989321891,1.0,0.21654147376043154
259,3108,0.095177096142559,0.24953309889863595,0.07625143990328213,0.223727319407279,0.15163514882565637,0.07993016849310126,0.25609831611203965,0.8415541950664522,0.5125742299537774,1.0,0.16019534391572998,0.06393980016461917,0.217490025182544,0.6395461884457474,0.584153633163998,1.0,0.32820181791585346,0.03266848253270093,0.1502230580803474,0.5739219635557637,0.6410560446477572,1.0,0.6567610921458548
260,3120,0.3069157787910643,0.46862786510214294,0.565991028760222,0.6790216931260654,-0.15297330711046345,0.2531227887148519,0.4582715377715542,0.8631285740027561,0.31182230076450473,1.0,0.1752695488257463,0.2791774636899331,0.4713900982290891,0.6687232253078623,0.22908575673730733,1.0,0.09037761176825743,0.14554437468950834,0.34808322166846883,0.5781443877651008,0.6230843876252873,1.0,0.5257839943491827
261,3132,0.1566299058587327,0.3034893367742569,0.12135971763421483,0.3228816056551313,0.2935686283112088,0.25210440840519993,0.47529189712772074,0.8574445028232145,0.06825054733059108,0.0,-0.6095547464133533,0.22528951818696763,0.4487246510294516,0.6535713235569015,0.15093879640448643,0.0,-0.4383557019446864,0.17878669069934802,0.38684180727822093,0.5657641759612414,0.20375995019479237,0.0,-0.1414594787575172
262,3144,0.1309670336218958,0.27026757542322405,0.10627267451022182,0.2610528804375091,0.11871274099624193,0.06442076292489474,0.22295072497656174,0.8943704290251737,0.4470835430803377,1.0,0.5081146671544944,0.0336485373380578,0.156595675464739,0.6792418586973155,0.575362402991688,1.0,0.7430762810494606,0.04515347928495398,0.1833023462939726,0.5958986750357782,0.5954842096744871,1.0,0.6552301901002592
263,3156,0.11691226478549621,0.2908217398782506,0.11986493360559565,0.27644843920802586,0.10490978825868949,0.08284958803705998,0.2360265187138849,0.8720141946449177,0.48898772338344276,1.0,0.29135246683427474,0.05102224151580601,0.19588014694383685,0.6750583819996017,0.7143500775879497,1.0,0.563585209734679,0.06381287758461845,0.21531410758829236,0.5963944412159716,0.709550089925602,1.0,0.4541814949723316
264,3168,0.1077000485886892,0.27935777098052156,0.1995321829058128,0.3558923108221885,0.10495953010038458,0.1155025148616371,0.26421212196274513,0.899567911132831,0.3402867508980866,0.0,-0.07244626511493801,0.030247940729076245,0.12969375000168368,0.6865277493720945,0.609373903844448,1.0,0.7191464523419637,0.02210764967857883,0.11114870553591782,0.6087576305411891,0.5967250194458783,1.0,0.794729436353285
265,3180,0.27172561284720675,0.4803076558986103,0.24327304524941495,0.4454340283229656,0.11277175032689699,0.049634197466704146,0.18063808526024963,0.8778037033537232,0.7286055793735955,1.0,0.8173370668056463,0.10878962747175087,0.2566215753680621,0.6580196337718518,0.8509451948503838,1.0,0.5996342548211528,0.04189973276015504,0.1467908362336466,0.5836247159650969,0.8333694743427096,1.0,0.8458013128717625
266,3192,0.06036277793926942,0.1965785880732148,0.06018924734891353,0.2031377880130362,0.03466940412746343,0.11205669195207572,0.2730522422361458,0.9295338871259574,0.5455373639104646,0.0,-0.8563872601227067,0.09024907534232403,0.2530547140694163,0.6687338906394278,0.3005573949677305,0.0,-0.49511136537027856,0.11165763207536035,0.2722123487939885,0.5902309702830182,0.4716428335799973,0.0,-0.8497762344154924
267,3204,0.12875969652178323,0.30428143320721274,0.09755432915638196,0.26506011510887967,0.25168232721797806,0.16248733870786405,0.3357640700167032,0.9271547691958038,0.7633531778128677,0.0,-0.26194254178266774,0.23099898438526686,0.36793048517642596,0.6720083646248317,0.5898595764975634,0.0,-0.7940317554739424,0.09299881134234496,0.2534924341300088,0.5929740581830814,0.5040281674016034,1.0,0.27773353110838017
268,3216,0.08586221265378285,0.25269282884162286,0.05056314699728363,0.16924706323031732,0.38511048805354386,0.4260964323404484,0.5749215951056059,0.905629830303311,-0.4531463063776597,0.0,-3.9625605859771165,0.1712065033321369,0.3503770354010098,0.6667621278468268,0.08628201750704223,0.0,-0.9939679870874376,0.2143796269368949,0.3981078922726291,0.6115292724903056,0.03734199738477103,0.0,-1.4967866574942024
269,3228,0.034075062538979864,0.147382998041707,0.06698266476305072,0.19673178125362334,-0.12244820078642302,0.08204987381948219,0.22666306721259663,0.8844110011532755,0.3931142058542935,0.0,-1.4079155753748642,0.043156829306640075,0.16750462174873396,0.6648586236853803,0.5419138142039559,0.0,-0.2665223800329406,0.04604164882964593,0.17291536849745537,0.6195473874393933,0.443319616178161,0.0,-0.35118310573830924
270,3240,0.08061111753362622,0.2532857872501815,0.07076594613396574,0.23573835872441942,0.18264274232855873,0.06783596004362587,0.21185640045977386,0.8787022473333408,0.41663788261813706,1.0,0.1584788535485978,0.044275362829398916,0.17497713156379105,0.6791016817591518,0.6741538420475848,1.0,0.45075364063859014,0.04089434606935777,0.1615626608010421,0.6285121027825733,0.6855542935749241,1.0,0.4926959540996433
271,3252,0.08255633988993052,0.26059786048279293,0.0967638626108031,0.26125732134148966,0.025197023677871817,0.1422457177418491,0.3219793705119602,0.8834119244244969,-0.020542980096819163,0.0,-0.7230138585540533,0.065984868810204,0.21410637882034975,0.6903590637800259,0.40085411857175224,1.0,0.20072923656524355,0.11407862566593135,0.28768570651245456,0.6320464606622954,0.07066256728169344,0.0,-0.38182755943430124
272,3264,0.030093743611556326,0.14855959363585544,0.0715653300444411,0.23592981498122942,-0.07019884758516196,0.03710553936802249,0.15966592438092111,0.8300048250855955,0.4673128977435427,0.0,-0.23299845466130553,0.146571394335922,0.29533753822792697,0.6724148630269132,0.6908201232215262,0.0,-3.8704938882923487,0.06687945709288072,0.20175634409561038,0.6219866705549153,0.49651843245703386,0.0,-1.2223708009261527
273,3276,0.07356040396685795,0.1794074641664616,0.07243382757721976,0.15213709757584348,-0.011540994443353913,0.10068358567679155,0.252175145212586,0.8256037586558167,0.1351801255913714,0.0,-0.368719858065947,0.10910357027141904,0.24889562392524153,0.674757798494362,0.05264814886120003,0.0,-0.483183402861338,0.17304165252744882,0.302457667527216,0.6235717195967801,0.002434496209508219,0.0,-1.3523749625601749
274,3288,0.3455846161428864,0.33921616264915205,0.28249185608196553,0.3817216574194046,0.3778969700392169,0.39933193542490525,0.3573673817919038,0.7688605992520203,-0.08020710423723643,0.0,-0.15552578665653427,0.6261306327772106,0.535501764678312,0.6424117723114058,-0.49049678127959656,0.0,-0.811801230522162,0.5807340301518199,0.5021622244839868,0.5998127502821524,-0.4381009487776012,0.0,-0.6804394727793901
275,3300,0.7655431817094195,0.5806756191018237,0.7606339012516475,0.5788753084062193,0.07667300349927267,0.6736060384310839,0.5548208601922742,0.7356818070668055,0.2669016735817441,1.0,0.1200940005409552,0.7744162699723757,0.6127506353749484,0.6459624593202021,0.08380189312373768,0.0,-0.011590578395777706,0.7079039750679642,0.5772670916435184,0.566220944703911,0.11295298523077824,1.0,0.07529190778337258
276,3312,1.1413033647091348,0.7922802578486117,1.2210970694719052,0.8136737380469988,-0.09598992632784444,1.1894255589376563,0.8526048842805302,0.7847351863060925,-0.04405953979442584,0.0,-0.04216424459660262,1.168068992513105,0.8540485688770255,0.6651701882515975,0.036931537804153106,0.0,-0.02345180837243155,1.1564713311864319,0.8348534900639155,0.5804929864317491,0.10183856534088945,0.0,-0.013290039218593508
277,3324,1.3423919413108105,0.909410515433145,1.82047157464417,1.1006709385192395,-0.5608100628679124,1.240739891428085,0.8710748023184752,0.7829599355874372,0.242077664873288,1.0,0.07572456803000849,1.1442614437564984,0.8468282541312426,0.6564037208078624,0.37964980949127447,1.0,0.14759511842781392,1.2961552428904277,0.9052327823443743,0.5899932225767082,0.1427726789614398,1.0,0.03444351608311491
278,3336,1.3346345728952083,0.9684754094840603,1.0024843510972918,0.8463501481957311,0.580069951733333,1.5324748144480111,1.0301112252139106,0.769891914822732,-0.2132961120863616,0.0,-0.14823551372839838,1.3288242022098364,0.9762808448042525,0.6341880975957354,0.03970162720287931,1.0,0.004353529275633483,1.4172904507692088,1.0046662358066396,0.5907971006992209,-0.12904367950563095,0.0,-0.06193146764862845
279,3348,1.0025033282010078,0.9161304920630003,0.8662901533212272,0.8537994442459781,0.19773065942705279,1.0077197781410907,0.9149168814854861,0.6623066464894034,0.029517269858375484,0.0,-0.005203424061887008,0.9747895588302882,0.8978257966186941,0.559683040472124,0.11193139673191585,1.0,0.027644565949174527,0.9791140153630374,0.8997161362552356,0.5437081612078352,0.11193139673191585,1.0,0.023330907918223565
280,3360,1.4720526938179017,1.1508438445921614,1.4051276215717365,1.1299183412050011,0.15175436294868275,1.7449143858970386,1.2579419756775012,0.6466110238924057,-0.5219334545041017,0.0,-0.18536136187587515,1.716888444887686,1.2530453408122455,0.5411972690445961,-0.5562029360196208,0.0,-0.166322681312977,1.5626350161207065,1.1955688214756501,0.5273560743788183,-0.21673556245472597,0.0,-0.06153470095412916
281,3372,0.11840293073043477,0.28529769244816056,0.17328255378543003,0.33966297960718356,-0.17621709369798796,0.24539712642061615,0.3976885260512441,0.6408117891257338,-0.2936019915290756,0.0,-1.072559563405623,0.207321297131428,0.3607445705537735,0.5538588412094224,-0.0998924790932931,0.0,-0.7509811273458393,0.22048024696558324,0.39104559956142265,0.5258117180253818,-0.0899428385184869,0.0,-0.8621181553989195
282,3384,0.17453437291793175,0.34378082299078055,0.7718210935013539,0.7559898410439395,-0.13423025382134587,0.057005602373442626,0.19817498730633606,0.7478327977266368,0.6204506193300959,1.0,0.6733846667541679,0.19648894227303848,0.38518418642768,0.5811297005623409,0.21434266520198425,0.0,-0.1257893731077835,0.18530408168822135,0.3699826561706579,0.5243364788492774,0.2624791859481531,0.0,-0.06170537407753862
283,3396,0.31897785173399684,0.4712147758805488,0.45429042677718695,0.6064612278217336,-0.09593031990580828,0.029408412480050276,0.1286736697464902,0.8382768787910099,0.7299354697260076,1.0,0.907804218003905,0.37292527694059263,0.5145450708916414,0.5903451161088178,0.15677936965650616,0.0,-0.16912592806469773,0.033943503076646286,0.14441335327536434,0.5523176637699172,0.6077027623218884,1.0,0.89358664593129
284,3408,0.41556758393666104,0.5305116183177051,0.2685923703013208,0.40402541445362045,0.3350275791708229,0.08140478703099198,0.22413782363777113,0.8498727253056527,0.5911289573693009,1.0,0.8041117975087313,0.23142644891865172,0.42880292332128755,0.599829023852976,0.36960162471497177,1.0,0.4431075525036027,0.05209136403809633,0.18712686854287375,0.5522174288582884,0.6975101917843819,1.0,0.8746500784670542
285,3420,0.17291199855524808,0.2811417441519708,0.4734612135880034,0.5807323068540541,0.25019416703623865,0.221349706613951,0.4022948219812091,0.8635868276935914,0.452154437247456,0.0,-0.2801292476139319,0.06542272857696212,0.21225758671711425,0.6279790651877919,0.45928159399572277,1.0,0.6216414758744545,0.13863551500455212,0.3095940706534268,0.5861237255494942,0.31790484027500804,1.0,0.1982307985396634
286,3432,0.251777536593003,0.3558230104165154,0.01635976631694199,0.10080509774400721,0.5465422231511023,0.32334843138083286,0.46543096816250235,0.845765557230353,0.08241387400620549,0.0,-0.28426243165419396,0.06001655498395351,0.19715119957415495,0.6209893385281033,0.4879446864236169,1.0,0.7616286353576891,0.08476299825341117,0.21448807879156614,0.565112347428228,0.5544519804482414,1.0,0.6633416967994643
287,3444,0.18185884981203773,0.3121717386881209,0.84240874330197,0.7703305294962188,-0.1847396126024315,0.018512312983435853,0.10914145275075353,0.8467570517088717,0.6110381419438294,1.0,0.8982050474718747,0.019487634710241977,0.11896014758797376,0.6269102727308875,0.5474203089548071,1.0,0.8928419775535607,0.04389790144003989,0.1707838543704734,0.5646044896519052,0.5229745020761751,1.0,0.7586155335007834
288,3456,0.2305081958924239,0.3726227063121874,0.48805122170215415,0.57691772984062,-0.25565541676677667,0.051642130332971235,0.15617172841017343,0.7724321742031942,0.8187471295997135,1.0,0.7759640166674501,0.02627165731292629,0.1397492746605848,0.5871442087716842,0.6179295446521433,1.0,0.886027231217466,0.016859808708759857,0.0999842801450267,0.5328318956619935,0.7183595628217174,1.0,0.9268580943793071
289,3468,0.27629361225177157,0.42282759013460147,0.1724905339348577,0.33020950763091594,0.3040002157647473,0.2924010394955417,0.49456981800591643,0.8698507051733815,0.15559132285893057,0.0,-0.05829822525571915,0.2741616554517028,0.46826929856863214,0.6681174274502978,0.13088792536555735,1.0,0.0077162724924890735,0.2702357531793249,0.4651814165444841,0.6144820243912736,0.13088792536555735,1.0,0.021925440197750445
290,3480,0.26792493531682676,0.4255628408447775,0.3051637635450302,0.44893100813313797,0.03434651982633437,0.2079524830843237,0.4023574942507541,0.9086447795543531,0.3076950613618156,1.0,0.22384050279450252,0.17296192607416513,0.3610808264466446,0.6928432874613032,0.44020304869560256,1.0,0.35443886225209276,0.1697440535328498,0.3580246406792284,0.6342820932440356,0.44020304869560245,1.0,0.36644921335103076
291,3492,0.145195420578434,0.31769943914579607,0.29681133842389046,0.44398127879710314,-0.18106452704479747,0.07308911470746399,0.23036198770295271,0.8819843462375611,0.7114022851983582,1.0,0.496615565309916,0.07965855044363658,0.2289418532410603,0.6776181115740771,0.6813608417133065,1.0,0.4513700905559528,0.037510817422470345,0.1643125250221754,0.6231242272174378,0.7837131541222613,1.0,0.741652889099163
292,3504,0.18143013968772614,0.3273740479426655,0.31688850579179667,0.45481056935925873,-0.10282933894316967,0.04691069281808973,0.17068777693169004,0.9159760200603012,0.5709484895107122,1.0,0.7414393611842472,0.15707132796470474,0.2665610952510683,0.703471603400218,0.21913827500867863,1.0,0.1342600064407562,0.04296744776647252,0.14546969276301414,0.6294387814331989,0.5570324283896351,1.0,0.7631735948590063
293,3516,0.1131073293234869,0.2791739147881882,0.12427566672575734,0.28494317733231184,0.0179939848273169,0.046926671717519776,0.1849360053298417,0.9061373946522979,0.6936606038145492,1.0,0.5851137853029,0.14296179295221056,0.2663855650582693,0.702783751771579,0.5006606339945193,0.0,-0.2639480907849916,0.024407608093213715,0.10724219736319561,0.618982630874384,0.5991221535518818,1.0,0.7842084307073685
294,3528,0.18199994847014137,0.32124393836821247,0.503485029791174,0.5594101697709494,-0.44431886708044016,0.14151485899280244,0.3331941444983159,0.9346674017982292,0.4819001914615935,1.0,0.22244560956005344,0.2847322885964383,0.42852838868048115,0.7076752479145549,0.10573700446971261,0.0,-0.5644635671045315,0.06656805977466952,0.20020285023034456,0.6318145070469013,0.514325657602867,1.0,0.6342413262518556
295,3540,0.10760660115323199,0.2584227715396235,0.09355802488111788,0.25951018661940667,0.23395637292240767,0.23325306773504642,0.41495890083674175,0.9218586943644425,0.3919317272525662,0.0,-1.1676464569575398,0.49816811497862573,0.5877985646248486,0.6887987175023323,0.25720568331893834,0.0,-3.6295311778246155,0.0664955244227846,0.20454642781058333,0.6223591827825479,0.45697684900138685,1.0,0.3820497654405527
296,3552,0.11453925465698378,0.26909191023633583,0.13695768395669647,0.2847975109492078,0.20254601984216053,0.18099890580844127,0.33738070409515575,0.9270563292991459,0.30192854000345853,0.0,-0.580234709493155,0.04876285709623022,0.1732460494744832,0.7052142065701643,0.44845424787658583,1.0,0.5742694743189773,0.035253463961708774,0.1523128597640355,0.6242021813220989,0.5100777751889807,1.0,0.6922150046524747
297,3564,0.11000141355956727,0.26454704827519554,0.20843896227727418,0.35988233663886343,0.16961544147996566,0.2685029510922698,0.4510923426557505,0.9164809393721726,0.40922708571777644,0.0,-1.4409045520753399,0.12987082217282628,0.2842485373611346,0.6820918175049467,0.5248804514530011,0.0,-0.18062866621708862,0.0954114438066088,0.2605220034729448,0.6098173881064719,0.45475900364617033,1.0,0.13263438423959706
298,3576,0.20575142513490474,0.3540354493888653,0.03758879699062512,0.14739303649020483,0.44025869295020836,0.06434102961921519,0.20387471045733008,0.9156202460062556,0.6387860223334272,1.0,0.687287562761576,0.15886477190058715,0.2880784001187588,0.7074938838831552,0.2670744373515831,1.0,0.22788008979075347,0.1029812424066519,0.23659554284177522,0.6140590921608967,0.4456997995671731,1.0,0.4994871003244311
299,3588,0.15009675342735876,0.3342913841041459,0.028643842621608,0.13572117069414244,0.3289825484046043,0.02695271939328389,0.13414241709600508,0.9196791211977932,0.6752606167471568,1.0,0.82043103013332,0.036891338182248774,0.1602688273943014,0.700218464873959,0.6956492185131982,1.0,0.7542162815659913,0.09055105475115925,0.2607493384720882,0.614122545519448,0.33468849329233946,1.0,0.39671543398850007
300,3600,0.16855400063133197,0.31334919780310955,0.6593128170799735,0.755610015306397,0.21360912909798396,0.20826103800756424,0.37796786624082984,0.9179521178802563,0.4294776862292893,0.0,-0.23557457685671368,0.04578745124008512,0.17242556060652778,0.7180558272065517,0.6510911282658084,1.0,0.7283514418608594,0.03375218115756314,0.1455597981463944,0.5957217269822133,0.6097367371386266,1.0,0.7997544939239546
301,3612,0.19545067199493127,0.3803092320226152,0.3586948595643298,0.5005529782285042,-0.1045821243730343,0.07076683476965828,0.19875517344999358,0.9100387785740065,0.762440173847241,1.0,0.6379299490385302,0.04130059398177006,0.17123729365418824,0.6935980768572969,0.809353591778892,1.0,0.7886904477727192,0.05519597830873121,0.19743164470055605,0.587912038090468,0.6737657797099084,1.0,0.7175963748532794
302,3624,0.16664852898307603,0.31354792507628265,0.7734944386581915,0.7317287906658269,0.13583433684247295,0.05799489666027252,0.20481404869724276,0.9329832474734541,0.6584825344509462,1.0,0.6519927477657952,0.037369121078269896,0.15492894189197756,0.7167869949497309,0.6414977869855043,1.0,0.7757608704600992,0.04221794129277475,0.16710758765006808,0.6144905246539739,0.5266382646884237,1.0,0.7466647827592754
303,3636,0.18429797944868131,0.35246503169551807,0.2790224020666922,0.4460825393341361,-0.1357805879344201,0.1431606425337597,0.2937874139683421,0.9293944571411566,0.6276051788610302,1.0,0.22321100338691724,0.12460825350213332,0.26526926252322536,0.6986281716551297,0.5663578540178894,1.0,0.3238761820672532,0.124884366488086,0.297466219770624,0.6012598419489702,0.5481449522399372,1.0,0.32237799425869085
304,3648,0.19409521114733397,0.3528638136800571,0.2216348541670349,0.34729333162087234,0.19766958865502743,0.09198462784767425,0.24027369610245874,0.9386479249931472,0.5245155410398821,1.0,0.5260850213462995,0.07605489808651333,0.23242024534268246,0.7019956463491441,0.46369317962985634,1.0,0.6081567513338517,0.07832011891574663,0.22673124200538516,0.6217664761091793,0.5431864492275121,1.0,0.5964860830270804
305,3660,0.35359183109317965,0.513485337383452,0.12214737547016086,0.28083899957985375,0.5836105530002751,0.05609424342425984,0.20257799351898612,0.9214182712822897,0.6337090492752886,1.0,0.8413587688074228,0.12098594411121531,0.285127597727852,0.6805433808939464,0.6627101304481657,1.0,0.6578372759993635,0.10656138369399952,0.2646091488466669,0.6112879916840237,0.6532934923721394,1.0,0.6986316585296957
306,3672,0.22575530172706856,0.4052240232233988,0.22028095670779682,0.3951929306837551,-0.0034267267798197667,0.03339926620233966,0.14919486217460007,0.9396064340690895,0.6211502051830766,1.0,0.852055451425374,0.11246169191184831,0.2569047969777219,0.6949687779365004,0.3929718371022414,1.0,0.5018425212985202,0.19096977378913085,0.36814675600690255,0.6116520013920426,0.3134218294173299,1.0,0.15408509865248865
307,3684,0.4760660406734874,0.6051681970616731,0.19655332102950954,0.3788602332964995,0.4495458471384374,0.14682759158360348,0.3435728000821159,0.9378762578621753,0.7585056657361038,1.0,0.6915814634123294,0.1328127212039191,0.2713042169020601,0.6868877393057329,0.7016196770734318,1.0,0.7210203840290103,0.10882079023068407,0.27120821744159085,0.6117944268674274,0.7284752785984276,1.0,0.7714166083412797
308,3696,0.14818042265776396,0.32540443579851913,0.16880538598010011,0.33574603642416073,0.05651042677455488,0.07342194502030455,0.1973868723689994,0.950687044448018,0.6247486773421059,1.0,0.5045098151064182,0.08513869094236386,0.22992200459036702,0.6863304447666145,0.39890286193750485,1.0,0.42543900594075545,0.057501348848528866,0.19250166447001674,0.6199770133256274,0.47716479267537365,1.0,0.6119504330114282
309,3708,0.1544528612810153,0.3418049012276272,0.3298990155356773,0.47200157136747967,-0.23492112168765464,0.1945866334225925,0.3918975260255116,0.934354746130628,0.7097174413592835,0.0,-0.2598447954198586,0.16541249891216958,0.3574425200375945,0.6928837676180818,0.5186946745343792,0.0,-0.07095781548011626,0.09329057129699075,0.24844964359385946,0.6275180933490679,0.5291902013107375,1.0,0.3959932465915563
310,3720,0.24243238482021043,0.3787465379958073,0.0881696894813011,0.2302527359398252,0.3974622348146703,0.07158668624473923,0.19211109038662957,0.8907850535231624,0.5994288047515337,1.0,0.70471483709642,0.30636835663915557,0.47243163167838825,0.6679994126992288,0.26964765182136297,0.0,-0.2637270258524269,0.1348764368610785,0.29686650704673023,0.6117800810535586,0.522086858839196,1.0,0.44365338417512235
311,3732,0.13030039660306905,0.3194780082374708,0.22191169376664796,0.4249949979693463,0.2226602693081361,0.05145751083466179,0.17446146055388514,0.9078824384225352,0.3640927447713276,1.0,0.6050855394445531,0.08230105236656264,0.23116702341366044,0.6847583493790653,0.3935038373094792,1.0,0.3683745060479413,0.10671102787980456,0.2722215360405486,0.6127862114780487,0.3015197881070961,1.0,0.1810383493699118
312,3744,0.09138463986688801,0.22799655386179998,0.23405877909549333,0.39564986192892815,-0.19014539831998953,0.028884983645979856,0.13228592556645555,0.9203961178665369,0.4391736835228106,1.0,0.6839186138058422,0.16466533317727955,0.3505490211844487,0.7109073377428379,0.49074837692145773,0.0,-0.8018928937853571,0.16278393214543763,0.3485264711287368,0.621535786251405,0.49074837692145773,0.0,-0.7813051775719717
313,3756,0.1403551902868199,0.33628123625065975,0.14574568045861877,0.3238722790200077,0.03543138387951463,0.07498639308333571,0.24600307023619705,0.9290744675067625,0.64272970512309,1.0,0.4657383675651834,0.14164156478365944,0.29664115059559276,0.7134764554306435,0.30221970661909126,0.0,-0.009165136638059623,0.1410330982758976,0.29589370403423315,0.6265846043338864,0.30221970661909126,0.0,-0.004829945994105245
314,3768,0.059286840013241575,0.19934889498543265,0.5258463867975484,0.6061549291659469,-0.0329837805630256,0.051625155972267384,0.18597732503490336,0.9214598280864514,0.4852887636228697,1.0,0.1292307709310021,0.1170259335625365,0.28561391593962376,0.7141341917837775,0.5171450512223921,0.0,-0.9738939288449011,0.09029054396782786,0.2525165159624178,0.6251751358956814,0.2846649392247408,0.0,-0.5229441128530663
315,3780,0.07234550968384248,0.23571014627708461,0.1807442919904034,0.3279619940112835,0.3029185139156892,0.1646022518440046,0.3375589942536239,0.9375733023680579,0.6935633279772466,0.0,-1.2752241647523643,0.046178237914283715,0.16450431823240563,0.7102467099410281,0.5895728359378616,1.0,0.3616986304182873,0.06868260690413247,0.18423359165012423,0.6161649231122943,0.5715236504333433,1.0,0.05063068593638065
316,3792,0.06295161822589311,0.1847418277104466,0.11773024998287714,0.2668053184385767,0.6496115811419119,0.07241860077738631,0.22477528027564322,0.9386939977932258,0.374373168094703,0.0,-0.15038505471808916,0.07539223739491523,0.22618288959956132,0.7204723068641307,0.2900140328381703,0.0,-0.197621912186287,0.08227871357357325,0.18949572160847583,0.628476002146131,0.6908068446890215,0.0,-0.30701506795786493
317,3804,0.08247030165706513,0.22503828924763872,0.650326252673117,0.6424693229709572,-0.21261573904771103,0.16684926919938894,0.3356380493692157,0.9392368895186642,0.27948106674386075,0.0,-1.023143675322002,0.18323433887525042,0.36188355036262854,0.7071376749756814,0.25632805294794114,0.0,-1.2218221007265222,0.1168251156372103,0.2960986760815574,0.630155659661749,0.20999479224056708,0.0,-0.4165719451712717
318,3816,0.08530897820583448,0.2230578415033603,0.2815154849543486,0.41245799495658786,0.10594247023457389,0.12061546089196014,0.2738816265516924,0.9292728152944087,0.28877764915579146,0.0,-0.41386596614646787,0.19915218948294192,0.3396312909363988,0.6864671012739997,0.0782227363018596,0.0,-1.3344810085806587,0.19475039628534238,0.3110824992873505,0.616500761968138,0.09108986278724018,0.0,-1.2828827678072336
319,3828,0.16191521097991798,0.30227722491954534,0.14643201594227875,0.2989993771533487,0.08356407192610552,0.07090778726396835,0.22326435846538883,0.9146360160576087,0.5154057246556178,1.0,0.5620684008943242,0.1843200204931843,0.364350954895682,0.6919698184619916,0.12686766636826238,0.0,-0.1383737165746901,0.23076994654966546,0.38682874278847246,0.6116579665173014,-0.07688935249593273,0.0,-0.42525180403394836
320,3840,0.17136830076433376,0.3173032927434826,0.21642361235353946,0.3676925365161993,-0.0854207011530844,0.10342245262884642,0.26897780399763305,0.8845367458497956,0.404148422822397,1.0,0.39649017836108846,0.2585543161974348,0.45960025812652533,0.6767988354654216,-0.02176733803516493,0.0,-0.508763960687219,0.2661139012916082,0.4569313013980268,0.6058464894377875,-0.08257746196588371,0.0,-0.5528770496334028
321,3852,0.5196806161554891,0.6150450686793056,0.5076844403148563,0.6033446373643329,0.15066037329102686,0.2379315157907902,0.4200300925280039,0.8753097816166641,0.5489469457383185,1.0,0.5421581864050116,0.3395473251756204,0.5111907151106941,0.6682633954298149,0.3302445020732298,1.0,0.34662307074769283,0.707390036643056,0.7431855967589213,0.5871552698380655,-0.16642922581882655,0.0,-0.36120150463992684
322,3864,0.5314472493647863,0.6363600104296158,0.5625423813912495,0.6337628098471564,0.0228990351533761,0.40612569428823964,0.5884459776259404,0.8633955982833943,0.35555260629041613,1.0,0.2358118425231056,0.4162729538198103,0.5891075944506835,0.6843275796833383,0.3135747914151685,1.0,0.21671820803031416,0.6092117867233485,0.7268637988813502,0.5438387757315678,0.024278141789733042,0.0,-0.1463259758169988
323,3876,0.21603960186505264,0.39119150301219197,0.15862900974084504,0.3281250772988345,0.04525682718990419,0.04384386312212879,0.17807438485788174,0.8197045454854426,0.8101196245156395,1.0,0.7970563602986294,0.04595149541429435,0.1581509283936621,0.6515459093185172,0.7949453668624958,1.0,0.7873005920322073,0.051175118613359605,0.20045109841602402,0.5332611982550415,0.76511251073769,1.0,0.7631215843226479
324,3888,0.2086109217774875,0.39790653004692583,0.16516772246103695,0.3521436537641783,0.12317952745621126,0.0895812259627088,0.24811602396451118,0.7726215793085256,0.6117147805865477,1.0,0.570582282080803,0.09275461540015562,0.25579984761434404,0.6065500346522297,0.4547214735832936,1.0,0.5553702816236472,0.14360614101736247,0.3322104414009516,0.4746959028446359,0.299099016016,1.0,0.3116077538330503
325,3900,0.15932067439110353,0.3216458815936416,0.18659638603083964,0.35516426479064417,-0.05765837123392224,0.09300711225231652,0.2568191009515347,0.8178917667190081,0.5047157588861999,1.0,0.4162269736318036,0.0793801951987785,0.23737112579234934,0.6275346399182968,0.45840190546185317,1.0,0.5017583530690158,0.06871796398971096,0.22056694874196206,0.5284648272908299,0.48876654492480504,1.0,0.568681439164507
326,3912,0.2740236961375898,0.4117394204470412,0.5230031777243704,0.5667368403882939,-0.3414353624287502,0.11337657572997252,0.27326007517432593,0.8584905444537847,0.6459384011626919,1.0,0.5862526587005632,0.630041998239895,0.7272444670062524,0.6316235000867094,0.3765963164313191,0.0,-1.2992245091225438,0.1641311975079124,0.3203133234939802,0.5019744155473939,0.3954238736318089,1.0,0.4010328310238519
327,3924,0.1654173605973692,0.3449636870430619,0.16945568215357945,0.3372513766872342,0.1945300037768721,0.11158609046816326,0.2722787119217631,0.8708573178956677,0.37595869489226397,1.0,0.32542696809334815,0.09723679810054138,0.2645450162597435,0.6380607017271611,0.2936876118562672,1.0,0.4121729560344113,0.16338370103092253,0.33394153965029744,0.5096556420474359,0.4841719455719099,1.0,0.012294112051495332
328,3936,0.42149573258443107,0.5136728225928603,0.5442745811074438,0.5733143193497171,-0.07005833235468609,0.11498844553752592,0.27059838746749626,0.8303310361276004,0.8712025545435746,1.0,0.7271895379996707,0.4010580160824748,0.506163006768832,0.61322706284783,0.5027305392424003,1.0,0.048488549045659246,0.4071005924223998,0.500450131998016,0.48039805747021874,0.46725720862662123,1.0,0.034152516975122005
329,3948,0.22104603927441394,0.3844742404274782,0.19334986292750198,0.3662627598604895,0.06983353836066017,0.18370447959566275,0.32702655950005965,0.8440571777935446,0.3376325779066887,1.0,0.16893114122888275,0.17727154002898401,0.3241942761496894,0.6245526365845528,0.2235969295561877,1.0,0.19803340240395262,0.1368480334737555,0.297515707671089,0.47762940623665073,0.26472195429367656,1.0,0.38090710006403794
330,3960,0.595452754194536,0.6610769537421533,0.8582897261281027,0.7999311570634254,-0.05686066676884645,0.21882496890752703,0.3907560463979398,0.7989463325945684,0.4632544148268017,1.0,0.6325065803020262,0.13730540509527936,0.2834954477748161,0.5195325620625258,0.7116581253423899,1.0,0.769410076403104,0.19413152182838692,0.36206343942187286,0.44567029645568274,0.6859119978894754,1.0,0.673976616178412
331,3972,0.2271110116009126,0.38882351834845297,0.5781189105417449,0.6641438361854319,-0.585547948948945,0.4259668990871744,0.5780831531721183,0.8858353161423336,-0.016561074958705412,0.0,-0.875588929328087,0.82430492133231,0.8114935532332406,0.6208355725059361,-0.2751661560921223,0.0,-2.6295242380444654,0.2679927515154157,0.4673076610015992,0.5285499435724756,0.2777288195608106,0.0,-0.18000773994323938
332,3984,0.26566509806107746,0.42854002745581393,0.206267411473915,0.36683149458477393,0.1618023852630313,0.15764443037432715,0.31482332636361243,0.9252740886862091,0.43414816654346533,1.0,0.40660466307063015,0.134416479308299,0.29434339024463496,0.6284926055952933,0.4509487863183853,1.0,0.4940378683940029,0.07225684029197402,0.2202545575174867,0.5430137905077791,0.563857357439029,1.0,0.7280153064164948
333,3996,0.12954023956987146,0.26672395515697517,0.4197661743631318,0.5594580378282966,-0.23851905803381168,0.6109501112561734,0.7151853088384147,0.9552164089141468,-0.06494625835630352,0.0,-3.7162959809614904,0.7355768662726329,0.7950732842576173,0.6641331424962316,-0.2135922105958997,0.0,-4.678365801353001,0.32344996488594174,0.5194945953313421,0.5679523622691359,0.12014900066085651,0.0,-1.4969072618665273
334,4008,0.1794738277704073,0.33013585084677083,0.2353465999783678,0.3870264280573674,-0.018438609559722985,0.5039298103579082,0.6556788891678567,0.9644066566500344,-0.05146841446825392,0.0,-1.807817811756724,0.3591787193952358,0.5361456327561162,0.6468420352170213,0.052774655416981106,0.0,-1.001287451531467,0.1752285395198292,0.35737374659523935,0.5685382693181977,0.19069970300644068,1.0,0.023654079836135766
335,4020,0.23739108175316623,0.4289387759971428,0.361304792513269,0.4868566386937528,-0.2503003772476955,0.10585792881678002,0.2805453649219517,0.9488538744826991,0.8031151328849659,1.0,0.5540779037063883,0.06550952131499983,0.19755493265265842,0.6109526525880777,0.43924459910849417,1.0,0.7240438822250487,0.08233792151251748,0.23060281630958798,0.5706365826044477,0.37174159056358835,1.0,0.6531549504537388
336,4032,0.2758662091896308,0.47377339970568144,0.1537739236708043,0.33478047487834345,0.27373207859072385,0.17452402970479544,0.33266250091536126,0.936679446774343,0.4713227677813728,1.0,0.3673598871805738,0.12900563914781377,0.2666590759900402,0.6370368273645358,0.28162393640497296,1.0,0.5323615765527299,0.1882318018006693,0.36714900729031025,0.5537976370566823,0.08092933205284074,1.0,0.3176699590949955
337,4044,0.07123225511353902,0.21232441466626298,0.35492097649742416,0.47040703785280363,-0.28480971870360355,0.27820284666555034,0.48074663721777844,0.9123444025171373,0.494192175035959,0.0,-2.9055740439793083,0.26278597656282887,0.46105468878562766,0.6264343118437605,0.44049061804796885,0.0,-2.68914301735874,0.2163506584338112,0.3914306960109457,0.557456003964874,0.4262929248835666,0.0,-2.0372569012305455
338,4056,0.08878805212158379,0.24459215699284398,0.08933524754213208,0.2406650794615334,0.1268280434715431,0.05308438360425629,0.19148055635155062,0.8758747905738833,0.2963185533299251,1.0,0.40212244400221697,0.04607633733940201,0.17140327053169202,0.6526026808096388,0.42801134065622615,1.0,0.4810525038176713,0.08174069672601755,0.21355665036276802,0.5852857085017675,0.31172543387330276,1.0,0.07937278977486517
339,4068,0.11035726678820758,0.2923980067033248,0.08597641503989835,0.25031456817549497,0.3018447220670495,0.0802702392597181,0.22961842594803228,0.835987561165228,0.36217373982327,1.0,0.27263295299104384,0.059894628609284184,0.17343709427819068,0.6299234074994107,0.22279108525857905,1.0,0.4572661107652194,0.07481801793201014,0.2012091357163561,0.5676908379121152,0.22980913855749377,1.0,0.322038139313496
340,4080,0.06391858560505735,0.20753588976258253,0.06999691423691279,0.2164770328613402,0.11700114801438757,0.09520269518345455,0.24811268851780968,0.82225260854471,0.30480151405061073,0.0,-0.4894368247084919,0.17222868945642514,0.3275268560380572,0.6306380391500086,0.10237565266230317,0.0,-1.6945009471986516,0.16989083870118035,0.3250212435985992,0.5762453412308933,0.10237565266230317,0.0,-1.6579255015264027
341,4092,0.06314010954643816,0.20424401712058052,0.07372145615734076,0.21559794645573552,-0.003136178765851816,0.0597102020427581,0.2070303080313087,0.7788238439296646,0.23945200325613064,1.0,0.05432216586760019,0.10416405553345054,0.25179599994662566,0.5888290315693457,0.12511209010228855,0.0,-0.6497287743354352,0.10095299860914368,0.2608291930073616,0.540514658121301,0.06754137936479657,0.0,-0.5988727186938911
342,4104,0.045836814408865646,0.16102885600203,0.12003839324392496,0.3148423910732389,-0.12877171058227993,0.05191858095024643,0.18049202443008114,0.7717295712751245,0.3571568891456075,0.0,-0.13268301080287248,0.10192567412366256,0.2606821106961788,0.5986901051932534,0.13725568686443257,0.0,-1.2236640010469038,0.10304414676112783,0.26661370092179965,0.5375110944931523,0.09272830646376776,0.0,-1.2480651871216706
343,4116,0.05635022800940733,0.19110169042451597,0.09847640973205313,0.2663503860463476,-0.0011547664598753338,0.0437670485170335,0.18432713390277455,0.7895928913685631,0.41844894784157705,1.0,0.22330308034020985,0.09773404269070744,0.2515899539817766,0.6145214992132528,0.19236922306967824,0.0,-0.7344036775572822,0.10961171817908394,0.2712827642806161,0.5566861615383086,0.14677150728208282,0.0,-0.9451867729938008
344,4128,0.04452701604624704,0.16259430351981805,0.0731449951903964,0.2168755588558612,0.2910329770253596,0.11064606909917703,0.2747498210300618,0.719335378600363,-0.13472096050839769,0.0,-1.48491991882539,0.07976132695733401,0.23444238987098495,0.5870963794357893,0.059498661158455035,0.0,-0.7913018665901979,0.13900185039947247,0.323451967158569,0.5344949756440115,-0.24339279691018634,0.0,-2.1217418713866016
345,4140,0.06493467249473651,0.21951374359946726,0.07371526710301511,0.22313624213940786,0.17900652919929758,0.09257520657045426,0.23878811934593358,0.75897355259346,0.21331843432874847,0.0,-0.4256667973178465,0.10063066651672564,0.248654304933144,0.6232875261279565,0.20466242517712527,0.0,-0.5497216302258641,0.09053568884504586,0.24331310749662471,0.5585793019070591,0.15417223674679223,0.0,-0.3942580345251532
346,4152,0.08753375664434178,0.20982830949268425,0.06568142406964568,0.1935806179136089,0.12444582625468992,0.1787485454380802,0.35886900078384837,0.6856989219187805,-0.07891676148070742,0.0,-1.0420527153239068,0.2371136108616089,0.412521656996152,0.5695354618802395,-0.25041818931558785,0.0,-1.708824800299897,0.21444543662495338,0.3880560599144685,0.5408228723404175,-0.19901222248164646,0.0,-1.4498598580233018
347,4164,0.09893356162514594,0.24874722376031144,0.05780822026659473,0.18936031303775402,0.35961531187420104,0.04243230354603042,0.1760230378110824,0.7987766552045317,0.4928284314283237,1.0,0.5711030427995285,0.0733802893762491,0.2274736313684378,0.6165864723112883,0.29929255468527727,1.0,0.25828719626729746,0.06347763285883166,0.20613337541898388,0.5732200800696824,0.30551588982234235,1.0,0.3583812023330861
348,4176,0.21088115761003623,0.3676974767126017,0.1566850032250229,0.3167247939588671,0.1267032572361574,0.1588946741347298,0.3390852170455363,0.8055461833959459,0.20838399278410874,1.0,0.24652028689751604,0.20960314646731074,0.3957280173082247,0.644813562560858,0.07984035455563401,1.0,0.006060338236044793,0.1648236811115931,0.3483099856471781,0.5927378115436251,0.21605374499304597,1.0,0.218404892217128
349,4188,0.2057278735727773,0.37954634651880653,0.14787169052011975,0.3206917381254782,0.18177434587610747,0.08627439404488339,0.2389509427434258,0.8158300920828447,0.4092365355170777,1.0,0.5806382842217859,0.11984858740387146,0.302414050703334,0.6433793737044277,0.35725373660850285,1.0,0.417441179347657,0.12076739314479311,0.3041445826111287,0.5876087247927358,0.35725373660850285,1.0,0.41297505754818864
350,4200,0.11264724715775325,0.28627961211393066,0.07434708886980945,0.2325749606862216,0.20352460328081934,0.06549134016879521,0.20310171284420528,0.6985808554978764,0.43549363177008316,1.0,0.41861570680835236,0.06586273348124272,0.2033281952792482,0.5830838872636813,0.43549363177008316,1.0,0.41531874818913816,0.08025309463180119,0.22504319320309538,0.5422390797724782,0.35183149872019703,1.0,0.28757163040643774
351,4212,0.15156305121216185,0.3400249631081264,0.16697191550396995,0.34969766643545913,0.06403848431356488,0.1835702338205151,0.3749006023825125,0.7336595387872002,0.08015818004061484,0.0,-0.21118064298896155,0.12744527962738764,0.29758751677198,0.582958901969344,0.17705644624094324,1.0,0.1591269863722493,0.07553276553946821,0.235374251431971,0.5246230228196134,0.4751589075977459,1.0,0.5016412975631145
352,4224,0.10408589415917972,0.24459394534707593,0.146483780510632,0.293703697816401,-0.2646125419279065,0.1459683970673356,0.3200598878856225,0.6300981269082885,0.5609671347990932,0.0,-0.40238404297228314,0.17406460622241768,0.3452482448795742,0.560129749999321,0.49389314858268796,0.0,-0.6723169611841806,0.1778181195064187,0.35533121996887457,0.4956411158018108,0.5401548600471757,0.0,-0.7083786515248596
353,4236,0.10280059854545846,0.23728321756053986,0.17422526357893545,0.34212290521521976,-0.09936479040074148,0.07268328302232852,0.19683204250298783,0.7557543853835262,0.3910754339012914,1.0,0.2929682895748127,0.07688488569549419,0.21319949927220927,0.6251630315520719,0.37122550000997007,1.0,0.25209690621114755,0.08575876036161993,0.2146122993192935,0.5403626113180627,0.2551761169983163,1.0,0.16577567081287592
354,4248,0.20895700092693983,0.31197618723364756,0.4707958636479219,0.5232620773396176,-0.3285073429882319,0.06591791195325429,0.1837294843861295,0.7477125897462054,0.7396049271168371,1.0,0.6845383899039499,0.06652667848562517,0.18542913112215606,0.6123289125689375,0.7603684924681229,1.0,0.6816250319897839,0.09331406470833314,0.2173354313973995,0.514563407134886,0.7273886358724397,1.0,0.5534293452988461
355,4260,0.14689708729440032,0.3416106574884277,0.17327940410401824,0.3725288218693809,0.0682488637034355,0.09213413801223473,0.26285017333636584,0.8088934478792849,0.36453201464658325,1.0,0.37279806081119715,0.0983389015107532,0.27175836129802067,0.6566917657476395,0.38937018922471367,1.0,0.3305592144678158,0.09081683461415062,0.2703595407640395,0.5482866597263911,0.4504015748042523,1.0,0.38176558646025294
356,4272,0.3261552334501925,0.4160819861442082,0.2644580656065143,0.41231711187617925,0.3228337738425808,0.11030804297540409,0.25180428867096744,0.8400131882609971,0.6708421052388699,1.0,0.6617928162350051,0.11308502763986573,0.25786144054244203,0.6568065353388131,0.7222502525530828,1.0,0.6532785126775067,0.15681664733689682,0.3048182198140268,0.5556640196580386,0.6508019752117905,1.0,0.5191962867557529
357,4284,0.2561742698876139,0.37478923465104236,0.29281629094777484,0.43162249737097397,0.05197811907000273,0.27749932738969924,0.452245671656257,0.9067061535717148,0.08837403676507835,0.0,-0.08324433797133834,0.23259457326004443,0.4201287875389747,0.710743004178963,0.29454024851866006,1.0,0.09204553071592281,0.2475852051407014,0.44008968127857634,0.6089982592161303,0.2804659459360067,1.0,0.0335282101152492
358,4296,0.3774008387272613,0.46409377099719656,0.271444837958613,0.42660870679563284,0.31652578636335305,0.2772861338574782,0.4387106041571061,0.9200101130606333,0.2809688854620592,1.0,0.26527419813747066,0.246728131882049,0.43476347528790305,0.7217247990531467,0.4586561472876173,1.0,0.3462438167490306,0.20166190061444408,0.3838753011222568,0.6118935217894832,0.602006437902764,1.0,0.46565592886723717
359,4308,0.4541205709041976,0.5571603992396136,0.3283712055277745,0.4533271979670417,0.42994873249800225,0.6820552828276151,0.7607024578611528,0.936599443347583,-0.1397893748056829,0.0,-0.5019255381221281,0.48483227549241,0.6351607405007883,0.6988909834499522,0.16545135271576344,0.0,-0.06762896586486367,0.6620435233202554,0.7473282682885708,0.619326825887664,-0.09110092869794728,0.0,-0.4578584757833437
360,4320,0.5145184634595149,0.6435007883966695,0.8181771895232498,0.7955159511128508,-0.394816714564601,0.5331046019269743,0.6734856491061252,0.9267048798368572,0.07703249973530245,0.0,-0.03612336541334216,0.3992807888861791,0.5795770743104979,0.6677930306053124,0.3284214454451583,1.0,0.2239718936391547,0.42410267634328963,0.597380668174071,0.6074760307634276,0.34652830888072306,1.0,0.17572894567920527
361,4332,0.10039899186823464,0.24695514704175472,0.07160054864714795,0.2410882882010251,0.23640166048157063,0.1579795263984803,0.3653797627950044,0.8907616272864509,0.24188846021071467,0.0,-0.5735170588746086,0.09824240849752547,0.2820501102186755,0.644010560660848,0.38038190716860054,1.0,0.021480129736158204,0.12629675083160732,0.3163399418049644,0.5934669249975667,0.3173867718546991,0.0,-0.2579483965074205
362,4344,0.06682214781985905,0.20428986947691677,0.38618695613455783,0.5170941350517752,0.3115907717433694,0.07692088447688693,0.22649382732162282,0.8764238279129088,0.38898778795985034,0.0,-0.1511285851549149,0.10008938849661549,0.22599910015350358,0.6157650992812641,0.5144306047734257,0.0,-0.4978475215498783,0.08017163532460407,0.21868524897725716,0.5821063319145928,0.4627535036162323,0.0,-0.19977639061726848
363,4356,0.10071751510331957,0.26495529640328136,0.26205097952186707,0.43279690383950875,-0.2908864956822723,0.049054199375843814,0.1806407583642359,0.8333871504950288,0.5371551947094511,1.0,0.5129526445770402,0.12106682256503769,0.28853607377468604,0.5872876602948193,0.6829153255457375,0.0,-0.20204338283011736,0.14813942249248616,0.32035364757439366,0.5689409811912425,0.6611332917219996,0.0,-0.4708407206087195
364,4368,0.06546429822768379,0.21871438227221587,0.18412296803722097,0.3570705276111242,-0.17790401061867547,0.11612871980367394,0.2710414171894208,0.8760684290049477,0.48924924182846113,0.0,-0.7739244587909595,0.3653725237433103,0.5236566982937984,0.6137788786368674,0.4987124262715228,0.0,-4.58124861390174,0.1094334076525385,0.2794163517516574,0.5782865397459187,0.35919642364113546,0.0,-0.6716502065283103
365,4380,0.07057522956662106,0.22917765142656385,0.23041489277730234,0.4084331689267057,-0.055958719558067374,0.08022189233217536,0.22804643905997635,0.8832698348730614,0.38091774838280557,0.0,-0.1366862399852078,0.09228722646630323,0.24838205446529438,0.6276902208199667,0.4413632396615627,0.0,-0.3076433053496008,0.10774899683722328,0.2640575255264083,0.5952923569628586,0.3513468388085538,0.0,-0.5267254176695411
366,4392,0.1421212765676351,0.34399845768301907,0.064401493395426,0.17821186942632364,0.09807328066776524,0.2448248040194679,0.423741812999691,0.92241454707172,-0.03682383938809035,0.0,-0.7226470936106213,0.22323309397590774,0.3886755732649065,0.6610436571065436,0.11950367876040849,0.0,-0.5707225502556739,0.3191933384158448,0.5031368603648062,0.6057177563234049,-0.15158988841037108,0.0,-1.245922258261884
367,4404,0.15537797936737902,0.36924494293099325,0.09559711508502462,0.2633090786855852,0.15179665320463787,0.05259696678927019,0.1790701821888018,0.8871639728184311,0.5388220518561236,1.0,0.6614902124263773,0.06951536311136342,0.22054894219500665,0.6710962401047993,0.7837181886888818,1.0,0.5526047938427632,0.08911467189390603,0.2502015610723445,0.6120208889787568,0.7711210031865725,1.0,0.42646524136344066
368,4416,0.07312338052578399,0.2522841991179325,0.17403061946543552,0.38442491623252306,-0.11854342124587477,0.11584267103370771,0.2743051011862678,0.8653976787916182,0.07015707382458342,0.0,-0.5842083640110225,0.3557683154142426,0.5077580863411768,0.6740147237206751,-0.423659672401082,0.0,-3.8653154826286427,0.30520445569849847,0.45681105771815284,0.609819036859538,-0.3316278254825101,0.0,-3.173828582649848
369,4428,0.012556394086212551,0.08970868725222125,0.06394930612111405,0.20836919700513534,-0.4488246326947663,0.06284436390546654,0.19677139283213937,0.8728050875079572,0.11001668041128942,0.0,-4.004969059904889,0.06817607454779671,0.20076405736915337,0.6971711325845281,-0.05956599479245682,0.0,-4.429590221499731,0.052590631022785515,0.16916670368127315,0.6210979478552753,-0.046680147075407505,0.0,-3.1883546073575566
370,4440,0.01397296865651003,0.09840188875045253,0.039199396756561096,0.16685901519504476,0.09804951021955925,0.08607775762974212,0.24190798651731282,0.8368611283484274,-0.02301454973718322,0.0,-5.160305640536762,0.08175807433571049,0.21927124224363145,0.6721992918738375,-0.047825371685076154,0.0,-4.85115993211788,0.09029907457692604,0.22745377810177572,0.6020251575231591,-0.05528788419002145,0.0,-5.462411588882764
371,4452,0.013172032892794465,0.0948488177759846,0.1184875149360517,0.30483473867838345,-0.03079297282986303,0.023257112922005163,0.12816581020586326,0.8750215388055572,0.25415595282942494,0.0,-0.765643398501348,0.06407148397017388,0.20351023088876405,0.6866464058112871,0.21421796594900572,0.0,-3.8642061928970044,0.06686822227537198,0.2174978776041051,0.5989149038361551,0.20200606329450072,0.0,-4.0765301620185825
372,4464,0.04418677119177839,0.1815884485473412,0.026199913914418338,0.1328087789834381,0.3481604614910952,0.06986188014976369,0.2352830357535897,0.8287539723975824,-0.05464530050335507,0.0,-0.5810587256206341,0.137033600525065,0.3431039874990436,0.6619630713142988,-0.3218387161005908,0.0,-2.1012358864220917,0.19772871682509577,0.40350272810717885,0.6021700027842202,-0.508021612465102,0.0,-3.4748396746826833
373,4476,0.018178085036638394,0.11618302195790046,0.03189933513500818,0.15160248312890187,-0.041048003045993806,0.019856598598316035,0.10249863043496761,0.906866798462006,0.27132896526535816,0.0,-0.09233720484278485,0.020405373108898277,0.11872795435561789,0.6904750570975704,0.26336249432220254,0.0,-0.12252600137862313,0.046865791870846614,0.18584823567311748,0.6136386196291468,0.09885431427196308,0.0,-1.578147905920091
374,4488,0.023332410056633047,0.12211309568638802,0.040771079162347734,0.14833655858105813,-0.014332654576184956,0.03288484222227592,0.1555184314070833,0.8243003248831575,0.10735357189184691,0.0,-0.4094061497486523,0.016529773129370193,0.08038165104679534,0.6261041425597769,0.3022665172543352,1.0,0.2915531190627677,0.012644277460882586,0.09015460925918965,0.563165650802876,0.3485107662669734,1.0,0.4580809513379861
375,4500,0.0553166169992819,0.18335933256079628,0.06506044546582511,0.19910553374854165,-0.05301797087155091,0.02305136625115407,0.11827097603335605,0.7893699546259545,0.42382172440264804,1.0,0.5832831524846627,0.02800148151377956,0.13945244469005325,0.6471708506829923,0.23990494150192881,1.0,0.4937962038758975,0.0447838516134933,0.18785918862063378,0.5712509099301493,0.08678743430547242,1.0,0.1904087046018258
376,4512,0.02890421264586152,0.12664987296582164,0.03915409875993901,0.1617591916320037,-0.12870589653737358,0.022012232977534463,0.11897741828189567,0.7046441836293693,0.19256017073888615,1.0,0.2384420483189963,0.010243125580050708,0.08242329509778874,0.5810552007411589,0.7397240819361306,1.0,0.645618245840116,0.011835680796095248,0.08864671865684287,0.5180176793625589,0.7124185708771168,1.0,0.5905205604073125
377,4524,0.035866069525136504,0.14482485828560535,0.032433682190207654,0.1446878735258826,0.10532098705216746,0.02093279930202156,0.10828885539176746,0.7426311834575877,0.374647778626134,1.0,0.41636204972638724,0.016650100923772403,0.09305277985776339,0.6171423003317045,0.5212873491072367,1.0,0.5357701263556831,0.018615175607458175,0.10464988627579674,0.547891156042805,0.41094088060829054,1.0,0.48098088656154947
378,4536,0.06297141172188307,0.18216480969089877,0.29755817783467964,0.47706553503308985,-0.08196804691441953,0.019822267798486913,0.10522409106026948,0.6939000677034952,0.7323719032237638,1.0,0.685217986123082,0.02674908987281169,0.12397462628158314,0.6066041969879818,0.6069361298357949,1.0,0.5752185135859649,0.12150070201429852,0.30137081238243707,0.5285211113079756,0.3749463164596488,0.0,-0.9294581253936864
379,4548,0.07009070780391398,0.20112972106504248,0.08463733504904136,0.24620200136488135,-0.050600796995634044,0.05508420219075346,0.1948987560220491,0.769445780340603,0.3391809400509158,1.0,0.21410121374637525,0.03785145325754614,0.16011732373659912,0.622583349154378,0.6297721791339679,1.0,0.45996474506378937,0.04916658258943216,0.17258539381145818,0.5541411509964609,0.44981776762157677,1.0,0.2985292326198107
380,4560,0.07549424222023678,0.2193047115299355,0.08024744165198927,0.23491635078696768,-0.013346932499750209,0.06516961546020156,0.19655080461076455,0.761874955480828,0.4522146079187861,1.0,0.13676045293514616,0.05754297193593355,0.19069951974127167,0.6004601472344413,0.4062055267963083,1.0,0.2377833031548896,0.04375735613666998,0.166810064086948,0.5416142421181808,0.5514623908466819,1.0,0.4203881667025925
381,4572,0.10822616458810214,0.2762102255138151,0.08096545086806838,0.23188082930475376,0.20093953116703683,0.06376580940238583,0.20656744497060794,0.7986986696546056,0.5511502100570878,1.0,0.41080967208741004,0.047726509267073856,0.17860274424570935,0.6304739879989931,0.7838864292499702,1.0,0.5590113587715491,0.048040591649697616,0.1808937024734608,0.5811414150566148,0.799647953920886,1.0,0.5561092658828366
382,4584,0.11030362294087559,0.2845113928383209,0.16348626016065773,0.3392073269774914,-0.26493827941044745,0.09727576941453094,0.26783642115437695,0.8533616018533344,0.35399476741876273,1.0,0.11810902651246347,0.05421850731550168,0.196088178994595,0.6842444177269301,0.4827501551519181,1.0,0.5084612284714926,0.08286953952462166,0.24969884445574012,0.6123182060715668,0.39260450375955724,1.0,0.24871425511525602
383,4596,0.1176406763411198,0.2963534989696252,0.14614694596405797,0.3352404295913763,-0.11190397784839094,0.052076542260429515,0.1926793055701879,0.8551384624489919,0.6832099233784553,1.0,0.5573253752007985,0.048390770825652664,0.15695565074348092,0.6753914321588856,0.700160662045656,1.0,0.5886561321244437,0.034748559944850876,0.13068257261790409,0.5989696669260062,0.7809313837432603,1.0,0.7046212158446682
384,4608,0.11175610774964113,0.2795596264801335,0.10015324661961028,0.2599977540196621,0.055146169574290305,0.0620085033634775,0.2163245381080402,0.9055885817468059,0.6039007756571642,1.0,0.4451443897599716,0.05496217171332512,0.2021274378581678,0.7275422216118662,0.5240986538957154,1.0,0.5081953656040638,0.060958808143015575,0.21212245971853863,0.6399959705595349,0.6010646338371053,1.0,0.45453712221638
385,4620,0.11001884869980592,0.2752188770065403,0.130698543855754,0.3103121142965895,-0.19122167483044109,0.05034498681393248,0.1660546898915296,0.884045448558911,0.6073335396824017,1.0,0.5423967128459755,0.06276524264627062,0.1799116556675525,0.7064406603743745,0.4533363908074383,1.0,0.4295046404500201,0.061906981437129784,0.18523870453064692,0.6062556705558024,0.54388532597901,1.0,0.43730567835655787
386,4632,0.0814037654994765,0.22503468424107373,0.036016362278730875,0.15843003575787365,0.3697994132415542,0.02398064761107045,0.1181484707821218,0.8736876821849213,0.679577936381677,1.0,0.7054110769455172,0.030019784604705124,0.131445575692248,0.6939288946662059,0.5011009089111118,1.0,0.6312236366400252,0.027576786990893044,0.13998518482524394,0.608075188693237,0.5085014318028748,1.0,0.6612345040590244
387,4644,0.13313586319328716,0.3301296038265934,0.07189083137064002,0.20698085634064137,0.3344854718913788,0.03166400888287951,0.14558141290764678,0.869861333550112,0.7385029757047366,1.0,0.7621676975428507,0.04756624032374027,0.1690092761344053,0.7034128121286118,0.5437993753320679,1.0,0.642724062601499,0.031132222186965725,0.1487014758748013,0.5935499680358638,0.6737320363589058,1.0,0.7661620134481132
388,4656,0.052289315598666675,0.15785836677803217,0.09307818599609609,0.2352030046400173,-0.16057738037566316,0.026815014295860872,0.13131470260945827,0.8751883907120204,0.47396534280660213,1.0,0.48717985713041867,0.05531316452688034,0.16551733349701125,0.6948442715434512,0.4616302753227826,0.0,-0.05782919308836343,0.03550936606402377,0.16043449837005228,0.5814953046495618,0.4433453614009729,1.0,0.32090589334603514
389,4668,0.05623879104106224,0.19738420413830746,0.1982369869159565,0.3833133943724058,-0.3073950895213366,0.07699435110801423,0.1949301377978195,0.9177601036157583,0.3354216184167217,0.0,-0.3690612775050144,0.061923057504530865,0.17691893282230342,0.709313371368696,0.44864276088903515,0.0,-0.10107376702529591,0.06899789464675089,0.19936598865703672,0.5877364754401105,0.43420489048133193,0.0,-0.22687371775777887
390,4680,0.045439018063351044,0.15428458073610693,0.06308058605779877,0.20737688049416994,0.03281913901326778,0.06760163722329754,0.20467034809621068,0.9016138147396369,0.5193102285099058,0.0,-0.4877442362211126,0.07845147289234507,0.20989970022372997,0.7028158813640455,0.6208977152506622,0.0,-0.7265221881108452,0.0821416751389862,0.2309978903574584,0.5882940350929297,0.5439634864803654,0.0,-0.8077343798333039
391,4692,0.04263871816119704,0.15983157749735702,0.04168548860031553,0.1603057707814384,0.12648652084697004,0.0420331279597293,0.17486121600829194,0.9463125140983367,0.5593347357946273,1.0,0.014202823808593168,0.04824684685824562,0.1898845132423257,0.7197961167381368,0.5110792040190445,0.0,-0.13152667197561785,0.08494760087310782,0.26232542470552095,0.596505820537687,0.3404181439250499,0.0,-0.9922644145154809
392,4704,0.02930564681999436,0.12426480182294126,0.06728813601514454,0.2173134169396607,-0.06285469141630307,0.044917063733531125,0.16701187625223976,0.9437404919724705,0.27272013790660765,0.0,-0.5327101977795476,0.11472767786328521,0.28049583285769897,0.7205939694145861,0.13150632165361337,0.0,-2.9148659153637917,0.053979765070542245,0.1934829399377718,0.5923849842053427,0.2898453374220432,0.0,-0.8419578111380732
393,4716,0.072895216936514,0.18472926163856193,0.16304559091709195,0.3149289413930705,-0.28856681108942084,0.10205971612403585,0.27950284042550727,0.9392477859644763,0.3730103970597026,0.0,-0.4000879675400626,0.12469401470626996,0.2780903225495766,0.6943327832652015,0.4031920834061939,0.0,-0.7105925456654947,0.10390890684938996,0.2713734402630576,0.6114754661155837,0.22631705720262213,0.0,-0.4254557598736064
394,4728,0.08709754356680777,0.20132708488425785,0.11672206451339912,0.23512362126666475,0.06998097205061696,0.07994528184547295,0.220779219693749,0.9269110261884235,0.26516961168702735,1.0,0.08211783511263682,0.09211782435602574,0.24543452957909553,0.691443049448337,0.24871532638892524,0.0,-0.057639751749912316,0.16432028282112085,0.3309058195188232,0.6154457501867256,0.15095473382879648,0.0,-0.886623618668186
395,4740,0.11557985382701759,0.2584205280576003,0.0796261956104966,0.2202761419977074,0.07541617401490523,0.07617189400852047,0.22818007627907663,0.8920626703291832,0.431036937284137,1.0,0.3409587269203246,0.06720418388403564,0.210658525567036,0.6667649876515698,0.20709004052752422,1.0,0.41854759580664747,0.09312664829531907,0.25058120914255283,0.5978483326392408,0.25274273050431273,1.0,0.1942657373948844
396,4752,0.15016150503530395,0.3003094017727697,0.2875691559693161,0.45544989549758236,0.16485483410218166,0.07051324502535376,0.2202715274897268,0.8770397428229295,0.41719977615683385,1.0,0.5304172996349787,0.11140654375744019,0.2617337690619991,0.6362858710781094,0.1913110884442768,1.0,0.2580885245439716,0.1984829974894957,0.3680819735268754,0.5811982483154143,0.09905603202123882,0.0,-0.3217968043329815
397,4764,0.18191291533519416,0.3526673478967897,0.2112066317555794,0.3610617470938884,-0.01580317616866712,0.06550918554283446,0.19993605036254367,0.851294852449451,0.6743911198939336,1.0,0.6398871106972986,0.09611526937563962,0.24773009837629775,0.6150575373930085,0.5358947960992819,1.0,0.47164131145643573,0.07592775864061814,0.21346629301062328,0.5572794503317805,0.6159958061065717,1.0,0.5826147995005574
398,4776,0.1726617600241689,0.3538569443245569,0.17759032156054375,0.3628113728482387,0.018084679857847764,0.08224782544334545,0.23121541417224814,0.8199026917062879,0.5637633943648441,1.0,0.5236477061751684,0.08449187312517555,0.2302359196266742,0.5763217517355457,0.6029289635937046,1.0,0.5106509217017796,0.08371544801201482,0.23274732814957053,0.5300540735180332,0.580794227605437,1.0,0.515147720026157
399,4788,0.182418228236547,0.36906377484387637,0.184575693485067,0.37122869929082086,-0.011374975965221124,0.0804938351287669,0.2436689158606589,0.7895871008517379,0.63711662811477,1.0,0.5587401768622146,0.08119665755712142,0.2320632893194138,0.5728653824913821,0.6661609443063048,1.0,0.5548873687566389,0.083543237380164,0.2379955522064319,0.5266003447195075,0.6270896775013324,1.0,0.5420236333409012
400,4800,0.25993942466190856,0.40977248783292913,0.31488353789876794,0.4463888155999857,-0.17520935142763794,0.08113880993382862,0.230973525714943,0.7077890064431254,0.6365192274835164,1.0,0.6878549298962164,0.15336304244561105,0.3251735081155804,0.5099866669709143,0.5075687257251069,1.0,0.41000468611068364,0.13808745748872828,0.3103062408251133,0.46609119718150416,0.5588599031706171,1.0,0.46877062735546027
401,4812,0.1227116652753108,0.285293211272362,0.09947322168913862,0.2649557699457025,0.19563178486662186,0.020737230399036254,0.11886399585828146,0.7914373357111321,0.664787895520437,1.0,0.8310084835658365,0.032896816029360704,0.1469105177493853,0.5491309951499272,0.6780864594738987,1.0,0.7319177768832754,0.01384919848332298,0.08957907108579377,0.5098788059061873,0.751353971611536,1.0,0.8871403264534672
402,4824,0.20188074889747873,0.36254655196395996,0.18647211245125758,0.35969296556182545,-0.06164891386867523,0.018110211350946277,0.1058099067678099,0.8275932496386984,0.5868754522200657,1.0,0.910292529377612,0.0879429381234423,0.2643134013160036,0.6539357068999448,0.3774047370687936,1.0,0.5643817520802717,0.09646290676197673,0.26286605411290004,0.55550075870283,0.3756292201377746,1.0,0.5221787749015951
403,4836,0.11423117423796225,0.27047438952189945,0.18133281155605455,0.36260835453619666,-0.17882132960868824,0.03569500191749886,0.15065729490137483,0.8731396400290781,0.4897081622828118,1.0,0.6875196096370302,0.03514301013076219,0.1493484343794619,0.6897205933986268,0.4897081622828118,1.0,0.6923518438359608,0.04529657071536345,0.18060201155633462,0.5958723484384827,0.5677197005736614,1.0,0.603465770026987
404,4848,0.231922002470062,0.36333198998237587,0.12297877970574123,0.2939688662744191,0.4180150392669198,0.04755324522420146,0.14962902056889224,0.9033898995825769,0.7728256387970897,1.0,0.7949601817949984,0.04674537642954998,0.16617309081033002,0.6939612208781499,0.5836562324270369,1.0,0.7984435459693645,0.03125009820066105,0.12839139731496407,0.5840224551197106,0.7205979176740414,1.0,0.8652560004318908
405,4860,0.14339641187462668,0.2829261366498261,0.3514560060983218,0.49792204008991225,-0.1590369610763196,0.0471996082950936,0.1620884034463116,0.9275289555816238,0.5336377541163652,1.0,0.6708452625972202,0.1301528176700766,0.3054307000534931,0.7095112525914776,0.3925052977192928,1.0,0.09235652434685127,0.3235642230404125,0.4909352408518933,0.6064405875053707,0.21224732653006143,0.0,-1.2564317949831887
406,4872,0.20530269625415687,0.3378404427508978,0.4937732004353618,0.5510046895110238,-0.3423171611653638,0.06527205335697696,0.1877756716207076,0.9512189447777206,0.45744037304636487,1.0,0.6820691859001566,0.04955925079631513,0.16980317294363254,0.7128431796011687,0.6836179518973428,1.0,0.7586039944893725,0.0643372331787256,0.19121469084961973,0.5906894425748936,0.5783656856160541,1.0,0.6866225609668635
407,4884,0.11164449536541736,0.26613182768356425,0.18419290664450125,0.3270818233657266,-0.20279198445135543,0.27498267434768153,0.4555838752877686,0.9611433798875921,0.27438841865372554,0.0,-1.463020442231846,0.09445039685115901,0.2479228993218119,0.7102529081498566,0.5283606011235358,1.0,0.15400757966598633,0.25132170428752304,0.43126144955125084,0.6035299345738412,0.42843202444867073,0.0,-1.2510890793579748
408,4896,0.16968835175830274,0.3038656277711207,0.15300329670563292,0.281831088133277,0.06761995533233786,0.22643130623160776,0.37900077160800105,0.9563982526874995,0.3424875405944997,0.0,-0.334395106590035,0.06781089882670228,0.2155204147693368,0.6850611724741237,0.5683973764254067,1.0,0.6003797660590787,0.2070185339823034,0.39751354876276307,0.5586667035175873,0.3435213720102966,0.0,-0.21999260312913105
409,4908,0.15840407099033915,0.31315183998652174,0.20215834670140587,0.33538226001291244,0.004097614075583822,0.06975410084866322,0.20663068053989606,0.9391443049223275,0.3641941848695372,1.0,0.5596445191555877,0.07805118132862039,0.22996351941195817,0.6858300017458149,0.4415978003591815,1.0,0.5072653067522448,0.17215382215404304,0.3505838534324764,0.5681041379219909,0.30239446142136395,0.0,-0.08680175375380639
410,4920,0.21724041859425416,0.34198425887941825,0.2901777051814617,0.4599991209236367,0.0821625689206971,0.30343095399653125,0.4548388637147038,0.9401829974844779,0.20386720178139273,0.0,-0.3967518381708586,0.17894886226305218,0.3540765789950693,0.6778704615414985,0.4222081762053259,1.0,0.1762634991176304,0.28607519418830135,0.4449476188464842,0.5495043513157654,0.1578539100325893,0.0,-0.3168598920931549
411,4932,0.21658911236263165,0.4054106277616032,0.12565257522110576,0.3045678411675936,0.3611772897781983,0.09331394541231937,0.2550251649062898,0.9331199168308137,0.7320362652041746,1.0,0.5691660379673871,0.07377719784769864,0.2124567177829897,0.6888724927736878,0.6995777932084508,1.0,0.6593679292421003,0.12973962298151417,0.2995500586862804,0.5390078869892596,0.48959596020906015,1.0,0.4009873277272903
412,4944,0.11002861719281372,0.2683015412738191,0.151389560504991,0.30530188224177796,-0.06104918128459741,0.12416368120054354,0.2954606885967008,0.9362242184581826,0.4804167778676239,0.0,-0.1284671603475629,0.0818621786632729,0.25000975076786197,0.6768512598870029,0.3137820810682375,1.0,0.255991934172744,0.08953043708294796,0.24573191682972317,0.5428407345709075,0.36134246790752594,1.0,0.18629862514717266
413,4956,0.14145350223907538,0.31078207254241913,0.1803425649914311,0.34179737392654347,0.03280056533200364,0.18642714158787246,0.31834358912699284,0.9218183054153283,0.35818588003704244,0.0,-0.31793938387460785,0.12503288592699752,0.25696557215205446,0.6870006040609142,0.3491747572738726,1.0,0.11608490459518506,0.1942389998425804,0.32964389598226834,0.5384551092212335,0.34994445129728413,0.0,-0.37316501018327886
414,4968,0.15779760504569454,0.33152643625199635,0.1401608730859931,0.2651628259434837,0.19616923987658533,0.132360627394457,0.3130346850982371,0.9008187198922911,0.39728503972743523,1.0,0.16120002356101393,0.11761826757156384,0.29571934924269216,0.6409917939495227,0.33806309642470656,1.0,0.2546257749760885,0.19677071480079866,0.3622511740088356,0.5229198491103997,0.22993915894979322,0.0,-0.24698163032207243
415,4980,0.2138111569328188,0.4062225444417615,0.27247661848618626,0.4229480298519966,0.11923190842531335,0.18592809123989307,0.3872698853962575,0.8821300983652286,0.24600022952260975,1.0,0.13040977885773664,0.17854338363474587,0.37876711121958734,0.6576262102211812,0.2549541984248793,1.0,0.16494823658409163,0.2151676478137214,0.41401195187384304,0.5362985458819538,0.1820744483903581,0.0,-0.006344340961256911
416,4992,0.31368099864495463,0.4945645260271773,0.10715139824014104,0.2818350991760841,0.2962931017809039,0.5653457543811212,0.6631087683499569,0.8882851310489863,-0.10992592132822712,0.0,-0.8022951878606386,0.6121145643835733,0.7188448386810634,0.5875426556141434,-0.3826458229803441,0.0,-0.9513919141669334,0.5156783535612477,0.6462044178983984,0.5197768331415897,-0.25192158363914324,0.0,-0.6439578928557523
417,5004,0.5484831001787492,0.7065153778907698,0.39997784888814425,0.5562206937598934,0.3412972651048701,0.40029312477982576,0.5793536671265597,0.8709225372969222,0.31459070607566303,1.0,0.2701814793393429,0.2797824087750916,0.4707877433972609,0.5920295730999916,0.48785578224564413,1.0,0.48989784975341777,0.4595351709427731,0.640862105748572,0.5287243266935651,0.3088839906862372,1.0,0.16217077464554197
418,5016,0.047514691165389124,0.18573092437489555,0.12102333860367522,0.28795618192771977,0.09850296805376935,0.07731800170255067,0.22416758183041782,0.8404277423399416,0.28825745817525805,0.0,-0.6272441176860897,0.0729147858152886,0.19124161598581493,0.5309189667605572,0.2809596059923004,0.0,-0.5345734977311929,0.0672335936578741,0.18609143312547036,0.47153045890543943,0.2494896469963223,0.0,-0.4150064329334988
419,5028,0.06927963071015036,0.22522754094456462,0.13077584060128253,0.2710653719028677,-0.1081029103547082,0.05147125178362463,0.16746929219553544,0.8534691451796134,0.21539632309837126,1.0,0.2570507195835351,0.07938996055591921,0.20415660486313877,0.5725428122201662,0.3601850198394833,0.0,-0.14593510014607447,0.05151335577533086,0.17258243362502476,0.49229030516185457,0.2626095135187122,1.0,0.2564429797432005
420,5040,0.07120566605359041,0.2068821800475058,0.10832968081688281,0.2811143387391692,0.06390682928198123,0.06313357348141127,0.20300739233794474,0.818563875325079,0.7030475752708394,1.0,0.11336306532269447,0.0734047768473657,0.22218262770698427,0.5528514822848122,0.49261968158426805,0.0,-0.030883929828283696,0.052461870627477376,0.19162459572183513,0.49695123600490854,0.22936933876681356,1.0,0.26323460568441537
421,5052,0.10376038608829274,0.2710853858260563,0.803428634238209,0.7031794074580276,-0.39027115141721097,0.1497346758492287,0.3495737275371811,0.8490362350742127,0.08568668743729002,0.0,-0.44308132895549446,0.24073698248033712,0.4471853852782994,0.539247911567674,-0.3255719059090328,0.0,-1.3201241972585471,0.144203094209031,0.3427453549037443,0.48270298220639063,0.010760347712697228,0.0,-0.3897702162203249
422,5064,0.16474667333427573,0.35821884641427526,0.1450369658539575,0.3149630020885028,0.12502492835680906,0.06785252733589703,0.21689101561375343,0.8237157749675215,0.47348763065362187,1.0,0.588140227886591,0.052516305761436566,0.1934668693662184,0.5129600164754733,0.4856297000735461,1.0,0.6812299471754464,0.09397545115669548,0.2699171448217406,0.4845547157658294,0.4097422007864765,1.0,0.42957603176595505
423,5076,0.04998815086566625,0.18708957151429964,0.05361899404004678,0.19455174980478943,0.024378133882274777,0.024141144777002094,0.13205995818384172,0.8555362844140662,0.2895118026029479,1.0,0.5170626566708403,0.026572744577974237,0.14207436320243536,0.5351153871315819,0.3605993353748688,1.0,0.4684191329784635,0.06705993515836114,0.2273252205328858,0.4858572593424643,0.2952248746399226,0.0,-0.34151661937990263
424,5088,0.19694434359730104,0.37618743310295777,0.3012977783840011,0.42163167990632583,-0.16287402346321184,0.05489530669130954,0.1914485824264256,0.7461462700097162,0.51385976232509,1.0,0.7212648726608981,0.0351606976781547,0.1585650580658553,0.5406125539096396,0.6352056672521162,1.0,0.821468862542968,0.288887605333439,0.4703606015577677,0.4895233740982775,-0.0038715607254195426,0.0,-0.4668489587298712
425,5100,0.16171854068974048,0.3388187646990077,0.1404150744256533,0.31755902643914974,0.07261361793132856,0.39145179718234235,0.5786264678948508,0.7928403305956135,-0.4896794160419383,0.0,-1.4205746324000579,0.3992620135194948,0.5845442000361049,0.5857887551924117,-0.4896794160419383,0.0,-1.468869752451484,0.33667197646634756,0.5329506529923451,0.5295273078726875,-0.2772744771149274,0.0,-1.0818390707114895
426,5112,0.07641223888635655,0.19164435110232578,0.06133745496397494,0.18175775195218635,0.07111336522804383,0.1154485717825064,0.2855721246419887,0.748792149606721,0.12643534592114705,0.0,-0.5108649277271708,0.0894001783005427,0.2522984485010963,0.6064451672678237,0.24919957643558316,0.0,-0.16997197835679634,0.02970705750928254,0.13247403719376605,0.5164910742168652,0.6326395465757407,1.0,0.6112264482465419
427,5124,0.10520730109518706,0.23806237147111575,0.15546322449916003,0.28466932891583563,-0.08078707289304028,0.16896302471987212,0.37443337548291983,0.7356107826610516,-0.026748056816601716,0.0,-0.6060009425296597,0.1595778533715657,0.36563559704220605,0.5981412503806112,0.06749093173393458,0.0,-0.5167944782386014,0.12457952667011447,0.3075017800303536,0.5084956127434657,0.08233146252269527,0.0,-0.18413385167442198
428,5136,0.06559209941414229,0.1874982526890829,0.05240636275257494,0.18223738146481708,0.492336240079831,0.029795322151914844,0.13435972509505664,0.8020765132138973,0.45525566633447667,1.0,0.5457483078291181,0.029617184409763537,0.1398011890186622,0.6487667911959109,0.4971202539157488,1.0,0.5484641492756095,0.03318685097654079,0.14469304874103314,0.5438352702064863,0.46762259576613774,1.0,0.4940419460123976
429,5148,0.08324070908423109,0.2242461044903072,0.06901202098148508,0.21252307616945698,0.1718527225932216,0.04477502600367359,0.17626037640926276,0.7443339104438373,0.4472451555344764,1.0,0.4621018189745856,0.036735605983510125,0.1539963167708556,0.590785182932563,0.372106078233225,1.0,0.5586822074480715,0.03703491418389429,0.1437812020961934,0.4926752691631724,0.49154183367279514,1.0,0.5550865124608833
430,5160,0.1555851521852457,0.3396360533020079,0.15634235717717868,0.34110464771837185,0.1178625158749647,0.03764111603818245,0.16091024462714526,0.8203379595073852,0.555725215667327,1.0,0.7580674279678984,0.08197259299714825,0.2023085528188988,0.6390906091235742,0.4733840357442407,1.0,0.47313357447149906,0.11774695521352714,0.2741227961395654,0.5436727204603964,0.33599352918572684,1.0,0.24319927988158507
431,5172,0.1684869592655188,0.3599942598389283,0.08749821642992144,0.23306611133560085,0.4994168591375857,0.033844879192488284,0.15187864607912355,0.8133969489099016,0.6882272021291042,1.0,0.7991246364702203,0.035116298831357785,0.1261534273559792,0.6098139890433968,0.7358486393758041,1.0,0.7915785353095608,0.04033516438977339,0.15519889067935147,0.5251022776080132,0.8134084552008913,1.0,0.7606036421714445
432,5184,0.09150427928170142,0.2582204705593001,0.09512293570588122,0.2558788232679053,0.1635474201035889,0.04772148422092474,0.1774067622402747,0.8581781098792586,0.5956439930545577,1.0,0.4784781149522933,0.07236830565894974,0.1785206781300915,0.6646676682589193,0.5109267924168455,1.0,0.2091265432935704,0.0876785828825025,0.2409312013962924,0.5599912716550333,0.6376761710242344,1.0,0.04180893428405985
433,5196,0.13832000561367302,0.3236114496818982,0.06717396044663368,0.21866129389371722,0.33279282534970656,0.034021254951908664,0.14219726112968367,0.8182821921330616,0.7528400414017152,1.0,0.7540395201621822,0.028716718230864358,0.13084587529916372,0.6309853003111617,0.7364601436816909,1.0,0.7923892635525913,0.03340713350453555,0.13006916572685434,0.5159043594153705,0.8026240120102827,1.0,0.7584793800699988
434,5208,0.09447192045752294,0.2665175620997422,0.08157502080146407,0.23036155405763784,0.14513573754402972,0.034068381690245314,0.13692594041297693,0.8709255613956548,0.5303242444900974,1.0,0.6393808707893965,0.04325307555913388,0.15026533477199053,0.679282091922046,0.47607020331302363,1.0,0.5421594548976952,0.04570468806790362,0.1441482751775025,0.5454532651988208,0.4472378980408468,1.0,0.5162087544472682
435,5220,0.18545302555525914,0.3751898262133892,0.18963509394996989,0.3236611835731677,0.19725345061844166,0.034013247314836556,0.14062874713047976,0.8582726341692567,0.774669906757469,1.0,0.8165937319545014,0.03406494663505192,0.1347418245873386,0.6628811857709094,0.7296167113578665,1.0,0.8163149588255079,0.06170857263537449,0.20062421927492977,0.5567963979804518,0.722124543433371,1.0,0.6672549695502956
436,5232,0.15077823802685772,0.3222550614598452,0.14522874948565243,0.2868933512378267,0.25537472124548016,0.13870055056274902,0.3161946117390472,0.8791393682992956,0.2758857042527772,1.0,0.08010232525702632,0.09216876625292904,0.2543341268095062,0.6428212360582046,0.37040807878896426,1.0,0.38871306987609666,0.13122182966134707,0.3065757955822984,0.5550824386660873,0.3714303191865743,1.0,0.12970312308615195
437,5244,0.24372286887434377,0.3459689605742086,0.21234080808306133,0.36030016655155844,0.23290265581207756,0.17499918662430303,0.31742092453184384,0.8854824539193412,0.33960491701311757,1.0,0.2819746976040751,0.18672009661911515,0.33294518963466163,0.6428329194966678,0.307598459056361,1.0,0.2338835601209731,0.15811149297222224,0.30489466546216465,0.5670087610814865,0.3621712841634918,1.0,0.3512652558929963
438,5256,0.3485178457201841,0.43821512396616685,0.4192915376134638,0.5186446198945163,0.1415802501404049,0.11215033812378472,0.26373082198865383,0.8527957437884964,0.7338697729385275,1.0,0.6782077603744077,0.3925323966907017,0.4952706816890071,0.6054770226150209,0.16654029495157224,0.0,-0.1262906663489931,0.16569409836974058,0.2822213545363151,0.5375520804599762,0.5779073367866573,1.0,0.5245749955003106
439,5268,0.2314509607680472,0.3896112193574314,0.4004601584017717,0.49013198558484,-0.20951887506222677,0.0921765001423257,0.2567258004756176,0.8920069182750661,0.619258455923946,1.0,0.6017450096709598,0.20419306318361233,0.3944970645684105,0.6235266884254855,0.24663782026208575,1.0,0.11776964543150836,0.22399304794221786,0.3846618886941637,0.5525238717996951,0.17487971311708703,1.0,0.03222243191854113
440,5280,0.3931123255451336,0.4899787156419782,0.393882782877153,0.48468687920571907,0.19885697642025005,0.3536330043747013,0.42019999153090354,0.8462054754845119,0.38004590359668583,1.0,0.10042758419158149,0.24892641533131002,0.35882540394206014,0.6221044890745124,0.5420298514802335,1.0,0.3667804361358531,0.2529021205514524,0.3833605745468116,0.5234135253124,0.4303959459708368,1.0,0.3566670284358294
441,5292,0.3284892305773383,0.4771371720341014,0.25443916345298717,0.3966166468163627,0.2770155193662305,0.4021238931665123,0.4728826166202058,0.8698746818206023,0.3054742649229512,0.0,-0.22416157284595584,0.34774074184502624,0.43765073123057824,0.6126460390061222,0.300471898460533,0.0,-0.05860621742104688,0.10426806575564938,0.2697173022077303,0.5487939225920868,0.6185503586406562,1.0,0.6825830010548828
442,5304,0.6284448463191229,0.6231457801883016,0.48681770036757305,0.5451712459992339,-0.009954655452766532,0.5471988921865167,0.6056671340979035,0.8586792085600491,0.3746812994211354,1.0,0.12928096173987824,0.5014527782135587,0.597293206085802,0.6368921830579034,0.3580095604959447,1.0,0.20207352936279455,0.48578135421282004,0.5846107525474846,0.5349278960135153,0.3254182354976313,1.0,0.22701036207377645
443,5316,0.3122973364137937,0.4662724615168581,0.18311117055972623,0.36327283714818176,0.3531428217249756,0.19632444212090217,0.38176125649280257,0.8794255761493728,0.42271246290082426,1.0,0.3713540935847994,0.3857557336114878,0.5583447190714672,0.6483559668525454,0.3050351480140819,0.0,-0.23521941634609966,0.16289304932987608,0.3289076409298552,0.5534835942277873,0.6076335747443926,1.0,0.478403974877189
444,5328,0.8119260998081419,0.733969284806112,0.6405385990977049,0.6351098983704475,0.3402958292889244,0.6418452310066615,0.6922736297084403,0.9013168598654648,0.33704658417698513,1.0,0.20947826266660297,0.996229049846851,0.9122069193898902,0.6778487058544085,0.16090750098282994,0.0,-0.22699473521329083,0.7808258174439354,0.7812952672313491,0.5792641960441931,0.33485916641028657,1.0,0.03830432643014614
445,5340,0.32087088101478467,0.4573693104046079,0.22317535707486988,0.38927577640063,0.42200508750023336,0.667341882528918,0.7377726164568821,0.9248866871780788,0.15425568185425007,0.0,-1.0797832462029144,0.46767485679287873,0.6086646914993833,0.6897848551985809,0.2705426098650959,0.0,-0.457517289552148,0.5038052486051271,0.5886030901543143,0.5852768220592868,0.30526663595857956,0.0,-0.5701183199042403
446,5352,0.6560863480905802,0.66206290460104,0.11351152537522012,0.2629754448501756,0.5978997968158783,0.5148098131604971,0.6312532205744912,0.9508263253205518,0.43558225830593605,1.0,0.2153322277490496,0.3459192501753437,0.5282899087978453,0.6994465837954241,0.4701785363833986,1.0,0.47275347035938386,0.3312971599751014,0.4810251669267753,0.5711467558002499,0.4713781679027669,1.0,0.49504030843000857
447,5364,0.2541000436044647,0.4030435190527181,0.2476210988822577,0.4359118175383549,0.27624876800593196,0.2345541918037335,0.37325691360213903,0.9529684369786386,0.4360139061023389,1.0,0.07692187503578918,0.12316975077756394,0.3010295169866941,0.7145612757162063,0.5756644313389467,1.0,0.5152706428917757,0.08393774646654906,0.24259637509597143,0.5670018279978761,0.49416725776065207,1.0,0.6696665404858899
448,5376,0.3465859450447022,0.4518290541652666,0.7426359121391739,0.707302437597518,-0.15087013278572656,0.2408015730674932,0.40259659771744927,0.9662349025342122,0.3302946385822779,1.0,0.3052182971919565,0.12707812776155203,0.2800998737746702,0.6863742443543142,0.612745512244002,1.0,0.6333431012467581,0.23783218625690083,0.41359477197321776,0.5630529067187671,0.38155777593301254,1.0,0.31378583102605173
449,5388,0.21197446958872504,0.38941564839441883,0.7496554004366991,0.7416287923803337,0.08294709487056712,0.4310490622395891,0.5627340917835405,0.9669434552143501,0.41439037562399383,0.0,-1.0334951802257826,0.193150394465373,0.34122457670358836,0.7088273945390574,0.5175035490305748,1.0,0.08880350147767657,0.2763615801823317,0.37574515124929464,0.559326812208034,0.4940596626605621,0.0,-0.3037493652822021
450,5400,0.21798432659763664,0.35839507541086846,0.2555472729747091,0.4080606191388956,0.1763072157906347,0.24354713280650686,0.4232955957311562,0.9702042193745422,0.36124197411765274,0.0,-0.117269010152528,0.26821861579743894,0.40875742115840774,0.6582461296116507,0.6113994912173351,0.0,-0.2304490877113683,0.2182164639684306,0.3339082513929008,0.5494935186920306,0.48314993355388297,0.0,-0.0010649268890898789
451,5412,0.23527470194843425,0.41549300533387773,0.21652975800770827,0.3943085040180052,0.17104749860543125,0.2119225901044773,0.4041507251980838,0.9637144427567282,0.4519177788529431,1.0,0.09925466550617534,0.24714014308329846,0.43159923732512434,0.6711406187068796,0.34577371061189405,0.0,-0.0504322863299802,0.31323490286889544,0.4706308492392434,0.5666923950212338,0.3178327282713528,0.0,-0.3313581965032004
452,5424,0.23988023628051894,0.4265627336635209,0.38819716807794996,0.5091468326186034,0.18298016497487318,0.21184621168408746,0.3414904289712534,0.9643698189844493,0.29085172437719414,1.0,0.11686675413996228,0.1371618257270618,0.29138277501814375,0.678431807364608,0.42734609894214126,1.0,0.4282070592649282,0.3758312118202407,0.46714445799327087,0.5582333138511201,0.32712763543761636,0.0,-0.5667452127266499
453,5436,0.2390916480046218,0.4180632986956039,0.29753547927926866,0.43076055595867446,-0.034227535255446515,0.267651306724734,0.432673811478125,0.9533042715166745,0.30422449899270443,0.0,-0.11945067491257633,0.26569273806112176,0.4629950869045026,0.6820424736518571,0.2938842231509294,0.0,-0.11125896817602654,0.24931243049889815,0.4172165104528453,0.5551551295678319,0.29527094973692153,0.0,-0.04274838782356283
454,5448,0.3809490304859801,0.5411340106953451,0.6605083194836265,0.6884556347760705,-0.0934370319659368,0.48192359186518935,0.6025568035485896,0.9471359308167522,0.0018899732218069065,0.0,-0.2650605548211924,1.0882204126571182,0.8427242708834597,0.6326065130870397,-0.1751391563321757,0.0,-1.8566037069811299,0.8352843198724198,0.7281222904804087,0.5262787948745474,-0.0960228080674845,0.0,-1.192640623883043
455,5460,0.2514177552460866,0.4133210514772929,0.33939843990701374,0.48430865557291547,0.0016920324782771002,0.23015058329556362,0.37510331240010925,0.9254409510666196,0.2616160727596665,1.0,0.08458898191063224,0.2689029709768412,0.41533615597196977,0.6230949343839445,0.2824748056701397,0.0,-0.06954646346929683,0.2229277947851637,0.37600815079517264,0.5168048176328959,0.2839963887740722,1.0,0.1133172175252184
456,5472,0.27616341841729203,0.3915916428768204,1.5526296981346503,1.099424101431713,0.019476952091509236,0.2313611565311192,0.37247473712499085,0.8941092663650828,0.3413366341574519,1.0,0.1622309795516622,0.19396905496467465,0.3746149727799823,0.5886501714716958,0.3669141799942891,1.0,0.2976294395676222,0.21330311187275608,0.37973259140335075,0.4769495705865749,0.1978770588621171,1.0,0.2276199610534656
457,5484,0.2858125895108224,0.45482465212108264,0.35709590223751286,0.4644312888197379,-0.037301436327613534,0.20724603158667013,0.3934214038263122,0.9027687703113948,0.17574377303829897,1.0,0.2748883737368655,0.262435529649401,0.4623700175047576,0.6081928481372394,0.2269859958763499,1.0,0.08179156803915466,0.2557824342583008,0.42266256924815554,0.502177858775936,0.2291557640456229,1.0,0.10506939286306183
458,5496,0.2813379933072109,0.4202383880675324,0.4353453554349424,0.4695367722585398,-0.08001825889402217,0.22744847512811192,0.3538791939766011,0.866235043519729,0.17963478889407694,1.0,0.19154724730069983,0.5973795234368607,0.6506711341349088,0.5697868188615192,0.0904336647627227,0.0,-1.1233517606864565,0.4902137434908212,0.596204658860655,0.5215150559414452,0.07726824853600889,0.0,-0.7424370513495686
459,5508,0.6339455481629644,0.7422884938850479,0.4334104370701141,0.5902491033197452,0.17397299445693523,0.2495479197561643,0.4518351190472823,0.8953520271064118,0.4134845581484273,1.0,0.6063574853087941,0.7464364242547828,0.7843941469575805,0.5996628047853969,0.15172624198732718,0.0,-0.17744564405853525,0.7313978852204229,0.7505750965320535,0.5130875282343086,0.14905268140763323,0.0,-0.15372351354127178
460,5520,1.162637451254853,1.0228385230298684,1.0200381388089745,0.9260734942002747,0.1652502165236215,1.0463442042518671,0.9671027712706873,0.8493269195015,0.08219427828661933,1.0,0.10002537495886499,2.399731104489307,1.4502624924301,0.5746059109593687,-0.46964965724641594,0.0,-1.064040773759042,2.6446680017528448,1.5305928247569085,0.5080281800414623,-0.6004007147775815,0.0,-1.2747142704704832
461,5532,0.1552364922456604,0.3422040866744854,0.16724271046535097,0.3474529909641528,0.1826019047762854,0.06886230503715011,0.2194179964137486,0.8004924915041812,0.7769544742954819,1.0,0.5564038839000812,0.09543086699968013,0.24561378505529974,0.5365370576823938,0.5708611487213063,1.0,0.38525493832557356,0.06750025559902686,0.1842713951208366,0.45301413134117674,0.527247182189866,1.0,0.56517791259926
462,5544,0.11368212681257635,0.2424228884545414,0.1613354730082012,0.3362431450379373,-0.10908852809886113,0.20043186354704234,0.3959608949227122,0.7094699522352199,0.3580132353554061,0.0,-0.7630903745976461,0.09452798808789524,0.26285234824999854,0.46068828369335224,0.4665423148830678,1.0,0.16848856774345755,0.06374450016724348,0.18193912720982208,0.44132965622842235,0.3447250949790308,1.0,0.4392742117471399
463,5556,0.10991464459050804,0.2438026704165678,0.47368176129390643,0.6239246735190497,-0.08765212820395143,0.06615607732278998,0.1890192409054856,0.825899151573015,0.5736685614811882,1.0,0.39811407688886746,0.053722699537528645,0.17999195126815193,0.5138928322562304,0.4743717583473227,1.0,0.5112325592492704,0.04225765782856276,0.15331104380026025,0.4812140348977211,0.5059989007664365,1.0,0.6155411502625918
464,5568,0.193845910787844,0.33251507671675634,0.25752364138388867,0.4314867434720413,-0.05584680045156243,0.12191081371345369,0.2602802657063034,0.8559018493098968,0.6542249718444759,1.0,0.3710942200535774,0.07418971011062729,0.1975533785336858,0.5697909143640141,0.4462668668443747,1.0,0.6172748250963893,0.06861102816102836,0.1935960433450582,0.5255255183576183,0.5235243382642916,1.0,0.6460537760008764
465,5580,0.4642000521832463,0.5389714963992424,0.10838286948231485,0.2819965558935082,0.5159081304242401,0.2557783517465773,0.42464046965329744,0.8757351800195317,0.4680771453860689,1.0,0.4489911180673306,0.2534628051950398,0.45776429159533616,0.5818518533993503,0.5615643586904502,1.0,0.45397936944870587,0.230497935474303,0.43432507651605173,0.5403657116113781,0.5273799883637811,1.0,0.5034512934881956
466,5592,0.44919382279778824,0.5022362171012893,0.8933346959375613,0.8326261731651443,-0.19386496946133883,0.1523598619736862,0.3267297737644259,0.8637025916664216,0.6115960366276045,1.0,0.6608148771398545,0.06261011381881085,0.20812366447933373,0.5814976847304087,0.656828127313806,1.0,0.8606167078860392,0.05780715376199367,0.20046262958394004,0.5425841448793298,0.6568281273138061,1.0,0.871309107943774
467,5604,0.32213634048599876,0.4204447451090005,0.7995266192795287,0.7550709735259797,0.3995106399856876,0.06384941456283376,0.18916492906330917,0.8899130843405919,0.6828729098914723,1.0,0.8017938166600335,0.0443571938095233,0.17138652538998156,0.5866055030141358,0.6855336786428193,1.0,0.8623030430450574,0.015065392814038672,0.09447854538985438,0.5477955330400033,0.860771405858537,1.0,0.9532328678245059
468,5616,0.4835906088259135,0.5423479143343611,0.327642588588652,0.4696730025899223,0.39333758179062467,0.20310663982886812,0.3625887464343869,0.7667673132440825,0.42282629030413366,1.0,0.5800029278443164,0.049661599533337354,0.17941344615934943,0.5318692835754251,0.8568971545159989,1.0,0.897306526167023,0.03147990181180867,0.13556584261113777,0.5032835340494153,0.8438996212585413,1.0,0.9349038189797829
469,5628,0.21527438118506512,0.37815395689526193,0.1513775447591186,0.3130050303609086,0.36309322179169234,0.14107029809405577,0.3100772482132497,0.8196449389290672,0.4774512036561041,1.0,0.34469537286565577,0.1100134209531667,0.285965326527378,0.5880968210076983,0.6094185501152182,1.0,0.4889618525550824,0.0665132981178463,0.21621673083583057,0.5297029403613344,0.7217866751740363,1.0,0.6910301274508519
470,5640,0.4644726522687068,0.544318437162849,0.3672614275565955,0.486727542104801,0.13221601831321333,0.09771461780537492,0.25792298675523356,0.8757071871867623,0.7600564463326035,1.0,0.7896224517674185,0.1568812236504153,0.3467327087421539,0.6685596787589698,0.5438003633747206,1.0,0.6622379748643278,0.10178040455521599,0.2712949102950975,0.5800730804044258,0.6557149801412387,1.0,0.7808688971071348
471,5652,0.1858437854268388,0.36610549415124866,0.18022477750439658,0.3711008691765471,0.13552255585356782,0.07422858220142034,0.20015030017638988,0.8685909005848043,0.7206065868406901,1.0,0.6005861480332257,0.07646074275973781,0.22010956818350716,0.671430678711441,0.7283935836230363,1.0,0.5885751972597537,0.03232873782406461,0.13520712124871273,0.5956477183263862,0.7259007798212018,1.0,0.8260434818962968
472,5664,0.298728122941127,0.4265519443693721,0.2749554175287972,0.4151566694821449,0.11483946225648697,0.0971281534785574,0.24235491436104772,0.9172355677017837,0.5725719160026527,1.0,0.6748610324254629,0.1344588483993555,0.29318367266125717,0.7129920038450956,0.5634080204660952,1.0,0.5498955803841257,0.056109663885026584,0.18231495472271378,0.6178981570590241,0.7505596138586204,1.0,0.8121714710600427
473,5676,0.257825306182429,0.4285382232374951,0.3075252887173315,0.45289262359131693,0.06233538712278123,0.08664432263490869,0.24411546390347336,0.9140967293634923,0.6564488849031196,1.0,0.6639417444399274,0.06264408528563266,0.2026789137626673,0.7041580743473472,0.7173078009859724,1.0,0.7570289502873403,0.04330232536539937,0.18291436016354598,0.6177345584595828,0.6940882687279388,1.0,0.8320478078487764
474,5688,0.23953626185605045,0.3894268784529286,0.10684047899035692,0.2618704512453429,0.3401236197867832,0.06494800822636126,0.19109817855790842,0.9601197453619893,0.7394719908002089,1.0,0.728859389709472,0.07132275557283858,0.21178701659182564,0.7236827865495103,0.6507217650150672,1.0,0.7022465199206454,0.1400290229176187,0.27237791882961265,0.6285812978982726,0.643606109823715,1.0,0.4154161802785029
475,5700,0.2133775026417427,0.3890290165854314,0.046880698631260924,0.1741369975694198,0.581302504022785,0.09176622375815581,0.23823186589957135,0.9536900918050419,0.7195488959336445,1.0,0.5699348683809944,0.0981159870929707,0.27100150311691307,0.7162098505671847,0.6762055400611293,1.0,0.5401765140268522,0.1584777576910306,0.3143545927735201,0.6302880353500159,0.6221679598486437,1.0,0.25728928434825615
476,5712,0.1932754251501144,0.3694643509708954,0.5149179552244968,0.6138211513477227,-0.2805944352190165,0.2943268087801701,0.4658868992357557,0.9767840331333548,0.39682392023259655,0.0,-0.5228361730497835,0.06599652779357888,0.211104662762556,0.7295210499015496,0.5788082080833614,1.0,0.6585363724212725,0.07539905255410452,0.24649972660423927,0.6541216172975263,0.5522427710825355,1.0,0.609888052267674
477,5724,0.38211306555006547,0.5089467233000075,0.1974459133499096,0.35612542243705336,0.26116406210381865,0.07155458705375424,0.21937812419890101,0.9718190552302264,0.5289846141463864,1.0,0.8127397529557152,0.3164058754261206,0.47843855031243016,0.7398947643410996,0.3416111661197191,1.0,0.17195745460668044,0.49095409602368756,0.6179118458108056,0.6210581703623268,0.11936918762216868,0.0,-0.28483985575562953
478,5736,0.2447646303040468,0.4188608575195727,0.3611349880843711,0.515643235179068,-0.03283358947209501,0.06587309696404299,0.21634503258623647,0.9764347624627441,0.44753720730455926,1.0,0.7308716668653662,0.20465237172682457,0.40578681317251863,0.6984243326727372,0.43195865095908575,1.0,0.16388094361262384,0.16056594896354237,0.34552880128772706,0.5875749625865467,0.40239742470971984,1.0,0.34399856399150797
479,5748,0.24203894171083395,0.42300337193544646,0.42120237735956895,0.5132727141077215,-0.05151054445314376,0.043575802322192325,0.15964758346597077,0.9664743756295004,0.6619517442901615,1.0,0.8199636719026283,0.11958655232201816,0.3137122731383825,0.7162134634672611,0.5812675233478053,1.0,0.5059201983088768,0.04084254362659479,0.17099474072322093,0.5999696563078096,0.7316909521280748,1.0,0.831256312154142
480,5760,0.31689943760617023,0.45874863873949984,0.6136078997484312,0.6322858118495034,-0.23002537044750607,0.08695695124444387,0.2442885264494676,0.9366702754321838,0.657380954484726,1.0,0.7256008028877904,0.11896466285592637,0.2760123595761278,0.7004117906884599,0.6420310879900354,1.0,0.6245980625444629,0.07859429045469701,0.22423586305324675,0.5893316269893051,0.5952742247414753,1.0,0.7519898077182112
481,5772,0.1676612711399551,0.3566219052538591,0.6535200610978094,0.7137194062257509,-0.4825128486511706,0.20496474764407435,0.3777382217442489,0.9230729230376775,0.380549595625334,0.0,-0.22249310321034255,0.0523740861847708,0.18689572977859617,0.6978032899809701,0.6636752263231975,1.0,0.6876196522388789,0.025613145751267424,0.13357558638742975,0.5887279025142107,0.7911471468848429,1.0,0.8472327832353909
482,5784,0.3806767399432391,0.4954942279789207,0.7642002901147024,0.7686603888264623,-0.20527940230104594,0.20472254942032775,0.4006360915189471,0.9167951089728558,0.428712161723641,1.0,0.46221418873437614,0.06345386961468959,0.20730917904378213,0.6818955569890781,0.8084409039002367,1.0,0.8333129845964561,0.06757676057660508,0.20305830420701795,0.559238527953887,0.6622960265065798,1.0,0.8224825593844238
483,5796,0.18115599064439483,0.3621527262203091,0.36818268540934224,0.5101355749681721,-0.22900570949616403,0.07731807064648154,0.21728010238957604,0.9321135142445207,0.45429965767290986,1.0,0.5731961699337054,0.09229575565995919,0.2515603866012702,0.7036240145036385,0.5355033530209009,1.0,0.49051778342161645,0.08202662016731921,0.238754723868851,0.5657065079812136,0.5804239292311772,1.0,0.5472044845133737
484,5808,0.19995883969868167,0.378947932150621,0.19204449188919462,0.34322486628573246,0.2125762517373472,0.05589086137150203,0.1935471493055029,0.9129868737980539,0.6246239238484071,1.0,0.7204881691865983,0.13243831578858026,0.3022577243687048,0.6960721711557858,0.5784908951377432,1.0,0.33767211298009236,0.1567711795815383,0.34012616560505277,0.5577633776355082,0.6268065438321668,1.0,0.2159827501610978
485,5820,0.4164946929156082,0.540358038177337,0.2101505237698417,0.3887864956917726,0.4612005069775359,0.26133300651009456,0.45103379152097034,0.9210388000419613,0.4559820071172707,1.0,0.3725418091628676,0.3286975042786169,0.5085273548490412,0.6427418080574357,0.33992450344090985,1.0,0.2108002577953163,0.4030200271977673,0.588859712974694,0.5270415384107857,0.3869800508606328,1.0,0.03235255081766719
486,5832,0.2059224345653656,0.36946300380978364,0.0847776837229632,0.22003690024022812,0.3697287347565103,0.06214132444549728,0.2042548671835077,0.9369225200103418,0.5011115665387232,1.0,0.6982294591812828,0.07549811326086552,0.21678091324322057,0.6372045307810723,0.46014938481685047,1.0,0.6333662555018973,0.04705736072545697,0.17514389044085155,0.5346641090682827,0.5765727997247285,1.0,0.7714801652147346
487,5844,0.25242201731919395,0.4382164790593219,0.3548825222245707,0.5026523647936793,0.09676697079435784,0.19739086407980624,0.34975501136577125,0.9555085553254175,0.5998192003779915,1.0,0.21801249282387059,0.17971972059512772,0.3213996822292869,0.6579912915274944,0.5910059632932809,1.0,0.28801884041728565,0.06260244702356989,0.20473880054817806,0.5323004277859157,0.6533787940519118,1.0,0.7519929216617918
488,5856,0.27145436296302256,0.45896173458784023,0.6756890775134551,0.7398884652804202,-0.26129361873559986,0.10234789251330047,0.27736831530884876,0.9533405380091626,0.5237920752432861,1.0,0.6229646434997905,0.23889078170282252,0.40895584041343014,0.6588318277545719,0.41576878994556654,1.0,0.11995969011054664,0.1002997478033364,0.2722364149321786,0.5541437818368643,0.5710744000759489,1.0,0.6305097228553324
489,5868,0.254318587446612,0.42814439942326016,0.3862436517070002,0.5338862169824238,-0.09085635660548579,0.20180306053217226,0.3710686069386644,0.9394863855497512,0.447076896255642,1.0,0.20649504010580477,0.2313210678232367,0.3678637431927256,0.6536885289408086,0.4165343695560284,1.0,0.09042799369984345,0.05961221845444262,0.20638743027417303,0.5397013794629908,0.5620988910105597,1.0,0.7656002298024844
490,5880,0.41881380865108225,0.5387858222682985,0.1623518339849792,0.3535610380346099,0.5624079948728944,0.12674181914247973,0.29515275558224924,0.9318276840287372,0.6886320004516145,1.0,0.6973790822449468,0.2909540396807322,0.4383131587511852,0.6312873503935988,0.49889678875518745,1.0,0.3052902419386827,0.2663799140484857,0.4478718514575881,0.5446755892203656,0.43602959558250964,1.0,0.3639657801483587
491,5892,0.2125276167614478,0.38289574448381103,0.23855673796316626,0.40436410051960325,0.12957186953084768,0.06179215454537349,0.22235439212578403,0.9348871365894794,0.6228766990587369,1.0,0.7092511764495423,0.06695630624344734,0.22662233751007613,0.6303609838061719,0.680942812256443,1.0,0.6849524439988304,0.04290883234725907,0.17390177514671534,0.5283076675568894,0.6093094106287819,1.0,0.7981023219423657
492,5904,0.31120379827081146,0.4629297646279243,0.5773112911884265,0.650815108623301,-0.2695224502718106,0.3139297942586024,0.4920593970845095,0.9288841958379432,0.15887776399166148,0.0,-0.008759520298074142,0.14131873496579286,0.3354036666077027,0.6195144063602569,0.5342075410834961,1.0,0.5458964969225202,0.12087501286279696,0.29306208104637416,0.5124202910402543,0.5047872722494653,1.0,0.6115888895494431
493,5916,0.1685228336835297,0.32619435327769714,0.37281133243026127,0.5196128606802856,-0.30939229351034275,0.1644212545007011,0.3602002005624814,0.9276801763589297,0.46127754209097543,1.0,0.024338418083634683,0.1192694326042883,0.3154062726769235,0.6324801355347747,0.5519288509178131,1.0,0.29226544559376877,0.023913198606044673,0.11881836293671783,0.5354583728463073,0.67522673485913,1.0,0.8581011363068375
494,5928,0.3631686115573411,0.5158632276688219,0.4680064971450261,0.5847590598749285,-0.037281991368784295,0.141103099115341,0.3433319894265237,0.9398317905389575,0.507936588562027,1.0,0.6114666999709526,0.08573584609125233,0.2603077466540937,0.6609229777211113,0.6567108589181834,1.0,0.7639227527852709,0.31276562132505586,0.5006482672616227,0.5433637201893942,0.25147130129848133,1.0,0.13878674705984895
495,5940,0.13040810626338098,0.29754354988204484,0.23630021709018414,0.41406915565611646,0.010558416018695426,0.13888228715683767,0.2771322562005058,0.9535600976857268,0.4336711945363139,0.0,-0.06498201021600347,0.11887863255667876,0.26834737911568435,0.6571671082320634,0.5446951367839787,1.0,0.08841071339090323,0.07480205243697056,0.23032983040043667,0.5305843942103874,0.6099580877789216,1.0,0.426400286145592
496,5952,0.18149580453726613,0.31940108713878035,0.24582635402816386,0.3667966549458194,0.015358571047288449,0.372905729008784,0.4117956979241453,0.9631690250930877,0.12735069139004668,0.0,-1.0546245129992307,0.26219106211935256,0.3347861955329065,0.6902625126774529,0.20909260228606072,0.0,-0.44461224758238127,0.41344049899567553,0.44829670938196187,0.5491471031022073,0.2662996363356932,0.0,-1.2779617415937827
497,5964,0.3073899869376075,0.44485727846007084,0.2864850664301775,0.41114984221685896,0.16846311234132605,0.51082252463723,0.4891517684179015,0.9657847187699191,0.004089523708676901,0.0,-0.6618060000142887,0.354635994052535,0.42003520683133533,0.659786013099741,0.2729710585098455,0.0,-0.15370054042950088,0.23464920796368494,0.33997855768313395,0.5137761373314571,0.4120634719705361,1.0,0.23664004055111632
498,5976,0.2459874471741376,0.39269985653863815,0.21827669974934813,0.37338902939152757,0.386431025725119,0.2560256937736612,0.32614307898699213,0.9673119304985004,0.20231886415225855,0.0,-0.04080796282428745,0.19001596182909083,0.2881815409683199,0.6916046295535676,0.30477831637061376,1.0,0.227537973941507,0.15800201442872497,0.26426742968285094,0.54285785338487,0.410703418529604,1.0,0.3576826124917124
499,5988,0.6000524727185005,0.6673243953898158,0.24047815037321993,0.3722784120292418,0.507709075266504,0.33739062602017017,0.4292959905624871,0.9605775276280027,0.4658636313059345,1.0,0.4377314628974982,0.5096643240779266,0.5469108281806183,0.6747988847748092,0.2898076304357239,1.0,0.1506337407978272,0.24909282865677795,0.3772760649437483,0.5322303469517846,0.552570650568677,1.0,0.5848815895578625
500,6000,0.27718396568469905,0.4244874606977951,0.1960597046534097,0.3551151096183833,0.040881864920867025,0.19213088974278483,0.32471249993026996,0.9566062405790422,0.3189229113270165,1.0,0.3068470275032553,0.28655457464000395,0.40261502891190154,0.6828845629354471,0.18940450826396965,0.0,-0.03380646110664309,0.2358411766701093,0.30998579663624226,0.5410799270467439,0.39295714451270575,1.0,0.14915288809172245
501,6012,0.4533246270054456,0.5778450145102224,0.5532794306138266,0.6304550854525497,-0.07073736060084304,0.26358887044852297,0.39944368381263023,0.9454840203919472,0.3006331765387499,1.0,0.41854279528176486,0.3944540772935829,0.4703560991663984,0.6700973783215274,0.23493429235697222,1.0,0.12986400077301674,0.46927065284119784,0.5944214280527554,0.5365193603417312,0.09440261557437044,0.0,-0.03517573254532369
502,6024,0.18101612506769427,0.3369839664231084,0.24403372991873717,0.4021870827575241,0.14916047074221384,0.22313729236227342,0.3856214621799973,0.9120328206380224,0.12043563183368955,0.0,-0.23269290113699648,0.2333896906813315,0.31725609955091755,0.6379312953932846,0.17385778373102484,0.0,-0.2893309399593611,0.1918573336953229,0.32400328499379666,0.5469646530724479,0.2813209979942994,0.0,-0.059890844661349085
503,6036,0.30751466689108997,0.41977893366815094,0.2884796389802117,0.3989085378405986,-0.0573705102619678,0.27950097490347153,0.4596075260717065,0.9194219889941786,0.41674414162968765,1.0,0.09109709228125962,0.24424093529163715,0.4333205988784816,0.6137864422704226,0.31162256496839813,1.0,0.20575841874190015,0.24014690241174574,0.4064903290759421,0.5230453448972251,0.1741048989477087,1.0,0.21907171179969553
504,6048,0.31273793409368295,0.45657576733842786,0.5518124730193489,0.6205975315472111,-0.012435221539323481,0.06920623984768086,0.19183384109312493,0.8737632828117597,0.7870396299450734,1.0,0.7787085214070972,0.13645412537972823,0.2804674176978591,0.5656759509046119,0.3555279181896426,1.0,0.5636790088315529,0.2026537374768805,0.3546612637388212,0.49421813425735445,0.35898461928262376,1.0,0.35200141913013316
505,6060,0.1629920295146845,0.3402250868497086,0.06299542712581614,0.20541605948959482,0.3961462595684635,0.1616519377086615,0.3562909771678768,0.8908163715952678,0.17369179961841466,1.0,0.008221824159213131,0.17182721211445676,0.36850488910755946,0.5550861152529519,0.22206929859422306,0.0,-0.054206224844732365,0.18983783120328376,0.3729145344418712,0.5080602328639227,0.18181672426373804,0.0,-0.16470622378611854
506,6072,0.09962955994276947,0.2550764919395983,0.08335782047851353,0.25106982220225094,0.09104993298978366,0.06784180666310342,0.19952036522486125,0.8334567472172705,0.5776054381303914,1.0,0.3190594568311451,0.0969146845907155,0.24836115666227151,0.5363230828637473,0.5019621272245149,1.0,0.027249697314867927,0.08360039476517539,0.22076780616900904,0.48167590276978023,0.7345446537438497,1.0,0.16088764405666112
507,6084,0.1027317697926814,0.27163389863690646,0.1487384003002776,0.305511003811805,-0.1250923526547007,0.07126168559737821,0.2097510693243835,0.8484860647638433,0.5514775077818636,1.0,0.3063325421027169,0.43711148096225094,0.4941738588529529,0.5484591469238975,0.2833007106799536,0.0,-3.254881248949249,0.09151315023436563,0.2372268854828944,0.4925367843841076,0.43018720164817326,1.0,0.10920302045760122
508,6096,0.056286118093234104,0.19383066838896837,0.052378927223841805,0.19100022646288842,0.29973257243458296,0.29294713338726047,0.4056626700096932,0.7995594033004404,0.18443683926703064,0.0,-4.20460716267577,0.257134147110652,0.3835839028421478,0.540770139388242,0.22788738192649888,0.0,-3.5683403976221433,0.11789229783781711,0.2779390969950217,0.48774811321174816,0.3526072994434362,0.0,-1.0945181837293627
509,6108,0.2446984679829686,0.44848593537737225,0.10189121770332048,0.2634184543421026,0.17244648607584395,0.16805387958094273,0.33348873994643685,0.8171166815660742,0.45410495089558156,1.0,0.31322054867691473,0.23660007878701772,0.3766282668240799,0.5494454933722936,0.4825665416319195,1.0,0.03309538168630688,0.15845201323593372,0.3180236622286703,0.5061460205045027,0.5744697041034917,1.0,0.3524601337227733
510,6120,0.03613876969284395,0.14976175699302577,0.13446231179352905,0.30660099757591935,-0.05543629085961625,0.09448524520994463,0.26179094920612506,0.840312019861258,0.16980891856480074,0.0,-1.6145119497151614,0.13927967542796113,0.30662128055124915,0.6027171976060536,0.26662647756403784,0.0,-2.854023715022615,0.039311050049905275,0.1617777646869649,0.5394084076946626,0.3834287828635995,0.0,-0.08778052999655617
511,6132,0.0563772878393766,0.20666813364022704,0.2952744662060646,0.4420907363159292,-0.24254351874389984,0.09898720221456458,0.27003569870038086,0.8554437255989422,0.3586067554146486,0.0,-0.7557992945064516,0.1973822161344858,0.38473551342435924,0.6022723943575679,0.7198011655453126,0.0,-2.5010945666070974,0.07595296587373153,0.23235467485224984,0.5410180563247863,0.5413281967370056,0.0,-0.3472263172738568
512,6144,0.09084316035938605,0.2613967861907923,0.1235821575110413,0.2927094622702391,-0.06572387096047164,0.12050492324570121,0.2538355228761239,0.9315927473330714,0.17423601919498147,0.0,-0.32651619306252444,0.09799502118289778,0.24390782368670016,0.6643495307507404,0.23661427176827665,0.0,-0.07872756512673207,0.14282646255658907,0.2997451746848578,0.5745657986510511,0.1852590535153314,0.0,-0.5722313269546222
513,6156,0.06864635292793507,0.20646272544266098,0.051918852169258324,0.18012193688601175,0.12338612227970606,0.05058789679122311,0.1896428055481508,0.9147214503066519,0.42651881354234894,1.0,0.26306504812673337,0.13645053777662475,0.3065593262346317,0.6656950356623647,0.3266976843127931,0.0,-0.9877317870021514,0.05710811143426783,0.20860110292855816,0.586637443743668,0.3635171521073244,1.0,0.16808236711104052
514,6168,0.12416152433335821,0.31969379669299797,0.12433191249893993,0.29286758010944064,0.05841190260005633,0.17450848010755934,0.3490754115371842,0.8850712557198681,-0.02675487855944577,0.0,-0.4054956319562075,0.24028605086628854,0.37727068583867335,0.6673293584563036,-0.10426122378471922,0.0,-0.9352698201509708,0.1259357426760026,0.3013151767873074,0.587790829753123,0.19641376283862919,0.0,-0.014289598586763708
515,6180,0.10242494873099943,0.1920300765145624,0.09040767829165497,0.21899545216146854,0.14829403271783534,0.1137692878141755,0.23721838509828133,0.8671396598585206,0.03352159101731515,0.0,-0.11075757638863881,0.0802748607743226,0.19675647304852664,0.6372114654852866,0.17414770144935168,1.0,0.21625676391452264,0.10709918852497151,0.21561099266215655,0.5757413136024206,0.05001730966801027,0.0,-0.045635754295060726
516,6192,0.08950210912609317,0.18510914392169922,0.15666955220681714,0.2845857244650601,-0.030278374898601378,0.08777585045598017,0.2157915516739771,0.8158713998230791,0.16360956123844833,1.0,0.019287351850904355,0.05782891766252816,0.1692497845337837,0.6011449843217551,0.35316056702728754,1.0,0.3538820679515262,0.08220463959409573,0.20409167267089443,0.5470524989583115,0.22421665964256285,1.0,0.0815340510212621
517,6204,0.07971065736818367,0.18037590664724615,0.09681750331154222,0.24679873743064906,0.08024117437807994,0.05922147729537319,0.18301002454189094,0.853452511725636,0.33980769322915483,1.0,0.2570444247896604,0.054167312315526815,0.15177841014574536,0.635721199576276,0.3457588578800215,1.0,0.3204508141825013,0.09245717430865179,0.23010820386389227,0.5600833905401712,0.23682982370458117,0.0,-0.15990982086111694
518,6216,0.07985615937480732,0.181752973706612,0.11048201471297814,0.22871469402455405,0.03522549907749003,0.06109625819822504,0.15534279801836606,0.8317624326803543,0.3079613002208926,1.0,0.2349211547794593,0.07041046381035117,0.17510670007080334,0.6104532333401643,0.24634019223962705,1.0,0.11828386987812034,0.0713461256243668,0.17494820284617094,0.5525379597758935,0.1651853348307902,1.0,0.1065670302336782
519,6228,0.2908994289288899,0.5128860753585137,0.3044076874616464,0.5254767555811337,-0.11308659199468592,0.18480263776637698,0.39617049666380444,0.8410723631135459,0.5845806624421154,1.0,0.36471983308172184,0.21547687325314216,0.42597889798921446,0.6237942408299193,0.543829345892547,1.0,0.25927364640576434,0.25226915442179004,0.4644960696616498,0.5651450951605557,0.3249296746011276,1.0,0.13279597917857378
520,6240,0.1585351146694481,0.3718404679086014,0.17551864473127446,0.3956653930019997,-0.06186490278702907,0.07893619821731503,0.20561878103631392,0.8188709718755851,0.3713099445943615,1.0,0.5020901307454814,0.19028957821105882,0.3516797321130111,0.6171938801301884,-0.01579092968920117,0.0,-0.20029924353238715,0.1756217920775628,0.306351789897124,0.5529245065487942,0.10233388507917111,0.0,-0.10777850348007179
521,6252,0.06189155220274021,0.15647633983332562,0.0948571239186215,0.22812085624554776,-0.07912612137066619,0.20998892890423257,0.4057630341017768,0.8027156654305523,-0.07840610932009415,0.0,-2.392852843896448,0.21506536762794284,0.4106686484139362,0.6094758568692455,-0.008943063075337298,0.0,-2.474874356413717,0.18006904699752654,0.3790334301261622,0.5629916876374591,0.09634399749466604,0.0,-1.9094285179287214
522,6264,0.16874518249673895,0.25052444397583784,0.10427627858622224,0.24204044030721183,0.2052797835243742,0.17348019117468402,0.37082881942751733,0.7699889144202781,0.3765903179891219,0.0,-0.02806011174888856,0.16979061291473416,0.34872768083070094,0.5683255515099304,0.2881109238106629,0.0,-0.006195320082784672,0.16200711301191975,0.33432214202335536,0.4948146793042141,0.3454506043490491,1.0,0.03993044059168571
523,6276,0.14022001643182944,0.26039511144920346,0.2328933781322324,0.33847597902386495,0.03419504682531245,0.037781863320429016,0.14798025636358017,0.748069864803848,0.6218845816345515,1.0,0.730552996056755,0.2732129141050746,0.45299800387559525,0.5673254007531764,0.403505794441709,0.0,-0.9484587226382342,0.042074243874411256,0.15111333840095298,0.49226578175221025,0.6562411543183899,1.0,0.6999412427335834
524,6288,0.33233065334311734,0.3901997270320883,0.14532301405368353,0.2667168742326552,0.4556933885622376,0.1312085586410526,0.26512579225851235,0.7232375820148873,0.5756255354491919,1.0,0.6051867099193365,0.12279453201050285,0.25557387205700616,0.5639829212680934,0.748035432811399,1.0,0.6305049480833695,0.13707271352768244,0.25977990736294804,0.4824117499193412,0.7380413700480517,1.0,0.587541166760321
525,6300,0.3943023271209656,0.46052764087787174,0.7435396260679011,0.6566867629379957,-0.4212351951795597,0.2537600886214148,0.4103059640469331,0.745305622965885,0.37547870060275135,1.0,0.35643268840367426,0.28951587900263204,0.41036682581853823,0.549386109959654,0.38237828031864574,1.0,0.26575153355913816,0.36124848963671896,0.46510727711374394,0.4851330518229431,0.2084366820950116,1.0,0.08382866448086224
526,6312,0.5188191708622542,0.5804534965880205,0.4978239047688229,0.5632546219502692,0.0020673281897098717,0.30284439766440374,0.4393787740782586,0.7732865528770805,0.6093977419267963,1.0,0.4162814046345089,0.36526778716720676,0.49109058585543464,0.5863101741635578,0.4491181529312168,1.0,0.29596320320980407,0.3286388068150105,0.45102613342816533,0.47809635970687037,0.5747404897120962,1.0,0.366563871822956
527,6324,0.31873218497028105,0.460724539922216,0.2246495289825143,0.3793032235595298,0.3579310713604301,0.248270865355068,0.41465877242890264,0.7886077494590676,0.2911024417091889,1.0,0.221067475886638,0.16629240676750734,0.3415715763721798,0.6153260958571511,0.5153737216887522,1.0,0.478269172022861,0.17695090944501732,0.3651307749020236,0.49760104295547575,0.5233544405022235,1.0,0.4448288632617493
528,6336,0.3965087662713313,0.5257393069396256,0.43907064111688926,0.5608676168672496,-0.08626231213532672,0.18936675652386492,0.3758773534948703,0.7605635013436103,0.5648928739089397,1.0,0.5224147039556722,0.18587579307822985,0.3867964251173703,0.6237414173376366,0.573666607780306,1.0,0.5312189568312473,0.3678211037304779,0.5391225153089092,0.48758453739577734,0.18463303871140718,1.0,0.07235063882855597
529,6348,0.19367369270628862,0.36847212179241645,0.18895805077498826,0.35922886005729343,0.06397189773765169,0.07591511703850672,0.20068464697439495,0.786540839462299,0.6700096253584347,1.0,0.6080256643134592,0.09240366368907856,0.25224495902490346,0.6495009307812292,0.6384097203987787,1.0,0.5228899578570477,0.07821973708395132,0.23737505712407947,0.4980813761418581,0.6435668055037723,1.0,0.5961261646279774
530,6360,0.29404260484996264,0.42182095122008106,0.3279901793870938,0.47965232030145927,-0.008125301329945022,0.1489859929231985,0.27765722321597947,0.9026424157467086,0.6543459919583916,1.0,0.49331834752579584,0.1287403429343236,0.26512477973432935,0.6610105985821371,0.6749144771732796,1.0,0.5621711248272532,0.1225260409430206,0.3082960109674366,0.5202554299924962,0.5574639398775248,1.0,0.5833051438054686
531,6372,0.33329163438240333,0.49511567742156726,0.3206330033663738,0.4473573219159302,0.14027592222926782,0.2217406873600137,0.3240419050494639,0.908360886902486,0.5499634430247493,1.0,0.33469471032207565,0.25265444231288964,0.36037956385532044,0.6473867214209799,0.43085676460223465,1.0,0.24194184237158,0.14732946366856348,0.2471753162763115,0.5133375419716022,0.5204651622260589,1.0,0.557956310719985
532,6384,0.2572592191591541,0.4387915230549053,0.2957975390749548,0.4409360705224463,0.42330952588345855,0.8361918931459161,0.7173396376590014,0.9459978724361159,-0.15865576018523025,0.0,-2.2503865007403436,0.6639015947601047,0.5969094679203938,0.6545239902585885,-0.05038758959107932,0.0,-1.5806717323097375,0.5677035876965969,0.5901092592006187,0.5035758802145822,-0.09042957578234104,0.0,-1.206737583796309
533,6396,0.7384850329039404,0.7659663969574092,1.096366647438149,0.9020714029451834,-0.12731185308812207,0.5915684545815055,0.5829662718535565,0.9252073316301374,0.3808415629147299,1.0,0.19894320368920093,0.8073160380974039,0.7508812064979392,0.6308629174215317,0.17103237009400177,0.0,-0.09320568749078073,0.7100491497504926,0.7092318096191121,0.49284706663240385,0.20266385231171746,1.0,0.038505700029734635
534,6408,0.3417957780669139,0.528305555387944,0.33579495756714,0.4925864099165254,0.16101722273042693,0.4898039327840434,0.49843868069928704,0.9344191665893508,0.0020681128170751406,0.0,-0.43303096238992644,0.35598629056639947,0.46429256861507057,0.6153707716049892,-0.021807234170213262,0.0,-0.04151751838405526,0.4134581903322605,0.5159127416758281,0.4829424804101457,-0.09390158502288598,0.0,-0.20966441619216591
535,6420,0.2543403450222412,0.45498425126698255,0.34556743784387384,0.5117905357544077,-0.02062908394750603,0.2532586130592009,0.4166688647628596,0.9217109128814546,0.28481731781561004,1.0,0.004253088368444624,0.25175415191184647,0.3701361387448203,0.6087735001135061,0.2340618833126213,1.0,0.010168237800292967,0.23065173436019915,0.4073459185540673,0.474681399130169,0.257505303779767,1.0,0.0931374480127034
536,6432,0.29052415751387045,0.4678352095673133,0.4335863193412243,0.5667355117641252,-0.10191630341391633,0.23835768014870495,0.38016946595785717,0.933460595834957,0.3073125438984915,1.0,0.17955986108547595,0.3400956292629218,0.4386893425496137,0.5778417923414568,0.1335287879736207,0.0,-0.1706277101816729,0.3220681971193831,0.45772834837230797,0.46888314507554246,0.1720267977070722,0.0,-0.1085763052389428
537,6444,0.31965338454521675,0.430896741328928,0.4373973133288258,0.5206097343540219,0.11783655100564813,0.5014760217953511,0.5874941826394392,0.9045816257353255,0.2091005985248644,0.0,-0.5688118632274783,0.1967711931917617,0.33345583604058593,0.5669372682321525,0.29845982996214887,1.0,0.38442324497293934,0.39820641011960783,0.5308704772515659,0.46192469585617635,0.15436588304697496,0.0,-0.24574438867948012
538,6456,0.7783174782269328,0.6446728888803485,1.0727003594253104,0.8088979809325026,-0.2757739981561218,0.3739306302258885,0.4991401658306589,0.8826054828357448,0.4161520811767884,1.0,0.5195654206844599,0.18468578671692737,0.34763717774884434,0.5656653762974584,0.7626627899863041,1.0,0.7627115002766534,0.5123790846209597,0.5321902750319984,0.4373289955645106,0.3073055531737154,1.0,0.3416836972642593
539,6468,0.9345652428324058,0.7776174257355132,1.0001836168698384,0.8625818973090352,-0.1637739924776438,0.3715149982596193,0.5540692755859581,0.9237704631147785,0.6956717182814041,1.0,0.6024729133584497,0.28304856368663645,0.4678895220129595,0.598506046682264,0.8495715232922747,1.0,0.6971334362609127,0.6046094146692098,0.6907542203695533,0.48382790396715747,0.5121113094471903,1.0,0.35305809914692765
540,6480,1.1362849883827915,0.9350783568325997,1.5953501064757,1.1490568753271417,-0.17285722506486428,0.491464599406189,0.6379092082840673,0.8863190454174219,0.8232835862756929,1.0,0.5674812178011239,0.45072064773683723,0.6050968118474827,0.5941323966295416,0.8615962907113369,1.0,0.6033383769521397,0.48065424012892066,0.6259126841279136,0.4601917865562342,0.8014664470305665,1.0,0.576994992415584
541,6492,0.21239850306691052,0.36076756075894517,0.8180565453116456,0.7773013925434511,-0.17210123236499608,0.0770694786410418,0.22664509308897487,0.872832264368849,0.5793667363298162,1.0,0.6371467899810805,0.0868487203428564,0.24929284239210134,0.5636022965859555,0.6351797921120849,1.0,0.5911048378928687,0.13312771374407092,0.2795061596743141,0.45929325089547746,0.6409141684625224,1.0,0.373217269322597
542,6504,0.5269801094054459,0.6284490722029985,0.4027836392153535,0.49951317739512086,0.3025704961854719,1.0764185744991621,0.9797559385168256,0.8394882371633499,0.05714807779688229,0.0,-1.0426170841886395,0.5092884568686955,0.639679077953512,0.5100073471071598,0.2854147412910119,1.0,0.03357176527347616,0.28198741641084624,0.4662700707928133,0.43568288048774084,0.5080906278872837,1.0,0.46489931711276067
543,6516,0.15444442062725527,0.3388461452555302,0.16224278501369901,0.32709174632155397,0.05802449565243446,0.1000365469492349,0.2733347686512663,0.8333905914683575,0.708421683005098,1.0,0.3522812508023928,0.05235115593084561,0.17195061144512125,0.5028210956829768,0.6163154281749814,1.0,0.6610356287509227,0.04774881282324158,0.17117628252633824,0.44343360477994664,0.7308221466319057,1.0,0.6908349772085247
544,6528,0.15487759680040927,0.27916897462576634,0.24805269744033023,0.40289428977703734,-0.02096255658439518,0.16598922466907332,0.32728532364060503,0.8781756716206932,0.391119933369906,0.0,-0.07174457828774039,0.07735185029252802,0.2380207513872036,0.5422629251223308,0.4898392587815886,1.0,0.5005613988689963,0.08154897776873767,0.25926141222566873,0.4468202860979439,0.5306701291705511,1.0,0.4734617565519833
545,6540,0.371422382404566,0.5520247989845662,0.28211611332174213,0.4774195008787711,0.09335542555311985,0.3485253008317519,0.42743801598396614,0.9168825986871054,0.36495727897764846,1.0,0.06164701605912859,0.39860191058897754,0.5266232707218003,0.5526016424003897,0.36182274404520687,0.0,-0.0731768721326187,0.14873094464318204,0.3220680251709744,0.4840607495928782,0.49181576460935617,1.0,0.5995638612829228
546,6552,0.10211876791957693,0.2750286657467346,0.2817186852735863,0.40817578897579243,0.06192859659564862,0.25395567326617713,0.38085062193020686,0.939050726578845,0.30561461344213703,0.0,-1.4868658175172906,0.121512230062278,0.2688873603452652,0.5427372172209739,0.3830408289798043,0.0,-0.18991085123524298,0.08750219623073947,0.22173274805840548,0.4773161780362701,0.5156308273153825,1.0,0.14313305954052102
547,6564,0.1393511428576444,0.3327263910710106,0.14439408046822166,0.30805919431602996,0.019797408786407365,0.1721760185537048,0.37630411088667076,0.9216296288642246,0.6713990850366031,0.0,-0.2355551237178799,0.1650439901401373,0.29753151955269,0.5865015714171158,0.440635231788304,0.0,-0.1843748587605032,0.1381859242788732,0.3273492354437942,0.5002173141182213,0.5247111730550673,1.0,0.008361743971928237
548,6576,0.09186453774876863,0.2412319367192395,0.1797682227007642,0.3381759205967721,-0.08209369913119677,0.10569469987926357,0.2510529019793954,0.9510716070085465,0.3619317579435078,0.0,-0.15054952073364491,0.16842399901338326,0.29931946717786556,0.6363563470148608,0.2082328234056298,0.0,-0.8333951614059132,0.09468708816441157,0.24978783752381853,0.538668741039017,0.3745418452772931,0.0,-0.030725135997114128
549,6588,0.14887094901098522,0.31828750112536186,0.24032648205360485,0.39178126502444116,-0.1691535810311084,0.13092590063596685,0.28758054209376244,0.9423954958492157,0.33825334993975986,1.0,0.1205409684981198,0.12438783634210582,0.2805865621387548,0.6512951739275175,0.4233196875792896,1.0,0.16445863233580105,0.1106601478042174,0.27570207635884486,0.5462744860185551,0.43967977421306614,1.0,0.2566706362834311
550,6600,0.1916362795037648,0.386041074980975,0.4604077506837468,0.589426218673895,-0.1978465644472232,0.255422427630551,0.442113674104377,0.9350576184754654,0.10454218674030517,0.0,-0.3328500651962045,0.08023995356796802,0.23350283372845748,0.6334001179724459,0.4678739506603171,1.0,0.5812903810502559,0.2386411834950143,0.40826091707426815,0.5315832972884705,0.1281267035062272,0.0,-0.24528186475424696
551,6612,0.19556252415500774,0.3274810653580569,0.2777650635030738,0.38740956393351483,-0.11078970014940012,0.11550095564274065,0.28825370634478037,0.9139088007959103,0.39178644443144084,1.0,0.40939115946779403,0.1616810375575046,0.3084244743822568,0.645953875199982,0.3339904674518291,1.0,0.17325142812458194,0.22057906527933482,0.3981573368547912,0.5553508853514872,0.1318163184964444,0.0,-0.12792093593810616
552,6624,0.3252735678579281,0.4415658963184865,0.28683681571766334,0.4350758597244671,0.3007673672078372,0.5613781672784983,0.5930253211193329,0.8733442101414672,-0.08432590419997679,0.0,-0.7258646959094297,0.5162593602487043,0.5692965853951774,0.6080015890613494,-0.04285119601203755,0.0,-0.5871543564037591,0.6013341480158113,0.6225954441980077,0.5087883142503988,-0.07890393466389438,0.0,-0.8487027764840087
553,6636,0.4478479700606977,0.5155089200088515,0.5306758294274635,0.5730481996952074,-0.13985662006405025,0.45294066082013895,0.5229990906851737,0.8828768705999657,0.11274145022862243,0.0,-0.011371472240347513,0.3974704089096275,0.5066747302827093,0.6421659864640933,0.27975941798616094,1.0,0.11248808640182617,0.31501768553597603,0.4402361953743192,0.5249596595506618,0.3121442717388689,1.0,0.2965968216998258
554,6648,0.6218576347508294,0.6566557471935205,0.557990195824551,0.6195676008223816,0.2190538743680209,0.48656563198367747,0.5772038033755226,0.8314248639238597,0.21889717587751392,1.0,0.21756105450303231,0.6864799233140362,0.711779113353348,0.6019537014616189,0.034623897143998425,0.0,-0.10391813970266695,0.6671604627614941,0.6977290543235096,0.4738112181389937,0.10349350644916788,0.0,-0.07285080294755386
555,6660,1.2937042741469011,1.043167519923919,1.3714393196364203,1.0551224181954417,-0.1347653195270308,0.516594185115708,0.6417842630010918,0.8572775413737073,0.8415961611361655,1.0,0.6006860335555726,1.0341136320150146,0.9410933338461192,0.6277772631333377,0.3889362523999206,1.0,0.2006568636430197,1.0959102679484845,0.9714301938403205,0.46723501461307093,0.31180994996254274,1.0,0.1528896596780951
556,6672,0.7413796601946919,0.7521348648661421,0.7238790425755391,0.7272941797327221,-0.1917493047703514,0.8029054891602799,0.7914380482495975,0.8619935674217294,0.029459625778969767,0.0,-0.08298828828056992,0.4499415964395829,0.5593573161975752,0.6356692375636898,0.3673843680502221,1.0,0.3931023190986588,0.6618527944631021,0.7152664281922978,0.4608173166985793,0.17960448150540959,1.0,0.10726874501885508
557,6684,0.4422798882344618,0.5680022039447462,0.6070776535406228,0.6639448998370232,-0.12924881910277,0.2238952559310939,0.4082776743725421,0.8173947616245302,0.43372913045560857,1.0,0.4937702077639977,0.19395668149557177,0.3979244567724772,0.5847177326017786,0.6286853206431333,1.0,0.5614616747104917,0.22191047447057288,0.414247705994016,0.4202189649517768,0.48570726805474057,1.0,0.49825782185932566
558,6696,0.4311274415010473,0.570649846306751,0.5625571219415311,0.6224481822151887,-0.16909004957876794,0.19899787849342424,0.39370812175984343,0.7759328448956657,0.4493740991789787,1.0,0.5384244672513132,0.2912594120161831,0.4723093637471785,0.5516062892471931,0.37196200437738264,1.0,0.32442386176553417,0.29123415109407774,0.4725517291989106,0.367205563436782,0.37196200437738264,1.0,0.32448245446846546
559,6708,0.4853294439153397,0.6263266172989481,0.326429778893248,0.46159602695210533,0.2218641827499793,0.34809121972966023,0.5368405985664368,0.8376333493282496,0.3646808239082171,1.0,0.2827733324368821,0.42205975319564115,0.5801340086334971,0.6132102362188407,0.2967864294493226,1.0,0.1303644184644508,0.4021454888166602,0.5602638896500282,0.3996947079184164,0.30007838166794437,1.0,0.17139688543848175
560,6720,1.6897160202014458,1.0028562048850105,1.8184184113807254,1.0725048213480777,-0.1924527434553265,0.6969410245906125,0.6445380585185381,0.8462755630174726,0.6196253723112909,1.0,0.5875395532395296,0.6242551308986558,0.5927901035559526,0.5658698729826405,0.6793316757551576,1.0,0.6305561861073952,0.5994801724511104,0.5881674327597245,0.3611741581144094,0.6500788199168486,1.0,0.6452183886025764
561,6732,1.3989902662985234,0.9446424190978745,1.8308518541641494,1.1170941019789276,-0.005812022404390227,0.6931767023526391,0.6720573596162525,0.8872388772341455,0.5231551203241864,1.0,0.5045164222717147,0.8089936410833954,0.7409507950009163,0.5697084573475909,0.5447943288761867,1.0,0.4217303289580083,1.1291857418902715,0.911737889297871,0.3953251323901817,0.25181386485463675,1.0,0.19285661302140877
562,6744,2.2957156048282297,1.261199872084575,3.4906675292736424,1.5541902917566313,-0.4978141231412307,1.36496862197374,1.034239101718765,0.8739030158731508,0.5841228421432028,1.0,0.4054278242901651,1.4903700942870797,1.0980858412775019,0.5358431726384427,0.5193724138534728,1.0,0.3508036922549941,1.3226434960711215,0.9876405185716349,0.37867794503044383,0.506570569266195,1.0,0.423864396230349
563,6756,1.6021150457742976,1.1098348553081847,1.9819803296030916,1.2647172967817288,-0.10792894529447943,1.054372251924778,0.922871321740276,0.8905149126303286,0.4150405979451045,1.0,0.3418873040948174,1.5595793227108794,1.1145681366861402,0.5330817698292447,0.32873485259346724,1.0,0.026549730729768406,2.208556898590913,1.3010808685028856,0.36564828755085266,0.039745315125240446,0.0,-0.3785257834112179
564,6768,2.815977316087336,1.5145306112969699,3.8268644980937183,1.7546226770771691,-0.18430786367156293,2.2231019541362635,1.3477282027754274,0.83738713891877,0.3200661526490193,1.0,0.21053982166832363,3.1302711582367437,1.6508937065488176,0.5035790131243055,0.19778399414706313,0.0,-0.11161092823933094,2.7651951662961025,1.5493639825405683,0.36538614495463423,0.23328064876519003,1.0,0.01803357914182091
565,6780,0.7584232824776018,0.6960988794947633,1.222628910065387,0.935749259433234,-0.12254990539601898,1.1447582541590522,0.9772529454351565,0.8532548281384734,-0.08333381686797887,0.0,-0.5093922887221751,1.0986927636409374,0.9518407781395792,0.4897154174524184,-0.06068691192368383,0.0,-0.4486537913917279,1.457492303820679,1.0846879177586535,0.3665760114493194,-0.2773982056531581,0.0,-0.9217399274180675
566,6792,1.2848952176376929,0.9629499582966567,2.1563250485725427,1.3243324576302742,-0.07226057841544056,1.3007210665520101,0.9949179467277217,0.9065287581150571,0.1352149654891814,0.0,-0.012316840079312774,0.9709744555346335,0.858927029525072,0.4777191129848539,0.41571772089141845,1.0,0.2443162351247672,1.043769358016139,0.9213001268636013,0.373524538471719,0.3390814076862727,1.0,0.18766188581888332
567,6804,0.3098465906934447,0.4840540860822415,0.8632777043418258,0.7989686776627097,-0.3504240666595989,0.36130530419081247,0.5140694305055997,0.9015921237304603,0.20427223357765517,0.0,-0.16607803681880706,1.100168728966403,0.8543014732338419,0.4685705973517562,0.014959880236347797,0.0,-2.5506885084783306,0.5601981869923929,0.5740813655447087,0.36036675891670694,0.27077200323919176,0.0,-0.8079856413415902
568,6816,0.9380886760252046,0.8327604988302574,0.3270207708782897,0.49358795186164445,0.3286185938003724,0.7059477015586934,0.7161215729626603,0.925400434050134,0.27636888044185637,1.0,0.2474616530391569,1.5352849550812628,1.0798464152783398,0.476076507345391,-0.0908727399788295,0.0,-0.6366096237153733,3.2821157560792655,1.4029730152555289,0.40277906115806905,-0.07853274376599836,0.0,-2.4987265489505615
569,6828,0.24454149922006432,0.397908322688749,0.3963730950885282,0.5640209235188351,0.3990903575656703,0.6598501707415897,0.6773928724896751,0.9136638817911704,0.27383810314052315,0.0,-1.6983157167437937,0.3421053695688874,0.4883137146465,0.47780086555872153,0.3148587419858416,0.0,-0.3989665175849142,1.3020838068919296,0.9018001007746409,0.39829483876003563,0.3537459922456573,0.0,-4.32459239452105
570,6840,0.4387321150119045,0.5733599755921346,0.9031042717995663,0.7862067834285454,-0.20017796573866545,0.5517429996157011,0.623546753029148,0.9288424357360892,0.16219480294134853,0.0,-0.25758516583799684,0.5396469291262138,0.5973040929646176,0.5040192114635765,0.1504673955614541,0.0,-0.23001465053811043,1.414927418423645,0.9507431900030895,0.43582352815201303,0.2228231450241768,0.0,-2.2250372608015083
571,6852,0.2549697599513529,0.40581385340551873,3.3957360867864477,1.5773642581587886,-0.10927259759872839,0.4366762568406785,0.5838996649874069,0.9105970388909495,0.4954059091633155,0.0,-0.7126590107156017,0.2140697895577158,0.40110892150377125,0.48880598340885256,0.4704943053142047,1.0,0.16041106365492375,2.4865675357793697,1.2785051211417808,0.4160901782639078,0.18819840501975554,0.0,-8.7524017603256
572,6864,0.2944279094958669,0.45343538815142254,0.7165556271327939,0.7132252989588981,-0.1463532092938821,0.5233173442125337,0.6622650009689149,0.9214155573188261,0.06752465237769498,0.0,-0.7774040005534189,0.43118840031730404,0.5797596553692005,0.5042483617544098,0.08412806435267624,0.0,-0.4644956758875367,0.2986815239718019,0.42885827769085755,0.41463403070435145,0.3149772079030933,0.0,-0.014447049137489287
573,6876,0.4764863498529082,0.5670423147793714,0.5394881517747122,0.6045406865019722,0.02157152604665553,0.5723505060880164,0.6608898879201299,0.9299676415189925,0.15771620175050796,0.0,-0.20118972193999163,0.5184904523854604,0.611750985700133,0.5303169751905915,0.15826022200772463,0.0,-0.08815384227799794,0.6317280985349047,0.6893642599566135,0.41684387237020426,0.06767580358914066,0.0,-0.3258052381351948
574,6888,0.458578016488123,0.5871814832954986,0.6347382469076234,0.7250357688672912,-0.17433287317157825,0.42663347901514553,0.4950855611935406,0.9308650908457942,0.28208846106849306,1.0,0.0696599843961444,0.2410998676976482,0.38408885995276004,0.5762678063803717,0.4350727629360117,1.0,0.47424460172767,0.3857512984363123,0.4618974488036338,0.446072492723607,0.30034340794115877,1.0,0.15880987625514953
575,6900,0.9449470846615297,0.8424445360398721,0.8237629455110956,0.7857890183330531,0.2487933422521717,0.5338810061225535,0.6080361089517119,0.890100459751918,0.5258126290701254,1.0,0.4350149179900542,0.18259551550384748,0.3914286096353867,0.6095588409636605,0.8133639760379141,1.0,0.8067664121433304,0.40527860552312506,0.5277526868881804,0.43586354773235475,0.5357819407179892,1.0,0.5711097350299867
576,6912,0.7881900121104861,0.7896938195627413,0.22006363402881593,0.3870314882591332,0.30863938101800203,0.4824245763649329,0.6052478742073863,0.9054114491393678,0.4630891534818284,1.0,0.38793365945709535,0.37191878624881497,0.5462852813393316,0.6531874846913841,0.525896471705811,1.0,0.5281356265185957,0.24311902134720484,0.43690061361164806,0.4587739597993539,0.6075107010345308,1.0,0.6915477009202127
577,6924,1.172816671887926,0.9882402404298117,2.145399305071342,1.360623388944984,-0.2514206152397156,0.4826098448685032,0.6356416563085205,0.8759046969802421,0.6915519962001416,1.0,0.5885035944350718,0.2523892162774905,0.4597028155925871,0.6589102883669378,0.8193159107595754,1.0,0.7848007942526855,0.4093882503546656,0.5773852169122423,0.4457870232242073,0.6782956346200694,1.0,0.6509358536866139
578,6936,0.3403728557364521,0.47160496596135876,0.3092915811777679,0.45145379317491213,0.14082129916606506,0.1272782542789755,0.30329569580861326,0.8734297109765287,0.6023278679309103,1.0,0.6260622663238282,0.15026553537990106,0.3338619675063539,0.6447409515057028,0.5160555962647143,1.0,0.5585266778845301,0.16485335016951122,0.33269458412316927,0.4758265485394218,0.5600018666929535,1.0,0.51566834020056
579,6948,0.20534311571069397,0.38092429467813566,0.4049409771015628,0.510469590731299,-0.09368451548052481,0.07940226726680506,0.2276059187545408,0.8489792304574628,0.7825057138598855,1.0,0.6133190684674612,0.04302233814105472,0.1770461380769023,0.5452144595911413,0.6022409328909916,1.0,0.7904856075054958,0.04043360334000693,0.16434264872642093,0.39625539200430293,0.6704237874079378,1.0,0.8030924815761855
580,6960,0.22793547050803462,0.3935594928210402,0.6801338180849438,0.6051960799365973,-0.1205982534411351,0.31105167344242746,0.5003859713303814,0.811552500067028,0.5650666803327584,0.0,-0.3646479538666758,0.2740299913119105,0.46613860023546794,0.5027927271340139,0.71633706874461,0.0,-0.202226185775904,0.08454441097580347,0.2400944686042986,0.3762514536797467,0.7647438983776975,1.0,0.6290862023915522
581,6972,0.3339366934665697,0.4710106801146073,0.4213573126737824,0.5150413869596703,0.13053600430289436,0.21802950508899044,0.4459191619820948,0.8773102833374636,0.48232863331470954,1.0,0.34709329835651226,0.22610278546792528,0.436030168825802,0.5754921245065391,0.4407490969230037,1.0,0.32291721786913974,0.23466487072986353,0.4458514198718981,0.4010681910068238,0.4748843132549461,1.0,0.29727737226530404
582,6984,0.30533657562533895,0.4538148605408543,0.2349209872471689,0.3900297324637241,0.21236228032349475,0.17047116249852357,0.3733854939336252,0.8907700339255349,0.785194723596991,1.0,0.4416942609990525,0.08931404557889401,0.25217228293997773,0.576314968485169,0.8087081321426762,1.0,0.7074898564118104,0.05817614111314746,0.19472464492489028,0.38449548889645124,0.8099727636114495,1.0,0.8094688099714196
583,6996,0.28248430053991685,0.4407867664184207,0.17069476181993926,0.36659522291448426,0.4279798486413952,0.5246809024258671,0.6699029122564623,0.8910335436382745,0.16672283317359632,0.0,-0.857380751507379,0.2954677344941066,0.4819070272883775,0.5879512681330687,0.17437080587128684,0.0,-0.04596161248385955,0.22035174853164016,0.3660710398803951,0.4130322200203592,0.36548313405532096,1.0,0.21995046057257606
584,7008,0.3942010829359699,0.4931365845560644,0.7046955459236409,0.760101154126366,-0.15956489908844568,0.1621359703103583,0.33840998466178857,0.8588831937878896,0.7428619947990804,1.0,0.5886972985898822,0.2773343377814729,0.3409993892237477,0.5307562782586551,0.7483103171652388,1.0,0.2964647998531239,0.28085242328939847,0.4337267957639462,0.3603480102004158,0.4852549886010246,1.0,0.2875402035995489
585,7020,0.24972444488571646,0.42616806004873736,0.41864516237160904,0.5289593500638445,-0.20966244265288903,0.2992939863363843,0.39655691983639035,0.8940417144209111,0.2757897728027092,0.0,-0.19849695320517302,0.19094921127865983,0.3677789755347467,0.5456025305090237,0.5051349762610605,1.0,0.2353603534245694,0.17604273031921244,0.3280147655577761,0.3862703973001459,0.48758595346210426,1.0,0.2950520706942551
586,7032,0.199025987369326,0.3603660587266364,0.16243371086961986,0.3158173200509203,0.2413597990499114,0.27329686388381574,0.41579768572406844,0.9008617641282441,0.47869259582608487,0.0,-0.3731717525745404,0.13495044420952018,0.3089661539057271,0.553578524147439,0.47703239010362114,1.0,0.32194561125780496,0.10742445005355626,0.2773663856791304,0.42006526736855365,0.5340921682388852,1.0,0.46024912890288927
587,7044,0.5367087470162887,0.6211478482908106,0.4431192505935333,0.546251078177128,0.03050404198257266,0.4666582489154567,0.5587971704159402,0.917800885247595,0.28168608954217456,1.0,0.13051864440492522,0.2330317416849553,0.3916956784595446,0.5406306714913162,0.5563665505237643,1.0,0.5658134081465176,0.23486539272254012,0.40774229583949956,0.4320980648092666,0.5242722557875317,1.0,0.5623969349703701
588,7056,0.25078035625626827,0.41706793271550396,0.24101335249618047,0.41876246735299477,0.288660029091115,0.200782532435014,0.38270270295101944,0.9476470214339312,0.32991704969654656,1.0,0.1993689799617412,0.31446102046437147,0.47864200913037225,0.5560874754301499,0.14539632312297773,0.0,-0.2539300332719401,0.22772041317801697,0.4034316721867494,0.4263694538341293,0.26052602082162946,1.0,0.09195274870208225
589,7068,0.44491539875802727,0.5702084143676399,0.6758492882294996,0.6539048027717193,-0.2417072146741222,0.17994926757014743,0.3767266080552834,0.9547923464126715,0.6606825879717151,1.0,0.5955427299831106,0.17964928300743188,0.36659928515763984,0.5451405706253288,0.5758757054015318,1.0,0.5962169807812465,0.16145802503934212,0.36098140573997556,0.43874697981413674,0.6186782736421067,1.0,0.6371039854092506
590,7080,0.33375210887565193,0.43366217239259014,0.5990317707571378,0.611964352481906,-0.20142016480031386,0.2530859606143081,0.39824671319269456,0.9337294064823837,0.39443039446687644,1.0,0.24169479717474418,0.10667230800188092,0.26402320506290317,0.5217485960710568,0.56150454302474,1.0,0.6803846173100153,0.12646922869977065,0.28354240758652705,0.4257504291532019,0.583190191954517,1.0,0.6210683757899786
591,7092,0.29731105466723556,0.42793846299447535,0.14507127980857257,0.31748652836735386,0.2758851783505599,0.20818780476926868,0.3650550666812718,0.9267722754948394,0.38261929950643553,1.0,0.29976433267077063,0.20177422715666204,0.3666392307853024,0.536756532272322,0.5158670551474887,1.0,0.3213362773123347,0.10497976366756649,0.24060922339946877,0.42874299717542563,0.5039309557441978,1.0,0.6469025889902925
592,7104,0.5551173600358229,0.5885608939521388,1.0672743892145304,0.8308507868963523,-0.513453763281994,0.4268507377516249,0.49119544707978396,0.9183808913299911,0.2851390266620244,1.0,0.23106217084603642,0.20296368388206987,0.3524671986297965,0.5024082602701437,0.4840606922213488,1.0,0.6343769831500636,0.12964033237315128,0.25625987635702124,0.4215142687219936,0.7514487061391804,1.0,0.7664631991246224
593,7116,0.36777362882027137,0.5172511114629191,0.3958853113689497,0.5003169964074496,0.05963611262495146,0.261160291461251,0.4228309613695232,0.9026801282296102,0.34124387768352327,1.0,0.28988847759696657,0.12732413215597252,0.2761284157762199,0.5460762955201299,0.7236495297631522,1.0,0.6537975477893903,0.07768952914591098,0.22482010714286796,0.44570473167951247,0.8774328176055954,1.0,0.788757205362657
594,7128,0.6724060308856951,0.6577005156553567,0.2488320254012455,0.39517768864515507,0.4713760508673772,0.5251115918784229,0.6036945489872785,0.8786551975340628,0.45302671174967674,1.0,0.21905579700594813,0.13935771458545307,0.3258306547694017,0.5476760527564354,0.8014714565474692,1.0,0.7927476730066048,0.33392334456227996,0.5209672099861894,0.4298782869802541,0.5526667259336541,1.0,0.5033903189083013
595,7140,0.3128147504997634,0.4925521327281727,0.2267873844727458,0.4004395136602928,0.35615816219123386,0.25000178982184695,0.3651128645026331,0.8891580764004219,0.49462175987721235,1.0,0.2007992288648932,0.11556696190479887,0.25308357936184317,0.5807368872949877,0.6899864912244021,1.0,0.6305578246544794,0.05790784754899328,0.17572338219200404,0.46983396585876613,0.7249581812519986,1.0,0.8148813396539718
596,7152,0.34326597260967967,0.46192180685039325,0.29944564704847315,0.45295001577926414,0.21827069071808736,0.3845833015436451,0.4678003383855757,0.8816196769285085,0.13914544896178843,0.0,-0.12036534999333148,0.24405868884254048,0.35685560300689295,0.5463965853991837,0.6230454926852071,1.0,0.28900995636973803,0.14871470677482865,0.2989974479923078,0.4474049565270266,0.5153860986281964,1.0,0.5667653695930737
597,7164,0.6083616712282774,0.6974287719047093,0.29217638719662725,0.4689984186180844,0.3384519879377518,0.267062549188739,0.36892000526942653,0.9236412667292845,0.578310534879084,1.0,0.5610135190641747,0.2533434739401939,0.3464587021376362,0.6046915895044289,0.6600786422251581,1.0,0.5835643730994831,0.4140456689580612,0.5307302274153528,0.48774898864652416,0.4859210555918739,1.0,0.31940868641164344
598,7176,0.2665667121332717,0.423189916447376,0.21380280079470734,0.3385845210030931,0.28974480688792503,0.19226701294723458,0.33250048794094794,0.955267892388517,0.48139830735801475,1.0,0.27872834755485343,0.2396778815670031,0.3305599932159105,0.6233371668624283,0.4082703708353435,1.0,0.10087092402154618,0.19025775398204278,0.33289147992135054,0.47070689364634816,0.3360553398569553,1.0,0.2862658939690781
599,7188,1.0306721938086145,0.9370681429502108,1.5394337904954691,1.1000913827905916,-0.2632436815378574,0.5448744097791027,0.5806357706677818,0.9596209909482113,0.5693022628520201,1.0,0.4713407298147403,0.3179787259915221,0.4145739871634908,0.6214153844655368,0.7382471800830467,1.0,0.691484132489784,0.6830968565275676,0.6963314817729823,0.45505024768800795,0.4967970605313624,1.0,0.33723170118392487
600,7200,0.2216111526042844,0.42516760727060143,0.7984480763325644,0.8027676878015552,-0.39140977052122117,0.16891319095587967,0.29460830267554294,0.974288878329386,0.375414270510601,1.0,0.23779471849281797,0.3008380045416335,0.4027701211015459,0.6380571627549111,0.24974047246328449,0.0,-0.3575039026976181,0.11233130932438747,0.2609234815524937,0.44895786018904965,0.46208067741646996,1.0,0.49311526967702
601,7212,1.4004575423397538,1.1431642176157526,2.856460983863805,1.6198136615176708,-0.6003334408420196,0.31423959978814614,0.4095926777790709,0.9725156879920032,0.708992949622435,1.0,0.7756164751248767,0.7126017436701444,0.6966451910159263,0.6112879368630025,0.46181843402966705,1.0,0.4911650499024798,1.4415409497072587,1.1472561948136277,0.4822583118427176,0.11357625087036025,0.0,-0.029335703600743557
602,7224,0.1245580033561169,0.2305672879878874,0.453477956396819,0.5578428708686062,-0.10555953521428599,0.11176976267551149,0.2497362026691988,0.935327915526815,0.4662840279898594,1.0,0.10266896013131532,0.31656383518566406,0.4579211526257477,0.6346107239753611,0.06598395135008961,0.0,-1.5414973478708864,0.24381681227051,0.4072016402797431,0.4702922875059297,0.20872172660314883,0.0,-0.9574560100600427
603,7236,0.3271711199132778,0.4692612880801099,0.6014368163084384,0.6741464212363025,-0.236901244023146,0.417085159679528,0.5867127817129111,0.9194745264620783,0.1390662375883219,0.0,-0.2748226670804055,0.5995255251003998,0.6932775672408211,0.6286638514446456,-0.021473097576915613,0.0,-0.832452464812035,0.6504963838148848,0.6731503939095984,0.45900639158234674,0.07262614317051579,0.0,-0.9882451237973262
604,7248,0.3569734188697709,0.48365174025201174,1.358835749231641,1.043340544045721,-0.3944374691471647,0.053255349279998775,0.1696671602631583,0.9101111831909539,0.8460243301237085,1.0,0.8508142442408937,0.10171559227774755,0.2668031341723045,0.5934473223647438,0.7142990203446905,1.0,0.7150611588958256,0.18874366394945027,0.37883489362629513,0.43068205628809314,0.471291223094395,1.0,0.47126689559396384
605,7260,0.13256047826932563,0.2657339538108121,0.22492187812855025,0.3900469180506116,-0.08854482786964937,0.10024806589221191,0.2829206355816889,0.911536723948851,0.48070925932161856,1.0,0.24375600328978875,0.20642781049923706,0.4072893779104576,0.5979145070955899,0.33567202692403647,0.0,-0.5572349556542318,0.18757525752003304,0.3805901616537272,0.4391014185180014,0.3941005799734435,0.0,-0.41501645112454133
606,7272,0.17995243588969248,0.32401834679004043,0.24454046671438356,0.4219655720743889,0.10582362835458423,0.3383798696583413,0.5049791717058868,0.8722592702432463,0.31446794065544914,0.0,-0.8803850472230448,0.11297475555579713,0.2806470951802977,0.5235457501295052,0.5310110028428159,1.0,0.37219657518251903,0.07562126662361043,0.22910394139634774,0.4172834060474325,0.43129431297677046,1.0,0.5797708086043087
607,7284,0.29215355942105387,0.4042438867667513,0.9434492098808699,0.9086516931699369,-0.13320267942360403,0.7962831744636368,0.8206273499128146,0.8703517148640458,0.082926575686426,0.0,-1.725563830341795,0.5133468631238283,0.6402717562676453,0.5210337017481456,0.30640537512706933,0.0,-0.7571131570024412,0.38004122042641547,0.5728777671543465,0.42576305897608957,0.29073998953333524,0.0,-0.3008269390231775
608,7296,0.2627633466269643,0.377745769650969,0.6750381016510622,0.710096615626156,-0.3684855903097026,0.11027962382106128,0.21740609918305367,0.7484643373282152,0.7050227270016347,1.0,0.5803081927647189,0.1696903597953551,0.25252828808766564,0.40611248940065386,0.6510849676216222,1.0,0.354208408540867,0.11951195330177146,0.30114282425863537,0.36249304994988324,0.40023577119561676,1.0,0.5451726626414213
609,7308,0.32846661026425,0.49117694277617385,0.13798724040794788,0.31565493669770944,0.4808849265436761,0.3158481337976888,0.44266860669971475,0.7665091672291251,0.28088016368060825,1.0,0.03841631408565305,0.20234542983507686,0.31089214475449756,0.46398505093694586,0.28608682690245163,1.0,0.3839695618611255,0.19163484495560468,0.3308864813141896,0.3775833862246579,0.3960995839549095,1.0,0.41657739640131075
610,7320,0.1694419670367927,0.33725642825729435,0.224072717765341,0.37211021799704547,-0.14056140735637385,0.14715838775830994,0.25833742092951645,0.8623935990103646,0.45943735061519425,1.0,0.13151157100084954,0.114259004884176,0.2894065054357957,0.5006062862368078,0.3078525189426209,1.0,0.32567470218658556,0.11766846576395407,0.2883591286321075,0.4448740688224744,0.29374269270350295,1.0,0.30555299952104853
611,7332,0.2638915373466728,0.44138290793458407,0.1174223469182674,0.2858906936430676,0.5974323188254251,0.18635983718207813,0.30087706709871814,0.8708709869641545,0.4401243619550172,1.0,0.29380138879839,0.15067152312726398,0.27807811737714877,0.4910238961376666,0.4707950356118616,1.0,0.4290399584533563,0.14113591787950955,0.2722043136708194,0.4138245612225779,0.5045265272797226,1.0,0.46517452094683853
612,7344,0.25953714745139195,0.41391361885754696,0.3030151147839693,0.46308197590486583,-0.06268969767989252,0.22266229495432024,0.3403548467750335,0.9044828315818704,0.30113270729882946,1.0,0.14207928560198846,0.24598642039803623,0.3757589199392311,0.5902651806508772,0.20505036869830784,1.0,0.0522111273334912,0.20038110197942252,0.3355575103724857,0.4893832830233634,0.22296991359192259,1.0,0.22792901152251666
613,7356,0.33065354490423926,0.49510307104632645,0.3506099302855232,0.4920836970224385,-0.014146516846047664,0.2754563807616203,0.4149898562133554,0.8912084008032268,0.42325447380780706,1.0,0.1669335320708708,0.2734895977672914,0.4165727419120124,0.5900449389957897,0.32927443296443354,1.0,0.17288170055307628,0.22115189074742095,0.37026019489068357,0.45608401071609883,0.4252348392596662,1.0,0.3311673376691944
614,7368,0.3355183997737982,0.48563299835100077,0.3311864781057436,0.46103300802037256,0.138206474953314,0.3959696863109287,0.5192642746482963,0.936747501695586,0.03546987638965603,0.0,-0.1801727910537423,0.447423389921771,0.5472076888296912,0.589974992789859,-0.04376830501205686,0.0,-0.3335286238352875,0.2640184195992929,0.4196997122406066,0.46637265998194194,0.20645183249461355,1.0,0.21310300783119374
615,7380,0.6347536783303612,0.5747513366225836,0.6112051488620972,0.5826120777570106,0.0678340859013804,0.7872661570123037,0.7381786327065885,0.8974783354743419,0.10569485256113724,0.0,-0.24027033460145852,0.6771405438237297,0.7022103276350368,0.5848129053392347,0.13825001130716505,0.0,-0.06677687257340792,0.8566857132363284,0.786845294254381,0.4664113561493317,-0.07537708170298082,0.0,-0.3496348937901883
616,7392,0.6677543863864877,0.6330317472872334,1.305955004090136,0.9828517138782734,-0.5181851363247387,0.187994901127875,0.3458791332729336,0.906110596063972,0.768609805113144,1.0,0.7184669918153619,0.43865270482611435,0.5197748315456302,0.5832717777814022,0.4261934638184819,1.0,0.34309273923327277,0.4052500901268988,0.5164999331454927,0.4961593764137705,0.4197874389579878,1.0,0.3931150459079946
617,7404,0.319108987564601,0.4382083737971782,0.3464613634940366,0.45431852499215447,0.0990588386283731,0.2837244856520876,0.4149040368466716,0.9131937367438889,0.37241603018670816,1.0,0.11088531909603494,0.23955942250321768,0.3991022590554368,0.5870011883485774,0.4351023645201549,1.0,0.2492865076239169,0.13936146431888707,0.30048363519578464,0.4809632610603242,0.6005038196843271,1.0,0.5632794131482288
618,7416,0.5866560048543623,0.5808580976911489,0.19898122290073025,0.3619784966900834,0.5873446740633477,0.5234317507355134,0.6268023642517463,0.8800502887952808,0.23246451725052086,1.0,0.1077705735485387,0.23577660041938062,0.38529951439683696,0.5497330836727138,0.7281500990160849,1.0,0.5981007635336277,0.17213615621443137,0.33852220077498174,0.4654190584717307,0.8084865698258353,1.0,0.7065807648944729
619,7428,0.6514843285429814,0.699003544075539,0.9096912593583618,0.8121713230352637,-0.21148831330174822,0.19410577750003846,0.31218766315425783,0.8545837910556277,0.505847878781059,1.0,0.7020561063469504,0.6685048512082945,0.713069122928298,0.5311103699402103,0.2759327059041354,0.0,-0.02612575916197213,0.7544835873861054,0.7717414455939181,0.453914105766496,0.21696453259933385,0.0,-0.15809936529628832
620,7440,0.3063342392266123,0.4502680966128388,0.30636279808819045,0.4514728054356502,0.15206446555579026,0.09136246057432566,0.257960717091472,0.8245315179523421,0.38903651391230804,1.0,0.7017556352662889,0.08440829594934822,0.23746668023309161,0.5469811104076775,0.5057252323419972,1.0,0.7244568672360951,0.1056083713066947,0.25830163577376003,0.45720966880376873,0.4885811333106821,1.0,0.6552511675700399
621,7452,0.6097053774601914,0.6841565183366903,0.5391812703242532,0.6489760092194673,0.10323953160082029,0.1387756485593006,0.3047655265613692,0.8081540718093108,0.7109321802605508,1.0,0.7723890034603451,0.14200509087606686,0.30452707565380593,0.5323187194821445,0.7155942738170656,1.0,0.767092277474068,0.138969407600913,0.27834917975512324,0.4441090885112372,0.7322198382572964,1.0,0.7720712121979167
622,7464,0.2967314105646131,0.40843359727000045,0.3798154791920301,0.4830271691290184,0.03247035427865127,0.1374232015789438,0.31000505147720653,0.8553533106402449,0.4480059315740198,1.0,0.5368767960309346,0.16923476245110117,0.34494560594559703,0.5648587152427155,0.5533483366205351,1.0,0.42967021209825584,0.10978490614724874,0.26753514298135944,0.44441316440770307,0.5926606856359871,1.0,0.6300192624085439
623,7476,0.6070931461646343,0.6269497822152988,0.9477337303664163,0.7702120529474926,-0.12444667885812055,0.778123133968401,0.7962129583543142,0.8388139446936979,0.28428582555811027,0.0,-0.28171951682252416,1.5281489669026602,1.1589362307322633,0.5733023926682292,-0.1846050345838794,0.0,-1.5171573366572808,1.345744791790305,1.0895661750152308,0.4515365566199841,-0.03507784746270089,0.0,-1.2167023302637645
624,7488,0.46791593608711296,0.5212115078758761,0.5160873363261036,0.571875921611531,-0.11588557445732657,0.2689973668187868,0.41649419937154053,0.8426276082833148,0.46976011727030603,1.0,0.42511603885893956,0.23484143346039843,0.43062071804302904,0.567594808652187,0.5310009354885159,1.0,0.4981119142377799,0.23278376648490484,0.39447176077912377,0.46120367699402404,0.5159401736459184,1.0,0.5025094284423623
625,7500,0.47920256376275233,0.611824821103514,0.2534039624105105,0.4389660917527218,0.2831652950870317,0.12746892765633722,0.26454769552881946,0.8152248404044764,0.6819020311077011,1.0,0.7339978178425489,0.18256961498983684,0.3164825259794896,0.5599234019004966,0.5041647946935179,1.0,0.6190136931733425,0.43731029551977635,0.5418182811817843,0.4577976981952073,0.3753790241447547,1.0,0.08742079323205865
626,7512,0.21509517735225,0.3830580263754382,0.18421393131068356,0.35167593428712257,0.06036796614624766,0.10007849103397996,0.24203701341540376,0.8569180696397339,0.6128652440446724,1.0,0.5347246169536999,0.14851142838903278,0.29627963157922493,0.569350028268337,0.5488984645892454,1.0,0.309554820256042,0.39515181932373905,0.5367921847888969,0.44846256598216916,0.486546418691112,0.0,-0.8371021804762262
627,7524,0.5881092357192553,0.6756444152522215,0.6295470474892308,0.651695447443702,0.12336392175991798,0.11846252757818504,0.26744867868734395,0.8510434253435,0.715447354989995,1.0,0.7985705369287293,0.3900915252475074,0.5381729222732455,0.5780266677575305,0.4711781725692581,1.0,0.33670226285355476,0.36327074705998164,0.500473604895306,0.43201311109193147,0.5728442880844244,1.0,0.3823073589114735
628,7536,0.24263655054997493,0.4100080693094559,1.2206123375882096,1.047839636911054,0.29850601888322587,0.10198165961953358,0.22622243366678316,0.9033928219546326,0.6382738526874004,1.0,0.5796937461055407,0.25649655408726546,0.4303658060869398,0.6123493748345237,0.4163533124249885,0.0,-0.057122488371494695,0.23705251927606086,0.40562048436912895,0.4638131851206281,0.4157751515747169,1.0,0.02301397403341321
629,7548,0.24160414208840417,0.3979092488084184,0.23036165732936123,0.3804938554269717,0.15537651847987152,0.6166326667358853,0.7116067929763524,0.9021510220316659,0.3387905413397666,0.0,-1.5522437711777988,0.30738372877922715,0.4193432530348143,0.589102833758061,0.365308330682847,0.0,-0.2722618334364231,0.208545255052815,0.3450067673081758,0.45699093543881697,0.3610256149746176,1.0,0.13683079582092916
630,7560,0.4648850416891293,0.546664372032033,0.5221358446705598,0.6106416812399897,-0.01348546328681217,0.13216177020896977,0.2914832305825259,0.8799314539498653,0.5471716329048708,1.0,0.7157108567555355,0.10492902944106443,0.27247253497426754,0.5628939291758899,0.6387141103307551,1.0,0.7742903728203178,0.34894504234457474,0.5167215286663557,0.41913919065355626,0.3873008078264783,1.0,0.24939498789484427
631,7572,0.2702776936794156,0.4382264211254768,0.4281880381946059,0.56193424575287,-0.13170998444060614,0.13026811357244994,0.3005703240064083,0.8820150879383629,0.391584258432596,1.0,0.5180212181070155,0.10238767832005095,0.24423417017900007,0.5521497167893025,0.5528098388009078,1.0,0.621175995228463,0.07776093174871491,0.21365628937147454,0.4322032077375867,0.6506479620387811,1.0,0.7122924548817948
632,7584,0.5081030313113931,0.5729656801428836,0.6450211981106074,0.7368490998779844,-0.030019797731285845,0.43145883502452725,0.5789053155182063,0.9084568216814819,0.31716588381937294,1.0,0.15084380836904343,0.20014919561632313,0.3954558995891979,0.603128091872448,0.6207692876839607,1.0,0.6060854132286,0.22001143976443557,0.40993052835527627,0.4681524051182452,0.44580637246455607,1.0,0.5669944357611978
633,7596,0.2234491865667079,0.4137135735788813,0.27268507242414813,0.4513786620854308,0.37914513550827744,0.26584098019826924,0.4337000505104551,0.9258857009009397,0.6600587246314478,0.0,-0.1897155871673124,0.042213639878316465,0.17714490153793885,0.594491848850067,0.6953438130675474,1.0,0.8110817026146832,0.0766860708250537,0.21301185038792214,0.466058180799463,0.6959301072039082,1.0,0.6568075632615469
634,7608,0.36353886338295527,0.462907318231196,0.30767770323810945,0.44258580361624394,0.16402284402399953,0.14547202807557624,0.33208207400313916,0.8991288104983924,0.46138061815254583,1.0,0.5998446308549559,0.06554260915123121,0.22088412050467712,0.5826927768942716,0.6185087570300803,1.0,0.8197094843139563,0.05319550574889245,0.18295802995216628,0.45911728247368516,0.5356795359825339,1.0,0.8536731251952675
635,7620,0.2777618876517213,0.4589635027903944,0.46408293094060277,0.6009038216343012,-0.11254543950120274,0.047784858946103785,0.15685476397779355,0.91065683071343,0.7629937829075997,1.0,0.8279646666067447,0.08848406437931933,0.22654993100292067,0.5647500660542136,0.6865651561815129,1.0,0.6814391451347447,0.03964165323248688,0.15025662018385044,0.4674193631810389,0.6320684255376983,1.0,0.857281884251188
636,7632,0.19215376336867182,0.3617566239801839,0.3006138043182455,0.48505766165722486,-0.24394101308711388,0.13239579325397158,0.26911649353195605,0.9387489121486698,0.39675922187113155,1.0,0.3109903707690953,0.21100786145493808,0.3302959813973343,0.5865962255738351,0.29576586281190864,0.0,-0.0981198481660348,0.055734545952460246,0.1901859984010177,0.46447047578326367,0.437337438252027,1.0,0.7099481947406551
637,7644,0.1841339390274422,0.36215226401799266,0.060248964406939186,0.20386098961807772,0.5937188904342158,0.38561418460150715,0.5125656483844848,0.9547558643739322,0.4146093382361199,0.0,-1.0942048306696872,0.3128459477433953,0.469005798304509,0.5914288904430294,0.4019517965077145,0.0,-0.6990129543515096,0.1670829947286685,0.36853764896515456,0.4588637097824374,0.6043331562815556,1.0,0.09260076870583067
638,7656,0.26731627768873917,0.4216163739576628,0.41112317825687605,0.5243568122336352,0.0905384508714808,0.2246881920583407,0.348969895119827,0.9527758170084054,0.32975948153343104,1.0,0.15946685326822574,0.25025215266312073,0.3895431035312331,0.6060564044327891,0.2809082910787595,1.0,0.06383496423471735,0.15932655492665806,0.3507396557687141,0.45858236471721847,0.4229697100355735,1.0,0.40397735482394914
639,7668,0.6204445049918003,0.6675846701751663,0.9821018610548506,0.8826817533240865,-0.25426331524449675,0.5759926635557081,0.6066988404543228,0.9349326071408226,0.2441582064988685,1.0,0.07164515291610107,0.46307827861452133,0.5133066236999284,0.6157401917356187,0.437384633071383,1.0,0.253634652432547,0.40419823619871037,0.536705436564383,0.4678594213845099,0.5169565364313748,1.0,0.3485344250021971
640,7680,0.24266923604354584,0.4168772806913372,0.2751583980078097,0.4292820853913549,0.05574354582374175,0.18293012462941285,0.33275042688202233,0.9331116893551261,0.357450151801261,1.0,0.24617505040240495,0.2579015909755265,0.3606696675642335,0.6019867663596702,0.46162583694875076,0.0,-0.06277002878620874,0.3351473937712684,0.3890661356041112,0.4649428706992419,0.40968300007822445,0.0,-0.38108727433059464
641,7692,0.5994805240514842,0.6604758922152462,1.098111824622678,0.8878699266481483,-0.33264966885514075,0.25879987647717795,0.38083383079371586,0.9373928501124806,0.6587594583061989,1.0,0.5682931036222423,0.5091002794003238,0.5406823293475927,0.6149851448243545,0.3030291194438897,1.0,0.1507642717737373,0.5316998579510054,0.5666059598772534,0.45850486627561143,0.2544891190260583,1.0,0.11306566832629539
642,7704,0.29273410245501214,0.46961872225148255,0.5676688826714824,0.6574655717833049,-0.25622195444244494,0.2707503085957904,0.3751959506776974,0.9443622954163011,0.4373218265160137,1.0,0.07509816476746245,0.27280293530227073,0.4008250650454926,0.6068870248270548,0.3454922250982081,1.0,0.06808624955407938,0.12277466078997827,0.2761333045547422,0.47049090423085954,0.6015120676736684,1.0,0.5805932422620748
643,7716,0.774942926310549,0.7693435935190646,1.0415162232942574,0.8573541108386514,-0.09186725713522773,0.2620879838179765,0.3972251831110549,0.9504632038865143,0.7257581869350034,1.0,0.6617970499250059,0.46033592029975895,0.5588717683240849,0.619931889185958,0.5135823099488239,1.0,0.40597442125010774,0.578044016152569,0.6653941552900654,0.4922060033605341,0.36879018931515634,1.0,0.25408182134831847
644,7728,0.46168020006928306,0.6120850212847812,0.3734493209835595,0.5440638698559619,0.011101117495890999,0.4371177685989521,0.5494616031586602,0.9564718559485929,0.25153719001020736,1.0,0.05320226309606735,0.3215712122033295,0.4794402802969418,0.6004146030783487,0.3048476130771615,1.0,0.30347627609962,0.4184972111134428,0.5592767018220893,0.44418536706933087,0.19329068060415655,1.0,0.09353441830375209
645,7740,0.2391195113749566,0.3303399744820548,0.9750736786864463,0.8155122579128986,-0.12094122528780597,0.14822824162203882,0.3114958723633296,0.9234016652707577,0.2763359801278362,1.0,0.3801081276483278,0.14387170827205645,0.3323412457015365,0.5854083797040063,0.46069749697104323,1.0,0.39832719026238195,0.2526658275045224,0.42158768697943616,0.4425135059565298,0.3391135929253136,0.0,-0.056650818879953935
646,7752,0.39359187361129927,0.4629091138743328,0.404956030852524,0.47812270420568664,0.13153522090148445,0.17233193293905677,0.2861797481864692,0.9384897018794505,0.6878015618681983,1.0,0.5621557646557329,0.11341835189001774,0.246483061524967,0.5578786042846889,0.5148827704706156,1.0,0.7118376686759884,0.31310442202176225,0.4824257408195704,0.41301380744914873,0.29661909390095065,1.0,0.20449469866093894
647,7764,0.28092649440170664,0.47555773046222577,0.3684066007369276,0.47499112677888494,-0.11829432074268702,0.5875594626671639,0.6352578596031472,0.9368398661005866,-0.00406208320698766,0.0,-1.0915060500736966,0.2380654897379574,0.4203472273732673,0.5801208916433185,0.42407317162116664,1.0,0.15257017589256205,0.19414236378940672,0.3562545034470392,0.4121039010333839,0.46885118813986326,1.0,0.30892113183245806
648,7776,0.5564756487793701,0.5470505296334487,0.8672192289293368,0.7287793486613509,-0.13643519739908067,0.2960286050557215,0.4131474903430643,0.9172384978591852,0.5032546984707921,1.0,0.4680295432422594,0.3042084166400936,0.43811839294120974,0.5661745335977881,0.4517521910330221,1.0,0.45333022692479874,0.39716941614148354,0.48758615382713355,0.3991796341386008,0.288662636321141,1.0,0.28627709583936856
649,7788,0.26385842097022294,0.44157713752473304,0.4560824991699026,0.5605487646524886,0.04407751992731409,0.39288623529361627,0.5154711340236595,0.9290596404203211,0.23903628739379457,0.0,-0.4890039660244705,0.6621988027959679,0.6675806651585265,0.5801937748720377,0.2857036603228561,0.0,-1.5096746973662007,0.3859981777057406,0.5322186158928089,0.3979763031663489,0.38019500377727106,0.0,-0.46289883903042606
650,7800,0.41816628605786077,0.4700319036818447,1.1086563705371635,0.8282419507218334,-0.16388742572434553,0.6096735486159509,0.6488800068053192,0.9186290250927319,0.08542025874490444,0.0,-0.45796915950223616,0.41992898657873373,0.5679852462035934,0.5782375242996437,0.27507170366837774,0.0,-0.004215309984672233,0.39940742521407474,0.5424143250744563,0.4066577120124412,0.21882185524640466,1.0,0.04485981168073028
651,7812,0.5602105575237121,0.5342481651751794,0.7704948462095443,0.6757061622271744,-0.08751897586216364,1.2651050182428711,1.0086184772942657,0.8986865817688251,-0.40832687819815394,0.0,-1.25826700559695,1.3285914544991788,1.0492097086266556,0.569240410141116,-0.41838660114466586,0.0,-1.3715930316842404,0.8572061179770821,0.8440122338537797,0.414678471550774,-0.08331869264378364,0.0,-0.5301498810843084
652,7824,0.6209774533237685,0.6194043525515424,0.7391906442054769,0.7200408554584676,0.00966750139894027,0.4259888649612114,0.5576039346552072,0.7585088645661904,0.4637292315828067,1.0,0.31400268611828797,0.2065084898923765,0.41754657621475005,0.43839350696672685,0.7108062393815651,1.0,0.6674460742704196,0.2482626320678282,0.4169867459328398,0.38722141857257913,0.6122409799682764,1.0,0.6002066890850742
653,7836,0.6508225621199651,0.6782822235953662,0.7327953746927571,0.8159020565205802,0.10290881894925452,0.844028324018509,0.8879526749635612,0.8108823210360029,0.1009424633132856,0.0,-0.2968639582334125,0.6044700650427871,0.724456478302203,0.5017516945013071,0.09534181705556473,1.0,0.07122140468853932,0.8374666610969378,0.8739888570812161,0.4063887743184414,0.14865578868705231,0.0,-0.28678185090726593
654,7848,0.21549078940015068,0.3261997753653542,0.12402504240298644,0.2791375298457958,0.3279796972561282,0.1809579861704985,0.3578653347037364,0.7766027621312236,0.29397068152701794,1.0,0.16025187584944656,0.16946304952514132,0.3563876351044839,0.4773414308864531,0.3944570493959758,1.0,0.21359492906000355,0.18243459909281567,0.36807864125075906,0.38781897275370614,0.231415553871745,1.0,0.15339955085482593
655,7860,0.39830391818584293,0.5784963296056908,0.7435644165409553,0.7325264852277821,-0.13186083110495544,0.20518562174447563,0.3518578921199957,0.7259966362142878,0.797974671365911,1.0,0.48485161110381303,0.1630932924828622,0.2778866656690255,0.4397371321665128,0.5329764780743835,1.0,0.5905305345081612,0.16409030494383467,0.27760941732983446,0.3597711248845964,0.5611226809138212,1.0,0.5880273895089516
656,7872,0.13202812379145365,0.26732365365868366,0.13628619630769886,0.33932176492487315,0.21000566091603198,0.21801176571809724,0.4040271834488371,0.8015234108580354,0.3775629732837418,0.0,-0.6512524714996324,0.1408716085766831,0.3086592024254986,0.496196942551438,0.2436998402804098,0.0,-0.0669818257752286,0.11862928641456827,0.28996361154963163,0.3791422531286496,0.42353496253505796,1.0,0.10148472152834387
657,7884,0.29692660029178225,0.4970762787643371,0.51881192036283,0.6138210150540612,-0.23594353229225376,0.22005026150475185,0.36060028525431426,0.7642183487033303,0.7038822469238966,1.0,0.2589068770244429,0.10831918493903538,0.2698491538753704,0.49415280678098716,0.7482315229696596,1.0,0.6351987836974092,0.1529287190145625,0.2692500293110382,0.3865666225395331,0.5025913419636328,1.0,0.48496120298995327
658,7896,0.10152778940542904,0.2447979879468887,0.365639023606051,0.5196976384129406,-0.1559619303519076,0.11221079279863187,0.24110735969270822,0.8364123561787318,0.31283603956944533,0.0,-0.10522245639115213,0.12782826587430376,0.2997195962327361,0.536552038648757,0.3351472564166088,0.0,-0.2590470709831918,0.09953517775189565,0.2533372281625756,0.41201676546027277,0.4632547853187787,1.0,0.019626268484743026
659,7908,0.09917892174127048,0.26791485415490696,0.29023514702532255,0.44822742957553596,-0.19030369959047724,0.17883564482463055,0.3905471393608065,0.8219727126354284,0.4983214185866435,0.0,-0.8031618179028175,0.12131405332364581,0.3109350666659978,0.5143884516145828,0.4082507562647749,0.0,-0.22318382972663864,0.20861544727750572,0.4199845740974204,0.4135943240584443,0.4835756082712594,0.0,-1.1034252401102314
660,7920,0.15430570811602592,0.26692216363162974,0.12320094944788458,0.27049508075789913,0.2928870486545775,0.08707686694191936,0.24904746195181637,0.8352387967872577,0.4997724092240345,1.0,0.43568602869542383,0.05954331187248599,0.20355204063371893,0.549219761114395,0.5597596827627708,1.0,0.614121132656259,0.04030323018267156,0.16067745086790283,0.43659262728620424,0.4221094728868506,1.0,0.7388092075481313
661,7932,0.17435088008870078,0.3011033523744801,0.41631337292383813,0.4946346358998876,-0.2019785941280222,0.2919240708105049,0.47856343526672385,0.8152541412744165,0.07250954233583048,0.0,-0.6743481344171531,0.2503993442544109,0.45149659079001864,0.49485351309087583,0.15327075627851908,0.0,-0.43618055800475775,0.25398094355070183,0.45204609431673354,0.4093236880316723,0.1063938764711567,0.0,-0.4567230370244726
662,7944,0.1896029262949855,0.3362713473506342,0.47074566504618803,0.5547556932989548,-0.33298415793647906,0.11652006022215859,0.30802989899445055,0.915062181572274,0.3880158109247272,1.0,0.3854522053057562,0.0927462193180234,0.257017397678283,0.5515323109985791,0.4428667358641918,1.0,0.5108397263145179,0.06369555878665291,0.21682618687702634,0.4565245108815482,0.5097749556933502,1.0,0.6640581449278112
663,7956,0.47155651150685135,0.5749464408813092,0.21353781149945883,0.39155604097261215,0.47189298797228074,0.10031485107944367,0.26532800489717007,0.8981400797472059,0.687416455334677,1.0,0.7872686546965725,0.1503868513678419,0.34267775654370825,0.5676165255712528,0.642801067975989,1.0,0.6810841379598744,0.21479750269050765,0.4025936652184618,0.5138200581403012,0.5749587682017321,1.0,0.5444925529622618
664,7968,0.33680746234026865,0.453623819203419,0.4413000906286988,0.5614904670049301,0.022914879891756213,0.3690941197833373,0.35927750815702497,0.8629266463755367,0.27966851273258864,0.0,-0.0958608732084747,0.44436019981296937,0.37855031496731867,0.5438849748921141,0.20491181673497544,0.0,-0.31933003124509973,0.4234506234703705,0.39039085374301097,0.46729144585134136,0.26442997795266404,0.0,-0.2572483416135487
665,7980,0.7727003716483729,0.7173935006359935,0.2831304295843647,0.4493360443225603,0.2970066549674045,0.7833231050839004,0.5912476659183455,0.8522685044274301,0.3197011576277441,0.0,-0.013747545394428018,0.6068082137611247,0.4780020244099925,0.552696360123478,0.45219564939543966,1.0,0.2146914431183159,0.7861970991115012,0.5888305419667932,0.4902208664785124,0.32219908559839183,0.0,-0.01746696126771119
666,7992,0.4863373599294854,0.5842097213446737,0.33145340934133627,0.45466910713019365,0.42007671981338157,0.7188833448597004,0.6052038270224473,0.8802917489999513,-0.03706641176646336,0.0,-0.4781577647333779,0.6973940186406771,0.6170843915058838,0.546236441387722,0.0810352725291326,0.0,-0.4339717161391694,0.598906766745604,0.5281106382574944,0.47569467646609176,0.09085293467734619,0.0,-0.2314636219443229
667,8004,1.2991179021679409,1.0137529010459565,1.1900812337658147,0.9597965354744451,0.14672629253876973,0.9085909372410396,0.7739223439304652,0.8832227375522391,0.44856219870378855,1.0,0.3006093321285144,0.711126736688993,0.6424754624708915,0.5713954934356351,0.5692115780314376,1.0,0.452608007708708,0.8179499208612463,0.6913421070821753,0.4921509561541659,0.46730445722379504,1.0,0.37038053320928876
668,8016,0.5254688453934105,0.622368098422117,0.33808350797476744,0.443959898487629,0.34774697929257997,0.6182468684090173,0.5792269947515917,0.9123755979348763,0.0798828779245915,0.0,-0.17656236678721693,0.5701854752522383,0.5360715836170523,0.5868450568068078,0.16089292481028034,0.0,-0.0850985367654844,0.6679986009087129,0.5749786440004313,0.48059677167096587,0.029795309268501723,0.0,-0.27124301804913387
669,8028,0.7801733288228556,0.7697415917319574,1.253299936189075,0.98153622251314,-0.1594722398884253,0.5225523403100071,0.5630216426494153,0.8974840362471219,0.5100454290433407,1.0,0.33020994052892494,0.3689948448315204,0.40290244367937733,0.6069810440997333,0.48289097159610195,1.0,0.5270347867591567,0.46332778064648616,0.5285509422481508,0.4979309973691188,0.4397820422042969,1.0,0.4061219942681631
670,8040,0.36826246253317335,0.5348281407580019,0.5492224870037358,0.6686771264652478,-0.2012334373608172,0.4358210237141848,0.5024268827922324,0.9329810214941363,0.08091975908204645,0.0,-0.18345220611488666,0.36314767241287615,0.4246640274807618,0.6025738004402211,0.20096343178833914,1.0,0.013888980389459182,0.2858449713862465,0.3671211947938695,0.49697808715494335,0.3107172129720889,1.0,0.22380095592692306
671,8052,0.47097948402380735,0.5435145755800187,1.0269061754702344,0.8018851463894835,-0.29371244087342563,0.28335565351746717,0.4473203231648705,0.9157925602043754,0.33673244350270104,1.0,0.39836943406404524,0.5781615779604136,0.6779580689350224,0.6641420161614708,0.12850817372314935,0.0,-0.22757274482722112,0.5588328469659497,0.6701014545290408,0.5374650335230959,0.18327612919422895,0.0,-0.1865333117943233
672,8064,1.22480926896698,0.9813228914055578,1.3210590833530178,1.033352081074007,0.053721885220077606,0.33708723030781734,0.5381189134260641,0.9220730669757021,0.7680695465326938,1.0,0.724783899951932,0.23810167893101877,0.4360594509110129,0.6144572026017026,0.8424332685196185,1.0,0.8056010148160972,0.2918253529006864,0.4670221761290183,0.515126156217163,0.7471685834947295,1.0,0.7617381250332832
673,8076,0.5641295900953763,0.6059540267515325,1.4748798706617265,1.0242730914859461,-0.38988129961428986,0.034368289598121986,0.14248847682820212,0.9332862662850419,0.791593244570278,1.0,0.9390773145008908,0.3590351633036825,0.5538237235884454,0.64493750287685,0.37912274736842033,1.0,0.36355906584694286,0.279034340617284,0.48632523262325283,0.5262230854568027,0.4997435754233859,1.0,0.5053719118507713
674,8088,0.4942803809446679,0.5502228307934296,0.936013123866057,0.8629386439621535,-0.21048431831310133,0.12014161430115618,0.30614928504587396,0.898157384973126,0.5665107403174489,1.0,0.7569363079482505,0.10880581192128841,0.28109498922868953,0.5868980090035815,0.7962301776946189,1.0,0.779870259642232,0.11885132077272571,0.3066980611075094,0.5094610885192518,0.750016150344071,1.0,0.7595467565482221
675,8100,0.254745259993476,0.4366379475286492,0.4752716361876493,0.5681277653234375,0.07637324781818304,0.098565911314064,0.2579846134596921,0.8923388646348205,0.4047464382174547,1.0,0.6130804894403599,0.17529627220994262,0.358710476518995,0.5944684236402782,0.6278098577121589,1.0,0.31187621620739114,0.18659018869152497,0.35290049492697245,0.5100727572714272,0.44373609685035387,1.0,0.26754205869697634
676,8112,0.22626645023363143,0.39850582765887005,0.36997169581293904,0.48924668917286346,0.001384614159292874,0.15067743275449633,0.32301259173886077,0.8709954622806965,0.3533953170845433,1.0,0.33407081518751747,0.16043348332819998,0.33147341326686225,0.5474400068144915,0.42331174221882695,1.0,0.2909532846670623,0.16008402068640695,0.33665913029504874,0.4866880048131373,0.4487726528341377,1.0,0.29249775863318583
677,8124,0.5176431978610868,0.6140520685919536,0.11521438618404063,0.27330022900372747,0.6175952697764311,0.2611433492538416,0.33750371713977584,0.8623632584677047,0.4657241212223206,1.0,0.49551476705790454,0.21828540570435986,0.30778112692056236,0.5482266472058572,0.4241646503554596,1.0,0.5783091391786466,0.417841446801197,0.5075682794326566,0.4755991640953912,0.20390823804392588,1.0,0.1928002753098521
678,8136,0.16930300667729228,0.3483243832392744,0.30863725665342806,0.4701915778648476,-0.056881761135694785,0.15329599741235395,0.25004848742919955,0.8970820588153126,0.3469107509590913,1.0,0.09454651502704392,0.17548918552903325,0.2974833605183909,0.598665429433604,0.37631528028914496,0.0,-0.03653909622250495,0.2906645896316695,0.3829683104106493,0.5106486561452739,0.2941787915902508,0.0,-0.7168306419135486
679,8148,0.5895957457627441,0.690098647913727,0.23604540537806962,0.3874025755461692,0.4318097216842515,0.38752080324977817,0.5401042781991539,0.9229365026786225,0.45645173589374677,1.0,0.3427347364108726,0.2785717695971399,0.3426887531899306,0.6000213023082934,0.5771700689117859,1.0,0.527520726533128,0.2746751068662498,0.3701537470947964,0.4964199940292919,0.6626519959543826,1.0,0.5341297679973758
680,8160,0.2498327313221852,0.4561977115690829,0.2762720677891635,0.4463929892155873,0.2703288002996614,0.15622687690389506,0.3166039097674525,0.9404358946717164,0.4067960448189899,1.0,0.37467410264020085,0.627778290226157,0.6363347257922627,0.6519778088932227,-0.11367447335006053,0.0,-1.51279440809768,0.32928480647331915,0.37234018953509174,0.5173811880135423,0.16226275475192717,0.0,-0.31802108046712374
681,8172,0.23094625538506772,0.38960851538812813,0.22239780838301582,0.3904178352607886,0.08213265776181683,0.07438124602378947,0.2296495355675783,0.9152615736540671,0.7165021226773669,1.0,0.6779283305556522,0.6647123908276998,0.7586352381910375,0.6131383498639034,-0.14902418141074913,0.0,-1.8782124642782936,0.675958355778706,0.7789889027015077,0.5083355804204284,-0.3986816610922864,0.0,-1.92690762468371
682,8184,0.12496643942498697,0.25983447204455246,0.07589059794483091,0.2027003009487205,0.26258677286143134,0.05449253407360836,0.16913754762187896,0.9132424605948873,0.5485281352689088,1.0,0.5639426527286284,0.06129306292910486,0.19084463052073727,0.6169904638094285,0.6530106319752502,1.0,0.5095238112637677,0.20057076832807338,0.3927333612002398,0.4843485486983776,0.3804717288760064,0.0,-0.6049970636193813
683,8196,0.20457036342462154,0.40779343076881164,0.38505403837751007,0.536226227223514,-0.17067156576720227,0.08970000302846431,0.23356628487779516,0.9097513543584039,0.40993608939191317,1.0,0.5615200485210251,0.1639906968011866,0.32123600186514567,0.5935865009498315,0.2433730930939309,1.0,0.19836532498700576,0.024131861890392802,0.09544242095197734,0.4648680571424405,0.732327795478113,1.0,0.8820363737620053
684,8208,0.07013857256441991,0.21515638228306322,0.04724620228720814,0.17345355002196639,0.2608739467326486,0.290641987047322,0.4461030952112533,0.8979500208977766,0.4368309523991193,0.0,-3.1438252365398105,0.1427359468288184,0.27785770036900986,0.595686094391527,0.4108324944198606,0.0,-1.0350563407562974,0.039290703660185604,0.14956524156594928,0.4677673194239288,0.4559722922992358,1.0,0.439813183764206
685,8220,0.09613759509276909,0.2661381021443248,0.15248436669163298,0.32992210620625434,-0.0918252152564567,0.06145446468358514,0.20290282989233063,0.8888550626610737,0.5119093745077993,1.0,0.3607655296111376,0.08895407600578742,0.2356732319555621,0.5759886637786327,0.4452935319069451,1.0,0.07472122721657282,0.0675848619949924,0.22396706520723023,0.4627971459422426,0.5495638361444168,1.0,0.2969986202611413
686,8232,0.12121649909614862,0.271666700423568,0.1415166395625605,0.28096489193961705,0.09540432331720039,0.1187100135713427,0.2913710908982814,0.8302587924812311,0.421069023672227,1.0,0.020677758749803377,0.1203790183397292,0.26291847243484173,0.5430337218094419,0.5597121878690062,1.0,0.0069089667055566295,0.11822288547958393,0.29106518548318977,0.43188898096618933,0.3708080594935389,1.0,0.024696420362628757
687,8244,0.1412993447784164,0.2809502097415635,0.13662252338167843,0.288100719566732,0.03787857912738857,0.14394144518500132,0.28831900213917344,0.8176740807468759,0.23803686037010907,0.0,-0.01869860338509155,0.1632427223086598,0.3454494944599764,0.548313744164625,0.21746064366409246,0.0,-0.15529709330679964,0.0745991626445615,0.22164234630532628,0.5152049604005166,0.48362200407170486,1.0,0.47204877162348613
688,8256,0.285784781448794,0.4105713815983751,0.09609104904776351,0.2389774903608141,0.43327408415186686,0.03792635993148757,0.1549086846021329,0.7753412423678994,0.6737719706869797,1.0,0.867290484331535,0.10953403806567596,0.27923986368456516,0.5558793149887608,0.4085628460009116,1.0,0.6167254340472923,0.05445752382765747,0.20250990098131094,0.5040432173954635,0.6214201762208321,1.0,0.8094456830360822
689,8268,0.13806977561351338,0.2983325738272455,0.16981417209318714,0.32275644138597714,-0.07324362161814468,0.049268472178216983,0.19030051019512303,0.7899936242514632,0.5654256844117331,1.0,0.6431625099751744,0.09306676685302706,0.26771310228919004,0.5702536288136293,0.4792509093257724,1.0,0.32594395522492414,0.0371546312037541,0.1644947118666645,0.49300122792050216,0.5821097284021655,1.0,0.7308996046480309
690,8280,0.29867458440209343,0.4403829765275213,0.5152763607090892,0.612202620803978,-0.3484949526823651,0.16587207984015434,0.34100259798446153,0.9090775496702646,0.43683871018828846,1.0,0.44463945543874095,0.08491550876221833,0.25750732238781165,0.6630052463983175,0.6781217706833099,1.0,0.7156922175611031,0.07781124571884764,0.24530665170232954,0.5505820669332199,0.6785217499377832,1.0,0.7394781819999336
691,8292,0.26076271085416886,0.4384160509879346,0.2783937652952308,0.43202396137181615,-0.06242449295466761,0.05780271829983238,0.21274495523572165,0.898285772773113,0.7314008786347418,1.0,0.7783321161584393,0.0678325894023654,0.23090234380375932,0.6601904501086119,0.7450464445195542,1.0,0.739868521921063,0.07471297033007251,0.24440043374087425,0.5233163975207709,0.7610274899775455,1.0,0.7134829206011145
692,8304,0.146229982230528,0.2744343010083075,0.6793671707786463,0.7548065474707021,-0.18622124138219456,0.02281587449275485,0.1176003572410463,0.8765691841941934,0.5870260840565958,1.0,0.8439726645334185,0.037503633773659624,0.15467960489305402,0.6362959872313422,0.5956936234802923,1.0,0.7435297932640377,0.05219615112180186,0.17107937822857852,0.5292622792609528,0.3912462401669658,1.0,0.6430543837479519
693,8316,0.13507783552527639,0.32797155034023207,0.15670878633470062,0.35489277242503564,-0.004610484399347792,0.02216585710117257,0.109769562203144,0.8891137576290914,0.7131994032884219,1.0,0.8359030775480201,0.0363590308541902,0.1541046772828112,0.6585332401791407,0.6355747762768031,1.0,0.7308290385850421,0.038449794329402716,0.15862274167521265,0.5146065450324706,0.6355747762768031,1.0,0.7153508258413882
694,8328,0.13858672045330186,0.27343987486816834,0.3143069045377121,0.4735157705719876,-0.27935474470612187,0.04580215548648992,0.14293739838165762,0.9416284835871076,0.5735127969241711,1.0,0.6695054523501521,0.06996186161546784,0.211566921531927,0.6699594521260978,0.3498771367506098,1.0,0.49517629548754516,0.0710628438543487,0.19871160829101256,0.5629300059367394,0.2814488462556699,1.0,0.48723193952559096
695,8340,0.15683777924407485,0.35620695476342507,0.43255744597885276,0.5709202043384473,-0.2353826993851503,0.03613482689950435,0.14923592563533877,0.9425440307256064,0.7140927348319476,1.0,0.769603809275631,0.053407605401161,0.17220728129084198,0.6725368662219118,0.7090521201444727,1.0,0.6594723180946935,0.073922875479893,0.21011121929151713,0.5586280765558714,0.6581806543750358,1.0,0.528666652663754
696,8352,0.09965622814035963,0.2356979755210955,0.2380479570127638,0.3893679718639101,0.029192984279546412,0.04114554488611574,0.16753070986295868,0.9660135748126641,0.5745427758805632,1.0,0.5871252037738697,0.05870224001386407,0.18963406880345732,0.7196913876279979,0.3452631323522589,1.0,0.410952620731485,0.15254821732288074,0.28535800438716225,0.595988042969601,0.18919843166425757,0.0,-0.5307444418629412
697,8364,0.09050138685257127,0.2639481241124328,0.039004238181574925,0.1492419818981491,0.32509497733556353,0.2821115300930158,0.4524304594132178,0.9594427915296,0.520335260488907,0.0,-2.117206707037337,0.19480593711825897,0.36502322727915426,0.6811699087893892,0.4826675842582337,0.0,-1.1525188054366735,0.051106752740040444,0.18428601537257236,0.5877337503679193,0.7029984128921617,1.0,0.43529315386852074
698,8376,0.116969434571308,0.24992329026572305,0.044946524802396415,0.16417576869017245,0.41364532674065285,0.06541806828029756,0.21635992260381967,0.960464557193468,0.5467532286900498,1.0,0.4407251046390518,0.06872698392043801,0.2311132324206373,0.6928693980475558,0.40578097995878065,1.0,0.41243638415179285,0.021697616564079442,0.11505236462547548,0.6106603308028914,0.7308801176969297,1.0,0.8145018256812044
699,8388,0.12486428936163435,0.25705018244036254,0.1527731355436319,0.30098233231413246,-0.08569806528352766,0.1404649994705428,0.32550067600764626,0.956702839881418,0.2485699086296552,0.0,-0.12494132781011058,0.045139668939842705,0.17464410646241516,0.6697504852387801,0.5481163842062042,1.0,0.638490162634824,0.08359535415267226,0.2584844130425489,0.5900463177547813,0.38962043924941836,1.0,0.33051031179489765
700,8400,0.13886177477731665,0.28193082297833705,0.1324409205881312,0.29330725204421676,0.07842467389579069,0.10069286645210314,0.27917210063547565,0.9463685334194473,0.32326355510039717,1.0,0.27486980046468823,0.12152948350213572,0.3099687483581013,0.6809508276764278,0.22418083700864008,1.0,0.12481686412963955,0.0661968280440799,0.1956968205246289,0.563239008254433,0.4328548608687305,1.0,0.5232897739479757
701,8412,0.3236961403681429,0.5196366911140994,0.22921100808113837,0.42977627753738495,0.17485150792939166,0.14244282244268705,0.33755902194557597,0.9266942778778298,0.6266596638791562,1.0,0.5599489623797016,0.2155853948904373,0.41489817060382633,0.6442039480434769,0.4898753667731812,1.0,0.33398836746941185,0.18399857434214484,0.39601398430761264,0.5415246474403829,0.5386620725861012,1.0,0.43157007021189264
702,8424,0.06494116903416047,0.20705930429311267,0.14554309360323595,0.3049225009656256,-0.10415287159249713,0.07125376501537756,0.2088141570608629,0.9206538569041373,0.5070543212074119,0.0,-0.09720484055186196,0.05211539311016075,0.1908135129208696,0.6747838228068754,0.48499853372315965,1.0,0.19749838376412787,0.05613731962495283,0.18438085394495074,0.5656452537108435,0.46353429303217963,1.0,0.13556653722350798
703,8436,0.06365572055623653,0.20014376291725092,0.10819738326498397,0.2314112163429892,-0.025275408578292125,0.12691032047745487,0.28436479557999744,0.8988331594061035,0.43730326022896515,0.0,-0.9936985924986299,0.06361631631050264,0.2054949326273594,0.6383880171005959,0.5797322840030145,1.0,0.0006190212818197871,0.07164832501001572,0.22268285142940666,0.5511802217757008,0.4472526474028135,0.0,-0.12555987716324957
704,8448,0.09098325824226705,0.22977467704400426,0.10921063766502348,0.26640095323739166,0.08138788090072711,0.08063331310014175,0.23367820471042386,0.9044106211898952,0.40173967974521857,1.0,0.11375658931191301,0.07162923648425482,0.19698934830948703,0.6624315669184228,0.27470270199729196,1.0,0.21272069314639208,0.04656949767179717,0.16725516321896503,0.5437764053741512,0.41461064162592737,1.0,0.48815311111640414
705,8460,0.08807774015298557,0.2311594077436344,0.0814832213170079,0.24715837476122596,0.020618626334938047,0.08559655798005579,0.2552363188934504,0.884403571950527,0.4713305987587404,1.0,0.02817036595875555,0.23157943484219468,0.3997347467675936,0.6405611366956062,0.15688303793369227,0.0,-1.6292617685235289,0.2013168319176597,0.3680487524620905,0.523526085727292,0.07380530976966912,0.0,-1.2856720843198843
706,8472,0.16392441267840238,0.31116155908090115,0.3351906703225717,0.4667875267960908,-0.23223505962205557,0.04985591630974522,0.18387428841948839,0.8695726237235443,0.612335604612177,1.0,0.6958603328501423,0.21266156277380574,0.38380315830289824,0.646213741209303,0.1974962670945817,0.0,-0.2973147763598769,0.19230554826465118,0.36771556487671675,0.5429278811818838,0.19048199756563686,0.0,-0.17313550265346245
707,8484,0.3073611694910372,0.46726013384355625,0.3309038327563476,0.5011996508228264,0.010234430599034483,0.2259524711705332,0.4301533823201755,0.8561233429942448,0.34036502823457176,1.0,0.2648633152174349,0.20696231319548175,0.4178151570370125,0.6296264435993629,0.393742782069848,1.0,0.32664782106928814,0.504619578345065,0.6655528640472212,0.5238813367010192,-0.004631861598391828,0.0,-0.6417805124201934
708,8496,0.22396450997862458,0.3757653622100463,0.22939490648915692,0.40750192269529234,0.19999452038383345,0.20727191359691624,0.3846831071107333,0.8957048167271953,0.31337036682383024,1.0,0.07453232828407275,0.10372129403536057,0.26646364015220614,0.5922613915613083,0.5949141596885236,1.0,0.5368851339649312,0.26213500019021185,0.4619613231852852,0.5213919799891615,0.008324345772681596,0.0,-0.17043097683302721
709,8508,0.182410046836697,0.3676988941902066,0.069210627370268,0.22413121623564802,0.5252184274995956,0.028238763558460746,0.13618051618280844,0.8675711355282028,0.747534983690332,1.0,0.8451907444344797,0.025164242696165757,0.12850483220602416,0.5938392858611655,0.8205824864515057,1.0,0.8620457418187382,0.08073147102695699,0.24330023558314925,0.5104992055034815,0.39178230100700334,1.0,0.5574176289794388
710,8520,0.09080681865242689,0.23846968876318186,0.024743458499975127,0.12448547285276634,0.31999117395375754,0.09102342819635055,0.2741851581929376,0.8565205814837775,0.37645831012333003,0.0,-0.002385388532911481,0.055779174161208846,0.18066987273045357,0.5929886147323215,0.4881064783358034,1.0,0.38573804270459267,0.06256059814674247,0.18534590512835658,0.5183895334540692,0.49564544309999575,1.0,0.31105836461246306
711,8532,0.09292600059370547,0.267908625142612,0.09274177083465547,0.2563595181546903,0.14982498428775007,0.011397873925387235,0.08135481156416136,0.8597876935090939,0.6973574594879104,1.0,0.8773446198850046,0.0657100221198947,0.20802246455610793,0.6228496049151057,0.5544308725215822,1.0,0.29287797064252763,0.02749925418036238,0.1328760542395094,0.5093127939503743,0.6784273278362369,1.0,0.7040736284283271
712,8544,0.11361423241571976,0.2681050859951497,0.07244112401312301,0.2320023688473667,0.16760877947310768,0.019896613634155208,0.10789974306348431,0.8943106895758159,0.7932633796574962,1.0,0.8248756937304071,0.02161998977456801,0.12857026937880897,0.6035324696520367,0.6963718552019809,1.0,0.8097070295254959,0.013701951170517744,0.09574014399934712,0.5149341468713196,0.7142557215457004,1.0,0.8793993421494795
713,8556,0.16959663636075287,0.35700311068759777,0.35872673047234604,0.5053019441403884,-0.3591875898907751,0.0360961653323069,0.15838452055911698,0.8923453987871891,0.732085933641212,1.0,0.7871646153669821,0.05289428869577132,0.17644797582405106,0.6359744931861916,0.7009682038123022,1.0,0.6881171122801122,0.03687004033901145,0.16206853922626055,0.5155214005024632,0.7150148370968819,1.0,0.7826015826128512
714,8568,0.1347082837405883,0.27521934349644783,0.2710895780469646,0.4296156018549473,-0.1131672194364601,0.09805541931181377,0.2647224370334855,0.9059545237198121,0.4167855627789973,1.0,0.27209064959477935,0.23007426818374163,0.4189521546042338,0.6382459013497472,-0.04014426200828006,0.0,-0.7079444693008072,0.13172700306825383,0.30070347528046865,0.5322343786470658,0.13575447817238817,1.0,0.022131383383041325
715,8580,0.24420230220901015,0.42123338574356045,0.168488816544116,0.31103595094118097,0.21724635808305295,0.11974727161029136,0.23821603653855142,0.897401204785065,0.6505556692278114,1.0,0.5096390552952242,0.13570304870099842,0.2472739254598879,0.6163628859288037,0.4816288362361879,1.0,0.4443006987507775,0.10180950367617499,0.2355327652265884,0.5452612799774472,0.6046489155791677,1.0,0.5830935959439182
716,8592,0.14419829138637139,0.31295719707259434,0.29314541670579114,0.3472574848394552,0.008934398067837556,0.17335111878067053,0.3402095971311679,0.9433660211986409,0.08416473274140995,0.0,-0.20217179492221415,0.16284444438427184,0.279626991033682,0.6847983174542062,0.25102739468150065,0.0,-0.12930911190853922,0.3155873449707172,0.3811746465375627,0.5704119117791675,-0.07248960995091373,0.0,-1.1885650789378515
717,8604,0.2916084107096257,0.469058169456171,0.2145945668383861,0.3993630227712157,0.3214872577493789,0.26219555790950744,0.37158417076669653,0.9503958555952163,0.21652479445439415,1.0,0.10086421282754643,0.22767527473008145,0.35343039082010835,0.6788549117707557,0.3628505017713336,1.0,0.21924311381816353,0.20409951253448733,0.3513394578357884,0.5726630063805491,0.36630702723242264,1.0,0.3000904465073091
718,8616,0.22518630034898926,0.4156795678536895,0.11422853060725457,0.28731213304544767,0.37157919699037717,0.4095756920779137,0.5024017534507212,0.9420169415837722,-0.19692078289235324,0.0,-0.8188304148305712,0.32530434546694137,0.47383289973757475,0.6970068449303002,-0.02838601119478441,0.0,-0.44460095912935715,0.46861692329318666,0.5586016310947415,0.5695206023434339,-0.3579301499941535,0.0,-1.0810187945134029
719,8628,0.6428437011172665,0.7436597945631945,0.8553898346433811,0.8482474949554589,-0.386670787287425,0.28629580367880547,0.4167085458047935,0.9545747805130317,0.6480568463745675,1.0,0.5546416598914767,0.37667165864023394,0.5318072143357132,0.6757562787078022,0.4157798637178149,1.0,0.41405405701949605,0.7525575659822472,0.726154823838214,0.5707936435461298,-0.03957868943772931,0.0,-0.1706695806061369
720,8640,0.3196809953888719,0.5030280382708983,0.7508431754336616,0.7831110471531294,-0.45917909699615295,0.47503183809308674,0.5767491023093914,0.9621579206699282,-0.19181758415511116,0.0,-0.4859558276688931,0.23132727936845768,0.42566396291824754,0.714298136862001,0.3195926134013356,1.0,0.27638088373985903,0.6138109764503047,0.683676458257544,0.5726351824928368,-0.235656807678726,0.0,-0.9200734022478942
721,8652,0.22859418604481996,0.4303127748563445,0.3249544804561868,0.5176973976524852,-0.21357510368323512,0.15688373136854555,0.3225052964919534,0.9557111526194179,0.46507483750886996,1.0,0.3137020057991077,0.18257453060349516,0.37296934390796227,0.6808073657846383,0.3457192426614339,1.0,0.2013159487455286,0.19950579155493733,0.36488978284647766,0.5594582945395861,0.3642945503257301,1.0,0.12724905647503792
722,8664,0.2882003693250805,0.3692598020065781,0.4269270898952669,0.4626177559562002,-0.08485614697821917,0.17724888393965688,0.31803664215665356,0.9327432993236308,0.5940408103426336,1.0,0.38498037197264656,0.16797921059173934,0.33197401007622135,0.6532196334567829,0.4715435839813236,1.0,0.41714436041452685,0.21043748993342767,0.3733767961717485,0.5297819373048903,0.2652547649051052,1.0,0.26982227529326597
723,8676,0.39205178520520007,0.4763549136932174,0.4126066467499529,0.5012478067809866,0.06175960728659389,0.19394105728758318,0.3822513119564821,0.9429037179167334,0.45498298921066666,1.0,0.5053177549336387,0.22849581392136173,0.40047694267301975,0.6656728049666698,0.4892652256771445,1.0,0.41717950907488677,0.2954930878718566,0.46245570671816943,0.5500116749691765,0.22515521744851236,1.0,0.24629067122549797
724,8688,0.40402878071668874,0.525149420161304,0.6138708986913072,0.6633814075859238,0.00026698690506112845,0.1287838809003049,0.3220634655963599,0.9156601287319287,0.6199748902315877,1.0,0.6812507250798795,0.19025570167782271,0.38582268526195523,0.6579060858496127,0.4777047671558609,1.0,0.5291035917284492,0.19807399666084716,0.39872721448116105,0.5565936146120366,0.4744430739738962,1.0,0.5097527549658901
725,8700,0.958384201397804,0.890240134977642,1.1530548878206794,0.9780102226754344,-0.16395522876291643,0.46009854847275217,0.6077353060954881,0.9270839700092068,0.6790653792335017,1.0,0.5199226491821358,0.6419416205520527,0.7446877951078522,0.6815460338124951,0.3984020602388531,1.0,0.33018342788228305,0.7981811352657155,0.8238299756986628,0.5649173934783357,0.17974856777813836,1.0,0.16715954405178235
726,8712,0.8003902203663537,0.8220968053741937,0.2506582536778144,0.41621725692666645,0.45170612398009824,0.5726852516489601,0.7213603837016024,0.9117115808949517,0.5264855485817863,1.0,0.28449244246533734,1.0503397959362897,0.9530355215071303,0.6362125698717657,0.18122288948938658,0.0,-0.3122846446768546,0.5029703309257431,0.6746303272997786,0.5594109544517503,0.4209609143065024,1.0,0.371593607558668
727,8724,0.07987564616094343,0.21812136126482753,0.15861248914202009,0.3239802865413286,-0.2014064587883267,0.019485878282926177,0.10632237850827898,0.888858646211759,0.5124597126949614,1.0,0.7560473158030723,0.30248143628698493,0.5011349905774565,0.6536900454345979,0.20449384437552243,0.0,-2.7869044048483507,0.16029322572583457,0.3665202909483633,0.5533671871425907,0.2951065198274022,0.0,-1.0067847138645458
728,8736,0.21768095795615575,0.3959399256479097,0.48844819835996983,0.620712895383948,-0.17963378740950114,0.6365983449053888,0.7644242157601105,0.7616768903970204,-0.22315476979244075,0.0,-1.9244558223306303,0.6838676445085362,0.7922813538519927,0.5642434991991573,-0.22315476979244075,0.0,-2.141605269149346,0.38339287273715916,0.5906035028483403,0.5190450570061854,0.058412047878296035,0.0,-0.7612604994800709
729,8748,0.06501119154160112,0.21575472076088653,0.14152718141356,0.3068673923210848,-0.2709004340860394,0.04061719039175174,0.17002867634254748,0.79542262903002,0.6145863175989394,1.0,0.3752277195879341,0.03135800778497785,0.13376264983350664,0.5418021992241072,0.5790756787989474,1.0,0.5176521604759139,0.031385786670255815,0.13547994317223963,0.5129560925713964,0.5790756787989474,1.0,0.5172248665805206
730,8760,0.05551811689928795,0.1833507642388178,0.8144525165639932,0.7936288277367574,-0.25420640212237877,0.035956396548902834,0.1445298378582286,0.891258079807266,0.49727998841703086,1.0,0.3523484124267191,0.06721274019100411,0.1928628723342695,0.6168201051378392,0.7276468936513999,0.0,-0.21064517215039302,0.06752355502174248,0.19313073841013664,0.5627295538369744,0.7276468936513999,0.0,-0.21624361186876828
731,8772,0.09301680771555831,0.2629545743559067,0.09453247783769332,0.2632467869611209,0.2632992094846604,0.05139905211030498,0.18840116054554332,0.9121870016224625,0.5319843397838039,1.0,0.4474218867252332,0.14280568036960312,0.2757630089395942,0.6308416361579137,0.4483856997795231,0.0,-0.5352674841980944,0.17185800093173464,0.2980712422787742,0.5549732379091922,0.3470314042625061,0.0,-0.8476015803215862
732,8784,0.05618683975400469,0.17524563929796214,0.08094320668890115,0.24100326028971944,-0.0022035318789386028,0.08239814036553224,0.2372100848222797,0.9138853516477681,0.2773059306238826,0.0,-0.46650248930683724,0.10446486543754359,0.2492985117084752,0.6727632105705463,0.3623147307601454,0.0,-0.8592408096790656,0.08168682064893636,0.25418193285146456,0.5776611076173978,0.43922245441908664,0.0,-0.45384259030361584
733,8796,0.1562375727775279,0.28629303356023234,0.22987334695539183,0.3644062107522395,-0.22012417571538273,0.14825903465576265,0.312448187916551,0.8860834738841014,0.3313783669038791,1.0,0.051066705530084966,0.14307645795891719,0.30455747598247596,0.6582544819139345,0.30362338296108515,1.0,0.0842378346299022,0.07151050525822776,0.23778735587759092,0.5521027585036706,0.48631759753165743,1.0,0.5422963632438527
734,8808,0.1705870643796463,0.307030725778117,0.3472181261440285,0.4469613772947157,-0.3882497365225291,0.18308632738032626,0.37024901884821065,0.9231489901599798,0.21947069836597274,0.0,-0.0732720446660744,0.16284025615107883,0.30567969163029135,0.7319982620423137,0.20033002111357434,1.0,0.04541263580998567,0.06261695571639729,0.1937895811447631,0.5900457876832924,0.5062714541830735,1.0,0.6329325676357177
735,8820,0.2182643995296706,0.37043555380280574,0.12512011516234797,0.2647570344699435,0.3463085635325277,0.11111880280088338,0.25294132290811294,0.9124929980471392,0.47104501050700326,1.0,0.4908981811036114,0.06611932740368588,0.19675070606083242,0.693481037565656,0.7161756313643687,1.0,0.6970677419397583,0.03413632458493587,0.15197741575098803,0.5829273493275859,0.8292865243406868,1.0,0.8436010423207133
736,8832,0.15318432977266758,0.2957510203938721,0.16369384744747342,0.29050194524129225,0.05075335551974156,0.1305931248914252,0.2931632403834297,0.9131307300458691,0.3029479291081712,1.0,0.14747725772452547,0.16327068731359085,0.30866487823479954,0.6961532049387634,0.19479045123658104,0.0,-0.06584457794013177,0.06929161726951728,0.21044381657214226,0.595608160010743,0.5309081042705553,1.0,0.5476585798798796
737,8844,0.19979707085940693,0.3540471939583025,0.18288133833160644,0.32803917899648527,0.11460191845950318,0.12835184215202358,0.2631236554861286,0.9157111467675574,0.4941428694218759,1.0,0.35758896964839826,0.09479149150091055,0.24474853507491443,0.6809608818064188,0.5073987436106973,1.0,0.5255611551602106,0.0852005973104567,0.2241494070329865,0.5828200247329126,0.6345752527883011,1.0,0.5735643323299239
738,8856,0.1911155921460755,0.33922248770348684,0.14792461496187873,0.3012273039007729,0.25107679845126785,0.1265093393140961,0.28621154123204334,0.9013778103106616,0.5155378716593761,1.0,0.338048047814952,0.17402075028359967,0.3513656959885025,0.6912852090039274,0.1730500819395931,1.0,0.08944765662766918,0.14007532372964118,0.31627048630664917,0.592800170036275,0.3839132002838171,1.0,0.2670649100018102
739,8868,0.19390442082554293,0.34910348141116626,0.10937605728060805,0.2794234596624518,0.5121388968913649,0.13149232603455904,0.3148763180531289,0.9066577707339819,0.45836262579544773,1.0,0.3218704066945254,0.1778473545017587,0.35466039235989455,0.677399629288341,0.3330316255121513,1.0,0.08280918122145797,0.09248344283650957,0.25449479903314454,0.5815809749662688,0.5979351087547998,1.0,0.5230462387460597
740,8880,0.6309230094820669,0.684979751255939,0.5287684436269933,0.641120811836799,0.23501999864173814,0.22177469097122737,0.42258892502154155,0.8678290218843193,0.8725963376518496,1.0,0.6484916738838149,0.28830246892784095,0.48446911447556856,0.6492879946975327,0.7461236294367664,1.0,0.543046513449379,0.24076443326929753,0.43498968848927394,0.5811172991283415,0.8685008613950951,1.0,0.6183933227178634
741,8892,0.47756593280717136,0.5974372124620051,0.45583758652150913,0.6096283520473221,0.11949806871675628,0.14598426861551117,0.35357481928966555,0.8906569540467014,0.7689852683694969,1.0,0.6943159916005655,0.19552190864154315,0.40685756803160195,0.6683857712326979,0.5543013355615353,1.0,0.5905865657287372,0.1446823938978998,0.3434030155380656,0.5896721151884525,0.7471852315312006,1.0,0.6970420543872446
742,8904,0.49282581107960555,0.6205844862658351,0.553588094665213,0.6828385582387887,-0.06291943162057521,0.102921770454199,0.2981803697988392,0.851255238139568,0.8258141873861649,1.0,0.7911599430461361,0.1894400160266255,0.3936435104240989,0.6337784009723985,0.7267666029842289,1.0,0.6156045163064208,0.15030191346998004,0.3486437014047255,0.5635431763465526,0.8205011252671042,1.0,0.6950202077672796
743,8916,0.08143870702128699,0.24696371879380605,0.12038923678370322,0.2888633504930578,0.03266178686821873,0.038244109476562045,0.1580553944436431,0.8546719166997612,0.6209116570092086,1.0,0.530393950550252,0.03233850646373642,0.15539648190288533,0.6532600567182212,0.4997722548491771,1.0,0.6029098736147227,0.03668630023903515,0.15435313426908528,0.5649113251283282,0.4527634042665424,1.0,0.5495225602065876
744,8928,0.17150406805255006,0.3181084821932649,0.5803814502129024,0.6658435565946762,-0.17506858969887543,0.0654653210404778,0.23301588697986064,0.867854988865391,0.28419425452953095,1.0,0.6182870658180613,0.16468243502680552,0.3666514073097697,0.6332969065596872,0.3275219657848587,1.0,0.039775342376452194,0.17007415479335375,0.37573530214857587,0.5810207047912492,0.32470733422326814,1.0,0.00833748887378094
745,8940,0.1060613913462473,0.25902069583615045,0.19040238031082643,0.3518567241878043,-0.15945129143339654,0.08472041743523474,0.27044804943002704,0.8648463360023142,0.3477818028077844,1.0,0.20121340706669555,0.204440864410286,0.4242012492846909,0.6425496327558883,0.34934657345387926,0.0,-0.9275710210407266,0.18230367506351328,0.40824333360758835,0.5742265500589424,0.34235142137277047,0.0,-0.7188504954490549
746,8952,0.14930940243408788,0.29755162341601477,0.4090291650804383,0.5423107458684345,-0.21271937263016608,0.037357241397073714,0.1403656525457255,0.9044126718930621,0.6198677777093786,1.0,0.7497998063881814,0.07941748866445751,0.24008966748827895,0.6787396809767641,0.47098090501484047,1.0,0.4681012222286799,0.07270345367800389,0.24288311369459048,0.5868008884603888,0.5405670053439742,1.0,0.5130684840152744
747,8964,0.12118851980578305,0.2823344756663226,0.13239085704338413,0.3040288453017252,0.2208857891179919,0.04004783777755408,0.17002938020799577,0.9222189955918013,0.5985446758419128,1.0,0.6695409941326553,0.20346519109420638,0.39863480220112657,0.6867956019905292,0.4399304973259409,0.0,-0.6789147307045262,0.2764729412754942,0.488644694465956,0.5930991264392508,0.3078564581356174,0.0,-1.2813459700520338
748,8976,0.19945197765295272,0.3487226850136144,0.31115854251110503,0.4816301132606032,-0.005303321021078,0.17408295897439485,0.32287569770402164,0.9416363411331172,0.32318275337508373,1.0,0.12719361811844287,0.0627844685367709,0.1971685457406167,0.7120447304538958,0.5936816726782219,1.0,0.6852151115492264,0.08276642670440788,0.20041211490171218,0.6269376599343933,0.8600979923337396,1.0,0.5850308045156523
749,8988,0.21620613810311498,0.3542588637538557,0.12640075938769016,0.2918230078251503,0.345045445984619,0.1350406983549135,0.27407703578893444,0.9264714184120546,0.4718882819437112,1.0,0.3754076570642565,0.3060745463728999,0.5179390129150432,0.683541082297871,0.18226437010770397,0.0,-0.41566076272508057,0.3531668082285584,0.5679052348514594,0.5940979666256152,0.033329388000447935,0.0,-0.6334726262957571
750,9000,0.21634446273495497,0.3656972820389277,0.18854640974262482,0.35807347680615104,-0.04056973410441902,0.34967250716895776,0.5285773265983422,0.938854042535621,0.12100258926244375,0.0,-0.6162766670730273,0.141230197685993,0.32354963016821014,0.7079808335627342,0.5034998303076342,1.0,0.347197539051346,0.019344139169528127,0.11252796861782942,0.6312437992745841,0.9123608286358778,1.0,0.9105863911422278
751,9012,0.15753422585038374,0.34694769091536726,0.08609778800107397,0.24093872863113916,0.41605819428563373,0.02653601750717353,0.12446699263092974,0.9359526274038551,0.8604083066117847,1.0,0.8315539536635309,0.045018727340746766,0.15441182381816845,0.7043893625774673,0.7959458549945599,1.0,0.7142289105892279,0.03170174674203969,0.1441782780063844,0.6234395580605198,0.7380110708476495,1.0,0.7987627985543405
752,9024,0.16103357908792568,0.3226376464260085,0.11249935156337981,0.2833226287867314,0.264123522148375,0.04352415384481125,0.1595072548235443,0.9404374370819941,0.78389300667731,1.0,0.7297200118675453,0.07987213957767185,0.2236336683504351,0.7262204989339758,0.57045042976633,1.0,0.5040032021267999,0.012544547961573352,0.08459803155374086,0.6262308481447805,0.8072459975283947,1.0,0.9220998003483241
753,9036,0.2279856252064357,0.409766566455293,0.35168679280785414,0.4881577476781411,-0.12846253892810883,0.0188274413388447,0.11679744203701065,0.9322557026154398,0.9108842101368065,1.0,0.9174182963430396,0.0260273581184587,0.13422202682446788,0.7136504707119972,0.8519120155647503,1.0,0.8858377229051545,0.02318535041565382,0.11941535072175428,0.6158033740730021,0.8717134604750303,1.0,0.8983034549013341
754,9048,0.15960697661495468,0.32046077470247564,0.12605012991354936,0.2934591408991007,0.32457142063851874,0.02849549121019217,0.13242267647083938,0.9533641332049336,0.7115592340988122,1.0,0.8214646263306122,0.012243887896608976,0.07879841949132911,0.7262149066179397,0.8518184104662069,1.0,0.9232872637757755,0.04392096792644637,0.1905529514455837,0.6294439623907123,0.7516778323692997,1.0,0.7248179944389028
755,9060,0.24936443162103536,0.4259733759739359,0.0714383012275129,0.23646982823955412,0.4798729174992774,0.011590332928270755,0.08961483619485534,0.9518213134914995,0.9120857622034331,1.0,0.9535205046969777,0.008688584029621176,0.07600206391030191,0.723105373717728,0.8176952878889402,1.0,0.965157083658084,0.005889312593770013,0.05751287439685968,0.6135740948817731,0.882576615754578,1.0,0.9763827080089749
756,9072,0.12867188415383737,0.30604027166233766,0.13341349336215325,0.314241515306071,-0.11264741225498254,0.008811116336759158,0.07674422773216799,0.9697732443928155,0.7856779181739709,1.0,0.9315225980042013,0.04316476903850982,0.185501481281344,0.7445322681304358,0.6933745273726479,1.0,0.6645361236266429,0.028553845929182375,0.1250271559366782,0.616099188018546,0.5815981732908156,1.0,0.7780879162766903
757,9084,0.1397926992401704,0.3279719893895566,0.10811915586530896,0.2765819042681899,0.19582445481121452,0.017101498059162418,0.10577713591701908,0.9673813840378557,0.8840737367226446,1.0,0.8776652990312374,0.017074845905929448,0.09793552912591853,0.7273518764063941,0.7773061273901305,1.0,0.8778559538606944,0.03265966825386094,0.1387700612891898,0.6067467571336042,0.7077409639792253,1.0,0.7663707158429633
758,9096,0.18968990281516995,0.34931026335290855,0.5777496119628934,0.6284151011042945,-0.41690581796487897,0.043372633547661084,0.14902335879208717,0.9711852973814705,0.8227075145087651,1.0,0.7713498035268513,0.04968507175815523,0.1750412576421491,0.7415116000635422,0.712369850800332,1.0,0.7380721323550502,0.024933262761592634,0.12295949947464502,0.6160682955214504,0.8174106123034954,1.0,0.8685577756561608
759,9108,0.1601595243017289,0.3500961685043705,0.20135477576065453,0.39885040843653075,-0.16116653870270586,0.19274172758057842,0.36582598704659003,0.9664008367270744,0.6007424368879074,0.0,-0.2034359393916969,0.07468456346974,0.19918676286957104,0.7213829228796653,0.6479964478337591,1.0,0.533686405505053,0.042757065199158756,0.1758549768816111,0.5891824438093181,0.8049923449182386,1.0,0.7330345142721106
760,9120,0.24562753321815603,0.3915800012095685,0.24233233499248363,0.41663033153064283,0.027873704090196537,0.09946559704198642,0.24637256613347902,0.9626011399512937,0.6244576573548465,1.0,0.5950551807494429,0.10623073179986343,0.2947619302056196,0.7205622735036828,0.6355138332894565,1.0,0.5675129314370724,0.02467329656019418,0.1258935192347396,0.6007355011837073,0.8659863739555881,1.0,0.8995499558338177
761,9132,0.1752821356360819,0.36728792344179634,0.13590733908955224,0.30440978921200207,0.10395265726867009,0.07648247451881045,0.19514939032567366,0.9637462720997412,0.6684329102544913,1.0,0.5636607561788145,0.03303353031729663,0.14692518360582443,0.7202417402870098,0.8119871326547325,1.0,0.8115408042158937,0.03655817366685257,0.16547060332307673,0.6001136749828269,0.7657891212926623,1.0,0.7914324039116336
762,9144,0.27044593823797186,0.41747431402644136,0.3689323982600077,0.4974486969367149,-0.11888334234896722,0.08847985930479492,0.21863727250639164,0.9588690516496344,0.6111021982384429,1.0,0.672837167083133,0.07470789413284677,0.21738023057979183,0.7269052210561526,0.572540585451671,1.0,0.7237603396095027,0.0361842833109961,0.15677940036554833,0.5992619189516565,0.8674730806049737,1.0,0.8662051146090548
763,9156,0.21418079671491327,0.4087775255295276,0.09461630596212912,0.26246518851857786,0.46294139198191264,0.09423475947288379,0.23956083068654951,0.9560489906896414,0.7407999964756566,1.0,0.5600223693335329,0.06257865273233257,0.20700116237238975,0.7096357264349502,0.719905272527767,1.0,0.7078232330248155,0.05419485330711255,0.19701560253844944,0.5980070807610354,0.6533876862644005,1.0,0.7469667956308474
764,9168,0.2549681564552021,0.4164848237611329,0.17305595379125452,0.3560974985795881,0.36047210707485366,0.05868435648571615,0.1984294338128402,0.9768416447085219,0.7678259551848983,1.0,0.76983652664082,0.04863824454099904,0.1763479990400499,0.6925979621353747,0.8340407789640336,1.0,0.8092379643904875,0.08045474965486615,0.224572911498259,0.61367719488552,0.7293417636728783,1.0,0.6844517732197587
765,9180,0.22919254374015932,0.4180615493584505,0.2683676197450436,0.4476346007224498,-0.13816282575111818,0.016004660511192884,0.10251934108435952,0.9785054351753125,0.9380881876838579,1.0,0.9301693665508695,0.11722940186783525,0.30409685129727543,0.7080125847348062,0.538131227257211,1.0,0.48851127547700324,0.02781948490809104,0.13928886981077532,0.6099795976211901,0.7952824320100064,1.0,0.8786195900874044
766,9192,0.23348220161359545,0.3971291902161285,0.30146705005684066,0.48019143347595333,-0.04687766952418841,0.031927322641195466,0.14878267647872642,0.9835078276283646,0.8975067898721637,1.0,0.8632558609583696,0.014425656544423994,0.09357748567413755,0.6944627915464151,0.9317595852091405,1.0,0.9382151768112161,0.01797799526708253,0.10655266506076048,0.6183631407179074,0.9462268160922138,1.0,0.9230005750209798
767,9204,0.26211449873441595,0.43208545365541823,0.15896133594737047,0.3491954437468803,0.33413034836190153,0.010326400862804778,0.08715681403032612,0.9785842926544819,0.9512426793115077,1.0,0.9606034732429363,0.022331190497431066,0.1192039780767553,0.6823559966814733,0.9084991109445039,1.0,0.9148036808140939,0.013832169899033034,0.09413703665151334,0.6071439051962433,0.9460461144034447,1.0,0.9472285204907788
768,9216,0.2370333315564702,0.39416865660877726,0.7222385926317044,0.7312930714874454,-0.5535916876059385,0.02455754735100833,0.133019750119478,0.9849751180812106,0.8703548210177827,1.0,0.8963962275273603,0.056678486557699255,0.1986396492479284,0.6991172703155386,0.7120368460565655,1.0,0.7608838968531465,0.016496131054452568,0.10373126511700691,0.6159493060371274,0.9368523022911097,1.0,0.9304058591838904
769,9228,0.16415364902210391,0.35246777575379795,0.25042851464285115,0.43393599979640746,-0.04867542815827923,0.0274555542048756,0.1458088488133511,0.9827084628786338,0.916081155692569,1.0,0.8327447829004483,0.024441128850364386,0.13141188483128907,0.6992892598308061,0.8464869686694063,1.0,0.8511082208896051,0.037904949145391525,0.1682675580211805,0.6157693629630782,0.9077305881830284,1.0,0.7690885985709188
770,9240,0.1797128264779856,0.34614656996074417,0.35358893793309293,0.5370878866471552,-0.34869424360660156,0.008795836459013544,0.07489892228711739,0.9847384665478268,0.8966827227639289,1.0,0.9510561564725543,0.056758972302788015,0.2122644014459435,0.7031590204551048,0.6366914785361752,1.0,0.6841684958433345,0.017881483004292126,0.09567747471789301,0.6296009083075007,0.9470991295407704,1.0,0.9004996841086211
771,9252,0.27448935711921413,0.4437437087394984,0.2629897469189167,0.3961331278265501,0.45101642342282755,0.01852553756251339,0.10638633387840497,0.9781905560402677,0.933900596700003,1.0,0.932509086119257,0.020823031582884878,0.10344353209753758,0.7152454194763667,0.9309144031258978,1.0,0.9241390201739546,0.02442527785694763,0.12104484278889234,0.6332634372988079,0.9447335603924418,1.0,0.9110155741071614
772,9264,0.15995490370583715,0.3194716651752534,0.1536969211925595,0.3010291338379598,0.05165447043525593,0.022138610251545735,0.12566288336113826,0.9736888922377004,0.817222483613671,1.0,0.8615946761328466,0.020223692526908026,0.1260952610461432,0.7523176790918236,0.8426417695918843,1.0,0.8735662861321205,0.025700451664650032,0.13182592626544568,0.6346530166693942,0.9108897684130751,1.0,0.8393268910847892
773,9276,0.17911002320020283,0.36314095850640005,0.1530172841984687,0.299115324576425,0.19151654814722066,0.07852722203745217,0.24771924621401364,0.9688390024592636,0.8022904329639694,1.0,0.5615699186768726,0.070279907752476,0.23623296556208004,0.7446756346422814,0.8216859903227549,1.0,0.6076159977159983,0.10115617662231913,0.29119896518893346,0.6375072391932869,0.8375324781690903,1.0,0.4352288341269972
774,9288,0.176634166500838,0.35583377484263584,0.5123008635503218,0.5849637651881191,-0.3062532809443971,0.1426113820186323,0.24747704838208084,0.9686757306307765,0.5113697978399097,1.0,0.1926172334390599,0.059017768942369576,0.15778549911971512,0.7433247506030176,0.6170171904786047,1.0,0.665875690351846,0.07656951619005424,0.167652522824843,0.6221253554160822,0.6113329196807266,1.0,0.5665078976116946
775,9300,0.376685821261296,0.5281158277684102,0.46987203801197125,0.5775603058261507,0.10191565169920354,0.14345857890809385,0.27339986437129077,0.9623570047435861,0.7371145448572637,1.0,0.6191558832033106,0.1004998163748667,0.2478589413406778,0.737614880487022,0.751498045488181,1.0,0.7331998957689653,0.13749641220141626,0.273526382030477,0.6126456848717534,0.7526197012274716,1.0,0.6349838394739074
776,9312,0.32712953390884075,0.5085601249342302,0.47312915286953955,0.6031130357781044,-0.13867860876572796,0.19422184421156397,0.341109360973171,0.9631273519376652,0.3319027386424691,1.0,0.40628459347334067,0.5586664842397809,0.5708977726130875,0.739576028883261,-0.03471193076329667,0.0,-0.7077836952363379,0.2691633303408055,0.34494039220975603,0.5966816668472738,0.36350043856677905,1.0,0.177196485060222
777,9324,0.7449192452280728,0.7847963221021445,0.24300978457202257,0.3765919500769419,0.6276220267093328,0.32634256846632265,0.45540856664756274,0.9585651463190349,0.6757505721668059,1.0,0.5619087967496317,0.5314657003800548,0.5969422212554466,0.731614391587561,0.5140241228436636,1.0,0.28654588563175687,0.29136656183345533,0.37642208248189535,0.5891648391365774,0.6860439893003034,1.0,0.6088615461341085
778,9336,0.33595870517945653,0.5358535610364107,0.15340223826791685,0.36191890096150575,0.2626225648119132,0.3638538762490353,0.4908209046289002,0.969148774802463,0.11305169497260555,0.0,-0.0830315471500529,0.6018159516829832,0.6539212309212775,0.7419056364279554,-0.15018725734535762,0.0,-0.791339061631148,0.4214567845636194,0.4853544212627315,0.5720080668989638,0.056134613513737594,0.0,-0.2544898467164083
779,9348,0.7048794216641753,0.7831549087609552,0.9348377396171045,0.8758818928963176,-0.24146322826255617,0.45905217470345033,0.547295088665083,0.964800154157398,0.5650983306494385,1.0,0.3487507783676569,0.5679525464890457,0.6007876413905681,0.7224393319827992,0.4070116144507797,1.0,0.1942557421407678,0.5137348703741811,0.5717039994277394,0.5760181241435716,0.45532404644493046,1.0,0.27117340273420687
780,9360,0.16014233719677354,0.33828324114528,0.17030966456827365,0.31590403672835343,0.16296254266947918,0.3296879376340744,0.4760284158132913,0.9574904420365566,-0.16272054827802576,0.0,-1.058718159139723,0.514614365480199,0.5795626430946271,0.6964206671451325,-0.42212797221990056,0.0,-2.213481047475103,0.22883393167033503,0.3825160645475321,0.5381337964217486,0.09208643949339643,0.0,-0.42894087644766477
781,9372,0.3445407202102419,0.5460867203235663,0.14631868237609066,0.32200080183620877,0.2731008846299325,0.23580903667038725,0.39972595145168394,0.9555031626249153,0.34826856255220984,1.0,0.3155844205396262,0.30998106255322067,0.4517387027001157,0.7073940377581224,0.3509824492563315,1.0,0.100306453286371,0.29263487457060494,0.4419352288076035,0.5501132740782222,0.38887815587857716,1.0,0.1506522817040713
782,9384,0.06674463994921963,0.18432416746246125,0.07902614522013626,0.23987927213192228,0.05825100053700283,0.5712804609384687,0.6305291606656545,0.9022754244858326,-0.23744817707023175,0.0,-7.55919608485577,0.3359595440586305,0.45643680872870734,0.6245194413930765,-0.07888148106531329,0.0,-4.033505976123832,0.10907827214518839,0.26951815731484946,0.5007176273293275,0.05273713571828116,0.0,-0.6342626498274146
783,9396,0.07371084887063051,0.2054605679183187,0.24686861668645022,0.42426048843474023,-0.23185903395251373,0.3348799429381424,0.4652865357618161,0.9222771817116499,-0.08481885777111982,0.0,-3.543156781790538,0.18484832626054004,0.3095155319941696,0.6324129104517129,0.14533439274091484,0.0,-1.5077492539119484,0.3460687903701347,0.48737173455272337,0.532796891871814,0.28565162789124365,0.0,-3.6949505489689596
784,9408,0.14731342755258836,0.2965472500646116,0.36334959601067185,0.5132683906064117,-0.3442363126095561,0.467168392416514,0.5770022485910197,0.9049534295130084,0.36158469396178006,0.0,-2.171254651920599,0.3870803262392688,0.5008873451474013,0.5738780853248955,0.21628970435294229,0.0,-1.62759704033828,0.18534738061392167,0.3373574909430798,0.4823129710169504,0.23355019858544024,0.0,-0.25818388515708013
785,9420,0.15851409360531257,0.32599472732543744,0.8364103552571539,0.773051789540542,0.029130860690268733,0.16651940549169295,0.322918117491722,0.9034557129821994,0.3300881287506996,0.0,-0.05050220901059399,0.25993928660781535,0.42834883713789945,0.5952928367214183,0.11138069760413369,0.0,-0.6398496858900344,0.16413955777539513,0.33856695215285243,0.5052125568053027,0.28075720833731477,0.0,-0.035488731898436265
786,9432,0.3537298762925413,0.45165322348588316,0.27714701117913604,0.4092138167755294,0.20565790500699702,0.0712168879014095,0.21568350913987955,0.8368756686698997,0.8470023296290667,1.0,0.7986687224504843,0.14623164038883252,0.30305260941671036,0.5374620834131919,0.6617925799456477,1.0,0.5866008211647462,0.06077787493151144,0.20919022168123433,0.4911821115919418,0.7849447617695609,1.0,0.8281799785516364
787,9444,0.8108638867540323,0.8035213436138834,0.6675119567354528,0.6664041670235393,0.3059564406620798,0.4328134596314321,0.5785002535147074,0.8357610082548185,0.39596415997531526,1.0,0.4662316737719979,0.22554641792561356,0.4372453266561591,0.5730643089700134,0.6361164420417023,1.0,0.7218442927227922,0.19590053207021133,0.4091166597622669,0.539824810227971,0.656250322183636,1.0,0.7584051586581068
788,9456,0.4578190364407986,0.5506311861112919,0.6398998815503186,0.6763718040271516,-0.3393474072941925,0.11211725306125613,0.25437926865536226,0.7934895457134237,0.871763223334605,1.0,0.7551057423629998,0.07873912455500569,0.2056114755851309,0.5373446878562149,0.9065382107810148,1.0,0.8280125589203463,0.07758891832889672,0.20419521197224608,0.5225211092205918,0.9065382107810148,1.0,0.830524918902253
789,9468,0.2853623127783689,0.4198675718956954,0.32393876908759395,0.46656476761875537,-0.133957797992221,0.15425607857592205,0.32727958311442507,0.7827859727100248,0.43459425116285233,1.0,0.45943780356263286,0.12277625456272791,0.2974803160468043,0.5772530536365349,0.5218995632670712,1.0,0.5697530855867291,0.0918061867632265,0.2395252832352697,0.5307406586472317,0.7164953774780589,1.0,0.6782820202521656
790,9480,0.4188247494530599,0.5322752198577413,0.4526124050968967,0.5852681568415886,0.008508725257622274,0.10004861853436309,0.2787758696887115,0.8209203727074446,0.7160629133426403,1.0,0.7611205673374942,0.1772470259021471,0.3656143855693556,0.5580009412448101,0.8816194184392299,1.0,0.5767990642061801,0.18504783930590352,0.37774518389939615,0.518264480033819,0.8105215564020766,1.0,0.5581735808412562
791,9492,0.25201372415411233,0.410158668372957,0.26873452131699443,0.4081822149224375,-0.020144638437973362,0.11384476159947944,0.20762036948527285,0.8163476930774797,0.5637149219250723,1.0,0.548259675215701,0.12062900315856158,0.21940300428467277,0.5753381933306555,0.673792634834418,1.0,0.521339547822427,0.11449410520721909,0.20498480715930908,0.5056914635584184,0.7003102827500444,1.0,0.5456830551926479
792,9504,0.34483022270915137,0.46824973901630523,0.2526150139460442,0.37809866622514227,0.2473640301458504,0.29765540605872653,0.3110456420858121,0.9097226917550902,0.36865449563230923,1.0,0.13680592228777655,0.3202671932861487,0.33386493991299054,0.6292160098973444,0.28903978028484173,1.0,0.07123224069521439,0.39442079672953884,0.35713338020298524,0.5302425338190931,0.18336304706273246,0.0,-0.14381156509652837
793,9516,0.7910142492942814,0.7150381347815097,0.8944932130009429,0.7698023083959473,0.027794645444127943,0.8958351219959481,0.6883943038950356,0.9142836525759914,0.15092236588877156,0.0,-0.1325145189169279,0.5916270298018703,0.5212437605281307,0.6471468347298526,0.4405415434671399,1.0,0.25206526895096804,0.6214802145519033,0.4904989778471296,0.5443505593125243,0.407183239494881,1.0,0.21432488086482793
794,9528,0.4761906769728573,0.5783035149205924,0.6992111912042164,0.7093094671239039,-0.11372203142381258,0.4492994805790845,0.5037170863940105,0.9416822945496912,0.28364570814435097,1.0,0.05647148861611495,0.37483092702387005,0.47233403241484395,0.7019534115338543,0.29367996009460273,1.0,0.2128553851438899,0.5182116929084039,0.5270043384557708,0.5636158517336133,0.1421106606404792,0.0,-0.08824409625714225
795,9540,0.8765072547709014,0.8161986081702163,1.2424668389895415,0.9161104583940053,-0.11341394837041463,0.5753732230338631,0.5966478013885697,0.9457387315647734,0.5508404807001228,1.0,0.34356136825786776,0.6079048317117658,0.5941557613539907,0.7004607963465265,0.3167232516101315,1.0,0.3064463204350112,0.45166194093109785,0.48876936861143266,0.578111381169933,0.4911221011141458,1.0,0.48470256410010915
796,9552,0.60988104607256,0.6717451375923359,0.627220185539229,0.6022094641304089,0.02613977584721308,0.46849186960029643,0.5148132378113243,0.9583550327668862,0.23720211000770863,1.0,0.23183074368807643,0.7138276872771708,0.6570157780276658,0.7345828206364271,0.04804575570020638,0.0,-0.17043756626639595,0.29286461222932453,0.39775720354236704,0.6105216265651101,0.4565530531975039,1.0,0.519800436305933
797,9564,1.2004608876354395,0.9866512180213277,1.0796238887045357,0.9286487117863297,0.15009571082928636,0.9564451944395858,0.8133122102548828,0.9577036044754855,0.37953084201774195,1.0,0.20326834110896685,0.7395323295632149,0.6651686847896711,0.7142608419557911,0.6031949810673056,1.0,0.38395966317579944,0.4912452194998993,0.5979744212867296,0.5941393700386974,0.7154440371722892,1.0,0.5907861517525071
798,9576,0.470542681789294,0.5968994182000504,0.2975379287472528,0.4461310748445606,0.16261034251012202,0.3557034667044759,0.4264448353675889,0.9724206012135366,0.14408403572318634,1.0,0.24405695706100128,0.5236844492543512,0.5203936783487908,0.7396814894105198,0.11420372613949528,0.0,-0.11293718831834632,0.5773868377698447,0.6659893893064438,0.6254287973790505,0.07862511836079644,0.0,-0.22706581170121098
799,9588,0.6111808017302401,0.6446877042225042,0.5814859274762542,0.5662221779597275,0.05605663824580422,0.5526513495001387,0.6794775929863858,0.8999021435108908,0.1606246792097993,1.0,0.09576454637384835,1.107688244775077,0.9719651039403295,0.6701745934328514,-0.0475993794963004,0.0,-0.8123740824961039,0.4529144510030096,0.6205012165806078,0.5759112422415924,0.41481670238966106,1.0,0.25895177053857354
800,9600,0.40303151696049505,0.4964924100488302,0.8793514732735371,0.8305480703461102,0.08711521700414462,0.1722825268370102,0.28748009455880547,0.9169262856038035,0.6791917087324105,1.0,0.572533363801677,0.2063609564505986,0.2887684975208007,0.644332596137532,0.7548345265222199,1.0,0.4879781164339413,0.4892230770402075,0.47663147812338114,0.5652350060826535,0.7959730913252122,0.0,-0.21385811395033127
801,9612,0.23082837825425187,0.35168366453043615,0.9142178003525818,0.7725212303305393,-0.15795930786719334,0.15584132197758893,0.3130019831247038,0.9230835733385614,0.34579537938334654,1.0,0.3248606468744779,0.47619905783903865,0.4897499408690044,0.6699570011654693,0.5839623628099067,0.0,-1.0630004917095457,0.3140099870057842,0.3476933797372069,0.5783743931732499,0.6070325183422527,0.0,-0.3603612752497434
802,9624,0.2087130533028032,0.3368662025894788,0.18650596697421543,0.36539546204145257,0.1634041262304214,0.2442009775513182,0.38422921967098506,0.9094181603808096,0.33672063656733275,0.0,-0.1700321263425182,0.48379665870685135,0.5042268341259576,0.6386674194739106,0.5259711491690139,0.0,-1.3179990472610918,0.500983982017833,0.5251194872133335,0.5538762872934337,0.5778637005688994,0.0,-1.4003481051613953
803,9636,0.3843872386365989,0.5556003978199926,0.2977439337790752,0.4789828162951897,0.1781313045119989,0.26986430497212793,0.32171824591799125,0.9007652673870823,0.4140561860905489,1.0,0.2979363572804282,0.6242042401192484,0.6135526589360526,0.638500999788126,0.1346963165151176,0.0,-0.6238942851830034,0.3695318524482747,0.4086760387415796,0.5573183818451626,0.3305931956133335,1.0,0.038646928657193436
804,9648,0.15874496449464237,0.3473217986708621,0.2085837546063147,0.31478602738417977,0.012085941564025171,0.438498245304583,0.5201170355583442,0.8719845373056353,0.010411933917158856,0.0,-1.762281289995704,0.3529071739675252,0.43593484803368215,0.6138813159620964,0.13323642736431807,0.0,-1.2231078326861562,0.3524859833419651,0.4358310566789301,0.5235227975806638,0.13323642736431807,0.0,-1.220454579230836
805,9660,0.6394966878416436,0.7428850920296594,1.4007364291113105,1.0919192146192742,-0.23955616460325202,0.36251915800255397,0.49392736132256054,0.880908729831637,0.44767802469458856,1.0,0.4331180053080691,0.2358831083524906,0.3413322885675714,0.611832604349372,0.6054762552474454,1.0,0.6311425643991739,0.23475749130917922,0.34064597112924105,0.5245147477928853,0.6054762552474454,1.0,0.6329027252642918
806,9672,0.21996630653420599,0.4149148348268918,0.3570573103921273,0.503530013573262,-0.14949235948092354,0.25784637576644576,0.4024786601153805,0.9106309565097804,0.15518928476504107,0.0,-0.17220850697126755,0.2589136398004211,0.4231551074008995,0.6744462842677086,-0.002371194098724494,0.0,-0.17706045021108086,0.28297640597598,0.4496230212843811,0.5554385632369427,0.0458375598297048,0.0,-0.28645341386398004
807,9684,0.12719021863438565,0.2594015076690301,0.1566055644266182,0.3037820890060792,0.12584038027629382,0.2801880844746257,0.49767640449584927,0.9008974846750171,-0.10970041442962228,0.0,-1.2029059111851965,0.16354753758588553,0.3643886464379698,0.6798112944370754,0.2345454135369735,0.0,-0.2858499603339053,0.1961446836294872,0.4038465865388711,0.5619386087331532,0.12129393692962598,0.0,-0.5421365395503757
808,9696,0.09954196034175998,0.22050422086823807,0.2610998388818659,0.4327322121075849,0.055300029096420365,0.0782087082930279,0.22228899728015913,0.8768735371703018,0.5428640375977154,1.0,0.21431416435328454,0.08138653351023162,0.21596336534776803,0.6168533708074,0.6383960119136837,1.0,0.18238968540698686,0.08711399180515016,0.224072398450785,0.5270009251414144,0.7661126656785359,1.0,0.12485155500193645
809,9708,0.12646095494082904,0.261372996920543,0.40621033467605416,0.5237951895660388,-0.2639585404098979,0.13651820497525669,0.3163622296674244,0.8622131345255145,0.1456362122700899,0.0,-0.07952849983722987,0.06574056796138454,0.22599746201955692,0.5892082212822416,0.3660453335290462,1.0,0.48015126097897576,0.05630711923613627,0.2000791488290762,0.522102869779033,0.469177157766714,1.0,0.5547470026421806
810,9720,0.23936598637253692,0.3698609291336286,0.40103359524139387,0.48886353606708904,-0.31765560689636063,0.15919472749183194,0.33339020764649346,0.8818896672890013,0.39238458706232054,1.0,0.33493170895187485,0.2645423060073387,0.4060939889756488,0.6075350269124494,0.20310057392891742,0.0,-0.10517918613390065,0.30382836771359506,0.4875188570352232,0.5367777657621731,0.11389481809774507,0.0,-0.2693046840862854
811,9732,0.1322613651245691,0.3080220288369265,0.16572891285492622,0.326048715199779,0.06298721379855934,0.13708202472840897,0.2848538915676984,0.9024255377513887,0.2562782169451631,0.0,-0.03644798009834216,0.3160079976792333,0.45455585364959766,0.6458309093159429,0.2881977681209221,0.0,-1.3892691367702446,0.0720611466109931,0.20816826098236008,0.5526478427425972,0.5569626531889996,1.0,0.4551610249665653
812,9744,0.24903453210911275,0.3797405508121681,0.26558343646266996,0.4127018569019117,-0.0643045703695229,0.06860584994345874,0.20893862063946775,0.8519521152686836,0.6459715152062212,1.0,0.7245127036703506,0.12938520810716514,0.2764735376328375,0.5910587620603689,0.6213187539524111,1.0,0.48045274279281114,0.10556788304458446,0.26459881445082856,0.5447982319634527,0.6636089143881467,1.0,0.5760913872043631
813,9756,0.182115684767875,0.35503619200815706,0.20315319805459167,0.37278343920815243,0.029333829825835413,0.08021513818815551,0.1996106301012961,0.8474253785219901,0.4153042459705774,1.0,0.5595374539518775,0.09072805393100597,0.24550624301252746,0.5938001103077016,0.46883951798541085,1.0,0.5018108734201114,0.09179176431833085,0.242822314636866,0.5368163670808802,0.45997295443357744,1.0,0.4959700234753047
814,9768,0.20437983108303792,0.36491679125745885,0.21067217639251198,0.39238165997893765,0.05886606492359895,0.10941254708642023,0.25473445096295894,0.8383586530985074,0.39450989084668603,1.0,0.46466074217486375,0.12155441518027393,0.29161172398378293,0.5916625216698742,0.3897006712674532,1.0,0.4052523943476236,0.11492419826334498,0.28676766256552616,0.516005567168213,0.41661560383969753,1.0,0.43769305584437945
815,9780,0.5306475756403563,0.59447783650424,0.5761650593950964,0.6469535387492726,-0.17354347776342266,0.44854395897335425,0.579213320997571,0.7877844574905464,0.23360584086588743,1.0,0.1547234368647098,0.4493709036379096,0.5970769029369792,0.5878799473634466,0.3067380235843453,1.0,0.15316506799143748,0.581880867735341,0.6763017107112805,0.5258308387250834,0.025055138277574274,0.0,-0.09654862181017076
816,9792,0.4013254097112113,0.5182329355154086,0.6421249343122662,0.6653888206611239,-0.39312421530562547,0.2197715659815421,0.3883720447763494,0.7787897575672345,0.5498521848623119,1.0,0.4523856185939311,0.23342447627064047,0.4106426937466448,0.5929711671722798,0.6170346736936827,1.0,0.4183660674797297,0.33452227035488075,0.5028677022066703,0.5511656987385243,0.36261779697654994,1.0,0.16645629142794927
817,9804,0.2544055787108989,0.41332110464342203,0.11411679410654951,0.27865133339244735,0.5516035887001428,0.1118558030671365,0.26458959068787385,0.7915744202454953,0.6716075108087148,1.0,0.5603248811055082,0.07190779049665659,0.2217918429877538,0.6033136349687458,0.7816849793594214,1.0,0.7173497890218395,0.10093326282501745,0.2537658954758982,0.5623567898090162,0.6215411354719409,1.0,0.6032584531500551
818,9816,0.2288368399565334,0.3886221379139307,0.09830726171709132,0.24365212252420942,0.4832505278794958,0.15468234097904957,0.3388317428577221,0.8669636391767874,0.42912656104611135,1.0,0.3240496547302837,0.08514880145287183,0.23408813331860748,0.6597182720812981,0.6013835643236939,1.0,0.6279060597539912,0.09175041157592632,0.24662213552687914,0.5878875267557273,0.5467040466896298,1.0,0.59905751367064
819,9828,0.4509810399353755,0.5628733339213897,0.5649435217935366,0.5906334232021321,-0.12579303699585426,0.10803239938080021,0.23865666739133076,0.8609180332287097,0.675408460928008,1.0,0.7604502411092915,0.1439770898836481,0.27902929257774944,0.6538290733108216,0.7519627757528251,1.0,0.6807469114349471,0.14200378055582,0.27522199319684515,0.5774377637815341,0.7509360905429519,1.0,0.6851225040942546
820,9840,0.24474638032013465,0.4111522524302116,0.31069502209441496,0.4495702520971229,0.33915704239317823,0.1719937731928279,0.3365512175521333,0.9010602876708674,0.4978831481926894,1.0,0.2972571321877955,0.2562704710612937,0.4165949104725047,0.6998779312327426,0.4342289234539149,0.0,-0.04708584750501821,0.08961862932786646,0.1986839130091347,0.5808609736594736,0.5614583484785945,1.0,0.6338306241316298
821,9852,0.5499368240668383,0.6225626384338593,0.7195275032508403,0.7946443939905804,0.05494446188800619,0.15057747073470396,0.3122230672026051,0.8930432526243234,0.7088649608266662,1.0,0.7261913293582191,0.25980009672272397,0.4371085879467005,0.6896013722434041,0.5696415689993252,1.0,0.5275819233171621,0.24160803055301705,0.42296182229110607,0.6000530320961165,0.6461483883024194,1.0,0.56066220703989
822,9864,0.5574877494734375,0.6363749655472404,0.6807958044864098,0.7015174825532665,-0.08101667017453903,0.41217690936286666,0.5632201771420311,0.8941882251285979,0.35089460713955073,1.0,0.2606529744336461,0.5940799382521802,0.6749294261652578,0.6968868842555631,0.18060634843536358,0.0,-0.06563765538041877,0.6386254601483342,0.6938992446949044,0.6010055202004769,0.26684922295040414,0.0,-0.1455416926229025
823,9876,0.27072751436947523,0.41587881564041745,0.5939168964048651,0.6445578240837072,-0.25160498237561824,0.5672413712972347,0.6939212686029101,0.8811045182558728,0.03403281029164314,0.0,-1.09524832604599,0.3895644476884135,0.582605833769625,0.666312181034681,0.24134011983973308,0.0,-0.43895402946283335,0.5301051796351867,0.6703093512065808,0.5860692596668151,0.23774983181342405,0.0,-0.9580764846521137
824,9888,0.444933100933714,0.5549755345888226,0.18680621652903484,0.3473188317645903,0.09852838281319443,0.052098743111915986,0.1766370933798953,0.9091310203317213,0.8174648286649914,1.0,0.8829065695436366,0.33736721699042066,0.5041627667253645,0.6585048651592095,0.3479731656250908,1.0,0.2417574321118412,0.06378681679297271,0.21083738253224524,0.5666804685840938,0.8763557049757486,1.0,0.8566372862367108
825,9900,0.12835269915846947,0.3165102294587427,0.10173371046447253,0.24268625670846514,0.3156512654103093,0.023582973901588557,0.11490276576200871,0.9069960883736112,0.6100430832939548,1.0,0.8162642931842667,0.06968770584967647,0.23526133931458246,0.6864204326066599,0.7235003682861565,1.0,0.4570608463509038,0.016244226545572036,0.10231713194231705,0.5935716380482252,0.8257028173285341,1.0,0.8734407094507903
826,9912,0.25765908510342284,0.38587059693027337,0.0890693682489902,0.2470707736024875,0.3937083058500038,0.13782113289649467,0.313381234967214,0.8955517606067914,0.47240100330050455,1.0,0.46510276227529845,0.12022177555301393,0.2060285151732469,0.6639984554713557,0.6896875202691903,1.0,0.5334075819420161,0.12008411833059705,0.22308961427448068,0.5729727204555333,0.6679751840380195,1.0,0.5339418430272078
827,9924,0.34227349282964353,0.4915473872138654,0.1293640272516207,0.3002535410743541,0.3807554089058516,0.18185011327178727,0.3343061592891447,0.8911750064185796,0.6024241881026425,1.0,0.4686993965895636,0.2169643169935284,0.31937032932460224,0.66544486282439,0.5199581339074353,1.0,0.3661083269994386,0.22992563872752128,0.29536893627569055,0.5785567762392476,0.436536251383201,1.0,0.328240008226521
828,9936,0.21583975964101434,0.386656064747447,0.08268477678787557,0.2211677019192553,0.17845513784271427,0.4002837246175721,0.47252596159634214,0.8995154669141989,0.046483907343365535,0.0,-0.8545411896460866,0.3873302662466324,0.43508938799851854,0.6399050423846336,0.0936263199754264,0.0,-0.7945269531936185,0.20314963814417122,0.32601510789817906,0.5661580448862519,0.3028511859620939,1.0,0.05879417915378238
829,9948,0.5216519281610198,0.6403203862621359,0.4826729230620838,0.592465365045801,0.06072869589664962,0.1007267107187792,0.2580722639002586,0.9251988637621554,0.7341343116347204,1.0,0.8069081982043635,0.35328550502212147,0.4650554325747014,0.6768583098930299,0.4409332453179117,1.0,0.3227562557516862,0.31144703632190024,0.40639066314733335,0.5581112976451539,0.6124466428203801,1.0,0.40296005917232036
830,9960,0.24240612445374807,0.4198356190520646,0.21518137002785945,0.36592914788438063,0.0799080649847356,0.16552194168982762,0.3379883306614784,0.965769724764162,0.162980890602886,1.0,0.3171709581891782,0.13304412810206745,0.2870406488073385,0.6791217257180342,0.47209775046455527,1.0,0.45115195252646045,0.3044125763740209,0.4204235864751735,0.5790959855104674,0.24785761791488073,0.0,-0.25579573148162726
831,9972,0.7295875283231257,0.7659874164438317,0.8749117476039396,0.8386758598739205,-0.03186988006466847,0.22433257593402867,0.3950394836646609,0.9592505330185448,0.629063611166979,1.0,0.6925213669021568,0.46308258412992087,0.5636060381050262,0.6958259402216044,0.4585566807809924,1.0,0.3652816610033566,0.1974289694658231,0.34237738454220495,0.5691465473984288,0.7759340286666025,1.0,0.7293964578594274
832,9984,0.22274973654793492,0.37933637503807294,0.18530955407800587,0.3673338061333917,0.16334400362490645,0.15623585699040324,0.3417373113974668,0.948944704573923,0.37929545699397527,1.0,0.29860362839629284,0.15150265192568727,0.32720987018028397,0.7176486368405557,0.3583833287243635,1.0,0.31985261004748955,0.0671556730321971,0.21889108484234088,0.6041686818250709,0.6590427954248114,1.0,0.6985151404758432
833,9996,0.40176544398522435,0.5532120741105325,0.5329475477651694,0.5915844218948824,-0.14421853461166484,0.24347911069234196,0.39627690597305804,0.9324140920690643,0.4685585251751907,1.0,0.3939769725409825,0.28135542284702986,0.4121907207160362,0.726304798324712,0.5093147141946831,1.0,0.2997022838594918,0.21891835830792403,0.38635865847464695,0.5901882094525384,0.4608709864976772,1.0,0.45510904039826994
834,10008,0.6699644427974173,0.6875693413499991,1.1739279432722045,0.9191400454947235,-0.14650616593823576,0.34351122440614806,0.5061485317261992,0.8738760641172355,0.4890179200812085,1.0,0.48726946914999425,0.14179488649638963,0.34071380294257336,0.6175235956279466,0.7719539584036383,1.0,0.7883546089336784,0.0816199315495681,0.24560139453616228,0.5591625484303617,0.8768083375076948,1.0,0.8781727412147928
835,10020,0.374321889704321,0.45460302782536033,0.4713416161862363,0.620819056948957,0.1494727505087428,0.21475769932331437,0.4114612019268167,0.9029413931328045,0.36394206904270604,1.0,0.4262753388722399,0.13178119109694494,0.32077582856757464,0.640642024760273,0.6334117021183954,1.0,0.6479468748113031,0.08730254498271155,0.25290651408728154,0.5631256679944467,0.7886998213233978,1.0,0.7667714675952498
836,10032,0.3149579052033793,0.4178663576328672,0.2817838756612999,0.4724973214680202,0.23938353037537316,0.17014268014800202,0.37291154719027625,0.8731705852731979,0.49383575414880176,1.0,0.4597923172046279,0.28046994598809577,0.45606121866249766,0.621451974124564,0.2626611958801788,1.0,0.10950021779263941,0.14940277267916247,0.33052707386811464,0.544410614742194,0.6386962629000191,1.0,0.5256420930832395
837,10044,0.3406970115597249,0.5148705294278806,0.3841673091669187,0.5172376188431147,0.0956870670559165,0.2587926113965239,0.4224197864692396,0.8798939570759889,0.3316594926505051,1.0,0.24040246137833532,0.3922934073663809,0.490577463584815,0.5826298413524725,0.021944881038773456,0.0,-0.15144364070129512,0.24609869085393718,0.4164615036850104,0.5257673312079946,0.3102950605057626,1.0,0.2776611402392781
838,10056,0.3350366831176383,0.5158506007131439,0.4728183358002512,0.6097252302648247,-0.08641460339571196,0.8790689862782711,0.7871972819807039,0.8615392585183784,-0.039955101493353795,0.0,-1.623799215352224,0.3397517723928219,0.47589404412141184,0.600846610303084,0.21890608609702733,0.0,-0.014073352300733033,0.20215574565624414,0.38919227705227083,0.5279350738202131,0.35074052514285353,1.0,0.39661608461762654
839,10068,1.5064953494650855,1.1368553909556132,1.4807445885045771,1.115326181387937,-0.0910629138568944,0.848352399703987,0.826890633055983,0.8512170005174848,0.5502927345331136,1.0,0.43687021668854586,0.5485072666534239,0.6560591566575499,0.6034672678861929,0.6608603551419939,1.0,0.6359051046203472,0.31049756581733284,0.48190286134056376,0.5469029229917582,0.8467294728741874,1.0,0.7938941093129946
840,10080,0.7641110157047225,0.8047409025855101,0.9828567371367726,0.907646297850149,0.033661188464766914,1.0765703804180347,0.9673002697747481,0.9106847303243114,-0.10971886189761179,0.0,-0.40891880668038505,0.7571538313714491,0.7988502818093556,0.6885969670194232,0.15367215680415477,1.0,0.009104939191142192,0.2410857959328514,0.4292224353136957,0.572459520782801,0.6609617174996245,1.0,0.6844885219845923
841,10092,0.3577510545495617,0.5322726678835408,0.6311444054974885,0.6822155051272327,-0.07017370399612333,0.10741075933716625,0.2589937479683331,0.9075429609195845,0.5184088531175678,1.0,0.6997611663998997,0.10778181210422992,0.2662363505236165,0.706282996951562,0.38083168463291683,1.0,0.6987239849231579,0.10491826219806293,0.2546539992833462,0.58633563149352,0.537773709033424,1.0,0.7067282937008705
842,10104,0.07457646551033724,0.17782720816666328,0.32635586438191133,0.45772312988146896,-0.16198762776653552,0.12507922082794307,0.29787025676126383,0.8760391882355837,0.23621295959493266,0.0,-0.6771942726436333,0.2307786240682079,0.39684249090775187,0.6674693754286192,0.21614315293435662,0.0,-2.0945234865846394,0.05628906631373559,0.1815849240816347,0.5386277112901408,0.385136678424899,1.0,0.24521675935509146
843,10116,0.09241007873434907,0.22503105093640774,0.5979303129092434,0.6436479312678179,-0.28477628037662095,0.15239975451434737,0.31911728854830634,0.8927113459763436,0.3089068171532322,0.0,-0.6491681059211127,0.264861147697322,0.4350104630082224,0.6584409585354886,0.12506358705915588,0.0,-1.8661500057663343,0.3194777199959657,0.49155885373591685,0.5472883090448836,0.027873050879545974,0.0,-2.457173983309409
844,10128,0.0801635234101163,0.19341750153641604,0.07401384953397079,0.17395133045322464,0.2366630545098764,0.40203661372172145,0.5067226384500411,0.9229236469565606,0.0753952213604044,0.0,-4.015206375908698,0.3022700326360463,0.4576017327791166,0.6997009139338592,0.16243541087868776,0.0,-2.7706680018246437,0.325159438368368,0.4663154030632985,0.5663908690107944,0.11778577713033948,0.0,-3.0562019299582612
845,10140,0.08485686071952858,0.21278525352879832,0.2810404629628821,0.44924133780118325,-0.049567535257036645,0.40723789637392144,0.5342754037973823,0.9525913516239113,-0.05427092164068703,0.0,-3.799115745277642,0.24327239821696586,0.4118763477259712,0.7272094861259593,0.10670882672760373,0.0,-1.866855975511951,0.20125272376890546,0.3433588206715603,0.5914300722325377,0.15572053049189155,0.0,-1.3716729803862524
846,10152,0.09699768894437934,0.2503234802951669,0.10950533752673285,0.2745654055613298,0.06996465853311208,0.5029178297729348,0.61353720362876,0.9404847611863405,0.23722384540693825,0.0,-4.184843425097676,0.24257312446045978,0.415552479158559,0.7133146302851753,0.3260168984756781,0.0,-1.5008134430868418,0.24952523088083148,0.4241884624512329,0.5958646421660799,0.3260168984756781,0.0,-1.5724863509265141
847,10164,0.06489894719726581,0.2001433187228169,0.2608461004402959,0.43856783628021817,-0.048600688302785675,0.5356335777617253,0.6101531863694587,0.8953778992204035,0.13022795718447916,0.0,-7.253347718162853,0.1659997183972721,0.3305246960240293,0.6891570998722467,0.24661380848438044,0.0,-1.5578183555536267,0.2566331860890099,0.3992968532389635,0.569604880252682,0.18787822271614987,0.0,-2.9543505275817763
848,10176,0.0823778974996466,0.2355014940881209,0.1490391450185784,0.3271268625663792,-0.12203644363258577,0.624695605328827,0.7021936489010869,0.7380387397018321,0.018703907151192058,0.0,-6.583291444546845,0.19027819666640702,0.3416592852156943,0.5436826771431116,0.12713639114330885,0.0,-1.3098209889032835,0.3578981885843022,0.5298047426796548,0.4876689248006807,0.030226700292733118,0.0,-3.3445899864807505
849,10188,0.07508711887065163,0.22127974661925717,0.09478146059885834,0.26044876436637676,0.07878513291920104,0.08546375616295866,0.2686801121391211,0.7929979398087447,0.3854210818696721,0.0,-0.13819463908559726,0.19054229221610722,0.3853113630788605,0.5760805461986336,0.1411866116469472,0.0,-1.537616239402443,0.11409632398758711,0.28883672685610645,0.5091838230758852,0.2713058835281883,0.0,-0.5195192691323589
850,10200,0.07807519358988012,0.22641447649331872,0.14490084833330824,0.3310650793414789,-0.1969496068214102,0.0713324026938467,0.22611365546695428,0.7312133246697355,0.23806897822286643,1.0,0.08636278164678668,0.10373055081067156,0.27786937649267957,0.5060695877921526,0.17935222266927486,0.0,-0.3285980609354111,0.09826127985477424,0.2517540453567873,0.45192570948423266,0.11419294768443074,0.0,-0.2585467334340441
851,10212,0.09532805584925129,0.2511138719819163,0.08669532032593945,0.2289394984245464,0.08139884145364623,0.15398466458787874,0.3601862129346096,0.7830612239543205,-0.1002097063841848,0.0,-0.6153131752879248,0.16711183063282278,0.3684876325491282,0.5656134983845531,-0.147900638959662,0.0,-0.7530183443275926,0.22603355709505493,0.4311131721842827,0.47439014878811286,-0.1826015823937743,0.0,-1.3711126287154864
852,10224,0.377444580952598,0.5644396200919894,0.4726742113819203,0.6148521378738313,-0.20410406577603638,0.22384774466374538,0.4455982885985725,0.7629421377425013,0.3806953321452945,1.0,0.4069387773463419,0.2778277242843344,0.49589804390422954,0.5619630775244805,0.2704126732425402,1.0,0.2639244585704468,0.24373653277826368,0.45747252677653916,0.4850989439886179,0.2863869495657326,1.0,0.3542455102597598
853,10236,0.051060370813462354,0.1861153394993039,0.11822265807123195,0.28631428772530265,-0.21490027181486013,0.07462673534017368,0.23665395018610305,0.8063228600937423,0.2986560037818223,0.0,-0.4615392358352777,0.01821593126248398,0.10083122091521529,0.5682405422161658,0.40949815332322415,1.0,0.6432471803028652,0.061563419738883685,0.2084178561251865,0.47210338537976276,0.3870805633874105,0.0,-0.20569864178605113
854,10248,0.09676892283379875,0.23945875884456636,0.05763523185254582,0.18408665669941993,0.4293702792008537,0.043136752923129816,0.16320660657630162,0.8394373603161324,0.44389828661472236,1.0,0.5542292746482518,0.05368150226085181,0.1910858113100319,0.6100456371985163,0.3962349711597036,1.0,0.4452609299676701,0.03797280364260885,0.15914848046679111,0.4861658912138268,0.4412552515580274,1.0,0.6075929902844182
855,10260,0.07733451779434113,0.22898609815075588,0.15054532790463285,0.3230474031224486,-0.298493959168251,0.05144823512941782,0.18766727410694725,0.840059864276704,0.5158148910656597,1.0,0.33473128692369647,0.0528231983384482,0.19695314254649796,0.5812961728357634,0.575740616633684,1.0,0.3169518625703064,0.027209909740293154,0.13263684193237446,0.4783336322728238,0.6481411643771493,1.0,0.6481531078702322
856,10272,0.08380819806078162,0.23807271785710749,0.10528362455176243,0.2781710090211876,-0.05185823369520105,0.1304655163538543,0.2790827031472816,0.8563482280065895,0.15917751492134444,0.0,-0.5567154451791771,0.06351954058387461,0.17405574309298347,0.6406877577363058,0.43382862277646905,1.0,0.24208440160224798,0.0597605591150818,0.1857646512103661,0.5089291876970319,0.5470697842084674,1.0,0.2869365945352905
857,10284,0.08433907217527763,0.23630040264575605,0.12974817466153482,0.3098786966128693,-0.03546676497857324,0.08616064781795794,0.2531039511145986,0.8715564961297639,0.20247558419376724,0.0,-0.021598241428298248,0.05908827324319504,0.2069855661807453,0.6441327862820299,0.5421113779127639,1.0,0.2993962143620116,0.06113348160015453,0.20993746195271315,0.5078800154020298,0.5284198049137616,1.0,0.2751463820576079
858,10296,0.22122877150702466,0.38546739015175824,0.1170269799941258,0.2818430780476576,0.1519264577929172,0.22454087759688648,0.4193011481004049,0.8187860178672814,0.12909086871770079,0.0,-0.014971407504094314,0.17426664746439557,0.37361264763609997,0.6072490481634202,0.3231029584566074,1.0,0.2122785554641924,0.1344003857702424,0.3122315482449211,0.4998931593387096,0.5363707603940832,1.0,0.39248233918807973
859,10308,0.09317990396345727,0.24281762681194977,0.0687392329685765,0.21973360389452642,0.21995313436868166,0.04230999571633226,0.1558184370217732,0.7997237049992196,0.444978980771494,1.0,0.5459321815471592,0.04686519611999381,0.17914962379393562,0.5799531078332247,0.41733329368060257,1.0,0.4970460997859246,0.1019237750313805,0.27148180133549055,0.49213705850877104,0.3087264115708728,0.0,-0.09383859282954776
860,10320,0.13682890391454675,0.2848989764925239,0.15334355383768458,0.31992909178987455,0.16849688470716434,0.09274489712439286,0.2635373599715842,0.8207311288115186,0.38395781585027133,1.0,0.3221834387980299,0.18461913463475702,0.37940745364302025,0.6143102216960491,0.06156037520691995,0.0,-0.3492699959802099,0.07803250119399265,0.2424562486599278,0.5509410453909382,0.45228541430203073,1.0,0.42970747435990575
861,10332,0.19727588324768353,0.3856857983254242,0.4120326804990016,0.5413532291496683,-0.4906743257352111,0.08898173719485254,0.23861726820688442,0.8347919886100017,0.5669201956746754,1.0,0.548947718646712,0.1251372122354215,0.29298696335189844,0.565889472958563,0.48838840998379246,1.0,0.3656740490761893,0.06888123876004512,0.1932919201337083,0.5340097368772799,0.632386999048776,1.0,0.6508380161524181
862,10344,0.12182667929815118,0.2860862378981988,0.21113974074460792,0.37150677985062197,-0.23718230618479916,0.0624290771653303,0.208128783681612,0.8892585904573359,0.2721761296380186,1.0,0.4875582464778081,0.06585845402184255,0.20358730976003078,0.5947171513134939,0.46661107919306455,1.0,0.4594086090070255,0.1353301324209617,0.26749386304800565,0.5328771540849145,0.3284882765162359,0.0,-0.1108415102554261
863,10356,0.1862658788998596,0.37914796113644095,0.22669575981492,0.412934720421783,-0.09795938748340861,0.078651645167247,0.23498694481332247,0.8906769226321174,0.5005107117383104,1.0,0.5777452873720809,0.08665684975353832,0.24527010015404202,0.5944936146473782,0.5972744720734204,1.0,0.5347679872161297,0.08064591369027532,0.23288565140196446,0.505700732827387,0.5290427547131907,1.0,0.5670387181667758
864,10368,0.14176753131350572,0.3234150501419127,0.22751908871679816,0.416015660024826,-0.1262822229108897,0.08031520966712213,0.2399664187502745,0.896054065395476,0.5021932823369475,1.0,0.43347246775770887,0.10134895129026045,0.25288401299845986,0.6069592736875089,0.38456868987114756,1.0,0.28510463325952495,0.10382680762615483,0.26721306792877053,0.5030391171052359,0.37623597304474454,1.0,0.2676263269580995
865,10380,0.2245216302841311,0.43150276145489874,0.20251312248217931,0.39749545759441735,-0.0029815445888677684,0.1562424092798216,0.34171176621633953,0.9153145192891984,0.3909034045987287,1.0,0.3041097684793329,0.07691608105806126,0.2259031142851919,0.6186177802740861,0.6090443135890091,1.0,0.6574224008585529,0.0959942731791366,0.25645198185661683,0.530339697495663,0.5327401065606152,1.0,0.5724497766310699
866,10392,0.1543338880108361,0.33133765404629184,0.10114988356526798,0.24114271871560863,0.25707026227375457,0.15343189418215747,0.2857243957464974,0.9212200565789729,0.32275015061803125,1.0,0.005844431448622012,0.07259775599638853,0.22891327992663987,0.6431919666055395,0.5954285887019297,1.0,0.5296058634167806,0.09203302802760437,0.24928116654569119,0.5257313476699221,0.43168139152822416,1.0,0.40367582768897436
867,10404,0.23575857322160532,0.35425663935161267,0.39722774360693464,0.5399472462051175,-0.22832299910517168,0.11123791829872988,0.24554830126853577,0.9030483125736701,0.5882849930667188,1.0,0.5281702091309745,0.11275263623296698,0.27740917566212664,0.6257799463788715,0.6147075373739681,1.0,0.5217453401917935,0.12637013086804816,0.2651215889439788,0.5217373992754288,0.4932319365797458,1.0,0.4639850032123142
868,10416,0.2883119465487988,0.4168876412263796,0.2622332405777157,0.40422754644869646,0.08216706067084217,0.08193288251587265,0.20528576314004318,0.8936860756365862,0.6593665826433696,1.0,0.7158186350005967,0.04381837356581755,0.16303030542689337,0.6195359772629315,0.8649154100827647,1.0,0.8480174890761907,0.05966829956758585,0.1888328723407485,0.511723235787348,0.622281568526893,1.0,0.7930425697518345
869,10428,0.3055112981842562,0.47298844125432593,0.21733627390804636,0.4140328537618576,0.24286236440618686,0.184105973357262,0.37967152671494797,0.8881630479119622,0.41304254959455716,1.0,0.397384075641529,0.26092759052033704,0.47341711572800055,0.6648601648220528,0.4352405423501026,1.0,0.14593145303919464,0.11644575639535705,0.28984438211881997,0.5414280971072218,0.7920933699988675,1.0,0.6188495905472939
870,10440,0.2035575260382998,0.36649796565926257,0.20652663640349123,0.3914962193232287,0.012869890126598926,0.026348135362981074,0.12337796665965721,0.8765475222332946,0.66511171793099,1.0,0.8705617233821971,0.036634850667528515,0.15913454279465963,0.648492126673613,0.8310006178141034,1.0,0.8200270391346985,0.055874730931753526,0.19118775191641926,0.5020873426180669,0.80233077025409,1.0,0.7255088916671124
871,10452,0.263548581718636,0.44809832514010467,0.45736177300255915,0.554676456372404,-0.26643762798365833,0.022897545877901434,0.12752179159577517,0.903819944854815,0.7832816121419998,1.0,0.9131183111341998,0.08188153679607253,0.23998290520103502,0.6520153243537362,0.6926175786551154,1.0,0.6893114117248822,0.05918460046760301,0.19746343153636184,0.532090841850484,0.7899552496113926,1.0,0.7754319143679234
872,10464,0.2398711806101527,0.3996914014687028,0.35875125038510075,0.5294120361841849,-0.15605436121560765,0.027728285533073185,0.12551438419152236,0.911806536031275,0.5916925683112177,1.0,0.8844034307808816,0.1775526090234513,0.3013209785008761,0.6272385725510399,0.3589618373145857,1.0,0.25980016202106326,0.09269164529561631,0.21409662587814368,0.4941192554927065,0.4822493542490604,1.0,0.6135773999200758
873,10476,0.30751984072057775,0.48702226189190173,0.4203285582697865,0.5591569033796411,0.17947932147835893,0.09149554095663158,0.22131773471571736,0.930648419069982,0.7490262158054011,1.0,0.7024727225981906,0.03968531435337202,0.17050165951813043,0.6450469629086335,0.8872229353890015,1.0,0.8709503937684744,0.05712479531787514,0.19617154530915734,0.5217713792227283,0.9041790078175511,1.0,0.8142402936213129
874,10488,0.26651122959478196,0.4204371046217279,0.23768883352016548,0.421034114751013,0.1757540493702236,0.1088375004528394,0.26884214981037147,0.9467514945381656,0.47394004098113685,1.0,0.5916213338615345,0.1340962757296802,0.2742473738289126,0.6509055772984544,0.336082532157437,1.0,0.49684568288710607,0.07356989705514365,0.22771481955716086,0.5200586886571634,0.579961101658989,1.0,0.7239519806838786
875,10500,0.21060947202737426,0.3998856087633782,0.6083351196275352,0.678395162936097,-0.30306361825096867,0.08314605318571905,0.22993001951528694,0.9471955892557918,0.6438194671776218,1.0,0.6052121854476136,0.0714347589727119,0.19973348893805953,0.6554746949920792,0.5075243732558798,1.0,0.6608188687571133,0.04898909646713123,0.18330038534107485,0.520508073939174,0.4841316101091344,1.0,0.7673936694510881
876,10512,0.2275234375558796,0.3619580378579165,0.41720237700254525,0.4980015608226769,-0.36718470942315695,0.03398344071656886,0.1497306809455934,0.975390046913116,0.769299485268298,1.0,0.8506376262523612,0.06762256690283994,0.19826399229070377,0.6410267625923352,0.7293087253953999,1.0,0.7027885670625389,0.07588890440320638,0.23778671435384144,0.5229960851947416,0.5840279138250553,1.0,0.6664567605938702
877,10524,0.3182510809109699,0.5101295684868884,0.5310566840027617,0.6313843575765329,-0.06332566985539516,0.05600849475758707,0.16257731918702845,0.9711858593288065,0.8042644149048452,1.0,0.8240116118466371,0.09241983915040237,0.248378918314891,0.6494082887687386,0.7980120825908739,1.0,0.7096008632999533,0.12714830391058551,0.287661138223461,0.5366620529263568,0.5761699761402687,1.0,0.6004780139422212
878,10536,0.23626964214264815,0.3394342175253147,0.29086683671269886,0.41503570235981774,-0.130793829859816,0.18505687438133242,0.31599735776104887,0.9702993791052312,0.5837566560986401,1.0,0.21675559880179585,0.2504436981683797,0.4215582836323623,0.6324194902306334,0.3193659465180919,0.0,-0.059991016607939596,0.19674151064277381,0.34838376533015375,0.5310139897460938,0.4835624024557418,1.0,0.16730093270302226
879,10548,0.4956565958226231,0.6509869867049394,0.3273672844065509,0.4310410365734705,0.03534572367386903,0.27504897684517965,0.38680886491219074,0.9682857657334537,0.6375247572611611,1.0,0.44508157631052825,0.14871848989367217,0.2987922712562463,0.6389005706663192,0.6508462548165447,1.0,0.69995660070487,0.355479549598731,0.4534366893818745,0.541459023150809,0.23138056984327374,1.0,0.28281081580533673
880,10560,0.1285786547419426,0.2823250738366416,0.1621043009834818,0.33113898421350424,0.2144473654095333,0.2530263803734773,0.3679816173712969,0.971570949131516,0.3320392937264766,0.0,-0.9678723570510308,0.16286647914564756,0.32325816530926166,0.6108284566108283,0.19242638232288006,0.0,-0.2666680910025123,0.09679590526483312,0.25066200276032696,0.5436390984931478,0.2552434637213383,1.0,0.24718526991044876
881,10572,0.5389855796266311,0.6968348410704973,0.3721228050627255,0.544575946622463,0.11022705636480094,0.277995802022965,0.4007037944433572,0.9763086115650585,0.6830222516309762,1.0,0.4842240450745645,0.12804842868243718,0.2668927343359318,0.6342668485489206,0.6399295152711615,1.0,0.7624269859480479,0.07732532920365222,0.2127926172279421,0.5531062099414078,0.6139239003186093,1.0,0.8565354396731404
882,10584,0.10912500253079686,0.28492645652115905,0.1562158019010622,0.31373117142662227,-0.06721427096239004,0.4546741008560377,0.5664702699307721,0.9833310607121544,-0.14532543941036183,0.0,-3.1665437829219867,0.2901484263771338,0.435353203189482,0.6437507194088178,-0.021360869936483166,0.0,-1.658862952101643,0.1246897917765644,0.2868662737734026,0.5495377678533145,-0.038797544116167475,0.0,-0.14263265873808262
883,10596,0.15168708520531435,0.3493205792970045,0.14780853823517467,0.33474803124643177,0.13139741746901162,0.16006687299686584,0.2870218482007913,0.9685351828564734,0.4050166718458055,0.0,-0.05524391071401458,0.10787024789527448,0.24671028436111128,0.6541334059431307,0.45724537834865436,1.0,0.2888633350079348,0.20281913594638476,0.3368759923309865,0.563756086566557,0.46308817741546643,0.0,-0.33708901896203747
884,10608,0.0529009279992812,0.204282216126871,0.26350550185840743,0.4269730389825719,0.43389156703989074,0.14632231000440915,0.28026903302365747,0.9518997444799483,0.03752208123936358,0.0,-1.7659686802922878,0.19864180515859617,0.35934936666212636,0.6263900933781239,0.03590591903037218,0.0,-2.7549777040072954,0.17455417877260102,0.3593131389756438,0.5571888918136181,-0.08221049744920264,0.0,-2.299643037925021
885,10620,0.051964679112588896,0.1792020619715229,0.10186845687511353,0.2646289719669632,-0.09591527669912614,0.1615222769713298,0.3423015951622919,0.9386169544393381,0.10611195804590992,0.0,-2.1083089461857103,0.03772840444802964,0.14654271637287822,0.6458433388951605,0.4457878958788822,1.0,0.27396059992431265,0.021168785035791584,0.11330469000359589,0.5647546886657323,0.5140775897713408,1.0,0.592631275757012
886,10632,0.04285887360933444,0.15628119870131693,0.08472542085309535,0.2310796881500612,-0.11028729380225663,0.10697674907361633,0.23163411950616483,0.93635918409229,0.20555173282294983,0.0,-1.4960233451006362,0.06216804868598882,0.18365331854665132,0.6623447692340088,0.3039430756166855,0.0,-0.45052922418495234,0.11023231150856024,0.277831632084803,0.559961407442865,0.23071094880255316,0.0,-1.5719834009952192
887,10644,0.0900515980927093,0.2531027654230688,0.2511148986329785,0.39017723078134176,-0.12553725739592297,0.24882311141788907,0.35757588256221745,0.9314905260434889,-0.15202888043919663,0.0,-1.7631171093901346,0.16899928254351373,0.34676946529721375,0.6569657821390533,0.025228076768910358,0.0,-0.876693874655359,0.23348388408592982,0.4275546839147921,0.5706941714773244,-0.20354604393536233,0.0,-1.5927789071056253
888,10656,0.056494420171013006,0.1914389034589219,0.12296394865932529,0.26684233532953616,0.29551356246551636,0.13664807698067627,0.2843238804749617,0.9004935576527971,0.3156398848738199,0.0,-1.4187889098964446,0.061693293750905175,0.21806316475787177,0.6322937604250904,0.2056805178893252,0.0,-0.09202454975473273,0.058076868156337474,0.21122567399521083,0.556431390757057,0.19668793377804553,0.0,-0.028010695225020088
889,10668,0.08740332756858889,0.2441942419592177,0.14564466053397632,0.2980480097962363,-0.10034890634065648,0.1483742504988804,0.296293897253105,0.8999433055928749,-0.006990884677609044,0.0,-0.6975812549292839,0.10133651941334838,0.25299939356865786,0.6407843548226377,0.11832560116726869,0.0,-0.1594126016978652,0.10177262523304235,0.2534061188015028,0.5664725978583239,0.11832560116726869,0.0,-0.16440218083433167
890,10680,0.11199146426792901,0.28233629017486,0.11266226420385313,0.28073071809109673,0.10077741205660846,0.11198968432756147,0.27730263434400937,0.8218471494609861,0.1009673691524406,1.0,1.5893535986633012e-05,0.12455673178176647,0.2977224969554689,0.5667535893234479,0.08586241351855531,0.0,-0.11219843937191709,0.16810592637870994,0.34098225834980944,0.532542824297227,-0.03359200078995399,0.0,-0.5010601698762718
891,10692,0.2800890448987719,0.44140410578479505,0.17845311957899934,0.3540052038388777,0.4313877095963057,0.3456371904280904,0.5075982348546879,0.8044619866012835,-0.08134102118172185,0.0,-0.234026095354813,0.35976456067048007,0.5056579510541005,0.5911772687875565,-0.1378075739118842,0.0,-0.28446494863982985,0.2552199823412295,0.43701878547349865,0.5104015331608105,0.09748257794390147,1.0,0.08878984383887778
892,10704,0.27583789284405963,0.44355663942642315,0.5479961256136033,0.6641164815875925,-0.5112296565878826,0.27330501592747397,0.43575927274897097,0.7928531699452995,0.14650918424998044,1.0,0.009182483561160248,0.22177737155643282,0.38606675310256344,0.5735941018359945,0.34088620436243067,1.0,0.19598656562457517,0.18773036225801065,0.36253821326594293,0.49824584659284693,0.5157289882684557,1.0,0.31941779165148676
893,10716,0.274945767067793,0.4415798044063736,0.3457092085195826,0.5162254254606351,-0.07056632918979351,0.29356153888915865,0.45053632368866353,0.8556541247211811,0.025809482541320573,0.0,-0.06770706826985107,0.18260737206723918,0.35239436501516413,0.5855372642662571,0.3149408043926879,1.0,0.3358422134856365,0.22033359560512047,0.3934600127167018,0.5076146135474452,0.3252791616325845,1.0,0.19862888614396046
894,10728,0.14524035095558321,0.31455410350352303,0.08843240060964563,0.26196397904507823,0.26084489568322733,0.09557298805787,0.2738415496201964,0.8351210111498087,0.3678259023557232,1.0,0.3419666956939692,0.10201587064987024,0.27531196086989457,0.5809159991480685,0.4146798528827045,1.0,0.2976065536975444,0.10617734266546004,0.2885741154093049,0.4980368343560356,0.38747987297670655,1.0,0.2689542405613524
895,10740,0.15616485114409553,0.34535484397565613,0.15683895477130513,0.35319230151058484,-0.02484833080962484,0.12181540728598728,0.3177931966620331,0.7330434693111817,0.34188169024827086,1.0,0.21995630647010023,0.152631604833518,0.3212487198439697,0.5518646645494629,0.3168854238788142,1.0,0.022625105999796058,0.12381787829134912,0.3083520094334065,0.48257788117709455,0.3203745072497941,1.0,0.20713350421535892
896,10752,0.17066803633750902,0.34417242068773585,0.12642094822017722,0.289808017062667,0.0744617074938324,0.14592998691579606,0.3321734334158496,0.7927759898618391,0.34863294886269747,1.0,0.14494834505971332,0.09011160364009718,0.27329588602103144,0.5785700691581462,0.3650032498304109,1.0,0.472006559787829,0.08580573280169784,0.26634073238630473,0.49809964024098197,0.5776506904799005,1.0,0.4972360692542892
897,10764,0.5012701742545855,0.6110883570221072,0.6862400189054103,0.7163374539652932,-0.3641677621153151,0.22600345914446507,0.40403756326846135,0.7975122490574034,0.502563886574565,1.0,0.5491384272352853,0.24443544750324517,0.4180429195605928,0.6036245276799882,0.36508310709098246,1.0,0.5123678605719297,0.17520319566804146,0.37015416930507783,0.4983287272456384,0.5920713179609607,1.0,0.6504815074454058
898,10776,0.4370002328176979,0.5946770619954944,0.3254108595991701,0.47949197186333326,0.2814962604283414,0.4921611321656907,0.645382841461441,0.8608473955015498,0.01485004014114919,0.0,-0.1262262470487152,0.13373212982689706,0.2901541571834971,0.6443928105161335,0.39115390220922247,1.0,0.6939769826560123,0.1376978291102885,0.31185680610251326,0.5183425107648041,0.41568143798213625,1.0,0.6849021607552976
899,10788,0.33690467412390035,0.5362222166911116,0.36260115599416043,0.5616122496948476,-0.06611922662898059,0.14148761931176254,0.31620382575250916,0.8687284877643329,0.48567295319988996,1.0,0.5800366389107177,0.1270119847136102,0.30999037304871924,0.6338554516552662,0.69967851945903,1.0,0.6230031980295407,0.11301975234277213,0.2877920859879069,0.5239166083308844,0.5751860854052168,1.0,0.6645349233082831
900,10800,0.2335376512438442,0.33113484584394576,0.45321363240177037,0.5633435175704024,0.19176476403565346,0.5404390236848499,0.610153898035216,0.8097728540957487,0.16196482316275865,0.0,-1.3141408711033065,0.5081556641249194,0.5746296306311213,0.6062622851563652,0.20352000986066185,0.0,-1.17590466213235,0.45295134131012577,0.5346145031536201,0.5174667919887785,0.2645218329528475,0.0,-0.939521695528164
901,10812,0.1883824232242756,0.3109740421433192,0.17126410442691523,0.3070250590482515,0.028030736625058127,0.4225616061027904,0.5562300417876541,0.7905765084501536,0.19716974203716903,0.0,-1.2431052689014233,0.40312544450517757,0.5402864330350585,0.5832021124484482,0.27710296752086244,0.0,-1.139931303597487,0.42404850058561966,0.5618395733051798,0.5001028459269714,0.1892171878306172,0.0,-1.250998226521249
902,10824,0.1825474985501487,0.28076092631646354,0.4394571876885602,0.4959661612488892,-0.2385676890619876,0.16365588859757255,0.33184748865573366,0.7894577911827245,0.36928213756076805,1.0,0.10348873637064016,0.1416532669486226,0.2860765591476801,0.5839168066787326,0.3238174265741705,1.0,0.22401967666673783,0.1610566771990038,0.3026737130200455,0.49309767423806355,0.5187949300471918,1.0,0.11772728479892614
903,10836,0.13420106894307426,0.2364923889682613,0.4316931400349415,0.5116910566185437,-0.08661893629510611,0.14764216704097916,0.3127632377980551,0.8343607114347021,0.27439376371888063,0.0,-0.10015641606853642,0.17398238547263345,0.33695480594006616,0.619583183364002,0.22934317546567556,0.0,-0.29643069792859644,0.10646452277065684,0.25085512058907167,0.5291997886826547,0.2957318607785471,1.0,0.20667902566545715
904,10848,0.1837207528819401,0.27067668192704053,0.21861226114850887,0.3353360202682676,0.06593070338557351,0.25421809240850973,0.3892579572186972,0.826716512452526,0.38032192441590873,0.0,-0.38372006657229196,0.17494576472424894,0.34146988876291645,0.6108887848808102,0.34387310643241686,1.0,0.04776263987623652,0.16170945233673026,0.33226895288412583,0.5200041872255742,0.3502573742575149,1.0,0.1198084603939894
905,10860,0.2604689341733235,0.37457165055237823,0.31218302790683133,0.3838743561878899,0.00539374142947503,0.37535876480994124,0.5357192460488441,0.8291186469266295,-0.004324346166844417,0.0,-0.44108842001160387,0.30027019979792363,0.4404194806797381,0.6103934071534536,0.048233915643333604,0.0,-0.15280619069188206,0.3196368962063141,0.45108655281753984,0.5092581141097499,0.01368243995037417,0.0,-0.22715938167742689
906,10872,0.18218729824889593,0.3186903185906086,0.15186447550069881,0.2815755240407322,0.3244103552659475,0.3254597070035996,0.482605005188495,0.7430735728135376,0.11165529286582457,0.0,-0.7864017422277787,0.24085271748551118,0.4194945945870554,0.49252526322337653,0.17726551905117527,0.0,-0.32200608824260213,0.3387620616528506,0.5059286346645435,0.41477792961712245,0.11096170922953445,0.0,-0.8594164626671692
907,10884,1.1921066627089756,1.0135764752489334,1.3161136787685803,1.0529045219333966,-0.06344947680792051,0.573703331237749,0.657382184923157,0.789474838798958,0.741158116608258,1.0,0.5187483224579503,0.6752858699925204,0.7403580715794581,0.5329595796847963,0.600151404719701,1.0,0.43353569683271254,0.7270686935684442,0.7592656708228307,0.4836753215726123,0.4874998511102223,1.0,0.3900976176777391
908,10896,0.5609415093924174,0.6806205797185884,0.546995548685155,0.6520002905482323,0.0254677002482131,0.20926448202575623,0.38450833778932364,0.8745825591010201,0.35824617851878077,1.0,0.626940637264622,0.36185081929012064,0.5149882381674057,0.591277669193399,0.35376489819755785,1.0,0.3549223702805332,1.1232482566546773,0.9355465886967663,0.49595760622547863,-0.3481162812157014,0.0,-1.0024338328452842
909,10908,0.1387914522000473,0.2969406434047038,0.2545465771239612,0.3858578729407789,0.014527808725463043,0.12014778931304894,0.3003121734010669,0.8485480537239797,0.5512411725359563,1.0,0.13432861023837606,0.10669726825439953,0.25075777791511317,0.5833366700897713,0.40514398583121175,1.0,0.23124034972549146,0.07430734387232156,0.22592147822722652,0.4776417454772689,0.20120475232987856,1.0,0.4646115254618235
910,10920,0.18524046607869069,0.34933136859115255,0.28517351370217564,0.4141696012406884,-0.07774330487893324,0.1799407882111166,0.2937743835569948,0.7853795307933222,0.3384688876851742,1.0,0.028609720002122918,0.10455201164631607,0.2776277748932358,0.5837827777976979,0.28237324090497695,1.0,0.43558762370041715,0.0812201202513795,0.2352188103611912,0.46468515147002754,0.11762150121561035,1.0,0.5615422376616297
911,10932,0.17219955652196273,0.3542629592608378,0.3013179188912286,0.45535303325550075,0.05182084043920772,0.3374843497559901,0.4087634578570312,0.7935447952017325,0.25614926347068834,0.0,-0.9598444767942629,0.32926213576784374,0.4355625794956656,0.5771269685936857,0.12612048453346678,0.0,-0.9120963051135902,0.12272692806813636,0.29193361102443455,0.4596045022194497,0.07904604030709966,1.0,0.28729823382278297
912,10944,0.2824756241980873,0.3710603432874094,0.5196130208347868,0.5225547597310055,-0.24359990637025225,0.1325728312606961,0.24724368282071085,0.7829669984403564,0.5915279802517973,1.0,0.530675145379168,0.14727042331481982,0.27793956829755556,0.5678356400116354,0.5018936903531032,1.0,0.4786437812717399,0.1621215324235432,0.2842471335413448,0.5034647756323531,0.5341875492303921,1.0,0.426068947068315
913,10956,0.1962120385856987,0.35779533231821287,0.3590941254296882,0.48650142814631664,-0.19678059652421512,0.15880243736286503,0.27830223032713297,0.8337494324925314,0.3653125621889277,1.0,0.19065905177115028,0.2001574113662464,0.37349103782102305,0.6030757194723585,0.18563128312844185,0.0,-0.020107699858714412,0.2585974351383207,0.34355133629929097,0.5254042576087291,0.2530936039522934,0.0,-0.3179488730778066
914,10968,0.49554536996448567,0.5194118172531114,0.5993357926604893,0.5991998330755415,-0.16962053424519033,0.1520329460977955,0.312751706466639,0.909011032787248,0.6669810210766329,1.0,0.6932007535279943,0.24170297189150122,0.3940835825701548,0.6495605464889707,0.5171378697342888,1.0,0.5122485517141985,0.17881130100862863,0.3615129310739946,0.570342219295698,0.632976679166118,1.0,0.6391626037764342
915,10980,0.8143735641803357,0.7367077006160105,0.698862247266482,0.6542480023304411,0.08910285210569273,0.5057053978387466,0.6293639261783824,0.910590124607966,0.1777729997514475,1.0,0.3790252777326615,0.8878261051238446,0.844529471365819,0.61988058442602,-0.04033654114317927,0.0,-0.09019514406443019,0.3278034664329587,0.4866609596690137,0.5499085105003069,0.4763653425248173,1.0,0.5974777659158278
916,10992,0.9400757967671582,0.8033354834014874,1.0857641391589452,0.872138249800621,-0.04735540587710381,0.6249782478604106,0.6006612137286557,0.7586474629653119,0.4862994319672005,1.0,0.33518313096703656,0.46264838517959656,0.5573151848189838,0.5316129063568689,0.7443336263381775,1.0,0.5078605504251832,0.43008465552950154,0.5544764687238329,0.4967966550693264,0.8070064937900389,1.0,0.5425000228614261
917,11004,0.6409696746025969,0.6657993481275694,0.7174912034529234,0.6922224729003347,-0.033127895682978845,0.5416322531217644,0.6484691197780187,0.7709812811854047,0.36309340519181516,1.0,0.15497990843704412,0.5605228742370914,0.6629145231501813,0.5301508788578816,0.26367244283153124,1.0,0.12550796637201722,0.5009185467633667,0.6104245363451761,0.4872628966896345,0.33813671442233806,1.0,0.21849883604253562
918,11016,0.6408640732371649,0.6867551226621996,0.914698448422184,0.8343803712755636,-0.3310243217612657,0.1634291144209806,0.34836472460466555,0.7617666654150975,0.821432194341237,1.0,0.7449863063855972,0.4053540791563171,0.5631921916367402,0.5476530340368827,0.46331727057751293,1.0,0.3674882146087981,0.4700819038051209,0.6167468365712435,0.460176131552606,0.4068109465172268,1.0,0.26648735131832324
919,11028,0.24237477384146455,0.39060346461437695,0.3082631165323295,0.4767167294244287,-0.004255915961214718,0.11435781712415051,0.30511922848537415,0.8135135871807437,0.6183951801580554,1.0,0.5281777252984625,0.3178772951203665,0.46630596903180144,0.570095126775963,0.3099460945274697,0.0,-0.3115114666524148,0.2632066524652788,0.4265335182992172,0.473509880785098,0.3467976281961505,0.0,-0.08594903790375574
920,11040,0.3426725519218648,0.48464886585948364,0.5572176483938753,0.6261364278618815,-0.2214249036826968,0.17364531677650463,0.33471121465753034,0.9091533760314293,0.5114828530574218,1.0,0.49326166977009955,0.43461004893092586,0.5786641497854436,0.6639321291720569,0.20668772534539026,0.0,-0.2682954806080424,0.33298563732854,0.4865013531670544,0.5387632970827088,0.2406857539605965,1.0,0.028268720500069677
921,11052,0.7688798402960378,0.711456337804444,0.7090615580185115,0.6966240566649787,-0.24257565878905743,0.24989592381329606,0.40103162493336736,0.914620622550051,0.7105474545407581,1.0,0.6749870256487933,0.4908545125454303,0.552172526429172,0.6503877208568073,0.4149381870143204,1.0,0.361597889786733,0.4049278655823711,0.48498194587542387,0.537000457577306,0.5681681888415623,1.0,0.47335351460578834
922,11064,0.650387497027363,0.6772944277860451,1.4485555194777644,0.9398780684637368,-0.2955868675207529,0.5933626517310975,0.5834975871160616,0.9505086858694438,0.21080946505252998,1.0,0.08767826189295025,0.424036236477036,0.45803459749259856,0.6685221125164504,0.3155199312209322,1.0,0.34802523354904524,0.5419206246158312,0.561427101262438,0.550214611631914,0.29237906723048085,1.0,0.16677268998448835
923,11076,1.532026345289412,1.0996638879581448,1.1471100314162475,0.9445836505400101,0.1830481923040615,0.6245718661423095,0.6507265433417654,0.9529193293426668,0.6586392153439575,1.0,0.5923230249514261,0.6324060575274136,0.6588493390260637,0.6494391390804506,0.624431373139757,1.0,0.5872094109400272,0.6320628956344486,0.6412283992721679,0.5568666181728921,0.6721649584075362,1.0,0.587433403101794
924,11088,0.8631419082520413,0.8308260835211395,1.3157827215231193,0.9949361902351743,-0.2735023786139513,0.7645375032662672,0.7522495506981697,0.9654372168680952,0.2774580075489347,1.0,0.11423892646512668,0.9214003566809893,0.8446684013192775,0.6976124238469643,-0.003985679503550732,0.0,-0.06749579399629413,0.8151042359231742,0.7206463236491061,0.5685760566647968,0.18098013650675707,1.0,0.055654431640503654
925,11100,1.4177217989952815,1.1303096148630187,1.0642908417148582,0.8967491425862635,0.10880921393804739,0.4974743750810182,0.6558500769359578,0.9558418511554215,0.7085358295374342,1.0,0.6491029654523398,1.0906506619417424,0.960685732191199,0.6822142050215538,0.3698401440546196,1.0,0.23070191717820066,0.8933531685004888,0.8721097203310876,0.5620514796220122,0.47242102333135527,1.0,0.36986708595889894
926,11112,0.2247227719686661,0.42932179765445566,0.1588343491151218,0.3374689006684708,0.2680198752543027,0.30538838007542046,0.4976112400736399,0.952381960939384,0.05368904457164432,0.0,-0.3589560924337558,0.1952093125250521,0.3224712660114025,0.6496547653439252,0.30707472276434794,1.0,0.13133274916940396,0.18645647482086428,0.3404451093612734,0.5623697461793751,0.2700745885474488,1.0,0.17028224070294684
927,11124,0.04835801395918079,0.18651768361449741,0.16632036584285878,0.34678026898226877,0.1336036448803008,0.05249908484565067,0.16615108192547012,0.9365798434820578,0.3069641180537906,0.0,-0.08563360128820374,0.18639677382822964,0.3483702129278637,0.6440951234480649,0.45946151810511465,0.0,-2.854516729855117,0.11356128126270744,0.23126775932838892,0.5426486199125038,0.3546462666786446,0.0,-1.3483446065126872
928,11136,0.10180065192793207,0.25190871418818833,0.12455184011667286,0.2807267060579921,0.20445226762157023,0.18266871096039697,0.3394559989921287,0.9423933907874493,0.7805159550287845,0.0,-0.7943766321822181,0.22803879735546095,0.36544115664984583,0.6507655184821904,0.7014373411621533,0.0,-1.2400524263527988,0.09120600738022493,0.21694316060873295,0.556401472164807,0.6714409782852266,1.0,0.10407246267153014
929,11148,0.16742808175891508,0.3631318619532027,0.26720969139040385,0.43252218984442087,-0.13253845682950047,0.04436689153703682,0.16766244386017023,0.9438741424442186,0.5625054580617858,1.0,0.7350092584771885,0.10275962804083764,0.25711381642998216,0.6689234744575248,0.5012430200850763,1.0,0.38624616037347637,0.23782837720942399,0.35432103444111096,0.5492790735240229,0.5925074016079586,0.0,-0.4204808100942141
930,11160,0.06051103659041956,0.1885066405119973,0.04078455758074575,0.1662842432626108,0.02805505519648945,0.24143880062113185,0.37429979578945566,0.9301485553955778,0.6085446080110697,0.0,-2.9899961102196317,0.2494038359466069,0.3995581311682515,0.6627911366362551,0.6719550646469749,0.0,-3.121625574434365,0.08235404766149892,0.22380141269594048,0.5219452144934096,0.40511466319249057,0.0,-0.3609756550516221
931,11172,0.05341812526239436,0.19383477675872385,0.56858585873825,0.6882613317673645,-0.36005025721319067,0.08865333008000363,0.2222241513315596,0.9302245061322338,0.35789561456446545,0.0,-0.6596114080105013,0.08505270866220709,0.20496376659466317,0.6788250014571572,0.23815728289206275,0.0,-0.5922069193634365,0.14794480403305554,0.28770649556619227,0.5173171197930101,0.15945575143610696,0.0,-1.7695618913306697
932,11184,0.030952267791020116,0.14759472957857128,0.46109172895765393,0.6271496806970505,0.19646486074873432,0.058904910669714795,0.20412460462211332,0.8663109751993643,0.02691257360029118,0.0,-0.9030886869880439,0.08422869996616322,0.20606878600117748,0.578645211717868,0.18244360797373613,0.0,-1.7212448708071624,0.13316531829829412,0.27930182983245994,0.45403646842023465,0.18775335205676114,0.0,-3.302279858696754
933,11196,0.02384080752437498,0.12565717386736222,0.09135802943753908,0.22778655551433635,-0.07780995877127003,0.06688003105747396,0.2335753975755052,0.8555980407018229,0.49492897481054215,0.0,-1.805275408104169,0.03752128459071694,0.16832444193014254,0.5845996078599803,0.2815369778514727,0.0,-0.5738260775082793,0.14445020311780327,0.30513551849873827,0.4844662343035601,0.4045007317517134,0.0,-5.058947582631861
934,11208,0.02351245716431209,0.12842618249700652,0.01842291490947311,0.10326905631797256,0.06680321048925006,0.026291559188769565,0.12783944274642675,0.8331663683099382,0.36049914027949564,0.0,-0.11819700531664035,0.03302938908943903,0.13646801172029907,0.5756579553674142,0.3404754262545702,0.0,-0.40476126585238514,0.03444034885460238,0.13880284120214426,0.48001992626165235,0.3737025713283585,0.0,-0.46477029661012925
935,11220,0.0394296597920476,0.16419299787621955,0.10446426408872876,0.2783895329060602,-0.20749369251955901,0.05459720501884152,0.19809499285875623,0.8463411298954224,0.1735416795206644,0.0,-0.38467349976610743,0.040696231399487505,0.18086514599141426,0.5869281161355206,0.24135335858157925,0.0,-0.03212230625675727,0.30049401692235017,0.47339403865623647,0.4976878497506195,-0.10559885821244748,0.0,-6.6210147007901785
936,11232,0.03033204661798153,0.1418616114906298,0.02469976606951178,0.13242805278816047,-0.044484081314780884,0.02393070881604728,0.11823242008895252,0.859017244056249,0.42586798665599124,1.0,0.21104206658245706,0.018878966699373594,0.11321397164916774,0.6042614685126892,0.44277213622735234,1.0,0.3775900803151967,0.04311901751778788,0.17871943938537238,0.5046901425672632,0.2219504447679405,0.0,-0.42156637370542427
937,11244,0.03348626174666632,0.15213107295378944,0.021948149665127873,0.11745211568399316,0.22588782097937124,0.022132419587231316,0.12469300856880179,0.8309542428176282,0.32806821961698107,1.0,0.33905970888390735,0.027463000799426675,0.1400741916194336,0.5721899655058617,0.40896488724009056,1.0,0.1798725994799728,0.05034193352985944,0.1919976208083859,0.4958530280566714,0.28157348724202375,0.0,-0.5033608084029015
938,11256,0.14282387519347706,0.30109575819319107,0.1815873560011696,0.3568550458790403,-0.007251092930319869,0.04953859792181985,0.17039414788693982,0.8338976299871149,0.5216904473234779,1.0,0.653149042100194,0.09460242212186648,0.2624267855461762,0.6124495029194644,0.22608057433361264,1.0,0.33762879634996,0.1971919752576855,0.3804090963403984,0.4855139088125286,-0.014905546268627012,0.0,-0.38066534737667945
939,11268,0.07824541797134572,0.21812230796493393,0.14065419735289386,0.2933457416212357,-0.4349994521299173,0.03660421391199213,0.14783743941830993,0.8078317116899052,0.5445105569594028,1.0,0.5321871253164374,0.03972087613303491,0.12309042777218615,0.5788915368365574,0.5158346371512309,1.0,0.4923552437590517,0.08336053597962405,0.20399730121051118,0.46593036438967167,0.46523598660912474,0.0,-0.06537274821832417
940,11280,0.10292291093331958,0.25328443408644236,0.10990797943764645,0.2670162489551028,-0.0033157166477717605,0.08652716473160843,0.22060366057414146,0.7935751312242033,0.3538015767159294,1.0,0.15930122897838972,0.08301143022334502,0.18131901815240645,0.5576195805475717,0.3096764992343886,1.0,0.19346013952981334,0.09946277062451243,0.21239906511842266,0.45362237537971806,0.27908481330981594,1.0,0.03361875677077242
941,11292,0.11938938036627246,0.27936989114293576,0.07797828512210504,0.21222325783023802,0.35576943118245846,0.06959087160800097,0.18539547262545578,0.7745421882296186,0.5098705251004725,1.0,0.41711003613131736,0.09539860653164944,0.22904143654167422,0.5313306461633142,0.4026044160442165,1.0,0.20094562649560765,0.10661330560590289,0.24612195714360033,0.42268661493597576,0.31689801681219487,1.0,0.10701181898401757
942,11304,0.16484569385067968,0.3208577490386229,0.15356075636964872,0.32080192802086754,-0.043779765008532846,0.12731011174131635,0.262359252121753,0.8057429407515256,0.37987773238118755,1.0,0.22770132014102695,0.10400500668313357,0.24564457317968488,0.5443727918016569,0.5253745885965577,1.0,0.3690765936698155,0.10767901082101006,0.2523615389929597,0.4282403340422771,0.5128213718956154,1.0,0.3467890588725495
943,11316,0.16255958776986484,0.3253999201076126,0.1848562066197049,0.35545848198671876,-0.05687095124010002,0.13368670678115444,0.26726455099036445,0.8244608124721612,0.31391804972003773,1.0,0.17761413758987665,0.10206807455111082,0.23190024007966578,0.5623337673797938,0.544209122173207,1.0,0.372119012164276,0.07805891608498966,0.20153818617292765,0.46033762880816187,0.5598338070892636,1.0,0.5198135209625565
944,11328,0.18515607247820065,0.34199595885790846,0.1964823774565777,0.340126327016866,0.14294087939254999,0.10667087889140932,0.25204962802414466,0.8374726774866155,0.44247761791853757,1.0,0.4238866840083346,0.08807240885386959,0.22874844799822033,0.5590833355637097,0.44286641688000106,1.0,0.5243342134283022,0.06696419888466203,0.19710065786165662,0.4826390385600991,0.590489292306418,1.0,0.6383364693991008
945,11340,0.4056836738010073,0.5425294843831402,0.2491576836452328,0.4265444315795834,0.5344742271579074,0.19219322704617267,0.37831663325838943,0.8226211218099515,0.6905532826541239,1.0,0.5262485540878685,0.18283496103067606,0.3679515457925569,0.5810464638463356,0.5846093039182686,1.0,0.5493164432336539,0.238377351959415,0.4281260334046079,0.4952644064081806,0.5324787650179075,1.0,0.41240585373829475
946,11352,0.27378087310036825,0.39890864512411667,0.38469530809218266,0.5103557215580623,-0.2047291978411035,0.052612748998944324,0.17936150284874441,0.8687480079882857,0.892976083205878,1.0,0.8078289823421797,0.09977062441453527,0.24701461823977966,0.6283157632178884,0.5555096349267851,1.0,0.6355821965037006,0.07369082674899728,0.2024315010109632,0.5275419853856271,0.7790987015087735,1.0,0.7308401207341384
947,11364,0.3668701435717295,0.5231527507450012,0.29164289473531596,0.45863267133889246,0.19440118369453704,0.31375833566563927,0.46946952339579945,0.8750288534050525,0.3310683537190313,1.0,0.14477004694088969,0.10746973457768388,0.2850970918729579,0.6091746717495855,0.7713941458687665,1.0,0.7070632853047316,0.1763504640549446,0.3636509991770233,0.49460943065804513,0.5875130770187956,1.0,0.5193109410919807
948,11376,0.262842648116795,0.39476210723279,0.40503917181110527,0.5125311693234849,-0.11442842880001165,0.07156120742470329,0.20952358722765382,0.9120446119135295,0.7305519453453975,1.0,0.7277412629288956,0.03930914285838174,0.1622313089926442,0.6207763537404836,0.5860403544552222,1.0,0.8504461009656447,0.06288346160766604,0.19788301189536414,0.5088316081696257,0.673497367899835,1.0,0.7607562469096584
949,11388,0.2833075870999825,0.45658164648329197,0.14401184126094593,0.3224797321018085,0.22652281345184022,0.04454503162318505,0.17753572833857642,0.931537094671393,0.7415206338312189,1.0,0.8427679538018704,0.0737496548937626,0.21668572908317926,0.6102653772611119,0.6863434661787443,1.0,0.7396834456546499,0.10852534804390412,0.2598429486932848,0.49573984235861257,0.576418083282246,1.0,0.6169345510482065
950,11400,0.19160929685555458,0.3510893066521546,0.30408990778303274,0.46878855901686983,-0.1466238717276038,0.08296420734037145,0.2304205995528464,0.9575962887162335,0.4846883198789243,1.0,0.5670136642539096,0.1639455391343487,0.3275541663521024,0.6441837159430365,0.29924783651083836,1.0,0.14437586367252475,0.15942928416623928,0.3246065107306678,0.5100502105403046,0.25904287218593336,1.0,0.16794598809876293
951,11412,0.2682493519058397,0.44709668898683547,0.11432253650381259,0.2931522434776634,0.5546649265983647,0.08934897297922301,0.2545085376051821,0.958619867913216,0.5603230855725103,1.0,0.6669182149204741,0.2407489445580263,0.3872787972847915,0.6765252025741331,0.6299614451157751,1.0,0.10251807563533843,0.2449300010954988,0.39023434328895484,0.5365917139268661,0.629961445115775,1.0,0.0869316203176752
952,11424,0.39511466176893917,0.4949246112161041,0.45236074748107336,0.569567462051782,0.18900786249485418,0.21596197280823692,0.39770534205310515,0.9475413139230785,0.45550146739587055,1.0,0.45341949134114823,0.8199389949132284,0.7980510597622953,0.670433526181596,-0.3236690834285859,0.0,-1.0751925308019175,0.5205485868742477,0.6382697010843593,0.5435225193772333,0.0041430955238230815,0.0,-0.317462086938858
953,11436,0.24732883155775584,0.4413671844806412,0.09174590794148263,0.26506829905488893,0.3763517160197781,0.03479231220343387,0.1505096951922553,0.9537841817732524,0.6460008574765601,1.0,0.8593277136988001,0.2927011282449799,0.43836437946776513,0.6443027132039832,0.6013108614279788,0.0,-0.1834492824854057,0.17680567768404853,0.32602438090244673,0.529425706971024,0.5505470497734051,1.0,0.2851392352016948
954,11448,0.36147228397340697,0.4642798893225742,0.3693065210713176,0.4862200284609212,0.1598984673534834,0.31521868871350894,0.5084671147620473,0.9553158770797625,0.36882734367567294,1.0,0.12795889840146313,0.3623747408211549,0.5447208412153279,0.6359253357649713,0.18196928336916154,0.0,-0.0024966142295277383,0.27832789987710244,0.48176089029072394,0.5252613503360123,0.4855586193601029,1.0,0.2300159314632857
955,11460,0.21527259346730174,0.41648527138563957,0.13265568311594533,0.3065098762433138,0.142288141612213,0.0512240982147913,0.16816516800072734,0.9535252794563022,0.7150134238174942,1.0,0.7620500715407053,0.08036547817008823,0.22844119808411442,0.607013573337135,0.5718479376441495,1.0,0.6266804014590222,0.049398261969174094,0.16790703154939737,0.513218950757596,0.6624426946320224,1.0,0.770531579642639
956,11472,0.22433155462502471,0.352265432326323,0.10384542224630604,0.2646629077812906,0.3635812218570833,0.07443703876140362,0.21039285854518583,0.9497363566464602,0.5908614817181578,1.0,0.6681829317956325,0.11516158021179534,0.27893589806277336,0.6384709219896704,0.6997059221167786,1.0,0.486645646421474,0.12321267374819102,0.27711496292880095,0.5362625025015392,0.41525454993612004,1.0,0.45075638621528835
957,11484,0.4278312847483517,0.5640507784585685,0.5136790898082563,0.6172317917411082,-0.03433924769178724,0.06548046592559437,0.2016673318661509,0.9404018381816164,0.7710449740087224,1.0,0.846947924894951,0.25829442348672965,0.4356112558513671,0.6322620155105959,0.4974380945237634,1.0,0.3962703694315922,0.18831254408821332,0.36101154117832773,0.5388238088629531,0.5456610282119938,1.0,0.5598439132402908
958,11496,0.2166634191989827,0.3894125021600973,0.2758342085365883,0.44629882588357,-0.15006247015144022,0.109787078418815,0.24662770031934392,0.9438347010301055,0.49205892263592965,1.0,0.4932828124622779,0.10174041697522418,0.26346679419300467,0.6274630245435078,0.47422111714513876,1.0,0.5304218065450806,0.15830067979668172,0.3283535242769222,0.5337187177516529,0.35026706116545037,1.0,0.26937052695868746
959,11508,0.6064430528450054,0.6727297348587244,0.4926224951599714,0.6146793480325191,0.09799698944416163,0.16487282915864404,0.2838068347314942,0.9560524156048785,0.8507986140783599,1.0,0.7281313910924094,0.06133564083088811,0.21473283337575597,0.6276808861566263,0.6514791589499799,1.0,0.8988600157209414,0.5551432904604799,0.6528675518973938,0.5236486345250309,0.24030833089260448,1.0,0.0845912277234655
960,11520,0.2559667396574819,0.4447237851698711,0.3285205055555584,0.4820154241484544,0.09094748289945676,0.13696365081573939,0.28697837023539896,0.9596697194280672,0.4149522641787346,1.0,0.46491621919701265,0.08630817167864879,0.21509028384402326,0.6407732654832742,0.45480088135965824,1.0,0.6628148962082308,0.15899051408713324,0.32165556311633026,0.5234608507685684,0.4208096843826505,1.0,0.3788626041809805
961,11532,0.738000704824664,0.7701133121567495,0.81227752358159,0.7892595929778229,-0.008001215668065987,0.1596492703734606,0.30986441937037124,0.9525780450596812,0.7748871568510601,1.0,0.7836732819768912,0.46253590330586764,0.5897281352221975,0.6366434776468758,0.48497640814716886,1.0,0.37325818216425954,0.39777359779443316,0.5729614045935031,0.5111731691446784,0.4508684861351523,1.0,0.46101189986134605
962,11544,0.23949005274623533,0.4318885571836286,0.4045899980258338,0.5503624346456787,-0.11239681434042344,0.12351878291040448,0.2400409223400686,0.9590587979525012,0.4050617732207723,1.0,0.4842425332742921,0.1028915106042404,0.23343637810840456,0.649088431427662,0.5402081558075709,1.0,0.5703725084846648,0.15912625520579973,0.3012595085868642,0.5179468563172491,0.5332314852917057,1.0,0.33556215224349806
963,11556,0.29858437274404315,0.4990716001620101,0.12928104714404287,0.28506746191343524,0.40118931347182585,0.17600847527747,0.29670072748721915,0.9490796392374025,0.5897537826666498,1.0,0.41052348567367747,0.14715880729471312,0.2558639850038547,0.6711651592542974,0.6567426118856157,1.0,0.507144979014482,0.11487256029376584,0.236260628225022,0.5225684445947473,0.688363529624651,1.0,0.6152760466394583
964,11568,0.32100026621641403,0.4366370557097081,1.0598931462542704,0.785248223762427,-0.4394519826143982,0.18683182767304976,0.3285646726695887,0.9511956300078344,0.2797206892947832,1.0,0.41796986689384774,0.14094666993030477,0.2813644027823771,0.6444842177060396,0.5009126252297861,1.0,0.5609141649892575,0.18487136829594109,0.3547599257524287,0.5120228240170174,0.5248274768130466,1.0,0.42407721191326575
965,11580,0.34206855061149843,0.5326511952879028,0.3195485760690518,0.5079604113423764,-0.005685372084789297,0.23742098990547453,0.3557971598927156,0.9605061122990296,0.5208584214858074,1.0,0.3059256997433726,0.17862525802200066,0.3556562854879937,0.6592210401365142,0.51294386962627,1.0,0.4778085921588482,0.140819331740731,0.3068288573480783,0.528490543693927,0.3921746330906403,1.0,0.588330083285951
966,11592,0.5297560756355995,0.5170564188129353,0.9260770718546487,0.7317608309612839,-0.33203385815387554,0.2482168389410556,0.44050465006685857,0.9408887006655219,0.5012874575525956,1.0,0.531450698997183,0.2946636072833979,0.46241146712610126,0.64817789322656,0.4393594159685593,1.0,0.44377493560623804,0.14909766628306012,0.32697386421761415,0.5189680686512445,0.6168296045521476,1.0,0.7185541173752972
967,11604,0.5632673771186555,0.5577471277783593,0.5720666196611317,0.5509579771553472,-0.030775149156281673,0.29315418871747917,0.47990524929606565,0.9403242608049636,0.4669808584506418,1.0,0.47954701332592076,0.28974263242290316,0.4995083910925328,0.6417678839032616,0.409651155436796,1.0,0.48560373955073344,0.14151055587512598,0.31645564742780813,0.5237063972523006,0.6304541291114985,1.0,0.7487684151015266
968,11616,0.6419574366962459,0.6397391175418489,1.2489657256414268,0.926454565436126,-0.3490614194054662,0.28768280613180436,0.4512429351128156,0.902034512580799,0.49706268108539176,1.0,0.5518662302405466,0.07716636767305651,0.22677684965842837,0.6006077837577759,0.8842449702842131,1.0,0.879795196282508,0.10842055871494755,0.26836140827665006,0.5010257388543773,0.6998436927084039,1.0,0.8311094279506747
969,11628,0.429790469908548,0.5723631475434827,0.12246147093179242,0.30696607479386406,0.553064419687429,0.07505278080944733,0.19198519683171245,0.901687738741779,0.7921287514956249,1.0,0.8253735574327247,0.07148539206572511,0.2215653451832914,0.5967815280738519,0.7221614599232604,1.0,0.8336738548880901,0.2777164448576612,0.4618794449790444,0.5015884700863146,0.34857115365942637,1.0,0.3538329388346967
970,11640,0.20618923391067956,0.36787955183960785,0.10648720920027148,0.26313469911155535,0.469100492907306,0.02426332405917354,0.12202931874051896,0.8910108125177194,0.7555661042111229,1.0,0.8823249711006524,0.05399630668351676,0.1893244702018928,0.5798369919166482,0.6942766086717657,1.0,0.7381225699354033,0.03910899676304072,0.1642600617969691,0.5006430302531447,0.750498488044087,1.0,0.8103247389726342
971,11652,0.4543764204465357,0.5875916059583967,0.08359480988712492,0.23688535685830892,0.4731336963982182,0.06271688060311785,0.19204411642537655,0.9010214875488559,0.7326748089925053,1.0,0.8619715333346674,0.09197142628996426,0.2557733948518622,0.5897030541739074,0.7379842316588053,1.0,0.7975875900435593,0.026355345202273745,0.11844095528081515,0.4955300101716105,0.8745360606419024,1.0,0.9419966705658424
972,11664,0.16471988331261384,0.3471356237492826,0.175395149274051,0.3585323272769451,0.1584233521657088,0.044596959463768404,0.1543720773454005,0.9278821794798444,0.5607568356553486,1.0,0.7292557609506679,0.0663334567159163,0.2035273439537024,0.6153330534867918,0.44125487807375274,1.0,0.5972953878917868,0.03754998338089687,0.1453173000191982,0.5111809481093681,0.5587125903246185,1.0,0.7720373361992214
973,11676,0.5397793141447833,0.642098126991217,0.3969348081724262,0.5054779349044585,0.34194959591333673,0.05735638963647454,0.18328604541100335,0.9286206778912428,0.7644963201531316,1.0,0.8937410379881842,0.19482361888957997,0.4013938552842545,0.6047628403761133,0.542745427352341,1.0,0.6390680157903883,0.37905733189066715,0.5938253749971493,0.5116573017972262,0.47826487565060355,1.0,0.2977549862368498
974,11688,0.1431908178189264,0.3212497952176034,0.14263825538620953,0.32235592468755425,0.15982926900919012,0.03921617834372696,0.15337951683050643,0.9438597927605775,0.5283868741967225,1.0,0.7261264448302946,0.21353228024227833,0.37926389089226653,0.6090767520911124,0.2639522053063313,0.0,-0.49124282893825666,0.02614028859949441,0.12633750155207107,0.5259877046123579,0.5764607135769927,1.0,0.8174443794814384
975,11700,0.17915022517802517,0.3589826717580451,0.12435597700907912,0.269146857023604,0.33836292166332943,0.041623720661292676,0.17105790509521945,0.9343616540344888,0.5854594683826534,1.0,0.7676602381050297,0.23267764694979828,0.42132376885820816,0.6059023694053577,0.6752635241515771,0.0,-0.29878512136159374,0.10005085366855444,0.2559329422949579,0.5205878506591514,0.5886910639903761,1.0,0.44152538145496667
976,11712,0.5000850931677182,0.5958954778953446,0.8721220141127115,0.8051772934693413,-0.30034270785060746,0.3175961123829881,0.5225848784576282,0.9397097128996217,0.33415171340373295,1.0,0.3649158578768654,0.09818164485631375,0.29026243624953985,0.6287871403306876,0.6610098992877793,1.0,0.8036701229496843,0.3041611400770972,0.5197028532507059,0.5304826701650062,0.2847262960567336,1.0,0.39178123036935264
977,11724,0.12578614059506688,0.2898403325796125,0.6418820882195626,0.6618350863011221,-0.18516694281511442,0.28442526544940355,0.4529815051078046,0.9380204802272335,0.3245330022566654,0.0,-1.2611812724665015,0.17562428188565313,0.3443230631565088,0.6276148143258375,0.4886537266547995,0.0,-0.3962132954776483,0.030455438232405346,0.132901465683159,0.5286850009622953,0.517460171903928,1.0,0.7578792219212125
978,11736,0.2732843887833401,0.40344725063237946,0.9727141607700887,0.8928385547999392,-0.2393185569478117,0.12561279490378224,0.31497833168783157,0.9279999131821965,0.437193797303627,1.0,0.5403586883868142,0.06854137057920255,0.20227015030033604,0.6473608473850598,0.5391260778726399,1.0,0.7491939774373935,0.01639073535410444,0.09393929416136541,0.5161539221609397,0.8337697032461391,1.0,0.9400231552666588
979,11748,0.1758193646587268,0.36588968854535714,0.16764016349410793,0.33610307706151116,0.03763512112304013,0.029719637519356912,0.14171539740830005,0.9260511578529622,0.7382036334575174,1.0,0.8309649362170995,0.024580993180845483,0.11844340146996814,0.6389832224401134,0.7535637364345478,1.0,0.8601917756411059,0.08832111580517206,0.27411381514709515,0.5051450679318826,0.4684694395883774,1.0,0.4976599080732247
980,11760,0.16899511745223614,0.31374307135340074,0.9591482367562744,0.8299631419385548,-0.5881436137182341,0.07257857383299672,0.2164853306966252,0.9265017053998662,0.4758458216696856,1.0,0.5705285754571582,0.024128547534661666,0.11785745908232054,0.6409321064542592,0.6451681153584942,1.0,0.8572234044484675,0.027858039966735745,0.13260286621353992,0.5237543660667334,0.7154024344420875,1.0,0.8351547643108128
981,11772,0.12675779467462678,0.2789742871208919,0.14851895678733065,0.33324840945866546,0.0867689704235952,0.1592688439125528,0.35433880409239776,0.9359229996238406,0.45596399456113124,0.0,-0.2564816571744428,0.08197962543442577,0.22144489516455523,0.6410271101331861,0.5418497552359323,1.0,0.3532577176428606,0.12687384305521374,0.3331679389619562,0.514012640014648,0.5404386711930307,0.0,-0.0009155127768263327
982,11784,0.1423197130868078,0.2892442047837405,0.10064118661585837,0.2604678678216689,0.3459762959161764,0.1199271727179268,0.3048633794215283,0.9466917793907875,0.35192150400152206,1.0,0.15733969583835994,0.03017745606486072,0.15261952226354492,0.6502647764354267,0.7583190711394022,1.0,0.7879601117067037,0.03555183792136766,0.15557292740241055,0.5357562265466214,0.805465594628642,1.0,0.7501973749786662
983,11796,0.20355669312890215,0.3925731050566241,0.2183993709034582,0.3924629102089415,0.08654177970463175,0.03267578675977668,0.14319812983540922,0.9473471147310519,0.7338553064421653,1.0,0.8394757437964235,0.046673436042154424,0.1768114624887435,0.6335861711772756,0.7628887935431247,1.0,0.7707103838015363,0.01450833205633234,0.09431482057670533,0.5172884108784161,0.8254176675399583,1.0,0.9287258412714292
984,11808,0.08627511555427185,0.23807583750836425,0.4724614152312989,0.6201532697366283,0.4691520013768954,0.036838563402494244,0.15665705711042827,0.9542309147969844,0.6048823915206835,1.0,0.5730105585390872,0.01783934394402503,0.10815551001132313,0.6443945071601275,0.681878810855023,1.0,0.7932272378956933,0.05040831698207195,0.20161694486455828,0.5265986372763121,0.5410493159962858,1.0,0.41572588273889577
985,11820,0.149735469915382,0.33764617714498374,0.07207416184238415,0.22990386211824712,0.40340217798045064,0.019214790326775824,0.10919128809081265,0.9437226746772287,0.7294647562153205,1.0,0.8716750924972259,0.023753300460372023,0.12161349759613548,0.6552131127851192,0.7371225899839857,1.0,0.8413649052305683,0.04595938023681024,0.17276010311715864,0.5212521466228462,0.8456228027452607,1.0,0.6930628376644314
986,11832,0.04934354065845558,0.18097565660004733,0.2372625130265494,0.42469584858436327,0.0412663541381719,0.034187071419302634,0.14581383789544836,0.9618954531867765,0.6337792048464393,1.0,0.30716217435758153,0.07042330090685991,0.20601002153240508,0.644861128131758,0.6707608997116423,0.0,-0.42720404671228374,0.10291015252782244,0.24522680798661387,0.5337061037896078,0.704187833491113,0.0,-1.0855850868129306
987,11844,0.0752357384479873,0.23292582322968505,0.21678285663276764,0.4060004440733181,-0.35528686378633917,0.053686534926274,0.18520342665566067,0.9502998221932663,0.8050745304779576,1.0,0.28642243654737165,0.0808185702771693,0.22583337357435118,0.6305102444705916,0.547942223363681,0.0,-0.07420451961193386,0.09080868548541172,0.2245460164763469,0.5207575611913215,0.5492359360886816,0.0,-0.2069886912612744
988,11856,0.03835937532621357,0.16122938063337622,0.16436554950934454,0.3401429062981904,0.07254153580683019,0.04238316258657712,0.17270421391727353,0.9491879144415991,0.6651117543881823,0.0,-0.10489710080377201,0.0319561322361166,0.14819943586361048,0.6315556300471533,0.6118606793640583,1.0,0.166927720684784,0.0266014444623507,0.13450916195100335,0.5010546407131842,0.4329125585087935,1.0,0.3065203946589786
989,11868,0.07312445311313899,0.22820964284999465,0.07895587645711816,0.22737561587495003,0.05297936240944899,0.02431573576680754,0.12700450790356924,0.9452425441529495,0.5230608889068015,1.0,0.6674746308299092,0.021822741848445574,0.11776011209175924,0.6158287396655113,0.748968714252469,1.0,0.7015671103251715,0.02188742725964668,0.12045431677836498,0.49679673451283934,0.6553420792360354,1.0,0.7006825168896347
990,11880,0.07181036688946135,0.19204669007240985,0.061038620082435914,0.20449678962817255,0.43144402936489196,0.02075536180986909,0.11550933044441314,0.9449756214519562,0.5272277378583319,1.0,0.7109698403042823,0.010075848015236208,0.07953481214501255,0.6217153296507522,0.6484373128929307,1.0,0.8596881139634602,0.023922641624383956,0.1318386007907799,0.49625503614570743,0.6050664867222875,1.0,0.6668636763657203
991,11892,0.07172973612477346,0.22721970667521554,0.055756177543317,0.16403181507568507,0.17409872547029376,0.025180915584072382,0.11929143935597954,0.9418809739242116,0.6589745791619898,1.0,0.6489473272246489,0.01803862166495462,0.10879678259779613,0.6125670820702236,0.6933405700076504,1.0,0.7485196148836162,0.022041426532047548,0.12092901090623442,0.49331235064068624,0.5791664901204827,1.0,0.6927156333921735
992,11904,0.05098146393850267,0.18038084595214965,0.1620873192745559,0.3310229304926943,-0.2613937126165936,0.030385910826237077,0.11508299537210709,0.9377216669696595,0.4688768994400004,1.0,0.4039812026015839,0.036254037180384134,0.14561830863160063,0.6090596162392707,0.5050480376801062,1.0,0.28887806705362096,0.042710818929148554,0.15774420407317916,0.5012965346836369,0.31579637422409457,1.0,0.16222847228025328
993,11916,0.05085395956746619,0.18038129700672936,0.04213913809590375,0.1538469651624977,0.21298643434507408,0.03700433564838443,0.15090715839531893,0.932116427512045,0.5466737816418921,1.0,0.27234111241048875,0.05265647717811311,0.20090749318298554,0.5992940533444582,0.6036432539459197,0.0,-0.03544498060678203,0.03686091000172768,0.13734044579414825,0.49570891050956895,0.4602505758597036,1.0,0.27516145615317167
994,11928,0.04989621179662796,0.14719326356202753,0.11201721181881057,0.26128667102072206,-0.029997239921739548,0.038975422181472645,0.150598324264034,0.9214984613287328,0.24910736666049452,1.0,0.21887011502330833,0.04907458244324209,0.17134001322291112,0.615435476760007,0.23406025759981822,1.0,0.016466768193440284,0.04758869617544751,0.15718190509824825,0.5217780815102312,0.3031553668840149,1.0,0.0462463088497711
995,11940,0.17411016532408896,0.3398384438929842,0.18773988106185255,0.33347135057626276,-0.030523811179255133,0.1066958630905741,0.2534658416918556,0.9218606839620597,0.4709193437677646,1.0,0.38719337327622294,0.12317123449626177,0.27568006095119824,0.6280243178343444,0.3461739205474921,1.0,0.2925672417403623,0.11009509942528191,0.26975556617532254,0.5309582178576788,0.4243527626620166,1.0,0.36766989325206423
996,11952,0.14116347474559413,0.2665211864004671,0.2613463944884039,0.3811660223169246,0.12805367635293238,0.12509193799754734,0.25565923266318,0.91544317030333,0.24179227436699718,1.0,0.11385053234918618,0.11340720318561663,0.2548562967368046,0.6000811642580153,0.23471079498467753,1.0,0.19662502364722922,0.16244640564508786,0.3020902372282322,0.5239059530673382,0.08779812944222623,0.0,-0.15076797264908648
997,11964,0.5239526731487821,0.5980556605994275,0.6466066054146914,0.6769841884226372,-0.21367741444784447,0.41593961862324197,0.5111115319766678,0.9032724027242327,0.4443002274831791,1.0,0.20615040262399553,0.393779991678942,0.5023980316013844,0.6109285816776856,0.23683234923033852,1.0,0.24844358687502321,0.6136442341618662,0.6524421686843601,0.5314516651471257,-0.12239321914605486,0.0,-0.1711825621082672
998,11976,0.24352699756100118,0.36807017985326446,0.20437522247972081,0.36781393742975443,0.24286397671173918,0.5586175426344702,0.6342038732851161,0.9069812839768426,-0.32992428130743595,0.0,-1.2938628908876595,0.19169835834813628,0.35648902048550085,0.5937009130718937,0.2098724336587245,1.0,0.21282502446112705,0.31807291202801957,0.4693140072737591,0.49744454254653575,-0.07070456238129905,0.0,-0.3061094466470615
999,11988,0.34952533717796647,0.46666313652421687,0.5587559884878335,0.608592699897219,-0.30133520750437753,0.30822322165986443,0.49843094133970817,0.8938551954033491,0.17945011509858572,1.0,0.11816629904879372,0.2575305244888935,0.4435682205043891,0.5962877583158854,0.4212258891151789,1.0,0.2631992674174356,0.2791291835913526,0.4513543557586707,0.49929412207777757,0.3487515756657922,1.0,0.20140500873265887
1000,12000,0.4659132611077665,0.5834351088505518,0.45034768780723183,0.5758533666641074,0.005262088855222844,0.47280160644168845,0.6281696038784046,0.8482442155029449,-0.020215011255113446,0.0,-0.014784608872355554,0.4679471714077112,0.6183568367372331,0.5704425108793434,0.03848715934332823,0.0,-0.004365426936140171,0.5436426948604908,0.669127428324057,0.48710404099387966,-0.08895626759760603,0.0,-0.16683241332928134
1001,12012,0.4146534778788482,0.5674361205857239,0.40328234452534756,0.5755326688203076,0.14380338514633326,0.2854895056143325,0.48310140419178915,0.8431775083368281,0.4068028415130713,1.0,0.3114985865432782,0.21082558214692146,0.41355061873899834,0.5609312595352696,0.6313062543288626,1.0,0.49156200684630547,0.44750470705846457,0.614176985082904,0.4905696426721319,0.0603426068049933,0.0,-0.07922574132903981
1002,12024,0.14456705449373206,0.30880575503461083,0.21005119249240267,0.40763027637918214,-0.2281413016277046,0.13110480694869045,0.31736603716159556,0.8312872516291243,0.15440326658812828,1.0,0.0931211304829157,0.17521410947058533,0.3826520254856316,0.5536193146941686,0.054846635335642935,0.0,-0.21199197205876552,0.30194513706320275,0.5117517452492438,0.48720462903195266,-0.24107633832828707,0.0,-1.088616511698342
1003,12036,0.06981458482499849,0.20329942479383786,0.12886992833062316,0.31252526915004797,0.019322614229213848,0.07315628116545149,0.23611892104219478,0.8371723620891588,0.3956313591765406,0.0,-0.047865304202975745,0.0779537160915313,0.23315990403161965,0.5620281656639026,0.27044141959326995,0.0,-0.11658210511363576,0.038805579306775806,0.159351728789601,0.4871462353985095,0.35886147383872163,1.0,0.44416228494306387
1004,12048,0.2220073903173371,0.38902946849752923,0.20363506642519072,0.34421441718651913,0.15935830207618745,0.06295050109808419,0.19967432883154249,0.8356023139410755,0.7936618936656814,1.0,0.716448623588148,0.04148197906440426,0.16229431713550158,0.6049052416047445,0.7102863334521573,1.0,0.813150458617121,0.05997123966671147,0.19689284750622194,0.5223741113854999,0.6660011941571186,1.0,0.729868273389509
1005,12060,0.10762212964748752,0.24973092663520421,0.1687107395568408,0.3538124364761517,-0.10626008977476828,0.10012164229934732,0.24716865867832424,0.8858046693178518,0.670093208651789,1.0,0.06969279805842699,0.08045076827651858,0.22860298537895707,0.6281883918619668,0.7179757860936185,1.0,0.25247002136054897,0.09724569716621562,0.24179741505540195,0.5462550601802718,0.7126798859298126,1.0,0.09641541674801957
1006,12072,0.11602618237863366,0.26059427519914674,0.3751667640052749,0.4984357104362176,-0.26416571344513795,0.09314675057801484,0.25698155592217814,0.8661058119684718,0.4985898988345075,1.0,0.19719197280795897,0.14742768154676816,0.2881844668536686,0.6158186925600433,0.6961966035513647,0.0,-0.27064149250089553,0.050110796507356614,0.18408826558365712,0.5289579935379918,0.5492556715337834,1.0,0.5681078573814684
1007,12084,0.27824274301101204,0.45380769254611675,0.21459481977788242,0.3939689521408605,0.09947851064084054,0.13580349845724407,0.3143524564283045,0.8586168627369108,0.6384515835335605,1.0,0.511924383048979,0.2718186316039381,0.4496390459545326,0.6260020428855716,0.3644550958114644,1.0,0.02308815438474776,0.2715341036651469,0.46069359969221435,0.5284956604997955,0.32718884891962957,1.0,0.02411074327857532
1008,12096,0.2584668580641618,0.40719858153259453,0.430358307303848,0.5469812509947408,-0.2684604797402367,0.06293106925165576,0.19602347245811122,0.8353743766907439,0.6212701881155314,1.0,0.7565217075682726,0.07584406307518327,0.2352268228440266,0.6052814653586647,0.7080326798164442,1.0,0.7065617478262698,0.07622457262622076,0.23584720327221873,0.5059854635550733,0.7080326798164441,1.0,0.7050895685538965
1009,12108,0.15004631687060518,0.2993194152187958,0.17293663202903,0.31349736248099086,0.12388630992359162,0.0690623782890842,0.2248657991741547,0.8492062513073074,0.37951786437099677,1.0,0.5397262676654621,0.07870302538924848,0.2113399644224422,0.6112289029221472,0.2722405682665168,1.0,0.47547512640967204,0.0796139349234048,0.21153493322721914,0.5090367898677288,0.3882965424261733,1.0,0.46940427073554136
1010,12120,0.19728296085816452,0.35681478511034176,0.19845148777615898,0.3798053426552673,0.1898065924501593,0.10163048507933375,0.2508201134722024,0.8364613998373139,0.5733521261831065,1.0,0.4848491494792577,0.08690138746979148,0.23126252917684456,0.608606506563596,0.6074176360915721,1.0,0.559508904916179,0.06512306495735559,0.20108574953785363,0.5147557334000495,0.6078685025491606,1.0,0.669900204893136
1011,12132,0.30769872444553636,0.46450740862724743,0.5340687216013363,0.6004214645988838,-0.44184516987593847,0.10008665911936267,0.2517189106054288,0.8584670513546049,0.7922671298616394,1.0,0.6747251412896957,0.1029101312414068,0.23982112064333103,0.6012680733172656,0.7404046960190753,1.0,0.6655490482554074,0.08242852104575098,0.22385103729681485,0.5081696505473563,0.8090730962690514,1.0,0.7321128932390453
1012,12144,0.21035291804037878,0.3813118560368651,0.12831315166336912,0.2943419119238279,0.4029151140482109,0.06806892851365465,0.2034252886700972,0.8850053726794863,0.6961673223322175,1.0,0.6764060648752763,0.08966714557251827,0.23280684943064464,0.6204938456095387,0.6337753801556245,1.0,0.5737299657744419,0.13823296980774255,0.2868976464568055,0.5219768092056082,0.4464093969292673,1.0,0.3428521406049251
1013,12156,0.24796065539101572,0.4275500269671692,0.25151443860114403,0.4242111453006016,0.06489730594928829,0.07091830017220907,0.20445036628469507,0.866094680715776,0.7131329757050517,1.0,0.7139937379969572,0.08129975893099056,0.24333041913936845,0.6204926616878657,0.7605258157675994,1.0,0.6721263750380607,0.10149873079810219,0.2628052407546197,0.5229796560351041,0.7455015125762019,1.0,0.590665984335111
1014,12168,0.4654057312114143,0.5593377383105724,0.5577491186801105,0.6372055155290538,-0.09070588789950204,0.29430002512451453,0.4997100400708343,0.9014492960177964,0.39997417425968584,1.0,0.36764847231581177,0.3327048006834524,0.512717056790033,0.6672879569481934,0.4876049818154048,1.0,0.28512955820838715,0.39214553199572827,0.5692058739720972,0.5562219879653345,0.43178256619224875,1.0,0.15741146767788083
1015,12180,0.14271926671816057,0.3165066493202057,0.056570549939960434,0.1995403955926359,0.509742400193305,0.07939411366191905,0.25075793566025456,0.9085142547647699,0.6901647466022678,1.0,0.4437043050487002,0.14289281330273126,0.3293474880338771,0.6660325967187877,0.6829640346302941,0.0,-0.001215999693394032,0.11300329261569449,0.29640733167838595,0.5346289804116524,0.6063910395272977,1.0,0.20821277172863184
1016,12192,0.2562789543255515,0.4034234202012564,0.1880564695420177,0.34807802074022437,0.3974315610698977,0.2353853367920594,0.44952563175972643,0.9108785602771168,0.41260831158740024,1.0,0.08152685650086933,0.23095598049850996,0.4565589493857621,0.6398630353470303,0.47287896452977823,1.0,0.09881019646612776,0.2307827177267241,0.45599466880308004,0.4976096246921339,0.469589545149481,1.0,0.09948626747727196
1017,12204,0.14532349172648962,0.32597765928293737,0.3502646372350678,0.5043740548409511,-0.36790671733207525,0.030015910786605284,0.12132879895092326,0.901553444116165,0.7666149122172224,1.0,0.7934545170226324,0.013169814464668778,0.09549273474527391,0.6226959453492367,0.8079956561902298,1.0,0.9093758737269029,0.019093487566409693,0.09711343511664002,0.4880968058522527,0.7681626306373645,1.0,0.8686138948385224
1018,12216,0.12198362406706513,0.2467663661223274,0.18459896748367197,0.33015022558194995,-0.06307700985295243,0.03299208934502661,0.15587487979731787,0.9545416246101446,0.6009046566264384,1.0,0.7295367341530372,0.04543298148149396,0.17961467938112274,0.6320739034887858,0.5495357833874279,1.0,0.627548518672347,0.04506621519217265,0.1766507690932394,0.4911367261321821,0.6162024777664292,1.0,0.6305552033165059
1019,12228,0.22870380337891758,0.41983958764635215,0.23285558244550889,0.39787498980847485,-0.04375366776922136,0.06307740369545788,0.2086219997542175,0.9513907512633804,0.6351133300433489,1.0,0.7241960878501399,0.09138109365306428,0.22211643201885037,0.6372032050414129,0.5820497450314372,1.0,0.6004391168709002,0.060764731913850116,0.1947755241027369,0.48650467306032363,0.744824335121977,1.0,0.7343081705852752
1020,12240,0.07368433714828516,0.2127870483144169,0.08184073625040687,0.23194755950616033,0.0526952011898665,0.07234900213901613,0.2140535903690107,0.9591483119757793,0.3926073010063665,1.0,0.01812237255499438,0.0742457349448473,0.21196375877435222,0.6417382982901259,0.4162324721654665,0.0,-0.007618957003472371,0.09056500177255093,0.23904645181344883,0.5186176440538854,0.4059486014960415,0.0,-0.22909434050135347
1021,12252,0.22613388067453002,0.40344540268063156,0.136169604592817,0.30222349492011985,0.35289647454965056,0.2661610679104957,0.4725667133493759,0.9702438413333514,0.8089923568688026,0.0,-0.1770065905938969,0.09770377327145223,0.2653367353159508,0.6426621543785153,0.705018025724268,1.0,0.5679383691642593,0.1558785328947304,0.33654975116920144,0.5131610600659224,0.6461843002899761,1.0,0.31068032605391294
1022,12264,0.13720428281638386,0.29676128318035816,0.09186104788428771,0.24377213446260323,0.22222854490821842,0.056120625041343804,0.2020693421968999,0.9685266351905908,0.6400538899429626,1.0,0.5909703116450945,0.2077750435602369,0.3657723597499432,0.6466907436077177,0.031720748259516963,0.0,-0.514348089543937,0.07566259325212717,0.22368388799002817,0.538785381978007,0.24205526488559354,1.0,0.44854058707931144
1023,12276,0.2115823408690807,0.3878286025654143,0.3240213389098017,0.4704592585416702,-0.19547959611393712,0.08409031679295555,0.2510981716397642,0.9607664990403546,0.48394680256984096,1.0,0.6025645786526792,0.05195723140994354,0.18280292077246463,0.626341217565259,0.4973338036854661,1.0,0.7544349344253982,0.17776044061063145,0.3501852782592412,0.5224356982675049,0.2040096184012808,1.0,0.15985218860668993
1024,12288,0.17946743218760686,0.34931654381629634,0.15468629922182678,0.3567910317331993,0.19162018786017312,0.1281345679509548,0.32033788463116647,0.949492262168102,0.17030041580173755,1.0,0.28602885554740143,0.43109329435763394,0.5965918936152087,0.58377663548317,-0.19146457169335915,0.0,-1.4020697744590738,0.21374874692335433,0.408033160817489,0.5071613895505365,0.09792112961088506,0.0,-0.1910169121933576
1025,12300,0.1318364399078916,0.3022848907036053,0.24845969746789764,0.4069292605556749,-0.21347154829949339,0.10240681506028819,0.2654792481454891,0.9335140214972618,0.2926713739217366,1.0,0.22322830370847857,0.21194913010675734,0.4045407271803168,0.5829068177324335,0.272061040457291,0.0,-0.6076672751087409,0.06983257598074688,0.2073536554001717,0.5179335128608473,0.45998453908271986,1.0,0.4703089978041286
1026,12312,0.1146494306258193,0.2872628677930758,0.07622558972746712,0.230741391915305,0.23815941894121773,0.07844322202214273,0.25793397032792986,0.9302384149507905,0.33948092535241675,1.0,0.3157992883701496,0.0995659033343143,0.27516189628479987,0.5705571853059446,0.3761596145937893,1.0,0.1315621648460953,0.03628698734501615,0.1602380407950163,0.529030816398333,0.48120099793485094,1.0,0.6834961399551491
1027,12324,0.10477110669494082,0.2534939618015007,0.0721259156747378,0.21161990201640188,0.3423860406854574,0.07370546196260179,0.22810999086074335,0.9124407165006245,0.4796931871958402,1.0,0.29650965530785145,0.04129373238568813,0.15625022120429807,0.5549414754926094,0.46129554435071213,1.0,0.6058671738008652,0.06263571094693905,0.19985961215216627,0.5126737674363777,0.23582052968973385,1.0,0.40216617994392534
1028,12336,0.10448748229550571,0.2748241442230002,0.07124134199192471,0.22619528745378062,0.26251969210333004,0.06024884120805396,0.21165644782176687,0.9176195330389868,0.34805544740530087,1.0,0.42338699445679506,0.04152994838937213,0.17422726638115718,0.5920778638300055,0.5932680622655865,1.0,0.60253661513329,0.06413646109574238,0.21259705958771366,0.5144894677792157,0.42823056791074093,1.0,0.3861804334192378
1029,12348,0.11231581589957924,0.28529725768642683,0.10162960078503198,0.2744889671357004,0.12274235108237966,0.08143576321126432,0.24441328317160135,0.9234614337769627,0.3644822126431956,1.0,0.2749394859573878,0.0336364152993344,0.14303411348020037,0.618801686619668,0.7359181482976368,1.0,0.7005193344327527,0.04841565634564384,0.18355733611947267,0.5318993179234723,0.5603667750478889,1.0,0.5689328706036207
1030,12360,0.19160962514731214,0.3358788955655392,0.2625151510288885,0.40801226404371865,0.3894672461184088,0.04327705865893353,0.15401899364569321,0.8823372144410998,0.8124785089083124,1.0,0.7741394325798533,0.06642702573245862,0.1998232118993505,0.6074275715891145,0.7611060835399264,1.0,0.6533210391628885,0.08361583606487184,0.23454592759066326,0.49704377755099893,0.5433161347996164,1.0,0.5636135919550658
1031,12372,0.16173202631101047,0.3360717574141394,0.07341504336695699,0.229906543777347,0.5303715902530819,0.06450494124300726,0.20111803805094972,0.9008321638935373,0.5926540874251341,1.0,0.6011616084067088,0.1232109948557783,0.26698014608823056,0.6223740012183286,0.3368127875871867,1.0,0.23817812917990822,0.1120322245405753,0.26654443565820957,0.5126369284322363,0.3665171649337131,1.0,0.3072972181456659
1032,12384,0.16558714120260296,0.33231771161126367,0.12793791047690903,0.28606058965769937,0.361066378151538,0.07764262068047255,0.21732437652067382,0.8674175618849309,0.5963276322606481,1.0,0.5311071855182675,0.16996836554204395,0.3070523801209532,0.6026276406254496,0.4673232966298643,0.0,-0.02645872322948306,0.09296221518191172,0.2641975220282922,0.47823894936378697,0.43464194853510724,1.0,0.43859037297969605
1033,12396,0.3302737816723165,0.47911398711685244,0.44487958895545904,0.5514282815632412,-0.13953433124151066,0.2142005935345579,0.3769668129562161,0.9058149185243313,0.5041484416289227,1.0,0.351445360119204,0.29863849284559657,0.4373573526609635,0.6382956019729317,0.3685445623124556,1.0,0.09578504435482904,0.2794992316607254,0.42790776911619505,0.5479209307015096,0.33191748646800706,1.0,0.15373472806257282
1034,12408,0.22410482459913195,0.3907873551074387,0.122690540299089,0.2807654933407672,0.30804727814349003,0.22668835985492317,0.4270071010681642,0.9109071594505151,0.1883551484742755,0.0,-0.011528244697152523,0.342731870490045,0.5321705817398775,0.667468783769487,0.03791255246269691,0.0,-0.5293373139248898,0.28353663490789405,0.48097419089028765,0.5844347330042913,0.16107682049284217,0.0,-0.2651964785455685
1035,12420,0.3552153309338002,0.5111011602033081,0.5585538635257238,0.6345325047648281,0.044606190997944994,0.18161219521395777,0.37227325355653984,0.9255397507305274,0.4642947893849366,1.0,0.4887264726538394,0.18022145911792395,0.372584042300865,0.6803010444923843,0.6049684358993968,1.0,0.49264166429936274,0.21134871209432304,0.4146912414575111,0.588867740876415,0.53043385569752,1.0,0.4050124144734307
1036,12432,0.15190888240827338,0.33764800194373984,0.1816761775046001,0.36974037274103094,0.020409184313091983,0.058607575688365963,0.20455566861867727,0.9479053153580917,0.5391201887689461,1.0,0.6141925688660452,0.11573390832447743,0.30170247959802454,0.6764289228153253,0.43937791388029657,1.0,0.23813600304537408,0.0721179239171314,0.21818570597426987,0.5717944143552287,0.5059862571974162,1.0,0.5252553848477022
1037,12444,0.3987388819823206,0.5391809872410177,0.5005116850514412,0.6175158684132861,-0.11655695186983821,0.15421650454416008,0.35556544205928886,0.9432975072119186,0.761180037476841,1.0,0.6132393616156104,0.21406596248442455,0.4358986685561912,0.680276748631434,0.545411850123186,1.0,0.46314249209858627,0.09061453017198844,0.24968485917601757,0.558462387544942,0.7495814358418953,1.0,0.7727471930464856
1038,12456,0.15974390454631476,0.32895930327364203,0.13016476359763682,0.30886971405913793,0.04093864398444358,0.029580328147433263,0.13417115904633525,0.9321170585352643,0.6195437236228731,1.0,0.8148265611045147,0.055933633482783705,0.1858512302513876,0.6330070605989044,0.5142292994885532,1.0,0.6498543487988502,0.05083199138944903,0.18831261681874598,0.5376756638568596,0.5045999067630762,1.0,0.6817907291435259
1039,12468,0.21761712191680402,0.38410288401916776,0.17572832059575968,0.3337921099606509,0.12308731968425683,0.06493520844649775,0.20725009364321365,0.9448477269791189,0.6410052844867975,1.0,0.701607999064877,0.06827392673522775,0.20205450420701085,0.6572795823922111,0.6174130576813623,1.0,0.6862658317789481,0.15753367627130632,0.3484506178336377,0.5560939995469899,0.39798223766156876,1.0,0.27609705117076155
1040,12480,0.19439318602834263,0.34890970201807875,0.1297251482256441,0.2703987474816008,0.38786954313387156,0.08813710166416822,0.2250899181797674,0.9352472403754566,0.5879971105814287,1.0,0.5466039552882385,0.12366947477600111,0.27721539820550206,0.6416346713251252,0.4187075976261226,1.0,0.3638178513213419,0.14935411827427206,0.2823575980010908,0.5800285626237731,0.28297941946302496,1.0,0.23169056834895363
1041,12492,0.18067797213147327,0.3562240292373114,0.21212558970131126,0.3864779702573326,-0.00348031682190546,0.09688228915163577,0.24527551121284663,0.9352170584471944,0.40955645656975675,1.0,0.4637847214648956,0.08980817112775791,0.23057483429092265,0.6817815010857423,0.5140116165953492,1.0,0.5029379062190962,0.16239274765273742,0.31577947459060846,0.608034150299172,0.3339423348716667,1.0,0.101203396645554
1042,12504,0.24731487175342529,0.39494286135299,0.29062395744415276,0.44528178071765123,-0.0376510909636093,0.10477471439841264,0.2570843554666063,0.9099822452741012,0.5516815851124168,1.0,0.5763509341125519,0.13476427648273467,0.3005232274919942,0.6671792142325425,0.5144476219436358,1.0,0.45509028419004405,0.09215196372545291,0.2523023508581402,0.6043126899853368,0.5687930099589673,1.0,0.6273901238849515
1043,12516,0.27527907795439727,0.45363276440465183,0.3070950313693101,0.4546250024630423,-0.1236982831686547,0.053809409589321545,0.19396099716095563,0.9351475791350975,0.8390976491943114,1.0,0.8045277905274166,0.10056920652168044,0.2569045616296048,0.688408492245373,0.5845169010190554,1.0,0.6346645474512207,0.1657876859884089,0.33784128729757007,0.5726506784179111,0.36284277590410485,1.0,0.39774687121019314
1044,12528,0.47617079942113855,0.5561798820448797,1.2911744253482549,1.015199451309208,-0.34243696195891343,0.18296768835539257,0.34561688336776203,0.9171065579082136,0.6491547136142828,1.0,0.615751976858264,0.16057483805094455,0.31354583828583277,0.6499603705795661,0.5830356911617736,1.0,0.6627789057074713,0.14829882188618737,0.3327986071605473,0.5052772865995673,0.6623000049799671,1.0,0.6885596049432929
1045,12540,0.19407181941862026,0.3293508812476786,0.12079377439759643,0.2992396163712547,0.28225718852317694,0.22228308338122713,0.4250913616552759,0.9364668938990773,0.3973478226722709,0.0,-0.14536507179207758,0.24434345959456527,0.4576928210891089,0.6306159931375378,0.39633256253156346,0.0,-0.2590362698023003,0.14492057151395918,0.3392292037746074,0.5166743863675326,0.5201958111604098,1.0,0.253263189121961
1046,12552,0.20318655936405883,0.3257924096235088,0.4427278829000984,0.5430394286648611,-0.2919287378688168,0.035170676824453094,0.1395437649183166,0.9512933410467281,0.7415857614716933,1.0,0.826904511132372,0.1298625744447155,0.30995015659019515,0.6447470960428252,0.36880645992930755,1.0,0.36087025219008373,0.14003450755112926,0.3145927888383086,0.5179988100476429,0.35268011707895935,1.0,0.3108082149261512
1047,12564,0.4584940183215845,0.6099220357824205,0.12023567475761054,0.3065610946341561,0.5320306835658812,0.0748877440725441,0.21005431738433633,0.9039742352173856,0.854667237466972,1.0,0.8366658209703876,0.061752952166352064,0.2009504622189733,0.6469401194708571,0.847644274270219,1.0,0.8653135053050158,0.08315574799567357,0.2547213608033381,0.5094164196852262,0.7638870655585467,1.0,0.8186328617762932
1048,12576,0.1191057335107707,0.26039510930540793,0.28446793968452544,0.43686274736182695,-0.2310316475900361,0.02691566021395937,0.12496841985277733,0.9246104661282473,0.6037349787110845,1.0,0.7740187695370232,0.12457905997255757,0.3068976233936482,0.6805976536360461,0.35796837018932903,0.0,-0.045953509545297644,0.09218358384156522,0.24484956332823904,0.5340710602505798,0.43474825258767025,1.0,0.22603571528964983
1049,12588,0.217552684929778,0.42656048353573145,0.2871363755528295,0.45848241964982056,0.10617439290694328,0.10831636994526966,0.25465897216063466,0.9166904779424883,0.7619696029329617,1.0,0.5021143040352171,0.08597136544431862,0.24924108387617983,0.6779111595495644,0.7899188612251312,1.0,0.6048250773275053,0.07839999697746135,0.24948299295234286,0.5358607897218091,0.8169135999770276,1.0,0.6396275366458133
1050,12600,0.053321145193603224,0.18234508402965877,0.17528284509840553,0.3453763475827627,0.21788735558566005,0.05266618193387954,0.17023898493208053,0.9407227281241163,0.44829237478975,1.0,0.012283368208720558,0.18418189038042823,0.3579963140947271,0.6719277695127396,0.1631144318687066,0.0,-2.454199824697763,0.13492936969468095,0.33499454257084277,0.5871535403152858,0.19019701076649373,0.0,-1.5305039718251967
1051,12612,0.055831564649841216,0.18907902405732668,0.09780510092040672,0.23005346008378136,0.1615820530812213,0.2698663892455923,0.43860432454906,0.9401010659688275,0.6591996785341034,0.0,-3.833580984844562,0.2629332493639502,0.38792360947721205,0.6284901844364624,0.46581311467860076,0.0,-3.7094014114236,0.0835404220093139,0.22892852790179116,0.579013287080915,0.36557518183756266,0.0,-0.4962937638100293
1052,12624,0.03857987421103543,0.1728759070121062,0.07204578924568432,0.22291465463822302,0.2147056439206231,0.06893930864629745,0.21645050497953586,0.9299597100684256,0.28017238324204613,0.0,-0.7869241426032947,0.10964540773955518,0.2513207745379166,0.6864009034195251,0.07456110449538722,0.0,-1.8420364239599332,0.19575615614266606,0.32357313764346035,0.6105865638255338,0.5298565497261251,0.0,-4.0740485848103605
1053,12636,0.06424125272142296,0.16793224956051503,0.12997467139129332,0.30066718378056995,0.10310463016490043,0.08618534980941876,0.26321375630885996,0.9272965932895783,0.4671116853189165,0.0,-0.3415888725451015,0.07672942403172626,0.2180203177064284,0.7031664526215053,0.41977274670960163,0.0,-0.19439489084151673,0.14402345622408738,0.3125232532006677,0.5925030249979264,0.27587321542693727,0.0,-1.241915437867215
1054,12648,0.06518429730106547,0.20013118333945426,0.10568542038651996,0.25664879908841426,0.11572876145361317,0.13038612606520783,0.2869322859825709,0.9175654192851995,0.3870881543921097,0.0,-1.0002689522446784,0.1461975763441406,0.2981219620365364,0.6848232326460124,0.35096186816436037,0.0,-1.2428342775392767,0.13192977181107757,0.307771709853975,0.5854051725222894,0.32137293587890314,0.0,-1.0239502038617685
1055,12660,0.10739425479998642,0.2912272958279087,0.13107632035002062,0.28634226035787286,0.10831950162131228,0.03420199048390341,0.1651011363378686,0.9411063952417529,0.6022533613665129,1.0,0.6815286763002173,0.3650705642282694,0.49729959260789053,0.6663874486538444,0.006598111991228906,0.0,-2.3993491077170317,0.2730140745248526,0.4075843037632763,0.56757788744575,0.14401531524859174,0.0,-1.5421664783960782
1056,12672,0.16161319404915683,0.2876553440174397,0.11144584221461125,0.2628453208432468,0.024949307699974548,0.14540394759240075,0.32515660796695584,0.9243817757810259,0.3431480962992947,1.0,0.10029655407853533,0.06958022235737761,0.23091207979957704,0.6298405798173836,0.47083215504977394,1.0,0.5694644687474351,0.04834292558005392,0.19185711642179704,0.5515164224117219,0.5988798981248424,1.0,0.7008726554507068
1057,12684,0.14779177258267845,0.2943766510868024,0.25472752716191943,0.3941291172649229,-0.31947736247944786,0.09941404945968868,0.2522155764779673,0.892764418426481,0.6312745447613375,1.0,0.3273370518370774,0.07455061105504752,0.22149817692259424,0.6003151363797338,0.4783807635731637,1.0,0.4955699512072499,0.045457366479357976,0.1685469682298706,0.5281413972448002,0.595061010365016,1.0,0.6924228887374094
1058,12696,0.21413395884541142,0.377965121094669,0.2018572116816364,0.36253711335953653,-0.015800587306259616,0.10506269871044183,0.26223097987527383,0.832357238592877,0.5293244281143753,1.0,0.5093599386247317,0.12164011880775365,0.28678845924394775,0.6096784288703555,0.5221258703256384,1.0,0.4319438193567017,0.06817308177127793,0.2199744856308603,0.5072057077158173,0.6989270661087822,1.0,0.6816334870991025
1059,12708,0.20759032466330715,0.38921288006666965,0.25726601732089543,0.4261476776742863,-0.0963773419587192,0.1468194243261394,0.32097289548859514,0.8138890107384347,0.6330743574436086,1.0,0.2927443773486683,0.1215002495454263,0.27021879812565575,0.5824657890316998,0.5502869193080546,1.0,0.4147114045777962,0.06089092590338596,0.20618811962898861,0.48705501300450516,0.7437759314454809,1.0,0.7066774378712227
1060,12720,0.2646325650900409,0.4123382691482011,0.18636279909699258,0.33722795089433627,0.6427562749264176,0.1623969833272185,0.3206195357759,0.7093851065679406,0.5672980724408199,1.0,0.386330313232753,0.20177332052941424,0.35136629178331624,0.551661924422999,0.317213100595312,1.0,0.2375340485372195,0.168413306420117,0.3250980031443436,0.4751453189681444,0.4927122156632103,1.0,0.36359568459454494
1061,12732,0.221990122004647,0.4162941856716371,0.14726680009308937,0.3295846658411059,0.47673914745124646,0.08699118017464431,0.251713442589797,0.7655962232994071,0.6573121561012479,1.0,0.6081304006273608,0.09801951971895621,0.26947320632204136,0.5563114194894693,0.6251172934566425,1.0,0.5584509849636268,0.12481341532421632,0.30506757343994334,0.4859277121344762,0.5454789274823268,1.0,0.4377523909752905
1062,12744,0.4164235221400552,0.503415511090873,0.49224734464945635,0.6071354011116213,-0.10049216792701517,0.08461923885047862,0.2292651527000584,0.824308982909885,0.7820985907356864,1.0,0.7967952472626685,0.16153479755001696,0.3337512143623346,0.6381320990290481,0.5872589028871646,1.0,0.6120901222873568,0.11323288096803981,0.28037285942039536,0.520080398213574,0.6447405316817705,1.0,0.7280824090192572
1063,12756,0.19016624330280338,0.37637583971568517,0.13392678960680018,0.304798174455841,0.27116850341394205,0.04813894926779985,0.17722555080570998,0.8821810142234761,0.6777076390623307,1.0,0.7468585989199577,0.04478029197207034,0.17113509970870502,0.670170565546889,0.649712648058527,1.0,0.7645202892252213,0.05049797585230615,0.1812128722957138,0.5260120373140366,0.6812338533922866,1.0,0.734453523531525
1064,12768,0.3442705775049848,0.46409780390534944,0.47518451036103054,0.5420455524302304,-0.3227217046829871,0.04520505298709426,0.17668261479056743,0.9114101298818624,0.8341654916211928,1.0,0.8686932432196018,0.09037724230755716,0.24341746336129286,0.6789562350398003,0.5842009561908688,1.0,0.7374819452694921,0.0808398980699471,0.22442132129333783,0.553021892120605,0.6750207172506792,1.0,0.7651849929906467
1065,12780,0.23075605002250002,0.3939627591970711,0.33082879739303844,0.47802240849126426,-0.06914927765052684,0.058235406218806,0.20110739463601748,0.9154468425273923,0.560785044718783,1.0,0.7476321586665757,0.05606869016590926,0.19918472216446917,0.6807930267572656,0.6351772343757666,1.0,0.7570217978664384,0.06850526800026403,0.2113609566345667,0.5672895460733016,0.6995119529229774,1.0,0.7031268822915613
1066,12792,0.5098625294905738,0.589165156594533,0.38666114187990225,0.5437247312697878,0.2838417006682943,0.13384900327147595,0.31445669831551376,0.9419235275796932,0.654508047843257,1.0,0.7374802117637269,0.13625329732600103,0.31114421900882994,0.6809880670447545,0.6843084416509317,1.0,0.7327646386132008,0.0766993858539839,0.22013065694860953,0.5647176798180203,0.8969441869137122,1.0,0.8495684985311283
1067,12804,0.24859784315287745,0.40442690001868203,0.5632740088897195,0.6467540428352727,-0.16219365867671465,0.27861402111394,0.4670461606061133,0.9641188983586775,0.3428293294858892,0.0,-0.12074190821761821,0.17893566455611676,0.3772684077797872,0.6848382153996353,0.47302010811711587,1.0,0.28022036600664035,0.09178044078258389,0.2561135637255394,0.5975140741261323,0.5000186495850105,1.0,0.6308075741182408
1068,12816,0.38702848554656716,0.5249430549734128,0.08152300445550524,0.2396283632200015,0.44991481717619736,0.19484940791025074,0.35828853586283743,0.9787439945498889,0.6119581091157691,1.0,0.4965502148114973,0.6531739251558861,0.7349547338413177,0.6865943914278074,0.07845621258181693,0.0,-0.6876636980181563,0.0911067841196387,0.249615829588035,0.5836149017445068,0.7820737825572887,1.0,0.7645992800995607
1069,12828,0.18785097212595428,0.3463461620410344,0.11717285423904901,0.24344391427855075,0.31358981716449297,0.4671360782077499,0.5828814717132652,0.9759690733663122,0.3447456334062083,0.0,-1.4867376139769704,0.12734628848016852,0.2929778354250388,0.688362784625497,0.48721942193678175,1.0,0.32208874386456354,0.05077428778107256,0.19174544724163098,0.5923951249127549,0.7568972552095704,1.0,0.7297097416827402
1070,12840,0.23549456897036136,0.3939573791278064,0.19368666400487022,0.35266723857438925,0.18303015171154546,0.2465843280422323,0.4041425656619963,0.980025357528112,0.43220171734921664,0.0,-0.04709135807402265,0.03634843638141956,0.15444552985829077,0.6925168925370068,0.6376483173921449,1.0,0.8456506383975493,0.12527272771803916,0.2929483804766293,0.5838164996141807,0.7454901376752432,1.0,0.46804409007918313
1071,12852,0.2631101957388882,0.4141190622133597,0.1273533800317522,0.270295072517679,0.14042297433802922,0.1038320643235603,0.26615154414572423,0.9734281118824455,0.5314836260780902,1.0,0.6053666258277436,0.09476686728077377,0.2589730887872998,0.6928972199101194,0.47034234768621247,1.0,0.6398206195900487,0.14466125283528242,0.3326654202095401,0.588030868515388,0.571898162111413,1.0,0.45018758232066036
1072,12864,0.18674078229114333,0.35326305100676697,0.22343860960043518,0.3962191502989665,0.033977869743559784,0.13063582176220254,0.3128588726613517,0.974662417543318,0.5169667516055713,1.0,0.3004429982598489,0.06901602771639727,0.2372947039529375,0.7235723902355756,0.44478932680999234,1.0,0.6304180218716449,0.13406942667410962,0.3302500733416592,0.586536142922928,0.4324557966701956,1.0,0.2820559867577024
1073,12876,0.31209339018570437,0.4575878017575408,0.6665711972246774,0.6409213447671331,-0.33430691289855596,0.0717230813874267,0.22287875706681468,0.9667024740118182,0.6768689304846713,1.0,0.7701871182060298,0.0812118365776052,0.2559013080336581,0.7093186746179706,0.6957491176287806,1.0,0.7397835419414622,0.089036765085283,0.26731267141948606,0.581849915773628,0.7370464134987911,1.0,0.7147111477359274
1074,12888,0.3488308438351307,0.47615485126418733,0.5045510212950314,0.604784996634235,0.05412502514418105,0.11595614206970861,0.2841400265219391,0.9661616753429476,0.5547853216299604,1.0,0.6675863269576201,0.17794519755783775,0.3392706683799629,0.7119832515206098,0.4929187574750819,1.0,0.48988112518530413,0.24739798454416306,0.4108174399580127,0.5855061853066938,0.32548378504182274,1.0,0.29077950268327835
1075,12900,0.2214492681573982,0.3752028722810932,0.34299457124972865,0.4469764463726184,-0.07462541773191289,0.06655256165784945,0.22298377922594925,0.9520021401949934,0.5804518077409215,1.0,0.6994681345682016,0.14261808176970522,0.32198116403502147,0.6952630798424548,0.43539457551767546,1.0,0.3559785365001189,0.09848193393613598,0.2705288467083932,0.5698234394247631,0.3812633565627774,1.0,0.5552844461597473
1076,12912,0.18662163271103163,0.37184131170652274,0.3737906105026548,0.517126206639245,-0.16544537813126364,0.1752741471695176,0.32756952344938023,0.9376222659808953,0.21931910565851806,1.0,0.0608047704688377,0.2285469924673302,0.4025206786771685,0.6623387885761015,0.1025932722512646,0.0,-0.22465434016010666,0.22774006833238325,0.40464429153532927,0.5523454246152079,0.29508600186653156,0.0,-0.22033048915084863
1077,12924,0.1133053759445161,0.24380671532997575,0.17195149513178584,0.33836818618017617,0.26236030033674385,0.07164846966490653,0.22638629291918963,0.9298918914159637,0.48366588015088857,1.0,0.367651631110675,0.12442501315738867,0.3004356812032007,0.6594921515471073,0.33492922061235364,0.0,-0.09813865511833852,0.06762239455014359,0.2181834176476247,0.565209509147554,0.5321781178326722,1.0,0.40318458867073326
1078,12936,0.30924742779502706,0.4945222203661677,0.35854744723028037,0.5330150163378321,-0.11433511759156234,0.07625325613788797,0.21431801403300896,0.9158893027887511,0.674123899313459,1.0,0.7534231515470209,0.19186344997318835,0.36921792343223436,0.6164236534041893,0.3169381652941089,1.0,0.3795794799614056,0.07328073639527423,0.2216228724686967,0.5507160452741245,0.7719876035373202,1.0,0.7630352597666694
1079,12948,0.06164244984538373,0.17723240266387488,0.09681226780157833,0.23919460678828752,-0.0787730942614758,0.11678442348471581,0.292467911768119,0.9261192105130103,0.2519276809063095,0.0,-0.8945454597869384,0.10070818802549315,0.2839031187323129,0.6483418278310018,0.4641042590793961,0.0,-0.6337473328541787,0.06647166937068888,0.2177591177524636,0.5642072385138309,0.42491237921407654,0.0,-0.07834243345970449
1080,12960,0.06502402365195892,0.22088903902620613,0.37939021612184204,0.5156571950544321,-0.05841531968263582,0.14062831355885552,0.31043390596209525,0.9145782920041239,0.49925448107214443,0.0,-1.1627131890756033,0.1291394011331163,0.283149913406984,0.6561320787675078,0.5450613811076057,0.0,-0.9860259928597306,0.12806942280931063,0.28168281515036325,0.5476855904893738,0.5450613811076057,0.0,-0.9695708696035517
1081,12972,0.035333973777940154,0.14995824357110976,0.07692522908009027,0.23388038445773462,0.037755805537268025,0.1769783285127704,0.36239845715238167,0.9353702701726861,0.24808205249006182,0.0,-4.008729831097067,0.13704636123498007,0.32796481753805773,0.6691736818318146,0.1042803727678296,0.0,-2.878600298292557,0.10682744567492253,0.28851869296848326,0.5587949922082338,0.11986049812342234,0.0,-2.0233634729648626
1082,12984,0.05882410358575135,0.192819096172172,0.09764144097678722,0.24965892443775492,-0.04318752178572836,0.4232901235872791,0.5153887275221019,0.9255482957687974,-0.289390567439486,0.0,-6.195861862479965,0.38609880345444014,0.48306891414429365,0.6526306664552408,-0.38375233207127624,0.0,-5.563615591550855,0.5162103977832158,0.5754471936507602,0.5313677962691891,-0.4054818009324725,0.0,-7.775491105116554
1083,12996,0.0640134117876941,0.22167986976228027,0.2356224069207995,0.4146692762503659,0.18279205576821123,0.10633353457091521,0.2750601092075102,0.9398953799491636,0.15020108889020797,0.0,-0.6611133761090471,0.10929161168124246,0.2820499869226813,0.6517334445127514,0.22897879922679695,0.0,-0.7073236471712734,0.1654591474905244,0.34967846948806747,0.5358355999328897,0.07981414208309524,0.0,-1.5847575198660504
1084,13008,0.09429148889049314,0.2477653422541016,0.1918719672976843,0.36732356736678823,-0.1616723522449774,0.12214755250380908,0.27611474831942906,0.9168996974802812,0.36276204018814306,0.0,-0.29542500538587313,0.3123140077896854,0.4508089344510942,0.6359039330752757,-0.12304067513363807,0.0,-2.312218435243885,0.11673149363233774,0.26727604304440516,0.5316470169745097,0.2681403244955295,0.0,-0.23798547467954023
1085,13020,0.11953413547924176,0.28271935213552896,0.1192095617801618,0.2767528739650427,0.08242326541708744,0.09205315984869218,0.23973464626372973,0.8718538173703501,0.42463818018278293,1.0,0.22990065156176165,0.11232331265468383,0.29173180975131824,0.6011319967336143,0.1827849169615368,1.0,0.06032438178138788,0.13930955579973775,0.30888998467760503,0.5113511200265676,0.09022608148725005,0.0,-0.16543743125101007
1086,13032,0.17938821452994222,0.3497050784581969,0.27098895642216614,0.4812822171091642,0.13294890882390004,0.2346350509895785,0.38873032498368804,0.8608565553241851,0.14264978904280892,0.0,-0.30797361244941124,0.21935657368251082,0.3674252668603955,0.604093905234935,0.07221316510023942,0.0,-0.22280370679478145,0.1921714452878789,0.3458753366766401,0.5082859770724496,0.1415919947124531,0.0,-0.07126014822898519
1087,13044,0.12339812429604258,0.29716450968179203,0.1261652801668709,0.3070888400361367,0.31136576669687616,0.11015991459214643,0.28138625802963496,0.8006341411922859,0.5655883229667786,1.0,0.10728047755520631,0.16405512505334094,0.34922152751013885,0.5924870968898099,0.5243873201222786,0.0,-0.32947827196918134,0.1151573793172707,0.3053706931859858,0.5158258520623855,0.32289024912988495,1.0,0.06678176857049811
1088,13056,0.11146082740956142,0.26257650057867943,0.11315960984727096,0.25414606710090454,-0.02209443217941472,0.09388590249297803,0.24112612291560787,0.7560380930469306,0.1633396580060935,1.0,0.1576780410215739,0.13898392397498693,0.3178284285555084,0.5357963475665962,0.08675192122270099,0.0,-0.2469306679762231,0.36186606328960913,0.4916611586874287,0.4656110766903524,-0.05711375014942741,0.0,-2.2465761442801493
1089,13068,0.1700521565928028,0.3372550682334095,0.1744681774168916,0.33885214477899267,0.14300288068438036,0.16725762867657049,0.33623103048205544,0.8129610249006538,0.12383806701374027,1.0,0.016433357695803452,0.13146523726444484,0.3116511530205947,0.5731644330905044,0.3379738329486949,1.0,0.22691226092919237,0.17308866618811788,0.3487922698733133,0.46243596126793146,0.09818481210186479,0.0,-0.01785634276068704
1090,13080,0.1976693172759548,0.39592925340499696,0.18972870682303636,0.37990577114160756,0.05497533466412578,0.22525517086472754,0.3968324185935039,0.8374766018884611,0.030464129330639456,0.0,-0.13955556668545444,0.22222504486494354,0.39848577013024805,0.5698060281800749,0.07214618508615311,0.0,-0.12422629838250465,0.2679448723805934,0.4466534145555516,0.48971995419175973,-0.11414991201723419,0.0,-0.35552080653231033
1091,13092,0.3559168211944079,0.49550323749401937,0.5667414826930787,0.65624174222074,-0.28902998184937223,0.41415967180503593,0.5111912762933327,0.8768206510129906,-0.2031480530295239,0.0,-0.16364174757229244,0.39270217641079697,0.48859848166431696,0.6025298520446467,0.01484852435944406,0.0,-0.10335379792655619,0.5868996166709441,0.601383472447441,0.5113024182082204,-0.2578583624864158,0.0,-0.6489797102069799
1092,13104,0.39951089266221684,0.5468833011480131,0.40991726406134,0.5608091694367104,0.04971422218483512,0.6024789246404992,0.6347691160264994,0.8665368313534044,-0.27719667829537487,0.0,-0.5080412967610628,0.3987892526366765,0.5319949128945768,0.5967860768730289,0.02785348842669169,1.0,0.0018063087610242778,0.6322006780128911,0.6712106588316651,0.48676393827185843,-0.308003856543303,0.0,-0.5824366484730907
1093,13116,0.6410216098244991,0.7337503582626866,0.7209335372389439,0.7723177744748745,-0.10640646354339278,0.5974956744640673,0.6860733263092945,0.8451775919759129,0.21410998649742327,1.0,0.06790088616879619,0.7770878917020503,0.7572291391993554,0.5716805269604331,-0.04751101360782637,0.0,-0.21226473459265094,0.5240867226683519,0.6480121044865385,0.48181343371002017,0.3435537238025805,1.0,0.1824195711407639
1094,13128,0.6068258032194721,0.745020558915065,0.6434405912248581,0.7590980538351046,-0.15101891408775725,0.6782840535422486,0.7786201204047648,0.8335555035243422,-0.021413069782695228,0.0,-0.11775743540182337,0.676677581113731,0.7648528690187971,0.5870051288217306,0.039388661337064826,0.0,-0.11511009835716468,0.6660570767620205,0.7726830095795773,0.49569852337162573,-0.08021084956120386,0.0,-0.09760836343527424
1095,13140,0.13692858488966828,0.33153856584711094,0.1007253383060384,0.26905478229724683,0.22512297208222298,0.07289575265579044,0.21703232354472368,0.8742414057780863,0.4902033631191628,1.0,0.4676367048229776,0.12483675060478028,0.2900399273749683,0.6242067545694449,0.4131804697417726,1.0,0.08830759694647494,0.11548515169215567,0.28468087631262406,0.5200764778422815,0.2300238228890726,1.0,0.15660304395017943
1096,13152,0.0384716105455768,0.16180527828833993,0.03164960534268755,0.14433861155223768,0.15561756043770808,0.02782870746540918,0.13567142038521482,0.8409814178961869,0.5021215424163563,1.0,0.27664303441518556,0.03683965920926571,0.16159610789128892,0.5691120812847997,0.3637235204306618,1.0,0.04241962613906525,0.022561624006058295,0.11806000047380798,0.49193198522781356,0.41264251327069623,1.0,0.41355135160432543
1097,13164,0.08673007257272554,0.2590000330773039,0.03110141749074684,0.1425741020358099,0.3115060765406064,0.04620122355835742,0.15593268815943198,0.875277957732842,0.5583264859310357,1.0,0.4672986867430967,0.09945672865662991,0.26615987974857114,0.5711559398058813,0.33052826134070906,0.0,-0.1467386767517429,0.030175416333371095,0.14486524483420116,0.5102989511200542,0.6843615375003868,1.0,0.6520766622434429
1098,13176,0.04602427310971847,0.1764222310332787,0.03243007247958097,0.14263515647428127,0.18554032677491256,0.08349301718130601,0.24189365550583894,0.917531424485978,0.59799800806426,0.0,-0.814108328930363,0.0743262269644914,0.209084406312645,0.6204349393749247,0.6881633740987622,0.0,-0.6149353795833594,0.07060458358888001,0.20049412151275833,0.5501586136861191,0.4851783595503882,0.0,-0.5340727580979694
1099,13188,0.03524583073284092,0.15472115397702632,0.07037576084031623,0.22461824086050072,-0.02407591843917727,0.05654361376941904,0.20649991460434225,0.946851154117186,0.46504368879275615,0.0,-0.6042638971404224,0.045151886660234695,0.1737627476752306,0.6310609887599725,0.42910134534334443,0.0,-0.28105610568468276,0.08592711577283074,0.22232506551303524,0.5380757209442555,0.5243328988768977,0.0,-1.4379370264854234
1100,13200,0.05731801001137191,0.17425748633230576,0.321606066648323,0.46355255421094127,-0.31371512033098103,0.04588868142393534,0.1656000786806156,0.9239314962608368,0.41954608782148595,1.0,0.19940204806777118,0.2067021364899413,0.38585929746640807,0.630829076186589,0.7298026337904617,0.0,-2.606233650626243,0.15860608899453435,0.3354663684502313,0.5274339506580296,0.6912608441093075,0.0,-1.7671248349875865
1101,13212,0.05721476818585475,0.19301827621496123,0.02576433120552701,0.12368833482791514,0.12478781026572087,0.1002000061317374,0.2799937824784329,0.926511771954918,0.23647573273319558,0.0,-0.7512962004189319,0.11488235633679138,0.2861779763333961,0.6225024441636207,0.4497084215113173,0.0,-1.00791438957877,0.04702815012004421,0.17584642325111513,0.5301343639329701,0.31727569011289203,1.0,0.17804176069927669
1102,13224,0.08330993648603563,0.2052830007645551,0.2523237733818622,0.4241326959619307,-0.38624280432945624,0.029046847746216187,0.13379014043271978,0.8174686374119944,0.7310915451907567,1.0,0.6513399364902288,0.046689021506548765,0.17551346737707876,0.5923816927963541,0.7425883184410187,1.0,0.4395743956139643,0.04278151100187743,0.16036993666072907,0.49710728468495075,0.5782903855359481,1.0,0.4864776903407141
1103,13236,0.09422046875486233,0.2368916241511755,0.0968983319910713,0.25641410485344734,0.2539590634960892,0.10493504149277455,0.23040329470467338,0.8422512371207216,0.3116492609193523,0.0,-0.11371810053066933,0.033677910195983464,0.1339128268230456,0.6116090797545012,0.6125266039129096,1.0,0.6425626974579716,0.04957042191796806,0.17179409841983814,0.49948496011640386,0.5505461305565149,1.0,0.4738890331044979
1104,13248,0.126882418434853,0.2785781870245622,0.15040869920515307,0.30850462896735265,-0.1051438445868625,0.07366932991142301,0.2064680644803181,0.8900925072674074,0.4085568817009443,1.0,0.4193889837523228,0.06259474819058847,0.19787790165430774,0.6272039746453502,0.6499483346732978,1.0,0.5066712239353528,0.06118851592061112,0.19692368338518015,0.5399778197536129,0.6498949733551413,1.0,0.5177541800085723
1105,13260,0.14489089999360336,0.31236371380929456,0.1576845847017131,0.3285276874948888,0.000705393001973098,0.10286583378376907,0.2630039120585787,0.8416808010258612,0.4597936045741832,1.0,0.2900462776591878,0.09181484345827129,0.23720532859013724,0.6074346106347663,0.5399031767425808,1.0,0.3663173914833524,0.09206611435698638,0.23788113862175134,0.5139953882457748,0.5579144428605578,1.0,0.3645831838918048
1106,13272,0.20781805921508179,0.3615480300488638,0.14782181354421045,0.31314706534568354,0.2865640755664417,0.11198402410556503,0.2741652522014331,0.8471416579966423,0.6707661451098762,1.0,0.46114392306172536,0.10786010747543413,0.2682373401221431,0.6072023964470109,0.6973748380908267,1.0,0.48098780306766287,0.13240184968451613,0.2962150092863748,0.548092605924876,0.5516802025416118,1.0,0.36289536056398963
1107,13284,0.2682890265011298,0.43881262279967315,0.2727833074464981,0.435173052103851,-0.0035156477090138695,0.10154957953634687,0.2580412462591471,0.8344276893280282,0.8224479236914627,1.0,0.6214918632316137,0.15151727483198518,0.31009219119565073,0.5815419592146418,0.7320517154644465,1.0,0.43524609706186723,0.14092294682995166,0.3095693379783178,0.5301062112136419,0.6789507169917574,1.0,0.47473458505632093
1108,13296,0.18497248234798971,0.3540552199804039,0.1959366101140755,0.3544200107773296,0.007744849816545336,0.140254717290184,0.31218374237981683,0.8808817896764346,0.3340529750686252,1.0,0.24175360837553095,0.13544738105243315,0.3033206900757501,0.625247251026447,0.4027466074891574,1.0,0.2677430754396469,0.12447906492308382,0.29364050880714204,0.5236262133253609,0.39498382976584356,1.0,0.32704009081253127
1109,13308,0.296398448250803,0.45619096126610686,0.4050555307410529,0.5158374252860934,-0.21443669336036392,0.17281814133191564,0.3414581607014237,0.8669152465302037,0.5309344128839573,1.0,0.4169397905022688,0.17935653540681037,0.35839799152384844,0.6139768335474118,0.45811667006002493,1.0,0.3948803157867934,0.14953964164810632,0.3262429254522191,0.5051109707242867,0.621091958239926,1.0,0.49547764999913024
1110,13320,0.21206231289941432,0.38388528113549536,0.2053241157027924,0.37992866329843106,0.14752660028528902,0.07099087101873498,0.229285949176583,0.8964472956925169,0.6819899236663634,1.0,0.6652357976855252,0.0816532059258011,0.22538724728312887,0.6301011685670286,0.5668251933322793,1.0,0.6149565436243688,0.0793401566482639,0.231629584848184,0.5185222027112245,0.7264398439600849,1.0,0.6258639474242809
1111,13332,0.21951625536848443,0.3833048514967791,0.5256900264063957,0.5999796135592042,-0.37699591270414157,0.07176354970384366,0.2276205492845523,0.9163469387466542,0.615595161834203,1.0,0.6730832093350905,0.09355068783495019,0.2540240515460565,0.6111541767334288,0.6088246494317862,1.0,0.5738325269902491,0.07331180291198014,0.22783228585940396,0.5215245835064625,0.6043836911630688,1.0,0.6660301862888584
1112,13344,0.40163704375127834,0.4791261480917742,0.3079767354853704,0.4084887130751995,0.10784737647911524,0.23052806227255315,0.37122379256892796,0.9331715566441986,0.5507390842918005,1.0,0.4260288838912175,0.4325227364970748,0.5414648638118087,0.6440077470848878,0.34217118148307524,0.0,-0.07689951219968405,0.1631782344603541,0.28767137143506083,0.528337494943439,0.7253492804197228,1.0,0.5937171707662368
1113,13356,0.347467869362499,0.4522489565286055,0.48009981108054195,0.5457924922746287,0.06327173588449012,0.3564800146634044,0.4833751039536562,0.9268145230060327,0.3067814960128642,0.0,-0.025936629241259057,0.2463626732889249,0.3893387329899443,0.6353093928670089,0.3742964785777236,1.0,0.290977108931172,0.33508739169072427,0.44423736628515575,0.5273479729364197,0.24800440573190258,1.0,0.035630568358706816
1114,13368,0.6252121389567763,0.6569317631459254,0.7183712964051562,0.6975371218338088,-0.08188780772013446,0.28588661536598364,0.42409231818077436,0.9425854328681401,0.5815081705545538,1.0,0.5427366208163974,0.4887697540927616,0.5440547802000114,0.6807553572274678,0.3315260357708813,1.0,0.21823374237691762,0.582654241772403,0.6196676487394716,0.5123920468217688,0.18150024204021178,1.0,0.06806953117606618
1115,13380,0.43636426506459713,0.5307035724832775,0.6994221194117521,0.6916200338230221,-0.18638289686418097,0.6039737125702415,0.700991226220224,0.9522364024810586,-0.06365819564795308,0.0,-0.3841044304597956,0.8191196321778467,0.7969252738037161,0.669843839148348,-0.05253587638472519,0.0,-0.8771464525322401,0.7991546470113494,0.7590252475782274,0.5397825023123932,-0.002198901761158378,0.0,-0.8313934274454089
1116,13392,0.4028059347028581,0.5209965589306789,0.45128376339030546,0.5793990119212552,0.22193742861831073,0.1924785994512289,0.3407590998315282,0.9303672130564264,0.5436437827005551,1.0,0.5221555025170705,0.16741981038821582,0.3323346871462602,0.6419080117377242,0.6206028810098735,1.0,0.5843660781420261,0.4625158226835204,0.5673337001266475,0.516867068167065,0.12302594579592804,0.0,-0.14823487649135325
1117,13404,0.2439324069765684,0.39279566447595676,0.5636634798895085,0.6304189728001129,0.04674141968162031,0.2128233056157829,0.38551646570518744,0.920285065538726,0.29323705764123853,1.0,0.12753164594392652,0.21415712065528084,0.37540983730767535,0.6203953484917546,0.22426552565820032,1.0,0.12206367612380309,0.3565934251157053,0.5307979548544512,0.5186599928834612,0.06983776805873054,0.0,-0.4618534270846548
1118,13416,0.27547663675340633,0.4289194792648088,0.21973630785404671,0.3626578019072377,0.44080156821774263,0.13601811204422073,0.31880032070937786,0.9331772981026767,0.5124611611910976,1.0,0.50624447268108,0.15788887186609504,0.31873970275246805,0.6410580636828784,0.4848320475741626,1.0,0.4268520418759515,0.387006485107449,0.5505774820936014,0.5133560400117391,0.25805650187044715,0.0,-0.40486136925607563
1119,13428,0.14231235469875833,0.3119649335933869,0.05844353575628713,0.18045709558937473,0.3784106363269884,0.16882575321918902,0.36190831277366325,0.925650864462952,0.7491799233567061,0.0,-0.18630426414174162,0.10177568327996304,0.25481289332591267,0.6510608870121501,0.6267587103533451,1.0,0.2848429534076774,0.0702207285253108,0.2080105073764672,0.5251600112853911,0.5538902600857003,1.0,0.5065732088127449
1120,13440,0.20727592009503346,0.40184763015630826,0.07073544304948155,0.19582036736992034,0.36875882707615487,0.2252849823275148,0.40839581192786123,0.9243463497326628,0.1313954468183484,0.0,-0.08688448819440486,0.18653018823624298,0.3623708316964602,0.6299827953029807,0.3003268907726353,1.0,0.10008751546865069,0.43447900939577183,0.5501525610066759,0.49461390210927025,0.12315290236927405,0.0,-1.09613837051872
1121,13452,0.09885654062312905,0.2686850624354908,0.052884165623869196,0.1834868060300212,0.3574963996934514,0.07885231731004216,0.23684085207508354,0.9079579812841876,0.3680382631179183,1.0,0.20235609284922307,0.05837048765583103,0.18479717724686365,0.5905222599789026,0.7248862972121444,1.0,0.40954349314774297,0.08853995364993263,0.24570134952796832,0.4930669137505295,0.7659724591923173,1.0,0.10435917449839127
1122,13464,0.042969037479021234,0.16438726605468798,0.23712768761148673,0.41105103120687286,0.08338865426920183,0.23404293657978878,0.3250836022043548,0.8849531428776738,0.3479380453726714,0.0,-4.446780991872473,0.34735655264378873,0.5105151872376519,0.5333726207947915,0.4513629192993875,0.0,-7.083880231512715,0.10753759501329474,0.28954118836692017,0.4386038788605477,0.3735101373344588,0.0,-1.5026763763511761
1123,13476,0.0827213245255138,0.23313493333337365,0.4072579299392614,0.5921521650073686,-0.24727330643299467,0.06220976159544822,0.194471167979138,0.8338929473625646,0.5312948236988776,1.0,0.2479597981260464,0.1422218340524468,0.2839126788034451,0.5369957199160393,0.2757843245591207,0.0,-0.7192886461650068,0.15364800250634641,0.26484415657163285,0.4545511207997362,0.35059779512511974,0.0,-0.8574170975581592
1124,13488,0.05665920397312043,0.20311735738449546,0.06822907966706802,0.2165296621610507,0.20831145276728366,0.15333151149495317,0.3228206578607719,0.8443504982974133,0.309468919890195,0.0,-1.7062065956255728,0.11727924493558343,0.2801491757589169,0.5786389272004825,0.4166157845635926,0.0,-1.0699063296268974,0.14403544588436654,0.30060831033403396,0.48474892617515064,0.5241150736297432,0.0,-1.5421367718596626
1125,13500,0.03136744606380429,0.14660746543054218,0.08656544766746681,0.2471630896657754,-0.005905910423032146,0.13626896992843973,0.3081159390876238,0.8384305304233031,0.25594464374347703,0.0,-3.344280042795197,0.1324126767547776,0.3079059546803952,0.6011266060767607,0.39986973779619983,0.0,-3.2213407009750803,0.1329496226990663,0.30775935523049397,0.5141610720446398,0.3692460777567564,0.0,-3.238458637296593
1126,13512,0.06470707396048789,0.20135405468955633,0.12704246960220053,0.25159144729223876,-0.035450440151088516,0.14986989518626945,0.31764828224505803,0.8084305637453604,0.10188613397869037,0.0,-1.316128454174648,0.39518170992097906,0.5278953096470406,0.5795928863027002,-0.09591050034503394,0.0,-5.10724122933281,0.23899244680622847,0.3930350457466882,0.49123841964730347,-0.03711186528749355,0.0,-2.6934516147672594
1127,13524,0.04110695951990604,0.1748567976645413,0.043879828727069824,0.17258340406800363,0.09474367042174309,0.060798380405336326,0.2094446655094108,0.866469293355124,0.3070322657682502,0.0,-0.4790288825884754,0.049788729882887156,0.18191929058516057,0.6158337817012529,0.24258052751783135,0.0,-0.21119952592886304,0.11020764875465444,0.28442803713592113,0.5271259576403862,0.24070462649632973,0.0,-1.6809973309090496
1128,13536,0.06465493136473476,0.21516086796083211,0.06623749553243806,0.22661652664654455,0.12079372704738482,0.05448461179283933,0.17486624674289017,0.7781790129345686,0.3056173566715264,1.0,0.1573015291675447,0.052747710544684155,0.17879665686561827,0.47927824387913764,0.360195112394405,1.0,0.1841657019613704,0.07082554108413107,0.2169201946768998,0.41828806829547743,0.24409012921847034,0.0,-0.0954391194785491
1129,13548,0.1277786558253322,0.29222405398882645,0.0868547700221232,0.23125932989842957,0.38736241035895064,0.07027919340479612,0.21296782961957605,0.8273143525803258,0.5627024886903803,1.0,0.4499927006520974,0.12647427194398952,0.3016065233355662,0.5444662574446185,0.1929105108917173,1.0,0.010208151532958065,0.050145242056200905,0.1844814673081192,0.46279919233242933,0.6292543916111686,1.0,0.6075616719215826
1130,13560,0.25329020777104744,0.42516859084399106,0.20148759574839703,0.3861352621877128,0.24467238232784191,0.1389042321143345,0.3138962159368468,0.8032801161957813,0.2546193186804357,1.0,0.4516004651869844,0.2846730863704612,0.46753950545730466,0.5609532804282054,0.008160188194894058,0.0,-0.12390087589876808,0.23919182380545365,0.3956968311164529,0.4638271580167933,0.15093124889988419,1.0,0.05566099096234123
1131,13572,0.40644113103902396,0.5500713478430307,0.43307096675170714,0.5544204279172431,-0.1007489600958058,0.3491949877730274,0.4704571716209438,0.834480747196344,0.24291548327908186,1.0,0.1408473180843013,0.2205325876971387,0.39382206764000643,0.5627420737310664,0.543717038724545,1.0,0.4574058311141631,0.25773384831872154,0.3961860960831937,0.47054354249501246,0.39754463762235337,1.0,0.3658765596389024
1132,13584,0.22749075078592618,0.3866421772399969,0.16570886742857727,0.3320831171189613,0.16267929599599237,0.22658106935174352,0.40442523967791005,0.8201599058261111,0.1553082879229638,1.0,0.0039987622839167125,0.2966764641753594,0.43661199739640894,0.5267032600976562,-0.35396499395803316,0.0,-0.30412539037483133,0.26569186311013515,0.413482116999075,0.49999532470063396,-0.21196215175002336,0.0,-0.1679238043403226
1133,13596,0.5545852639449523,0.669567395702197,0.39302240277253303,0.5611835255231029,0.39549611283447567,0.6164750710941433,0.6910779967816373,0.8241921661218958,-0.06113959219970346,0.0,-0.11159655903755517,0.6715979910489027,0.7206224668001028,0.6211777093310534,-0.333489672521623,0.0,-0.2109914105391104,0.5489198782477275,0.6609374370467479,0.5427721404947199,0.005874587122430763,1.0,0.010215535942886489
1134,13608,0.26112488921457544,0.4405925293249873,0.221972542425516,0.40543268388363884,0.19950257989930123,0.45931182412673427,0.6014955630791886,0.8010302939092367,-0.6224895785781973,0.0,-0.7589737443576345,0.4200172045309467,0.5816388114559286,0.5828279622051417,-0.36056050009793833,0.0,-0.6084916523824886,0.3966846957695858,0.5649867158783775,0.522203778291236,-0.43727909799812636,0.0,-0.519137823141846
1135,13620,0.2348072192325518,0.43661369123254373,0.24719826406315068,0.44206605299441987,0.12555895167767375,0.2919125449269861,0.4826247684406027,0.8590821936015415,-0.2609531322766396,0.0,-0.24320089425307456,0.1681063205530189,0.3375315431878378,0.6137902221563667,0.3455339472111068,1.0,0.2840666436813115,0.19352447310652024,0.37857860723501774,0.4921495041024205,0.17758903246585583,1.0,0.17581548923819645
1136,13632,0.17372639527240832,0.38325320497027376,0.2325979359922641,0.44035678319937355,-0.10881053254839619,0.5610553393438423,0.6946278918301383,0.8571840468906438,-0.7545203879240432,0.0,-2.229534225148057,0.3350961180794448,0.5313069450313318,0.5491860314773317,-0.51418070002531,0.0,-0.9288727976770816,0.286535259743589,0.4801356137366115,0.4570685728745497,-0.44412471006838705,0.0,-0.6493478684934026
1137,13644,0.062353719860419744,0.21713588713247198,0.04794161014585548,0.17978582649406785,0.06042673954202675,0.3131827657761473,0.5049242678008564,0.8887961136687362,-0.6013500821640523,0.0,-4.0226797451252985,0.2794783143880515,0.4625634023756035,0.5543938984548789,-0.4585174662967214,0.0,-3.4821434072204545,0.15151222035716413,0.32012117680779223,0.46155874002418,-0.3328265629742049,0.0,-1.4298826228223076
1138,13656,0.03125264400026886,0.14838963025686636,0.10212926508622955,0.23962516646516377,-0.015368661783833695,0.21676833770942183,0.4365833604965957,0.8733188594299005,-0.4521934173276062,0.0,-5.935999965556739,0.12699433316959138,0.3005846092164279,0.5299461438360803,-0.28519928846482057,0.0,-3.0634748589111016,0.11128780226474999,0.29204575704419605,0.46197222669091287,-0.29982089071515083,0.0,-2.560908391104209
1139,13668,0.03691428192317688,0.1596068088431346,0.12812148699435957,0.29362891402482644,-0.15167892377953973,0.04126375367643922,0.17030468636843302,0.9382236890052822,0.4126069070993851,0.0,-0.11782625928669321,0.04162886761105216,0.17293560008358946,0.6266300175603631,0.4306546993337152,0.0,-0.12771711766429328,0.04304788059752363,0.18710956118081704,0.5209920676459812,0.40115312594684954,0.0,-0.16615787588964936
1140,13680,0.027705510554829182,0.12446128395264938,0.12428156627153623,0.314437727367119,-0.016138936732636784,0.06682561602717911,0.19915121861481355,0.9206540491709658,0.5843250112932468,0.0,-1.4119972773983456,0.07636969045412839,0.21193688959410464,0.632376116473266,0.6273451848497047,0.0,-1.7564801703615185,0.07550120564597487,0.2113831508979321,0.5214078914082783,0.6273451848497047,0.0,-1.7251331642691823
1141,13692,0.045408691904777,0.15470857215075653,0.2229261676161199,0.36862295566941605,0.13953393708098916,0.03870373068409586,0.14004316708680145,0.9236686918679181,0.3204621855452885,1.0,0.1476581011129231,0.11061114617238199,0.26300998088295435,0.6270674497288848,0.12856666446679793,0.0,-1.4359025008766149,0.12137392083299985,0.2785747422585634,0.5300412530276942,0.0545690888431976,0.0,-1.6729226441387821
1142,13704,0.07109658794064014,0.19995405405844036,0.0442316139596155,0.1714853776504799,0.34238185257601117,0.056051443886541485,0.18578132067574563,0.9047719279405732,0.28811141506955645,1.0,0.21161555694712275,0.08538724440161997,0.23682435001485547,0.5919281249571869,0.42097762057811094,0.0,-0.2010034078275511,0.08014590381762594,0.22865987665991552,0.516109959309736,0.38535046102156223,0.0,-0.1272819995882397
1143,13716,0.1499306565939053,0.326168716808541,0.07236587575816367,0.21250966702167542,0.4307076211085853,0.08719676014127346,0.25641903916200515,0.8840764208954465,0.47887222218192627,1.0,0.4184194071966866,0.08361697582105894,0.2553830055456142,0.5695608193995347,0.44714914772849507,1.0,0.44229567374243073,0.057613595676599016,0.20339474344721117,0.5071031468041328,0.5947285243317105,1.0,0.6157317190129545
1144,13728,0.06169177237537249,0.17819676287812644,0.05443077777003017,0.1800936629486176,0.15207243566726317,0.05063501214337964,0.17021968654084174,0.7212673835371358,0.3670107819887802,1.0,0.1792258482171074,0.06681888881561003,0.20114993579259696,0.501545206149512,0.28066806573178754,0.0,-0.0831085936231637,0.06487472994267009,0.18193180039263476,0.4495670995627063,0.4051597608965034,0.0,-0.05159452297675027
1145,13740,0.07193209306129349,0.18254965832258518,0.07882953997190995,0.20119352392884124,0.0005201220519920558,0.04108875012540318,0.1500513909230483,0.6954254791054115,0.3706563015482535,1.0,0.4287841716159799,0.03737628770383227,0.15781427077924381,0.48464406226425216,0.44060732375599726,1.0,0.48039482638182296,0.04136106177648595,0.16392190954165786,0.41484106706813373,0.4082898551031849,1.0,0.4249984948826374
1146,13752,0.13159308539863349,0.2692843354256082,0.1296951797255859,0.27662011974683526,0.1985759431268889,0.0691831703711237,0.20502650416611534,0.6526602465690537,0.5271981286942788,1.0,0.47426439496005524,0.0730911357909775,0.20380692390005847,0.4795510319813678,0.4428326012471853,1.0,0.44456704872020203,0.09617558746655379,0.21356096928653664,0.42963724047180013,0.30049076774186867,1.0,0.2691440650151933
1147,13764,0.13510740608541902,0.29141478428483225,0.14242810722839158,0.3188780653993642,0.07251674915717439,0.06071877506776598,0.19807568496657965,0.638077004624164,0.6161946159296701,1.0,0.5505888475915397,0.10168059477907104,0.2388307452370709,0.4602778533425451,0.2813163689500756,1.0,0.24740917078383196,0.10287261470257962,0.23938824689322158,0.4178469688755525,0.2813163689500756,1.0,0.238586412964361
1148,13776,0.30063936100544064,0.41507534844059735,0.360724133759977,0.47485966351058684,0.02206893360297778,0.1512475171498422,0.32460809006447905,0.7997556788663689,0.5332391884740456,1.0,0.4969137885205088,0.2919959169118104,0.4268888072733547,0.5714812892620443,0.15390762937469157,1.0,0.028750207772939573,0.2515746633462778,0.3922029616484884,0.5090084676199482,0.3821197535462447,1.0,0.16320117730118144
1149,13788,0.1532994883748457,0.3101845678695821,0.1566317986388472,0.324387578066737,0.008295170474888886,0.07686878711755406,0.23500414325861693,0.8260908451432787,0.623222144257565,1.0,0.4985711437627528,0.11659225392693595,0.2766981364390339,0.5563489916311669,0.4129178534106964,1.0,0.23944786011388208,0.07790614136103446,0.2300929893797324,0.49954133401448075,0.43107578221578535,1.0,0.49180429636829903
1150,13800,0.24759272238340788,0.35068602106486857,0.3221505231003999,0.4107640417850478,-0.2399039669763688,0.08118449584098121,0.23543463551544316,0.844079372386318,0.6493780146595005,1.0,0.6721046763431779,0.168022585256053,0.36474076836157243,0.619559843798888,0.45401286461861756,1.0,0.32137510489560006,0.14320821235131864,0.32509597560944287,0.5479999823065899,0.552165140289786,1.0,0.4215976504771629
1151,13812,0.2565491173018205,0.3791367546111111,0.18387505121384584,0.3415998154682904,0.4521998835121563,0.21829561967309888,0.40820059594938457,0.8247373063755186,0.3243199457131407,1.0,0.14910789025914994,0.23345211389992104,0.43156608384006384,0.6108868425557581,0.350417619438802,1.0,0.09002955708760707,0.24227689544240838,0.4359861219940137,0.5511812106530333,0.33477048305205553,1.0,0.055631537576570134
1152,13824,0.3210760671889082,0.4629059611600545,0.4027376921805197,0.5173353196806942,-0.12966304820276378,0.4818851242090569,0.6293007911590948,0.8175258029327047,0.009939727065192272,0.0,-0.5008441097091647,0.27649482097869527,0.47205446624207337,0.591526490195931,0.3077035282206976,1.0,0.13884948386384433,0.18941896956754847,0.36812105835185904,0.5367030041638763,0.5351258687624292,1.0,0.4100495523507768
1153,13836,0.19942961890034647,0.3850690538112275,0.1516781279018244,0.32410985813986526,0.4601513545268102,0.06845034009376058,0.21810584102203867,0.8264783775254507,0.700049023005499,1.0,0.6567694384054119,0.077603136995059,0.23248260829631295,0.5945766062268396,0.6050700767772705,1.0,0.6108745660601361,0.0772408855744317,0.23135332733701922,0.5373107801225042,0.6050700767772705,1.0,0.6126910034711122
1154,13848,0.16915442224357838,0.3346829892533029,0.09925307455734424,0.2536648387389826,0.1084580794826058,0.12471842308478352,0.28421878592332644,0.8841592817729762,0.4431905028681166,1.0,0.2626948711681215,0.04852044818270294,0.18614788315471872,0.6279572197471779,0.5778182731811152,1.0,0.7131588548549169,0.030939374927532806,0.13993375111075293,0.5514988584974932,0.8385374617943263,1.0,0.8170939043912145
1155,13860,0.3697487456857524,0.5152575927318256,0.43964758552421185,0.5446122349099453,-0.13444609950906092,0.10042444490367101,0.25673870293636414,0.8853752474257762,0.6431903622404034,1.0,0.7283981458343574,0.06311280544983006,0.19558620600244736,0.6246891117715199,0.7810996193450032,1.0,0.8293089396888196,0.06713074547826105,0.21839985350314184,0.5522938557163776,0.7953222829836011,1.0,0.8184422631272017
1156,13872,0.17259873180080262,0.3572059216257957,0.12090889682484114,0.28351609650356874,0.339446530922978,0.07530515206690568,0.20875962994638467,0.9250249446129836,0.5293203873782895,1.0,0.5636981148052937,0.021807497023509665,0.12575490299424075,0.6728473463337414,0.5858448631105052,1.0,0.8736520436970658,0.03481648657342934,0.15390446327900456,0.5571479551590063,0.6082842312920032,1.0,0.7982807509060306
1157,13884,0.25604403532476055,0.4431484182590783,0.4273228979154422,0.5545463878643812,-0.025226810461782545,0.05074613284893934,0.1770991159759117,0.9335448477705481,0.7493534326734383,1.0,0.8018070103270554,0.02744514253551794,0.13465077920038776,0.6852841174326803,0.74936714536579,1.0,0.8928108498965535,0.09997153387176864,0.2592372085188895,0.5774114359611204,0.6956357037145245,1.0,0.6095533577067438
1158,13896,0.24904332238726679,0.392980421868849,0.4280702471619633,0.5312982641465512,-0.17174892355032614,0.16579652243274287,0.3570232701316834,0.927776995392066,0.36701591193027683,1.0,0.3342663403159779,0.15578951486392534,0.3161242096260523,0.6908309095285626,0.29945839201206803,1.0,0.3744481346836922,0.13339033839868777,0.2822483870503685,0.5534843120881693,0.31118319835982444,1.0,0.46438901826380463
1159,13908,0.17320176943664345,0.36866994017667665,0.26023913042854524,0.4152124613236161,0.06438900762954605,0.016880298332272625,0.10720898060728846,0.9221185563981479,0.7230134538324813,1.0,0.9025396889005376,0.012018114742564376,0.08382571000165162,0.6947808286097401,0.6294956031916646,1.0,0.9306120556293707,0.3561668049471882,0.4865898629264184,0.5561649963657377,0.602876742356459,0.0,-1.056369320623325
1160,13920,0.20223354490679912,0.3651110037776359,0.23422238119547012,0.41747730845223785,0.18620282653415682,0.013675495195766704,0.09331595496330752,0.9446163608631947,0.6964693831034554,1.0,0.9323777111157837,0.02891997986121632,0.14782060860591065,0.7166150043164178,0.9147342937003344,1.0,0.8569971174933203,0.13260852683895005,0.26020146165014857,0.5905482818366096,0.3823080945392654,1.0,0.3442802631973657
1161,13932,0.15001894736376883,0.33172650339737636,0.22410512049176737,0.37375075599538393,-0.010706894229786634,0.03594725408235481,0.14811818418838676,0.9576238985031523,0.7158910719780812,1.0,0.7603819069921267,0.02589877301356659,0.13328741337537434,0.7046764162220897,0.7987606890154721,1.0,0.8273633199760645,0.13223873008653295,0.27969262003111833,0.5922862835315648,0.4431661338769273,1.0,0.11851981092842945
1162,13944,0.26702839723330885,0.4111338363690816,0.31364856672738445,0.47345649627346914,0.0001485807383936999,0.06132583832046886,0.1724421606870259,0.9625851744602416,0.614381633749546,1.0,0.7703396381962812,0.02066473303392523,0.10799981443863148,0.6996426318785797,0.8719244009065458,1.0,0.9226122268341745,0.1322553573944216,0.29148072773809636,0.5656305040480472,0.5083637024093853,1.0,0.504714259738948
1163,13956,0.1472006518788429,0.33014620752298135,0.2620741584190911,0.3999659262874808,-0.11692143203648975,0.08100065390648227,0.20677873667783972,0.9599209671360762,0.5635557177912365,1.0,0.4497262554709891,0.05617448628724279,0.16311941353750717,0.7155500260175554,0.5611038390255064,1.0,0.6183815385989012,0.05602471514494567,0.16118160318591102,0.5650183044784609,0.578041438715142,1.0,0.6193990010923445
1164,13968,0.30387723825764623,0.46624954905898114,0.7786239242594989,0.7543762146008448,-0.5174795869942954,0.09755154523846804,0.24212133522653623,0.967468462346849,0.5998462509099256,1.0,0.6789771231376083,0.2744450019472159,0.41346348899543295,0.7374855348034165,0.2532445017989067,1.0,0.09685567921831595,0.24574793547997764,0.40339923832833485,0.5614979633024593,0.32952434136931374,1.0,0.19129205961909823
1165,13980,0.14477383448046208,0.32342984876246345,0.10717255784460322,0.2753300260399762,0.3351989021575065,0.18479493578026482,0.39050841385561963,0.9751052455098733,0.443450345649506,0.0,-0.27643877392225713,0.25933294178004557,0.4251616137521203,0.7475867132954438,0.3166704034127315,0.0,-0.7912970441840703,0.5631945937817648,0.6478602386407646,0.5761523022424961,0.12125032199248302,0.0,-2.890168384382819
1166,13992,0.2391642807244263,0.40562548538111076,0.21947007377996788,0.4072746106890623,0.03584426095836307,0.2919704698058412,0.49100327103575037,0.9810491255536835,0.3970095261166069,0.0,-0.22079463087659001,0.11973352397423669,0.28162871674367573,0.6790582328036517,0.5404015967689696,1.0,0.4993670308477295,0.13684927213509693,0.29710742078692726,0.5535707888578164,0.41349962121941497,1.0,0.4278022131039727
1167,14004,0.12697250586915634,0.3016941262553929,0.3091655330196313,0.45130373115146755,0.0034183604211684205,0.09076417406335013,0.2329574460885037,0.9731594626890357,0.5905518090404105,1.0,0.28516671036734886,0.10049098489018232,0.25172387536290497,0.6898270305127562,0.4632394838102784,1.0,0.20856106444227318,0.07534461189097963,0.23063837919992572,0.5705674063933246,0.5217974522277938,1.0,0.4066068762270365
1168,14016,0.17099598462081297,0.3455494941784884,0.13310976235462216,0.30091636283997675,0.14144788360988209,0.04451037455637319,0.17311236567403832,0.9785440875133051,0.6851214753474048,1.0,0.739699299635159,0.12743642181629736,0.29891525450445516,0.6760185392403428,0.3102947876913049,1.0,0.25474026715369846,0.06759182691171478,0.2112605973995191,0.5784607908011387,0.5348677177764284,1.0,0.6047168764716844
1169,14028,0.14376365704372987,0.3208555077003951,0.1532108112867593,0.33884500975269427,0.0710742212587315,0.05982915895604988,0.2057715880459662,0.9733631462054155,0.505404343772798,1.0,0.5838366929004101,0.05583804189864589,0.2040021385014523,0.7051262596325673,0.5577800844018431,1.0,0.6115983479631355,0.06934180710107696,0.21722375251009662,0.531216520926308,0.6188182605240702,1.0,0.517668035670624
1170,14040,0.22245184807350601,0.38606129375976667,0.16799888585655687,0.3379149148926654,0.31389548262863215,0.0713318649627836,0.2113639069802216,0.9722858426558284,0.561989578881317,1.0,0.679337952997302,0.08949178436156087,0.2565908553944007,0.6461427411968482,0.5102335624958492,1.0,0.5977026707730942,0.17233716671938684,0.3632340624567707,0.5050672778256756,0.42549430080625034,1.0,0.2252832772041502
1171,14052,0.2072093935835099,0.37459952782632516,0.1685703260546576,0.3098579874532257,0.40772410589594943,0.12497661096911268,0.2714919966995439,0.952103070725095,0.4600528571309016,1.0,0.39685837206630126,0.10223815794115214,0.2507401567990896,0.6197553578360446,0.5933490780808315,1.0,0.5065949657347559,0.12197891507226229,0.2808694253438722,0.48291313412334913,0.5167915857858026,1.0,0.41132536048322477
1172,14064,0.44914169233447526,0.5298934572345037,0.5440080416532508,0.6113991949785048,0.06939629489740763,0.399317469008504,0.5198488179380103,0.9391143294661065,0.2351641611546113,1.0,0.11093208262854215,0.2162582692513919,0.35359102122919267,0.6192226742077928,0.5475089511638833,1.0,0.5185076938029065,0.231982499618554,0.37135442831345483,0.4871503722534053,0.4746766155347372,1.0,0.48349818425273927
1173,14076,0.3248570602160189,0.46707137586274117,0.5458083247420249,0.6170017389277196,-0.34295188720286857,0.22728672843960443,0.3781350044869595,0.9208868395037018,0.36011899784727,1.0,0.3003485031586923,0.15320806835301887,0.3252626054932259,0.6148577333553009,0.59229773219721,1.0,0.5283831348743331,0.16513697340646039,0.3507293353633008,0.49071347287371153,0.5815089017779662,1.0,0.4916626614282297
1174,14088,0.35166557841476226,0.47831957945793474,0.8277749264980265,0.7686546199117309,-0.36402362430110224,0.18770198189345935,0.34058210557681895,0.9008590477858455,0.45055878105525,1.0,0.4662486367315728,0.23357885571259077,0.38299029760227166,0.6375131648188251,0.2586971660267131,1.0,0.3357926676659192,0.3971788010357769,0.5074870312199457,0.5107916458730697,0.06219167597140547,0.0,-0.12942188662927756
1175,14100,0.2539318459757168,0.3862582069531613,0.4889253642255549,0.5833012107031221,-0.13551911224932195,0.1721481139263218,0.31148529435721706,0.9020461401155029,0.5014422606432689,1.0,0.32206961570789305,0.38766014235870644,0.4845287682375316,0.6148842467747657,0.06219914957462656,0.0,-0.5266306629211759,0.17512678507521115,0.3137798791997255,0.5020790486096371,0.4019187232661087,1.0,0.3103394164591773
1176,14112,0.4091278155472769,0.5119131641359446,0.6695161729614608,0.6901599768212939,-0.3558471069716769,0.16528129855958099,0.3073266045053696,0.9201452106355132,0.6744230951189921,1.0,0.5960154937437103,0.26192473032472674,0.41275491239644796,0.6403216894483575,0.41488669524917887,1.0,0.3597973044820758,0.2890800919592299,0.42891889813058315,0.5180171254123638,0.4478314593605006,1.0,0.29342351956066126
1177,14124,0.15465062107783,0.32856949864726875,0.176186209096081,0.36087947044373186,0.030805222569573187,0.15981292519666743,0.35076866065942375,0.9413627253194405,0.3006049746638867,0.0,-0.03338042927250462,0.18666531454994573,0.37013859439828556,0.6481288869787871,0.34693626693426644,0.0,-0.20701302878055627,0.15208340765612527,0.34140234368246225,0.5392444485638804,0.2950043880193395,1.0,0.01660008478344721
1178,14136,0.15065236184148087,0.27423292914896724,0.10292305461076702,0.26227774359106265,0.29643855665090746,0.12245593330581435,0.26605418605734116,0.940219791004911,0.3718360982162734,1.0,0.1871622070242437,0.20867390079252238,0.35417905802223765,0.6354362301657231,0.4007786985554718,0.0,-0.3851352759546698,0.22936905854687964,0.37855111573155265,0.5264642593920864,0.4148953219287268,0.0,-0.5225055601068234
1179,14148,0.31849103922306243,0.519413983344116,0.24897892829877422,0.4042060763940422,0.23011099895977943,0.3109982297270261,0.4452213598656378,0.956213071525234,0.19744035462089773,1.0,0.023525966426919065,0.32590806677922374,0.48034040611808376,0.6435918536801282,0.3384455472274088,0.0,-0.023288025855467298,0.44185472907585616,0.5637896206584849,0.5385309387170047,0.1850929715773562,0.0,-0.387338024183447
1180,14160,0.4363048715949676,0.6261228782605825,0.4303296137919717,0.5456778894603801,0.17889343012344167,0.40827917397798,0.5720284668754566,0.9560415141344316,0.12880901592793875,1.0,0.0642342074122072,0.31656257467841437,0.4389474514155081,0.6432887858039857,0.38764223246076523,1.0,0.27444638992642956,0.39017309636705244,0.5482485626092769,0.5062373316115356,0.27329128574593226,1.0,0.10573289053426027
1181,14172,0.05457406751483501,0.1815812282439926,0.16056064476496573,0.33186709794140185,-0.04583469591333965,0.1012773383620228,0.262980327622287,0.939772041754764,0.6227716139779199,0.0,-0.8557777159360958,0.1270667937941632,0.3048640052979906,0.6422352414828868,0.5436577239644779,0.0,-1.328336508170704,0.10303082020008066,0.23767693900457507,0.5019548394462683,0.42191993380542536,0.0,-0.8879080283336682
1182,14184,0.0497719522255362,0.15844282460855127,0.5465937224544608,0.6408820539476079,-0.07329047923900862,0.16509946786911828,0.33496051408324506,0.9229520882499461,0.22459102383381122,0.0,-2.317118587613119,0.2683696487242892,0.44022181701144736,0.6011173780475565,0.3482812608791618,0.0,-4.3919855807182575,0.2013983318908723,0.34020095444102916,0.5074859463884682,0.4691575301515433,0.0,-3.0464221893137244
1183,14196,0.04891430245574976,0.15350501521678922,0.47795037103919613,0.620575922234848,0.17248141378992915,0.13376460158298986,0.2878552796652416,0.8968539775730007,0.05824821613106729,0.0,-1.7346725776985124,0.11905810514998467,0.28867750541387466,0.5701658780947134,0.4375434278665882,0.0,-1.43401416707701,0.09851191877263517,0.2626852469955135,0.48993836405037444,0.40722172809513973,0.0,-1.0139696127069135
1184,14208,0.07580719563388269,0.235095070758791,0.08003458928136387,0.22160778701296333,0.08242957988648747,0.20516289604647678,0.32880051294991625,0.8862252626011063,-0.061462067440488544,0.0,-1.7063775982075429,0.12275315832647836,0.2731425823527855,0.5569684073474518,0.22713218633604004,0.0,-0.6192810893483673,0.097383039411217,0.25782919589026426,0.5117383881574354,0.2126421196222374,0.0,-0.28461472023759704
1185,14220,0.1261904746921264,0.327975591823567,0.19091394948436138,0.3684028987759403,-0.1246450826615598,0.1577228829563403,0.3270651533157229,0.9020086767985495,0.09208767658227068,0.0,-0.2498794646834095,0.290362578879474,0.4692293717764687,0.6064321045570932,-0.055482585937780805,0.0,-1.3009865014604864,0.033705870418608286,0.14350983982760449,0.5007449286368895,0.35148826452138476,1.0,0.7328968727565033
1186,14232,0.04452214943431041,0.1825519380029308,0.058387687229392415,0.1894246951097374,0.07503819991535501,0.17343214304532129,0.3535748918739065,0.8567397005279667,-0.13593870167296646,0.0,-2.8954126260505313,0.29345527297828305,0.4530241203143352,0.5711150366760938,-0.2182631399460325,0.0,-5.591219801983226,0.053162869807094726,0.18434106217738302,0.4860252523310433,0.10191485462413952,0.0,-0.19407689167238318
1187,14244,0.08169430072027915,0.2673147097437281,0.15730200363948355,0.3327433097065718,-0.22050849888273882,0.048252053561682016,0.16540188232446218,0.9024871431562629,0.44987836964413874,1.0,0.4093583868610763,0.0651347275886046,0.196215385810348,0.5993142701736405,0.2507077572750969,1.0,0.20270169382285852,0.0357527094520912,0.14526844845083212,0.49351026324806213,0.4548023358327871,1.0,0.5623598080053555
1188,14256,0.05647304130509347,0.1459996136456702,0.08434984999144161,0.20317029653316432,-0.21012128208880165,0.05330527561688523,0.19401758473928635,0.7475659756471138,0.5265600063636141,1.0,0.0560934140432513,0.039391379130221546,0.1647149435541773,0.5043023095159992,0.5231841534253224,1.0,0.3024746282494136,0.03968912475697392,0.16544271133067834,0.45001971546892827,0.5231841534253224,1.0,0.2972022784720426
1189,14268,0.08447766961678904,0.19677904324558596,0.10915638239134144,0.2404085285598212,0.03540922794402677,0.031189910282196934,0.13758498403763952,0.8206030631418999,0.6495664752777381,1.0,0.6307910667554888,0.0537875611427344,0.1971375890383774,0.5417029144811488,0.4397297806974282,1.0,0.36329255545604333,0.0541595776367608,0.19783424184275863,0.486606631150811,0.4397297806974282,1.0,0.3588888296464424
1190,14280,0.14195169403400865,0.25189387226296756,0.12705379470378678,0.28075510220117034,0.19262868202394529,0.07023813926227299,0.2127646577914434,0.8195559984687287,0.5721927842296848,1.0,0.5051968929272137,0.0587499620145204,0.19340203420309673,0.5775999126838348,0.5600714486764627,1.0,0.586127080664179,0.051023698184781745,0.16852532633868447,0.5162356037852036,0.5608586316287731,1.0,0.6405559050774164
1191,14292,0.22357197598146206,0.3311348509890551,0.4201177112834129,0.47032955771289053,-0.39853166908325194,0.10170934379327583,0.2194347489188707,0.8057460687295268,0.5688324325413705,1.0,0.545071141645636,0.06854177506455428,0.20506691398985577,0.554329988125856,0.667540791455593,1.0,0.6934241209630068,0.06777417777056631,0.20152990820519348,0.5018126753414982,0.699684690456962,1.0,0.6968574550855786
1192,14304,0.4392140017163768,0.5366093904516087,0.2836401494582092,0.4498326618905693,0.45418639038097036,0.18790574279251437,0.3476555151935296,0.857769961399071,0.6467434035046685,1.0,0.5721772483158338,0.14227557342378463,0.3230368844880147,0.6024840876742985,0.844692673841451,1.0,0.6760677645343844,0.17003407725671124,0.35848369227070953,0.5212265862057847,0.6108664716974037,1.0,0.6128673571601867
1193,14316,0.2820827823306701,0.42079631642835486,0.46387714718239303,0.5681859841014214,-0.2880157550794607,0.13007417969361465,0.2813505793731408,0.8705681384090649,0.4719987636637601,1.0,0.5388794076019292,0.10622343506452149,0.27675383818338367,0.5986806221276172,0.6233964881877301,1.0,0.6234316955226228,0.10558060139178804,0.2758082054249804,0.5184579847193378,0.6233964881877301,1.0,0.6257105785775265
1194,14328,0.2737914131442498,0.44256936756073006,0.26822681632219464,0.4401979575137444,0.05564826856480929,0.19262259088342337,0.3626183071415445,0.679657830314764,0.3320477130285981,1.0,0.2964622642057142,0.1470240491154909,0.32868455829435145,0.4977637668514575,0.6792499395205398,1.0,0.46300708474728614,0.14499139198185418,0.32401209261259495,0.43165691568598774,0.7735765074495792,1.0,0.4704311931599404
1195,14340,0.13357580129114047,0.29950508420463023,0.09910068765476872,0.25341731025177566,0.28542634042809983,0.09299323071818921,0.2578753667425251,0.6117937367119044,0.30258494556888393,1.0,0.30381678553062086,0.07153780437921255,0.23062541777223347,0.4599090468087953,0.5532486302058406,1.0,0.46444038749736216,0.10448833120051491,0.28109054816164986,0.41888738250757973,0.33349760572005394,1.0,0.2177600269619704
1196,14352,0.37244621252485927,0.5176480695062202,0.3341295656083591,0.46302887020510686,0.1741891672756816,0.2544996019969907,0.42880913583781516,0.8446126638701937,0.3201756351377661,1.0,0.3166809234769601,0.17583703206083778,0.3617308530757361,0.5893757378169472,0.4241262496576675,1.0,0.5278861050329479,0.30601362757952855,0.4925578423478667,0.4880627845834885,0.17375074807607632,1.0,0.17836826556773377
1197,14364,0.11441254077147812,0.2706731180813498,0.19318381134962026,0.37865905622796725,-0.19618155499210327,0.048486116281955725,0.18503322269533404,0.8183241695793072,0.5580414475547935,1.0,0.5762167682404723,0.047478262234679575,0.18359961131615812,0.6041887616738,0.5580414475547935,1.0,0.5850257155855818,0.06052883324964272,0.2089024902043527,0.4894368289276497,0.4946278725630605,1.0,0.4709598017708567
1198,14376,0.16918594512330154,0.29971685175725954,0.11971535662620532,0.24987235243465689,0.4726290951607484,0.1150364169850105,0.2619071322553476,0.9328951614960866,0.4277298940446707,1.0,0.320059258461613,0.05057463059221193,0.17699951232116448,0.6505068941893248,0.48382036604372536,1.0,0.7010707328238555,0.04425435438271063,0.1706986765802118,0.5224053188542528,0.6943139555646047,1.0,0.7384277142497956
1199,14388,0.15058338259893464,0.2991229449335578,0.17399119856479003,0.35529763185643276,-0.008801287222064757,0.3190124048820441,0.44619783459978807,0.9311097821644599,0.16458950443176554,0.0,-1.1185100200046976,0.25973975516925946,0.4142426617597794,0.6442581265382558,0.2929647613849545,0.0,-0.7248898961252122,0.24354049420532486,0.4292901070718576,0.5183347676960406,0.4133667607441889,0.0,-0.6173132121355858
1200,14400,0.1415191007900333,0.3018838680239772,0.24901142921599403,0.4032087212991174,-0.10676088234968906,0.1911865263429108,0.3008220126477738,0.9338392447389946,0.15181002550657532,0.0,-0.3509591657635478,0.07594376015924663,0.21596457115068377,0.634071966241355,0.4887225979262288,1.0,0.4633674201200473,0.06430279856632563,0.18287880143910362,0.5338220014294727,0.43979455101693965,1.0,0.5456245962039474
1201,14412,0.1422928324748069,0.29280041170231125,0.2098120464267846,0.3899749172946385,-0.20029062829442132,0.2382079850936636,0.4058404552223367,0.9231992498162235,0.23916020608119953,0.0,-0.6740687563151755,0.18248306405785378,0.3336598903890409,0.6230283081805708,0.31530480685856616,0.0,-0.2824473368337974,0.11709336310885397,0.27721013939738154,0.5113718457317746,0.556134173558052,1.0,0.17709584472861284
1202,14424,0.2044911611901177,0.31828252408965696,0.12119813500893538,0.2859748711545819,0.3474718702692547,0.21185187662425928,0.36223210451319354,0.9427124800249411,0.1478223566236495,0.0,-0.035995274276418465,0.15383707932199822,0.30788234731550945,0.624757881580386,0.39767814201932483,1.0,0.24770792817311948,0.12165257166200368,0.29060046590043215,0.5230428661882252,0.5397685753984205,1.0,0.4050961862899203
1203,14436,0.1774571308109183,0.3526610620739132,0.1751079151422504,0.3585454801800931,-0.029012555602236346,0.21378575006246003,0.3723914904691625,0.9124126442620369,0.2012401470312705,0.0,-0.20471772019265955,0.09840452017836927,0.25703098838179606,0.6131216612480179,0.44441259326047594,1.0,0.4454744099113159,0.13867840494525693,0.3131770973573355,0.5166857959369369,0.46946915916435134,1.0,0.2185244722962434
1204,14448,0.11455726863813687,0.24478589093746636,0.10215278523451417,0.2535547671789607,0.11588836743967952,0.14311709558145613,0.3036354675993324,0.9233996481310331,0.39920037280343995,0.0,-0.24930610936206898,0.08140691819738839,0.22612102354503916,0.6154625304582597,0.5318141939918692,1.0,0.28937797518081276,0.1052677803726982,0.24364248402166533,0.5314243475131373,0.5139891758430728,1.0,0.08109034351004196
1205,14460,0.5404447615791589,0.6952617281974085,0.2697604460517276,0.4787532548901556,0.42760152751238845,0.22718619927670777,0.4248352960886446,0.917391774524052,0.6114205620817711,1.0,0.5796310457096885,0.36917872380163175,0.5623728246838399,0.6089119778088421,0.433843437130273,1.0,0.3168983214437945,0.3012167777238069,0.4931916815924869,0.5116301301023978,0.5738225225040032,1.0,0.4426502037994354
1206,14472,0.1169746785226627,0.23628512595880183,0.3027515467419059,0.4279047574568136,-0.3116767197368904,0.2028775383318653,0.3682083478835998,0.9318745496297055,0.3747731142324978,0.0,-0.7343714117800269,0.08426866158611646,0.2372874087238673,0.6638867429632911,0.4965473750334618,1.0,0.27959911794251935,0.12962085978553708,0.28257750983502367,0.5444565392691078,0.4753784155467672,0.0,-0.10811041690894063
1207,14484,0.1634154624871911,0.2955626768087331,0.371760566802848,0.4809071822630568,-0.4747414281191558,0.17794510125275168,0.3477203901332524,0.9235126018036788,0.2987632777994681,0.0,-0.08891226414207543,0.29445243197118015,0.4465542041083652,0.6484119989674788,0.12003041152211183,0.0,-0.8018639576059703,0.244460084678339,0.39691468557206094,0.5264574749881746,0.18191053818773228,0.0,-0.49594218905386844
1208,14496,0.3448095859523704,0.40482073926824463,0.6470989741541929,0.5586402751222784,-0.23400168127178994,0.18140322610242723,0.33226453043140064,0.89595951311553,0.3693991430806285,1.0,0.473903181660718,0.3127524025144984,0.4377228830364881,0.6373026685464391,0.2584927089630214,1.0,0.09297068510821549,0.24376758473330873,0.3999182653958382,0.5175960772525786,0.39725215665297425,1.0,0.29303710028821206
1209,14508,0.32791608188486554,0.48721599154893314,0.2252247243006871,0.3868511837262479,0.2810023534460121,0.21509690726722464,0.3758812462566807,0.9031584162797559,0.41998127858686873,1.0,0.34404892242294105,0.20339811491966453,0.38945025736030686,0.6201749671978549,0.4102424912424293,1.0,0.3797250999385887,0.25301120195303833,0.4255495152834194,0.5176448225967236,0.3921872008577945,1.0,0.2284269789431279
1210,14520,0.44320678539764496,0.48820239046108593,0.7024101312171407,0.6553356902084362,-0.13445147250815045,0.35137405060300003,0.47598170302931747,0.896612176439944,0.3292807668672483,1.0,0.20720065175052005,0.18170062840167814,0.32355985466174325,0.6091943357735564,0.7096690351294458,1.0,0.5900319345547556,0.30681536080974625,0.4063344841747827,0.5070743227640265,0.4583751718562441,1.0,0.3077376725302804
1211,14532,0.535031739184836,0.534242722507085,0.5263739141310668,0.544500881075284,0.04064932394681272,0.2840859642011219,0.39757950036672635,0.8886525789296877,0.4366235576601613,1.0,0.4690296978755881,0.3458943129351009,0.4512659562378722,0.5916816722012478,0.49927695685341905,1.0,0.353506927529012,0.3941834062041849,0.484031298902354,0.4844803096592593,0.3604553613264409,1.0,0.26325229451853627
1212,14544,0.36847246238297,0.4522426720723986,0.35948430057916586,0.4245469807780157,0.191491705677677,0.19344888108055777,0.34921261228527883,0.8388337998037795,0.4812322273766295,1.0,0.4749977248516942,0.22119233671517788,0.3935880567818754,0.5999834165908307,0.5020726741455181,1.0,0.39970456602186255,0.21229606901029188,0.3693446528263382,0.4962488951792297,0.5294288294091632,1.0,0.42384820934150835
1213,14556,0.3475073828079331,0.49828212859230275,0.35228854330668763,0.5069784233052774,0.04133599751589416,0.17694893079680574,0.3804357662026359,0.8450113075994767,0.4688556493353467,1.0,0.49080526184214857,0.2076814158754073,0.3940557499359983,0.5900490987510107,0.5129348274026916,1.0,0.40236833474645173,0.23256475251602549,0.41926307742394026,0.48669649898913925,0.42556415461360525,1.0,0.33076313188844175
1214,14568,0.5652397278551492,0.6719372173843264,0.4916576380432795,0.6099436906567706,0.13618267848154908,0.5824214064945494,0.6681757309605506,0.8507710347832667,0.1483713495005107,0.0,-0.03039715326556669,0.5142356570753348,0.6244988771114797,0.6027558940663161,0.18505607143776404,1.0,0.09023440545015071,0.5639511013557436,0.6686753661760352,0.49173205994577385,0.11796956314156741,1.0,0.002279787558980395
1215,14580,1.4867415666849315,1.1627166018544504,1.1823740637470832,1.0187144383654918,0.3617339000523755,1.1465111032564754,0.9993285333696061,0.8538412380717533,0.43908114144167437,1.0,0.22884304243076115,1.0007429534590615,0.9423244189011925,0.5815357969286344,0.3207302599963703,1.0,0.3268884277645694,1.120924064922115,1.002745636682673,0.4831754003395451,0.35371474437940087,1.0,0.24605318769589501
1216,14592,0.11127164741614669,0.2926259710599501,0.2844165178347258,0.42637346734143833,-0.06965271430839423,0.1076253869098595,0.2694369582414742,0.9047630376306991,0.3628604689649221,1.0,0.03276899903036823,0.09626171577878241,0.27307910289958914,0.6203879465416489,0.5311420029678876,1.0,0.13489448557572248,0.2791661672024661,0.39806526688424376,0.5150871769949809,0.3304537159448143,0.0,-1.5088706214477794
1217,14604,0.10243823697351762,0.236103508746521,0.23726617679919726,0.42328491886420067,0.05627954664282351,0.39295532953238627,0.6013323521977118,0.8612119443670357,0.2210621663710258,0.0,-2.836021988878755,0.23474384867811238,0.4244091703227018,0.602135238652104,0.35100860063886374,0.0,-1.2915647087795787,0.16841807374177406,0.364127485160134,0.5088782598096484,0.3760583465758457,0.0,-0.6440938336854976
1218,14616,0.10738172531684903,0.2815576078993011,0.5653203105633205,0.6110826786941369,-0.14646206004556056,0.08083887971430159,0.23725555288711764,0.8434720370986689,0.5012773075787029,1.0,0.24718214877091993,0.19055409323082118,0.3652481382965103,0.5784556997575958,0.2848456225116398,0.0,-0.7745486270457769,0.07112419973789635,0.20152348632896566,0.5083457746335991,0.46314338678327294,1.0,0.3376508011206595
1219,14628,0.17666216747902497,0.3669030444000354,0.9604034000068852,0.9049132038098229,-0.30865643553432864,0.03417567415321487,0.1398077886425222,0.8324855265934286,0.6880276406166204,1.0,0.8065478611470532,0.311628915327623,0.49045548173361747,0.5627654373890429,0.24933518104723468,0.0,-0.7639821800817799,0.25321016985185474,0.4348601872509866,0.5027998921277363,0.3097374679946212,0.0,-0.4333016144043307
1220,14640,0.29675912303015695,0.35958648205958194,0.2738927934105641,0.4106841558363121,-0.14152710645752614,0.07114710580455526,0.19020679993302303,0.8340826697878274,0.4801370406654222,1.0,0.7602530123485868,0.17541611578685054,0.3052713660617707,0.5535158016157131,0.38991483820496403,1.0,0.40889394066235807,0.0939218530692636,0.2585202767005697,0.4973911910370575,0.5416978627609162,1.0,0.6835081189408989
1221,14652,0.44090822013020564,0.5067824622393063,0.5602764538009731,0.6355696344496082,0.14153591631469326,0.1056892598628419,0.25379355558402955,0.8712147226871938,0.5134889890159827,1.0,0.760291926896644,0.2078888898854198,0.32531875477752253,0.5639491377667388,0.3187846862325389,1.0,0.5284984938043849,0.2460553279820883,0.46369864358775503,0.5207176955603873,0.4044076916393996,1.0,0.4419352673682856
1222,14664,0.550039533847751,0.5409505772594901,0.8438543085827962,0.6920309614161478,-0.12485175634667303,0.030556775122796784,0.13768919500718826,0.8595648696319957,0.84069045171137,1.0,0.9444462202397713,0.058744311623798805,0.19840888737117768,0.5613190066302003,0.6246474797733601,1.0,0.8931998374501222,0.04592509379808917,0.17746262754047196,0.50170709656981,0.862258325113341,1.0,0.9165058309957752
1223,14676,0.39647930530919,0.48246792521203274,0.43242568659310915,0.47277040883758037,0.0747174074131636,0.5821016511253881,0.588003481922721,0.8869296508384013,0.16308534923402512,0.0,-0.4681766319970788,0.45039586591175346,0.5645662411667332,0.5978531301430116,0.2988013294989918,0.0,-0.13598833502928276,0.12418927472444519,0.27211914277878413,0.5404409362275767,0.6436645925761821,1.0,0.6867698438192189
1224,14688,0.6969655646244085,0.6525788672216253,0.7782471796124296,0.677998066302877,-0.01776684101222939,0.5304143885365592,0.5683540595410523,0.856059505704796,0.3511415833644448,1.0,0.23896614774304226,0.3987095937147859,0.5000991528751215,0.5994971086322929,0.5720817439542785,1.0,0.4279350172348204,0.3612158549962099,0.46727939024466486,0.5111185309459513,0.5786607288061021,1.0,0.48173070043874056
1225,14700,0.4870215738107173,0.5478670053091835,0.5916236958775171,0.6119512343566774,-0.10001402021819827,0.7041720587624742,0.6934571179787219,0.8699158112080048,0.003844866390152202,0.0,-0.4458744676394013,0.415725693336879,0.5375662629491672,0.5917779245837476,0.2527736262578302,1.0,0.1463916267938219,0.24684488090048853,0.42660071871627947,0.5043271887096951,0.5918729273715061,1.0,0.493154114366963
1226,14712,1.1361934672185348,0.8764140172563684,1.0987140526612464,0.8621825221401259,0.03165104689149073,0.49825482604264,0.5885316700095823,0.9166076072763218,0.6126735829187655,1.0,0.5614700837328385,0.4950963479885237,0.6021825731541958,0.6416244537838733,0.6075802029507674,1.0,0.5642499607038339,0.3970673505587626,0.5493857504520103,0.5407812565968326,0.7872220314663532,1.0,0.65052839853867
1227,14724,0.43101562328557425,0.5182320848573418,0.5107871496348777,0.562333058157721,0.03652495020943471,0.49467614912301894,0.5921205164355501,0.9240277999555714,0.18027167129179383,0.0,-0.14769888235644224,0.29558395968449674,0.48792343323001414,0.659448486283214,0.5701313268587415,1.0,0.3142152077196184,0.3621117253255828,0.5280948909401219,0.5537268414782698,0.4525850964868158,1.0,0.15986403795469473
1228,14736,0.7627385539286479,0.7253151664154486,1.4653680275855736,1.0428481097124072,-0.47944680436378934,0.3657054422651796,0.5312260920056792,0.9532204569917349,0.5862829100707431,1.0,0.5205363090910566,0.5864773990938191,0.6828750237393212,0.6921321936944596,0.4595711795872736,1.0,0.23108987204981057,0.3122131415725779,0.49210563717859884,0.5620093896382993,0.7220907130996549,1.0,0.5906682047676004
1229,14748,0.2282527845621223,0.35839103135497846,0.3841352211973785,0.5105882810685197,-0.2679942413435179,0.28967416786599925,0.4663501252351973,0.9461209066225393,0.3612945380159155,0.0,-0.26909368672854117,0.29900187619777996,0.4738246819652134,0.7140316583622492,0.4728767905043201,0.0,-0.3099593802169027,0.4481178351785687,0.5718328134939045,0.5650849751618094,0.27264974221163285,0.0,-0.9632524354006595
1230,14760,0.3260780224801992,0.4443317767216917,0.1644344249126005,0.29341709854311576,0.3198378181839311,0.131200690739925,0.30131431632456834,0.9631523235984346,0.5169162609583525,1.0,0.5976401913198794,0.08668564886305256,0.25073178457165146,0.7120621784835768,0.6316211548071047,1.0,0.734156726651774,0.1844511054347313,0.3115183138710462,0.5780769412480827,0.4099434661397878,1.0,0.43433444538283184
1231,14772,0.4444522330216703,0.5225745982458979,0.34636226451653274,0.4483322350364563,0.32337401884074324,0.11446229751671355,0.2819911432018153,0.9486875642043152,0.676121528899988,1.0,0.742464343719176,0.09608594765084945,0.22439351401673213,0.7234842354173732,0.6721138451688411,1.0,0.7838104063566161,0.2072174666118919,0.3690220180258715,0.5865840492414223,0.6102529359548099,1.0,0.5337688704968471
1232,14784,0.3832749734778716,0.4984758968376534,0.31159535595461035,0.45732991688536523,0.10066492015817527,0.3895673696254436,0.5268370899649812,0.9666504281515153,0.3394708368643332,0.0,-0.01641744591480676,0.15611742121921682,0.27496447054131634,0.7122034007929847,0.5162011063478363,1.0,0.592675149638409,0.25472940152529827,0.40625749060016597,0.5767071283883648,0.35527980342923265,1.0,0.33538733506688223
1233,14796,0.968582649273733,0.8173217623718486,1.596361047971153,1.1101046160212535,-0.12517832491697373,0.3795298544121353,0.5735507625237647,0.964778591686634,0.6547567337081988,1.0,0.6081595569601457,0.3641903732522768,0.46250592295133713,0.6910986510566008,0.4671587225488018,1.0,0.6239965959277138,0.3329267023297034,0.45561539494193154,0.5648470276719327,0.4894837536500251,1.0,0.6562743483177818
1234,14808,0.5630260446015165,0.5936776511019866,1.3440725687770572,0.9298546356050902,-0.3578384629221003,0.21602594761725472,0.39846036716392774,0.9760068258719734,0.5694134440709672,1.0,0.6163126915911186,0.2420796345145075,0.43122987637578003,0.6973722869576127,0.3939959821823852,1.0,0.5700383013616357,0.1938744718324323,0.3955760133459372,0.5704318309623474,0.4720860561963459,1.0,0.6556562992220945
1235,14820,0.5842750027463511,0.6415280077227281,0.5302683474560387,0.6530605870089797,0.1427049577345474,0.21802191222694522,0.3934575853807962,0.968876235153006,0.6320005271871727,1.0,0.626850522096366,0.27332391138029305,0.4770903861016255,0.6914414698046879,0.4635513740486239,1.0,0.5321998885874808,0.2442595053418628,0.45203842790826093,0.5591934560701957,0.5316703165528984,1.0,0.5819442827542938
1236,14832,0.6497356083920555,0.7175989405617336,0.7644676581312694,0.7506887824158889,-0.06869011633538658,0.9088521834617248,0.8723623869720895,0.9527917185095003,0.07716089777152871,0.0,-0.3988031004040591,0.33854227165798334,0.4892821156658309,0.6612323426100589,0.5059754878592327,1.0,0.47895379707478747,0.36070370544439295,0.49990963746758615,0.5319332941181923,0.5043743358448515,1.0,0.4448454097551299
1237,14844,1.174241489199656,1.0291759234831224,1.164483126822273,0.9993026438363568,0.015523117966168587,0.8994937186000183,0.8959459988073452,0.9419843426466162,0.2621376155623255,1.0,0.23397893289130955,0.3768552813355945,0.5297672163768387,0.6411023026917924,0.7775211530421673,1.0,0.6790649242069849,0.5803019865203263,0.7110483580227961,0.5296425578468003,0.4777141108881571,1.0,0.5058069469885187
1238,14856,0.07516298982343468,0.21337600897306933,0.0844002956428377,0.22958292126749247,0.40972218833938223,0.1680483209831641,0.3071386342147783,0.886988217962215,0.5275791045352063,0.0,-1.2357854760424818,0.06888639558975461,0.19656501973391996,0.5971306356244498,0.48644596107073107,1.0,0.08350644710148458,0.16345208602678038,0.3412277145600362,0.5079196992556552,0.2506859064946313,0.0,-1.174635234850896
1239,14868,0.1875939215538505,0.3625767158102204,0.23540188860882552,0.40629358539439764,0.32842673662762467,0.1616667096504352,0.2848160941374119,0.8835282848179817,0.5094522117718292,1.0,0.13820923241360283,0.16204521390620402,0.3377791722575267,0.59626775825913,0.2483477618718438,1.0,0.13619155373492464,0.16151078255641774,0.33726385135352527,0.5125307950024387,0.2483477618718438,1.0,0.13904042722378596
1240,14880,0.10426287769719338,0.2637692603911322,0.39139050941564246,0.5299624793860779,-0.08086601783634105,0.2707648342248024,0.4054006889647533,0.8865819383330991,0.44220660045698573,0.0,-1.5969438040178998,0.19417301447354693,0.30216833274024374,0.6043926127357204,0.3506697672277027,0.0,-0.8623408327312436,0.5743891287973765,0.5638705108638028,0.5124251367230478,0.28907834917145453,0.0,-4.509047337687652
1241,14892,0.19642240253397372,0.3834955355974865,0.7597353286799496,0.698042689918502,-0.2946626040789688,0.320229614224565,0.44300397615501613,0.9039524621734574,-0.08162263329335004,0.0,-0.6303110546118955,0.3827620920714751,0.4576926757975797,0.6226669309878584,0.1192679246621186,0.0,-0.9486682126559958,0.5048456342717382,0.6048827921357628,0.5111749893416153,-0.12357062382708302,0.0,-1.5702039469984532
1242,14904,0.19514491443152004,0.3813231409765406,0.41489717272327215,0.5760036043251007,-0.02660485060455562,0.6313054873030909,0.672017197620049,0.8407434929837642,-0.32681658133866354,0.0,-2.235059899675877,0.39035103885959593,0.4922843222735292,0.5830306129902769,-0.16899864488389615,0.0,-1.000313664318305,0.10129224925176412,0.23859954399825903,0.4836908852891132,0.2009532886219511,1.0,0.48093830911842983
1243,14916,0.11553182729583615,0.2754081758669678,0.09298197468083118,0.24892086904390487,0.0852646042640846,0.1009608129730114,0.2422936962288463,0.8529456463774207,0.259093344723097,1.0,0.12612121407474608,0.10924583759705815,0.2447495041772386,0.5932219603653873,0.5099736297780414,1.0,0.05440916019342279,0.06254196431349053,0.18080707194688725,0.4945306376542889,0.5100975010507829,1.0,0.4586603035945872
1244,14928,0.1540188994179944,0.32242949074009,0.3299170428287655,0.48287003156296987,0.14960571099286937,0.4760782787109698,0.5456041936439093,0.8266145640059539,0.2136755830839296,0.0,-2.0910380512389795,0.24480540249171276,0.4250628401666781,0.5700712747415737,0.42478105275975436,0.0,-0.5894504078186624,0.29369395651129293,0.47295898039034284,0.4977607171123064,0.3159658221843795,0.0,-0.9068695960112798
1245,14940,0.15893504323915994,0.3171050495393406,0.3370944736762671,0.4630239823084987,-0.1454509062730247,0.17270998773347587,0.35422490472252194,0.8287514989579794,0.41161385558575825,0.0,-0.08667027870994981,0.09787243576429229,0.2247502271613988,0.561447896830517,0.35269625079979133,1.0,0.3841985142507732,0.08038589811765634,0.21278173190346575,0.487521186863679,0.35851148325724125,1.0,0.4942216865496778
1246,14952,0.35963811182232464,0.4625188599084164,0.256721402837285,0.4128285535771896,0.24433419198996703,0.19871241769956308,0.35469244949213036,0.8889817571233651,0.4661771925206918,1.0,0.4474656295667162,0.1963490415091922,0.35621405897157604,0.5907671960532686,0.6253719397557551,1.0,0.4540371694360459,0.22495814556142416,0.35772794474377,0.5068403208129542,0.5761177169656986,1.0,0.3744874690239661
1247,14964,0.658063721758884,0.6081376831591621,0.9247821435034843,0.7492706197475433,-0.361169471970399,0.38345811824143095,0.4786393723569067,0.8641696343506906,0.4287235551152637,1.0,0.4172933326023238,0.5144548855468666,0.5414884431204968,0.5878234183856804,0.2909310833576681,1.0,0.2182293772830649,0.5484500440458083,0.5600449023398514,0.49346250876033154,0.2863761913950092,1.0,0.1665700054397442
1248,14976,1.2133196886803355,0.894995899255535,1.230728384453384,0.8614733522488912,0.1097284003816997,0.5886573478736663,0.6481884319210643,0.8819114281395827,0.5800770078572175,1.0,0.5148373892177434,0.6170633331056877,0.6578936002156567,0.6203019867628812,0.6189436898123308,1.0,0.4914255996481559,0.7367939149679898,0.7206287819045228,0.4983492977616278,0.5999094686793518,1.0,0.3927454389458048
1249,14988,0.7797733465756581,0.7239048593776145,0.9433537345354378,0.8267817487926612,-0.01474598664791068,0.578508752891556,0.6406704611873645,0.9104413231516014,0.46652516228668334,1.0,0.258106531299059,0.44400947105131244,0.5759076806286364,0.6364986186188044,0.833032991955929,1.0,0.4305916289635169,0.5217660461842889,0.6083384593894327,0.525640669629337,0.6769540208440944,1.0,0.33087473626073194
1250,15000,1.0352236427221915,0.8659593584423909,1.3931993191103178,0.9955688773280382,-0.400853814784247,0.9385534609779672,0.8636632254793923,0.8349181849133249,0.3164545667248776,1.0,0.09338096403017171,0.6385909260091985,0.7255497671574177,0.5749792916922212,0.7311375799741056,1.0,0.3831372278844213,0.7300620724453807,0.7455316374049284,0.4660262630528428,0.7401033585938409,1.0,0.2947784011910388
1251,15012,0.3375237149778996,0.4437414208809076,0.254233438707173,0.38162188513031553,0.12232629583996957,0.4120589108510025,0.5535511348853264,0.8600453752267022,0.1513642787317385,0.0,-0.22082950787023448,0.09481729361420484,0.25799682198215296,0.5814964566736595,0.6386379131580728,1.0,0.7190796100937284,0.3653623963913281,0.5000679882000839,0.45914960525017123,0.07818097463846109,0.0,-0.08247918643361496
1252,15024,0.6428070906451712,0.6517737116438127,0.48125357823060044,0.5528868744407976,0.23012663923863305,0.20395779060616306,0.37533991095158364,0.9035456398239958,0.6517689994422844,1.0,0.6827076216576031,0.15376946282565487,0.3538068723887104,0.6203195637085519,0.49893891601813173,1.0,0.7607844327427691,0.33426306901666597,0.5405135730161527,0.4739826075880852,0.3746202610062873,1.0,0.47999473888632194
1253,15036,0.20997877688885894,0.40935975467021274,0.6147971405612531,0.6893660519913257,-0.41686996949061017,0.16452957148100592,0.2796858160983566,0.9080256309350409,0.5701299857510163,1.0,0.2164466622829655,0.04053916116772265,0.14682838599802706,0.5948423903182898,0.6928614496590435,1.0,0.8069368639613521,0.04029397171670827,0.172855012640989,0.46597699193940995,0.5949069739855682,1.0,0.8081045507849789
1254,15048,0.4222753267080582,0.5008478719623938,0.5404942095317812,0.5832308608606964,-0.08114330785434856,0.15281745675878544,0.2793922060395564,0.9512017198946634,0.4258322086142142,1.0,0.6381094345480516,0.09249956117354868,0.2419591931614247,0.6382598267547775,0.7736632563180852,1.0,0.7809496427493178,0.1544049381655277,0.3287239139688924,0.48813594718009956,0.47421343204784117,1.0,0.6343500829915261
1255,15060,0.21070393575684832,0.39395511913855746,0.3706691505007404,0.5256090890475066,-0.11910308550262305,0.32816447038599234,0.5129715087317434,0.9618001925290771,0.4630894058924375,0.0,-0.5574672072793796,0.3449207213330087,0.47131653186446026,0.6241964565762373,0.42379317187455756,0.0,-0.6369923043632473,0.5248896513082852,0.6056763662911813,0.4862513139145498,0.2201825826139503,0.0,-1.4911240951569424
1256,15072,0.38394408049038836,0.4820727439464676,0.6667722871075666,0.6594585634522777,-0.015882627903031576,0.23293995851969362,0.3642021056125376,0.9701011971104982,0.46379068223982023,1.0,0.3932971743641063,0.2760463632394397,0.4266243841105954,0.6139082801755606,0.3180047549499844,1.0,0.28102456251737873,0.34693501458736353,0.47390970448785796,0.4898708200845676,0.24602722294803198,1.0,0.09639181272375763
1257,15084,0.22481258013048336,0.40363876188979475,0.23406635186399702,0.4397387494879046,0.10198920999616527,0.664876880989375,0.7450915090345612,0.9628733607622616,0.4094287463860451,0.0,-1.9574718665809279,0.10770087798187966,0.2682996010145929,0.6223333467527683,0.6424073087643791,1.0,0.5209303771196032,0.2618536563294152,0.39481107178569874,0.49793361809178815,0.334525613236558,0.0,-0.16476425019201701
1258,15096,0.43151406779570495,0.5168333851860311,0.3609792273954919,0.5205701446867372,0.20167616121110457,1.101248573664332,0.874544294413753,0.9735448917001774,-0.08778329209020246,0.0,-1.5520571769301035,0.4767944480360429,0.6223093262058893,0.6213561157331324,0.17815115336768425,0.0,-0.10493372897816022,0.7192049578871731,0.6872457384837515,0.4985954046888187,0.1315455097823002,0.0,-0.6667010685447035
1259,15108,0.2421740706775134,0.43130227198179877,0.27902250249685373,0.4471229165736232,0.16393747379658472,0.35884267852153906,0.5128985179911786,0.9674223804755637,0.5984491343325852,0.0,-0.481755158665955,0.12172781480214127,0.2877658823356833,0.6253796136021303,0.644967754625057,1.0,0.49735405420740586,0.13515208818842947,0.30059354252189113,0.504136199964677,0.6212853053750453,1.0,0.4419217226256966
1260,15120,0.37707181017510316,0.4664707454531151,0.4627089881260533,0.5093026754518633,-0.12833707765097807,0.27660897614023394,0.47499895499992495,0.9696850139423493,0.4774568164992427,1.0,0.26642891704955796,0.32578129863006206,0.47854785567989494,0.6141338798467577,0.2108319038630134,1.0,0.13602319282691278,0.47373747625161705,0.6046018621446851,0.5135261049875023,0.2738921132891277,0.0,-0.25635877163987586
1261,15132,0.20128193718613477,0.3998833397701882,0.47296771923617326,0.574590367290523,0.019845437461537087,0.059995097727276285,0.2090777092555216,0.974914519157435,0.8353393611173283,1.0,0.7019350143088298,0.14372190168659696,0.32668273558934197,0.6179803901499372,0.436709638184571,1.0,0.2859672174473826,0.27410587593576247,0.4369239180087798,0.5217070359787289,0.6222265716393249,0.0,-0.3618006651152408
1262,15144,0.1797939603370937,0.3119694098384557,0.06655094878742794,0.20905163541948538,0.4142943084598751,0.11745633864190742,0.21801326227353654,0.9757961376589754,0.6889016911324038,1.0,0.3467169952667495,0.10637219219797679,0.2124851040685665,0.6039975886979485,0.6612523782944456,1.0,0.40836615424377576,0.3584394200097085,0.5210611838561451,0.4913757506378363,0.2244197249143433,0.0,-0.9936121287816033
1263,15156,0.33218237590034,0.5261573110524146,0.5696990511709973,0.6663096900724436,-0.23511896191019824,0.12235011935250788,0.2160510250574373,0.9702097732195052,0.71220955146452,1.0,0.6316778726719239,0.12012349736312884,0.23802299327592827,0.611305144853205,0.6784799268998065,1.0,0.6383808832797084,0.1324705166893574,0.25687193466792574,0.5087203768691932,0.5471722373185162,1.0,0.6012114841122678
1264,15168,0.19300972523926563,0.3447730521692595,0.4537782385969893,0.45293175983610984,-0.0553299422567188,0.09519105121997384,0.21938861993787398,0.976575936987451,0.5742326481161033,1.0,0.506806969949469,0.138979465845119,0.2826563870605012,0.6353989177250063,0.4087978167174093,1.0,0.2799354246381508,0.12463582562246689,0.2599029125219255,0.5214704183799269,0.6071126814390826,1.0,0.3542510592771356
1265,15180,0.26461757613922315,0.457386322708424,0.48602132723963426,0.6157659549020696,-0.15532881552523567,0.22202548016034584,0.3530716787860307,0.9736067056043828,0.5085247897547329,1.0,0.1609571692111198,0.3028703530584862,0.46702739035931834,0.6723983002883734,0.1807578173959084,0.0,-0.1445587155523529,0.11035696070435852,0.25896935450771363,0.5257769411462346,0.5328037793890512,1.0,0.5829568000944259
1266,15192,0.19702834945546002,0.3692665232343271,0.10508418128915405,0.26867071148055116,0.2890911123217491,0.17484516641326675,0.3509812617526722,0.9805063621887795,0.2638637895176802,1.0,0.11258878787495485,0.25029982183439575,0.4356982477530729,0.6538457439241476,0.1623203863277395,0.0,-0.270374656876361,0.11318479870026206,0.23715969117889904,0.5283016145666259,0.4381000554235766,1.0,0.4255405427032293
1267,15204,0.36071145467756266,0.44055886208807,0.4188863113463237,0.5488003768346218,0.16145989161094282,0.4821105086985836,0.6213428845632197,0.9589896904348418,0.23559784901791536,0.0,-0.3365544743499722,0.3485774413250971,0.4996607047056421,0.6403744942706421,0.23595511323802656,1.0,0.03363911291176502,0.2896112122261978,0.5018035065731802,0.5226446257788248,0.41339794294401716,1.0,0.1971111300441536
1268,15216,0.46029768676569466,0.4978891905943814,1.0901530027392183,0.7825649158960083,-0.33277986177365637,0.3849756679355072,0.5156665528128106,0.9434318576664291,0.24589689015775393,1.0,0.16363762190386288,0.23762840417864603,0.39923131862114564,0.6414821543704984,0.4305934854869511,1.0,0.48375060094619593,0.16575301928900346,0.30808849138473726,0.5135088052191418,0.7108192639713959,1.0,0.6399003860878043
1269,15228,0.5156444529811055,0.555380929753816,0.8215273224416965,0.7279221885708022,-0.10216001110017844,0.30383376441666127,0.4664594957491672,0.9300758033104957,0.49526862755972056,1.0,0.4107688686262383,0.3624759020082576,0.5339186312140337,0.6643616705710716,0.30668164060219516,1.0,0.29704295292489147,0.26461756496041094,0.46625086207767286,0.5519641126859844,0.5276399254771919,1.0,0.4868216589346164
1270,15240,0.5590422047741895,0.6288743909461391,0.6022812156974653,0.5867896125676667,0.07940970212582966,0.36143857662944273,0.5332798157398001,0.9205103240046455,0.3950401290100721,1.0,0.353468175492338,0.26436793906381983,0.4267921209147871,0.6180101065918464,0.46262551006015984,1.0,0.5271055802117761,0.2593400586537702,0.36082377121087433,0.5098603586465325,0.6320472197269289,1.0,0.5360993205181641
1271,15252,0.8425396259948182,0.7385322103883971,1.3409498570968983,0.9983855946466228,-0.08254345764984072,0.3954084393427877,0.4329542781969773,0.9138401654569153,0.6199786383908733,1.0,0.5306945487864573,0.32011096343331563,0.39561708417207697,0.6270764775492521,0.6675737669621997,1.0,0.6200642040362807,0.7220888985116605,0.6412233756523844,0.5132060369431966,0.287951629741406,1.0,0.14296149850630124
1272,15264,0.9810761758271588,0.8037244425149034,0.852329062282264,0.7264395548122664,0.22318654212532577,0.5721962714370502,0.5521882510308965,0.911932799864372,0.42547171702743763,1.0,0.41676672460767517,0.9466822885595668,0.6609745257005951,0.6268873292885478,0.06923947025324675,1.0,0.03505730555386688,0.6614660596520813,0.5996144821282425,0.5076073566977994,0.1966092259779701,1.0,0.32577502547710924
1273,15276,1.5515346459377166,1.062950146087615,1.8164023782486673,1.1372014432755237,-0.04346594878727581,0.9271933706206825,0.7724633135190846,0.9007995510880351,0.6041633039301826,1.0,0.4024024065151923,1.2081425845410465,0.829958377162917,0.6013707638789914,0.3241975408145722,1.0,0.22132413368644488,0.7894999984472463,0.7071794156339876,0.4917249037290234,0.3984233887175831,1.0,0.49114897271914404
1274,15288,1.328101404543374,1.025595447084104,1.0849203235746714,0.9254275420574105,0.296097501495329,1.299065367569993,0.9546916424008733,0.9268073274461663,0.18342200340898038,1.0,0.02186281625337505,1.3859937112984426,0.9836917023384908,0.6672245739969862,0.012354110822234098,0.0,-0.043590275981202575,1.3765541412140534,0.9807821000509033,0.5022065221821966,0.08620644510091588,0.0,-0.03648270870351067
1275,15300,2.7402375238513894,1.5436548715068936,2.452857774345905,1.4479417285994536,0.300167726370833,1.743776235198622,1.1859128350001926,0.9283141897003976,0.6901188108906237,1.0,0.3636404800603732,2.083282365441972,1.287449772790806,0.6388803703818645,0.4015972605956065,1.0,0.2397438735478925,2.1968798826905442,1.3425934986406454,0.4987329907645351,0.26370262372961417,1.0,0.1982885193095082
1276,15312,1.7342867532934647,1.2454756682420118,1.3131880253633812,1.063830184244166,0.2864755339423882,1.2455888642898074,1.0330519621913188,0.9522694044146098,0.3793698070921646,1.0,0.28178609337562244,1.6710856450037923,1.1562778771756996,0.6158847501898159,0.17276213818085498,1.0,0.03644213286508213,2.756559246003006,1.5723188568308537,0.5000266428928914,-0.3495151501012297,0.0,-0.5894483658877139
1277,15324,0.18359969631771014,0.359401727188162,0.44872898588854476,0.5485592867651171,-0.1251731587371115,0.1550265500476041,0.2927562538020772,0.8871043689773235,0.29161101019292696,1.0,0.15562741574834438,0.3348026323848557,0.5047673420211855,0.6033737197511362,0.495929292220915,0.0,-0.8235467655975661,0.21350697525543785,0.3150747251776749,0.4494577462127328,0.44996638996474625,0.0,-0.16289394556500048
1278,15336,0.2724456555368419,0.432289104798167,0.48074033532813454,0.5698697143064243,-0.09203126558529517,0.4621508802081448,0.5778938676788995,0.9366755764756522,0.3633606391742449,0.0,-0.6963048256265907,0.48434281635845733,0.6170792970635545,0.6202084510180415,0.3810255461479718,0.0,-0.7777593678419339,0.3920529428626301,0.5358709773667328,0.49379568539192775,0.36573617637941586,0.0,-0.43901337714527844
1279,15348,0.504912207645294,0.5403512646409775,0.5325432523482795,0.58608752963368,0.01865237338376491,0.16718177242487095,0.3114784045609238,0.9484631765488967,0.6315383726327017,1.0,0.6688894229661448,0.1273352154157673,0.2990030488915358,0.6165667268052808,0.7471913112096247,1.0,0.7478072158136022,0.33097399847399894,0.5190553919209249,0.47850634132675474,0.5935395126753659,1.0,0.3444919860077703
1280,15360,1.247726643009577,0.9175453808206431,1.7749400016509196,1.1561387859885832,-0.1503279100321872,0.10061599397398087,0.25933961324918303,0.9267228247662924,0.8724964552007218,1.0,0.9193605470094874,0.210253045300818,0.37353135583092706,0.6159014553209207,0.8552086623399155,1.0,0.8314910990490052,0.3013423549021173,0.45952834037761175,0.45042021466888843,0.7477702704256516,1.0,0.7584868796459576
1281,15372,0.41352302978856637,0.5271203991894808,0.8896635630089049,0.7354557662835889,0.13007776650174052,0.24246502271837808,0.4118007446025958,0.9461160361350212,0.5398315926030907,1.0,0.4136601706503503,0.12980838487991428,0.3106187671897151,0.6280892998118569,0.47272675286363774,1.0,0.6860915220458578,0.4109754031432242,0.548237820359503,0.4552993524193226,0.5583282578030713,1.0,0.006160785402072322
1282,15384,0.9791108873935777,0.7964811645384012,0.19020675810369847,0.3500611346974507,0.6944358000613918,0.2465348691588437,0.4394827294011244,0.918473037622643,0.6747463893405878,1.0,0.7482053643432289,0.1820455824243171,0.3791519442188189,0.5573234820473443,0.6972550173406432,1.0,0.8140705156400335,0.29495300039491584,0.46668641503126973,0.4362471135790938,0.5926944960378393,1.0,0.698754243066289
1283,15396,0.6053826064749223,0.6507931018371119,1.3088180287520472,0.9757207518534748,-0.15886451690558684,0.36424851181562085,0.5480982937682822,0.9109141935231151,0.4062650054767859,1.0,0.3983168529789769,0.25257689739702,0.44762820272689136,0.5716017992725042,0.43718792863757683,1.0,0.5827813771067061,0.06096964409027772,0.19562033765752918,0.45934247110949117,0.7893984366009643,1.0,0.8992874201568205
1284,15408,1.626851465826973,1.1292529672013867,2.642229810794572,1.455531376893644,-0.31035711780003694,1.4649338695743273,1.1335615934595398,0.8159256548309184,0.2394001962405187,1.0,0.09952819888835929,1.4744429405150317,1.149159390933154,0.5295705344390924,0.28052752035933304,1.0,0.09368312259193745,2.0377902408897586,1.2855349157279983,0.4239599962979311,-0.09163643939298823,0.0,-0.2525975995318628
1285,15420,0.43597317154206516,0.516042101680341,0.5786568046164949,0.6214496645589663,-0.13932876016105378,0.6723103679373107,0.7533063615507546,0.8690698292798269,-0.10921713702662261,0.0,-0.5420911464788203,0.4130903024515436,0.5770169727603714,0.5302219607345255,0.28492129527882193,1.0,0.052486874386291626,1.1399132396507934,0.9873635234839525,0.44622785993996744,-0.13814942859832063,0.0,-1.614640794567351
1286,15432,0.4272130090665205,0.49324947682872883,0.4041164906178036,0.5275605986465585,-0.03856096356587367,0.096658286438789,0.27392079817444076,0.9162824586978069,0.6339576502984674,1.0,0.7737468560473107,0.26422213793616617,0.4638494058231315,0.5621268957868676,0.37995836762048574,1.0,0.38152131997688143,0.6164827281013033,0.6989415624771157,0.47124278616465326,0.13632494988164545,0.0,-0.443033603888481
1287,15444,0.3272951820954652,0.5032900615358852,0.6707758081883632,0.6746121655760892,-0.09185994654591402,0.09744263113891255,0.23291879729909648,0.9302980347685837,0.5927226631827898,1.0,0.7022790542926765,0.29021739953488973,0.4204250008069466,0.5545236603018219,0.3167783715058925,1.0,0.11328545175394811,0.35433892576890574,0.46004434783033615,0.46651110207234325,0.5511521709206433,0.0,-0.08262799195605774
1288,15456,0.2816911260982025,0.45283435706641195,1.3036372022225675,0.7980027069659031,-0.04135277619090105,0.12839957412491376,0.28653143897183503,0.9565090419452533,0.4454899434610734,1.0,0.5441831061438854,0.2775809862611434,0.4332077915663104,0.6152846003340917,0.20396722647407883,1.0,0.014590945387559784,0.2866504444124805,0.45083027157821803,0.46548484832378556,0.18071371142518028,0.0,-0.017605518437769696
1289,15468,1.059399952940096,0.9142306064397424,0.7150969141933395,0.7721791924253477,-0.0319329342145984,0.43179908140538364,0.5206266660837152,0.9408991959683389,0.5510400266374774,1.0,0.5924116475491292,0.7642747156078643,0.6736609071204921,0.6035373197678715,0.3867833961741196,1.0,0.2785777330961611,0.5430631599553098,0.5873048198212886,0.47515011292143405,0.5870034631360774,1.0,0.48738608261386485
1290,15480,0.5942217133080642,0.6861652187335133,0.3747303509249896,0.5460742980559873,0.2598123121122651,0.5210943278710203,0.5967399579273533,0.9721126907996508,0.06139339331324639,1.0,0.123064142220485,0.43296066445782716,0.5505270712306668,0.6637463512797217,0.15901279375652436,1.0,0.27138195262587783,0.9601115553135804,0.8203179622650811,0.49249843199794263,-0.09080548202442096,0.0,-0.6157463347621341
1291,15492,1.5039835596436273,1.1522402838454642,1.965168709620017,1.2749476254878933,-0.36977511879187946,0.556970130199716,0.6291107633406081,0.9679292968345894,0.47570277545076267,1.0,0.6296700674496126,1.2587794877310408,1.0072993506854824,0.6582421177933326,0.3436180615091283,1.0,0.16303640444759138,0.9413873057542953,0.858477123477717,0.5151374594426027,0.4377791754724184,1.0,0.37407074717135913
1292,15504,0.3873015988376616,0.5454869386425903,0.4662236440509897,0.5936005026039751,0.011736105504707744,0.38629726668658204,0.5111761585282384,0.965020732737219,0.16595402673013537,1.0,0.002593152607925364,0.32576756576456806,0.49804479584098016,0.648262471962828,0.041374572235556205,1.0,0.15887885115311817,0.5868885555129112,0.6470628996985678,0.5023338843312295,-0.06896490147146941,0.0,-0.5153269629514414
1293,15516,0.19428327162301773,0.36807286474278783,0.1081716842688139,0.24116955457685096,0.19240235630997815,0.2504136643789321,0.37789953074674915,0.952033967957704,0.19734813814083768,0.0,-0.28891006563255917,0.0831631311868784,0.22232568749202927,0.6548195383497343,0.2716168663415699,1.0,0.5719490901499436,0.12251210013596592,0.2824656853193666,0.5214685462478448,0.3840887038125283,1.0,0.3694150859592006
1294,15528,0.21297700229133995,0.39771954691443084,0.40308145360742714,0.5603475582649812,-0.14286646664470892,0.42816490022033404,0.5408757117084986,0.9385891003092327,-0.019422572720095614,0.0,-1.0103809125580132,0.14016363866816542,0.2849394673069873,0.6262159953975817,0.38864863696817603,1.0,0.34188369091405535,0.42939554509644356,0.5732830524521174,0.4766662732832643,0.12697113843820287,0.0,-1.0161592119183642
1295,15540,0.18896110604208327,0.33073516175024725,0.18422865107513253,0.3317104693713107,0.12752421442407574,0.09105610061810826,0.23149256202150462,0.9215130256739654,0.45294514278495823,1.0,0.5181225251834138,0.15464497297135057,0.34088700617792717,0.6229971383931103,0.5223565296620472,1.0,0.18160421363690682,0.06867574233271012,0.17703903067015145,0.44985119317821765,0.5887791696368376,1.0,0.6365614926205214
1296,15552,0.3258361299073907,0.41964315251936046,0.18714244038009475,0.3485772870249106,0.09149505568974804,0.09406416317525479,0.2301355320246393,0.9158791041440846,0.6316325946385544,1.0,0.7113145089159089,0.19329623808256322,0.36229630274112673,0.5665542692592325,0.4100494175704368,1.0,0.40676855529341704,0.11034298371318564,0.27585466440791145,0.44724942980063354,0.5579258170747833,1.0,0.6613543631746812
1297,15564,0.568636537761713,0.5664600787785405,0.43468629710342893,0.5385576999347057,0.5474021276494077,0.22650820750066977,0.3632578124246686,0.9319688056266976,0.48413719836667796,1.0,0.6016643453966934,0.24484274127451086,0.40844749774390765,0.5673264751943468,0.4249896747562317,1.0,0.5694213702160796,0.3236075251994048,0.48437928363338584,0.48234200436392455,0.3073536634714845,1.0,0.43090620508981003
1298,15576,0.6876847116840947,0.6427202984727188,0.7177285516961991,0.6973570606560026,0.07255999546241039,0.09470987286906814,0.25161163366884093,0.9233825127696381,0.7555247953059208,1.0,0.8622771871180183,0.13977987209966583,0.28438067596347144,0.5354674256878786,0.8411870014771099,1.0,0.796738432998817,0.15818609913634696,0.2595065804854944,0.4350136914812398,0.6929328443489238,1.0,0.769972930256135
1299,15588,0.32023579390438134,0.4759565561801933,0.4611293766353606,0.5179220795794779,0.034440229963351256,0.23514099269562969,0.44106757225748083,0.9161278999461308,0.4523022376653718,1.0,0.2657254523963676,0.10723183890202721,0.2500683352015875,0.5449773347377977,0.36531618123832194,1.0,0.6651472416789068,0.24458467463610942,0.41674355841498123,0.4546354671469867,0.36848630602868065,1.0,0.23623567604956885
1300,15600,0.8446287206823945,0.7313953727175297,0.96326469228286,0.8198042053356586,-0.005251376938673324,0.0799789576470538,0.222096917370991,0.8440087207607332,0.8908793873837947,1.0,0.9053087401735084,0.8396686829363498,0.7978992352149373,0.5052563655965661,0.2769089396485648,1.0,0.005872447413388215,0.315192099507482,0.4375526327995656,0.4447358553651174,0.6942652130219571,1.0,0.6268276323201143
1301,15612,0.45808864379280195,0.5413340559740104,0.8213058452599254,0.7452438598425569,-0.26790836145727026,0.4221807208202421,0.5715073278850517,0.8582293045122924,0.30162832667489353,1.0,0.0783864072142364,0.27716550679452795,0.45979642147541133,0.5506245776220673,0.5354209979182337,1.0,0.3949522422129882,0.2903693277662706,0.4391596358246705,0.46683461965048745,0.4458050142273617,1.0,0.3661285174805434
1302,15624,1.2083555458190374,0.9382636262405065,1.369363155148027,0.9828167235985245,-0.10513594058843616,1.0022981536431415,0.9009291952352232,0.8764422811104751,0.40540627601053514,1.0,0.17052712083696175,0.6480753386987695,0.7424823282177041,0.5425389974961685,0.5741408663374571,1.0,0.46367164785138093,0.8128717681677179,0.8404409861193027,0.45599341347811195,0.5434913556283558,1.0,0.3272909029297797
1303,15636,0.3156498857280223,0.4585710527203359,0.15720459614245538,0.3440290713036113,0.344746139788865,1.3864802029237886,1.060719610305428,0.9290484940431696,-0.04239703602710355,0.0,-3.392462236208254,0.33123000551766196,0.4705333250356068,0.581017881469978,0.1910692462615333,0.0,-0.04935886402653167,0.8119050100739091,0.781931500685631,0.477625220469368,0.06144080983653995,0.0,-1.572169504200239
1304,15648,0.6314213070866587,0.6733191791576488,0.3827571231414646,0.49514560114267786,0.2371813965676069,0.968562398902522,0.9160883315088674,0.947247954387693,0.10739773453134512,0.0,-0.5339399985905018,0.6089174317049483,0.6916734063712919,0.6468665415971537,0.15421078868769036,1.0,0.035640031670046035,0.5658150967898468,0.664777515582791,0.5346660294592006,0.20105323932625216,1.0,0.1039024333840034
1305,15660,0.1791096691327265,0.34752722916390183,0.4666330375907064,0.5686395767887539,-0.04777133131372161,0.2769799152553081,0.4415717192513075,0.9318303734584958,0.5301920300155234,0.0,-0.5464263688079081,0.1894583561330927,0.3729685791431297,0.6632403695341935,0.5005964852965269,0.0,-0.057778494318458495,0.2861625121151823,0.4690798256416233,0.5276915103646254,0.36263281220941057,0.0,-0.5976943818880371
1306,15672,0.30496638796708636,0.4394020665894461,0.27301126848320434,0.4288354890889772,0.3362856766124817,0.3933474992922179,0.5457735558043714,0.9644267933295201,0.12297319595097811,0.0,-0.28980607310294837,0.4999427988088212,0.6473828720589722,0.7348365312821532,-0.027168576091535213,0.0,-0.6393373779368032,0.43693713346346735,0.5968133546014961,0.5882338236797969,0.0012138785581586541,0.0,-0.43273865810623047
1307,15684,0.2696717388100009,0.4486890368509469,0.15027497533742112,0.2842094424985276,0.2975246611676832,0.24439471181103647,0.44538719467040505,0.9589543266538019,0.7191942819400765,1.0,0.09373257691186365,0.16148813076622812,0.33924307351601896,0.7241115758278469,0.7636470531821657,1.0,0.40116776241055907,0.15568332650134584,0.31575221772988193,0.585842492694835,0.690455487336444,1.0,0.4226932077186123
1308,15696,0.2322899185713981,0.3710347189281862,0.6222537315699306,0.6229974689527554,-0.2685736599656279,0.18459563414529775,0.3544365001226173,0.9795724647763979,0.4264352254699923,1.0,0.20532223145724138,0.12196134719877043,0.25620156765988683,0.7015027209706034,0.39636111118399575,1.0,0.4749606528391648,0.09714495546805275,0.23674021672077195,0.5633296307098744,0.3790487598386428,1.0,0.581794353945698
1309,15708,0.6700906339193916,0.6922985508614081,0.4002141149769732,0.4547474030539835,0.31286216330880495,0.159472636414917,0.29304345996839226,0.9756385803476718,0.6464480680088482,1.0,0.7620133332081452,0.24795150304498045,0.36792203798465667,0.6771171783811238,0.649605038602098,1.0,0.6299731849784254,0.25297150909647975,0.3703263897856675,0.545694400621656,0.649605038602098,1.0,0.6224816520463247
1310,15720,0.43628563897503997,0.5409704236609988,0.5311135753913945,0.5527885968328007,0.025811159250436998,0.2892388040737253,0.4111915712288991,0.9789804141870169,0.3579589262022783,1.0,0.33704257432532003,0.38614840407286416,0.45967996790778587,0.6504021160361624,0.21756318208448427,1.0,0.11491837095523594,0.40327275391492273,0.5160402283521103,0.546235990477327,0.21648212282092935,1.0,0.07566805347449435
1311,15732,0.5082841883438425,0.6019822905177347,0.4572047053470351,0.5480763589872993,0.000633194953388283,0.1141988461684475,0.25454992111208624,0.9752275956440372,0.738468361018259,1.0,0.7753248108296561,0.12076377878308746,0.2941594081633523,0.6491717563529701,0.7163874623521136,1.0,0.7624089406035319,0.07334533203303838,0.21307523015131377,0.5510267845759504,0.738294541360904,1.0,0.8557001502013635
1312,15744,0.3151413700588909,0.4854298385661877,0.22630574120667313,0.3987810166236104,0.3790054774433305,0.16412826858751464,0.3498416528716044,0.964869659820301,0.4656950061311086,1.0,0.47919161309464464,0.13208162524148595,0.3057828892784202,0.6449780752766168,0.4427899894325753,1.0,0.580881351068558,0.08920056025895161,0.2318070171414317,0.552903562224718,0.5123396157333232,1.0,0.7169506490300446
1313,15756,0.3162370903836832,0.5014435932946331,0.20673118778992353,0.37571392722405755,0.36970122290895974,0.25639563466572524,0.4242419580568906,0.9403442288354494,-0.05186969138184747,1.0,0.18922971889652063,0.16949744083045318,0.3638902373980845,0.6405180599402398,0.1889855708172639,1.0,0.46401783350331915,0.1374451384503029,0.31017335520409023,0.5377945974791513,0.6672558899163746,1.0,0.5653731246908961
1314,15768,0.3935449590559849,0.5583388307802549,0.3049048317885481,0.4859756693708985,0.17283370740666143,0.323514572548859,0.48450508022572164,0.9236858501312618,0.21937131395957551,1.0,0.17794761410516124,0.36658070018534966,0.5082469240594433,0.6430061265127978,0.12452578661622896,1.0,0.06851633657134293,0.13920136210927594,0.3001484651486231,0.528367719362685,0.5725492186939957,1.0,0.6462885398324376
1315,15780,0.3497897778109112,0.42793849043505783,0.3915049953196052,0.49929004120431064,0.1870587526808794,0.11800995346333516,0.30658024539491063,0.9093842231458537,0.6503292922368582,1.0,0.6626260658562504,0.2405562550715533,0.4460167007104913,0.6077721766031849,0.3315100437637945,1.0,0.31228334750939235,0.22394148501490932,0.4201794110530895,0.5106960312711368,0.36308925170447703,1.0,0.3597826488343886
1316,15792,0.6325618424096261,0.61267218458526,0.4523422216840487,0.595894735734149,0.3452485974167087,0.03539824342431175,0.15041977452899444,0.9004101396814711,0.8183497014872166,1.0,0.9440398692253255,0.03527276429633076,0.14364436840668632,0.6168483142858017,0.7064668155191993,1.0,0.9442382358032129,0.06233996434624092,0.2040893923624949,0.5260465640230957,0.8046955996611448,1.0,0.9014484273841614
1317,15804,0.32350007594002134,0.42240767461371737,0.6127248065155831,0.6506290608226925,-0.1311137675708351,0.16033564395762404,0.35933676455735125,0.9320574660129962,0.881008302446177,1.0,0.5043721597538322,0.051153174236781083,0.18254639651888907,0.6365247280436043,0.5012395935051442,1.0,0.8418758509155183,0.11942013560158617,0.3055418078480001,0.5440811450102693,0.739131359961796,1.0,0.6308497447656634
1318,15816,0.8812459186565423,0.7863331405168926,1.293857153000589,1.0119957092237393,-0.10393991297054894,0.311264581950858,0.4086882658094961,0.8970594605525195,0.7223042065582217,1.0,0.6467903279196116,0.42169135709538424,0.5274373413901099,0.6227740710935541,0.6951570234001219,1.0,0.5214827686938376,0.3856526695055528,0.518159583534504,0.5527492617786558,0.559723506011532,1.0,0.5623779227329875
1319,15828,0.22965120703127087,0.41885323761273713,0.7274583302491973,0.6854199662212123,-0.07895986216373001,0.1207765808027057,0.2757210631928741,0.914498041106321,0.4738082506071829,1.0,0.4740868887039643,0.14874350079431894,0.33962656131538504,0.6386167104532025,0.4395557816074732,1.0,0.3523069061245343,0.1773879294441217,0.3644623103585758,0.5545992513347024,0.4711793618715624,1.0,0.22757675982966918
1320,15840,0.4612399521941313,0.5342311108529705,0.3507788679558505,0.5017321568621124,0.09687744243624567,0.5032953040961908,0.5910841092920126,0.9163398101578812,0.1510641875259716,0.0,-0.09117890092131242,0.2750344751129976,0.401260226810209,0.6301203578205617,0.466484519493367,1.0,0.40370630556904064,0.15260497808100867,0.3200586004100418,0.5436343976886101,0.709696562428008,1.0,0.6691418916443328
1321,15852,0.2715338956214729,0.4131268716232002,0.7674310402034328,0.7399995801987371,-0.05070441499104565,0.42435068408697774,0.5629664128098536,0.9146883188634366,-0.04645275459539005,0.0,-0.5627908372755659,0.41368822306200054,0.565179339524719,0.6442197286703492,0.15872548414148216,0.0,-0.5235233233595831,0.38198190881859406,0.5498234236210804,0.5533711178728219,0.19437170557397987,0.0,-0.406755896696924
1322,15864,0.46659844643928633,0.5567751325996203,0.28101886320831254,0.3453426381690628,0.4785351419512474,0.4714253662450083,0.622169538201272,0.9167130931904002,0.15060114497011864,0.0,-0.01034491186706088,0.5682372908733154,0.6872746917328777,0.6436514275136177,0.20409669821432525,0.0,-0.21782936743501202,0.3613515778130421,0.5515724685153754,0.5497729119721875,0.33866625595124367,1.0,0.22556197824790425
1323,15876,0.194566036328645,0.3773739120232638,0.3251134128130815,0.487416794591817,-0.22801319729821046,0.18824267035206996,0.358034187833202,0.9431087253928039,0.6621765933418294,1.0,0.032499844761673224,0.23564145003435008,0.44269505331072273,0.6500146946567329,0.6028207386589304,0.0,-0.2111129695643481,0.020214461010303966,0.1053929755937228,0.5571371782852226,0.8227880605326201,1.0,0.8961048835051594
1324,15888,0.3036887204624283,0.44553172167924643,0.5684353602023727,0.6381266601608289,-0.1848983270090101,0.25854204795650143,0.4525279757270164,0.9601984318704744,0.35779727863027055,1.0,0.14866101196376935,0.21007754488009575,0.4184007127263835,0.7235161999820593,0.3858208052312903,1.0,0.30824712699171164,0.5215776948331836,0.6311815867285987,0.5918928942019455,0.1468924906173798,0.0,-0.7174747025143862
1325,15900,0.14889750161236995,0.3396176115153315,0.4368635876181805,0.5393690742279268,-0.2705422642994162,0.4697945999019611,0.6256592506616795,0.9597569829170469,0.6313441111722742,0.0,-2.155154349903021,0.11663619720845453,0.2798169053356204,0.7032745506947309,0.7534930518811412,1.0,0.21666786920241543,0.1009191976233943,0.24466471548188795,0.5862913829905344,0.7056193773837276,1.0,0.3222237006627502
1326,15912,0.13556753094088733,0.2932005468505894,0.7423322886636261,0.753296306948521,-0.3423870287160712,0.32374396850822507,0.4973766863709658,0.97072653570638,0.13017641495245472,0.0,-1.3880642087476676,0.0724895639462779,0.23012550440238577,0.7479330843546281,0.40917669035692406,1.0,0.46528815975938853,0.09622650424632428,0.24817443679490162,0.6148446993174804,0.81990650036092,1.0,0.29019505202700235
1327,15924,0.25380857206006224,0.4073909631709957,0.6695158351500745,0.7011709372654144,0.08053364070852617,0.09724675282571855,0.2563676128758108,0.9671928593037933,0.7004312350498216,1.0,0.6168500061427961,0.05324903800929593,0.18818569296963364,0.7321754663367924,0.6606404596821005,1.0,0.7902000016110768,0.07729111673524292,0.23402043735942335,0.6078180639968764,0.8224750794444358,1.0,0.6954747583665044
1328,15936,0.16719479022106817,0.33172380650259825,0.35657985203095155,0.4932192258541201,-0.059708767143791516,0.06447207011229993,0.2079313752895345,0.9700011331745035,0.5379273436815304,1.0,0.6143894793189806,0.08847789021713336,0.22374709230011383,0.7338808363697703,0.3845600291280671,1.0,0.47080952642037355,0.12753336391141626,0.279923955743835,0.6107854422042465,0.5836212755864064,1.0,0.23721687893032317
1329,15948,0.3958785557920166,0.5071528740913056,1.0210602589941413,0.8145736841833079,-0.6728570059090325,0.10418508017271783,0.26831590110602027,0.9654273287714188,0.7519004456522473,1.0,0.7368256536040974,0.058121946542092684,0.176573290642851,0.7157289906586325,0.7601475804137823,1.0,0.8531823820923801,0.030151111439793987,0.13483057185003522,0.5983890620156258,0.7221541762479325,1.0,0.9238374723796998
1330,15960,0.2296972326541545,0.38823460142322935,0.42314046408177114,0.4860166459055362,0.008976978208217435,0.12778101009493628,0.29498774759611635,0.9700269821155855,0.4717522134100186,1.0,0.4436980863094211,0.06982551297976701,0.21970621731269047,0.7203615707543444,0.43910775642024086,1.0,0.696010647699442,0.20563609365548094,0.4080905139353801,0.6004702116700814,0.40436165110211314,1.0,0.1047515406287085
1331,15972,0.39701959422084104,0.5178296995812741,0.6595499453887017,0.6557353936337508,-0.3781248859367493,0.1499027133833453,0.3329391193297761,0.9661320681703185,0.6812666247207588,1.0,0.6224299365437306,0.11768047836999611,0.26183333283748156,0.7165146295635577,0.6167378553343559,1.0,0.7035902507508567,0.08421393989515592,0.23540229904756882,0.5977384803403947,0.6356349175056397,1.0,0.7878846759177529
1332,15984,0.185845529976893,0.3400204941519623,0.15109647291633527,0.3256518868615655,0.14260338657982888,0.10872902221179843,0.2772274185727018,0.9545685412735534,0.38002591286671455,1.0,0.4149494893672331,0.12200819251953755,0.2894670313605268,0.7077487960812373,0.40397826284515015,1.0,0.34349676026801734,0.10533480754487991,0.23891896278867264,0.6093726281819811,0.5644247087049544,1.0,0.4332131229738124
1333,15996,0.24700732406485829,0.4342641518927433,0.5680899556084072,0.6329052239605005,-0.3926544881209925,0.13712892228612503,0.28858502304575057,0.9451783181099929,0.5136238817142862,1.0,0.4448386386708185,0.17895860425511323,0.3229755314178365,0.701899676149368,0.4262529466124289,1.0,0.2754927209845691,0.20211228750646226,0.36176013853434824,0.6047498475400226,0.35211969120120956,1.0,0.18175589217187604
1334,16008,0.1827160995078638,0.3135384846582821,0.16949912125100572,0.3219549268868951,-0.04987013405790928,0.11913899764025193,0.26570399887465174,0.9379368191311004,0.6322848801382319,1.0,0.34795566476546647,0.10919291091547151,0.26545120593262156,0.6876640830772082,0.565595024011101,1.0,0.402390313663783,0.10756306082642968,0.25956219171229883,0.6010207088651287,0.5788644450903376,1.0,0.41131043670401723
1335,16020,0.33096862036113794,0.5237426821142698,0.23151832861976096,0.36672815047994217,0.2669025495281062,0.1799836521987417,0.3389511506859943,0.9321969594639071,0.5256826790707377,1.0,0.4561911881484362,0.14689164650278122,0.29094524739266553,0.6731920151875747,0.5569877528347326,1.0,0.5561765150348703,0.3379491979988963,0.4855077149572942,0.594511444375246,0.15369434944218435,0.0,-0.021091357936415367
1336,16032,0.11167997939197168,0.2366893145956701,0.30477105507541896,0.4224192486771477,-0.11967446377174529,0.23046651728698594,0.38649546746000035,0.9253072139359484,0.34694368765165023,0.0,-1.0636332361604417,0.22151864240558997,0.3689052192289661,0.6682084201298634,0.40522456729267964,0.0,-0.9835125652030183,0.14568269644246054,0.3055942664766879,0.5890284711345364,0.3330504617563414,0.0,-0.3044656458177428
1337,16044,0.42902550205936735,0.6160098186866677,0.5496003849962452,0.6968363977696944,-0.2011389855762072,0.6222054430202959,0.6471099525826429,0.9292647908743202,0.007706277910594442,0.0,-0.45027612585649246,0.4213908728047509,0.5222217457401318,0.679501428035696,0.25955910178716474,1.0,0.017795280741982555,0.2957642664486954,0.41799877504938526,0.5982422143433287,0.35057668365305633,1.0,0.31061378629243264
1338,16056,0.15431885003109103,0.34731638258583275,0.25145685100396636,0.39459919814265804,0.0340142091189556,0.4327661767240527,0.5340923271663585,0.9349487860908532,-0.13079613020599196,0.0,-1.8043636706524326,0.4187836068565763,0.5509742936215893,0.6638228070036559,0.0007046518565248627,0.0,-1.7137553628231603,0.3985956983056039,0.5313020285339266,0.5733970575152554,-0.09066476831917215,0.0,-1.582935903328062
1339,16068,0.2560930563316988,0.39968921136718816,0.3200442712719321,0.4982053311519925,0.10741629050285735,0.3863429964628418,0.5538466682676204,0.9180022704682955,0.027171485405122674,0.0,-0.5086039504422941,0.45951855871381825,0.5983557128953386,0.6488647255632349,-0.11305225575360459,0.0,-0.7943421242887472,0.43231165501405666,0.5930252909282994,0.5779631818936825,-0.059329658516589334,0.0,-0.6881037744893583
1340,16080,0.171134016861773,0.3493134396003675,0.3293350616849077,0.4802311561651839,0.09788919853387426,0.0956502337147588,0.2606077649142422,0.877171322247755,0.4157380116840265,1.0,0.4410799473490028,0.18354168824333894,0.37076855375722834,0.6283252658648436,0.25632847127178177,0.0,-0.07250265966460523,0.11105429625883378,0.2595469190702043,0.5504736882816942,0.3779705145640313,1.0,0.35106825460344515
1341,16092,0.17179766594360324,0.3291535105683176,0.402671865600665,0.4755214820450681,-0.15802825971991494,0.07590131839549212,0.24401680078979307,0.9116529167661497,0.4891276636729646,1.0,0.5581935413464315,0.0494557723860358,0.1606397707242226,0.6340775608900865,0.6198203655798384,1.0,0.7121277980442944,0.09517142791882253,0.2487839089587739,0.5550844165583043,0.34941934497804067,1.0,0.44602607144811346
1342,16104,0.19673875564423848,0.3336983999700405,0.561010360608274,0.5491897553814162,-0.36998841438307295,0.07290511151724981,0.21963280995527076,0.889362918826486,0.5509029337670401,1.0,0.6294318764062752,0.07652117214374748,0.18504898633569375,0.614589451433827,0.39183809493267174,1.0,0.6110518647270482,0.12058043602667651,0.2430785303494424,0.5349561678696706,0.31395432902904946,1.0,0.3871037984771979
1343,16116,0.2839465022334508,0.3652979992637528,1.1721615037770194,0.8729544105302379,0.078511301024482,0.3437112671253153,0.540534007912585,0.8641047591602493,0.057255480395724444,0.0,-0.21047896143030487,0.17407925793199563,0.3050914280908941,0.6308634371593294,0.2814898523907182,1.0,0.386929380842051,0.06879280112678515,0.18132074013510824,0.5422052804939763,0.4889452566976282,1.0,0.7577261893149643
1344,16128,0.30207117009527334,0.40916870990270454,0.4292036770920946,0.5137105267203249,-0.06092579305919714,0.040689803724308665,0.16286731246121675,0.8280736770496679,0.5990149598513574,1.0,0.8652972949670268,0.08596983957363136,0.19704090172057506,0.6164146174196578,0.4599839843129276,1.0,0.7153987269075812,0.1336955222957639,0.27950463364867584,0.5213489857858136,0.3630114053278407,1.0,0.5574038983806489
1345,16140,0.22383109236238838,0.4068087357453467,0.30405913048035954,0.463809968787813,-0.2791410214857809,0.20066518257268093,0.4084968024509288,0.8396117285469545,0.3776019203104847,1.0,0.1034972824606567,0.08257498203943135,0.24037027113437673,0.6122187283647563,0.5013941855303045,1.0,0.6310835051202792,0.13595560885944957,0.3189091139148318,0.5166835883981293,0.4968652505748129,1.0,0.39259730440249163
1346,16152,0.16779356989114413,0.3186813283696695,0.1097440446125169,0.2674563690004288,0.18473950564411556,0.13731247079176134,0.30809844796694646,0.8236878351929914,0.19335817774863032,1.0,0.18165832647316205,0.05352327425514162,0.173723469186123,0.6088230840482313,0.38720986685374886,1.0,0.6810171314081656,0.0629095646604011,0.20254867439012225,0.511355816969318,0.5542296337509617,1.0,0.6250776194748489
1347,16164,0.3475626799376959,0.5227630584535138,0.5652757714121267,0.6385458419548177,-0.3890680506150548,0.3621746163682289,0.5225385707235171,0.8347550978263429,0.23322888120828647,0.0,-0.04204115480163839,0.22598017069047924,0.4385931268596517,0.6069497123524471,0.3083141493962078,1.0,0.34981462701637456,0.1976463250908904,0.3951587248418078,0.5172165755436335,0.37463718954533914,1.0,0.43133616898592086
1348,16176,0.23117834659067085,0.34831807362026734,0.2616854687419825,0.3756011893536657,-0.030678367694383767,0.22726629688419,0.41413756682563846,0.9123194671022515,0.6080739910951661,1.0,0.01692221509572267,0.09846140080945216,0.23724640376833875,0.6180631473490104,0.7224184135365691,1.0,0.5740889998500165,0.06939914280383369,0.21512297257116772,0.5398312208598025,0.6705237645768818,1.0,0.6998025817413027
1349,16188,0.16589314787859372,0.31057794419078516,0.5362167974396342,0.5978436861665379,-0.20079527126694102,0.41266752792637496,0.5290048799214104,0.9194891825762742,0.14962429124500573,0.0,-1.4875501683070067,0.23920502052132,0.3991310359694775,0.6430217680638606,0.3507663943379916,0.0,-0.44192224682105863,0.4287558485319312,0.564678991421726,0.5574938114325825,0.2529960724481456,0.0,-1.584530187140155
1350,16200,0.42239267392299557,0.48621116800046843,0.7583967632842881,0.687371842757889,-0.27574029632853814,0.49497648777858777,0.5998541590515197,0.9246109007517151,0.16846554432292388,0.0,-0.1718396609047832,0.36893827712254446,0.47546372843984885,0.6397355445499071,0.2973018438356254,1.0,0.12655142974898315,0.2490518272312611,0.40996467911069123,0.578918927932946,0.5686016858465184,1.0,0.4103784402362419
1351,16212,0.39773361373498145,0.4956956332814711,0.7955994084032985,0.6813684857684917,-0.31920784428338606,0.8475374377266102,0.8329859107796027,0.9127247766706728,-0.1561041045145234,0.0,-1.1309172985598916,0.8304892813594252,0.8192777753074566,0.6251594349741231,-0.033865398700120244,0.0,-1.088054045924311,0.572928652492781,0.6757089505661208,0.575978085221865,0.08472242111691938,0.0,-0.44048336048995806
1352,16224,0.4059907829763913,0.5174457492317371,0.46595156573121477,0.5743959055093281,-0.10134636948717815,0.3620579676272165,0.5045878710745814,0.9329919391332284,0.27033075015520236,1.0,0.1082113614183442,0.29818074613026724,0.4657793601659144,0.644525423339607,0.30556112397900137,1.0,0.2655479911532703,0.09029055209855462,0.26005598616124803,0.5929270471886621,0.705504440685807,1.0,0.7776044287591497
1353,16236,0.84666495786826,0.782378048711598,1.553909713894793,1.1347329302398819,-0.3257660729178639,1.1982686997310346,0.9230261561092058,0.9185748605592394,-0.11924653156269889,0.0,-0.41528084822129085,1.3933207827095728,1.0643093102165748,0.6349093532845039,-0.3340172535113832,0.0,-0.6456577891421034,0.7441841368735259,0.7815697051659946,0.5759227290622111,0.18659828679509677,1.0,0.12104058404963536
1354,16248,1.1815860838183465,0.9694996292369721,1.343905457660604,0.9988991435306257,-0.0928389207763626,1.0746481157487298,0.9552354692219892,0.9058975496684027,0.2105966746907732,1.0,0.09050374706855224,0.9588290126377165,0.8864221149557636,0.6404408235462175,0.3622401361137662,1.0,0.18852377683797772,0.7301922514279057,0.7828444705532412,0.5801806934326219,0.5530811870203107,1.0,0.38202365326759957
1355,16260,0.23631137922135345,0.41331745676094656,0.2912284186032268,0.463309951615351,-0.13924398231819496,0.530372292555129,0.6122683000547253,0.879863358910403,0.06744621158398452,0.0,-1.2443789812522228,0.23742093886731838,0.4083224964925029,0.6280885569002832,0.39369608735006795,0.0,-0.004695328890301109,0.19004183418263132,0.3878252910422752,0.5749518213000497,0.37596219106814605,1.0,0.1957990562755818
1356,16272,0.5285982985136357,0.628278811961923,0.8377585150613603,0.8137747624093589,-0.15873717136737922,0.3045554256182733,0.4886968149508017,0.9093199471741544,0.44502912022728836,1.0,0.4238433485793428,0.4060771628816098,0.553290936553247,0.6685500092463392,0.4499181053322346,1.0,0.23178496029318074,0.2407887746872711,0.426088968753072,0.6070970930623342,0.6482678115808216,1.0,0.5444768260428676
1357,16284,0.17173414649274413,0.33310898482673545,0.14841768131835978,0.3234239211043068,0.30488420575624126,0.11698428374685377,0.2777702816509658,0.8967734787736387,0.5274407984177373,1.0,0.318805921035649,0.2061151576199344,0.3856759710456248,0.6483569505614,0.5833650782781529,0.0,-0.20019903920879756,0.15727546579648816,0.33051996038409054,0.5928458473720772,0.6391361256633055,1.0,0.08419222962666228
1358,16296,0.21697144688784345,0.3814674364236623,0.20100231315851066,0.3986946897320705,0.12699196142503075,0.16419671822566795,0.32827325257280504,0.93435744203694,0.470819785395378,1.0,0.24323351952137617,0.17263096872116435,0.33580242312601905,0.7138568167168631,0.38149538102362984,1.0,0.20436089081158926,0.10912137992855205,0.2205988713172069,0.6163536009156498,0.6367996195746202,1.0,0.4970703219536583
1359,16308,0.6459799461551284,0.6537977599016015,0.8487537073997933,0.7137194973342019,-0.21673246290379705,0.20454011322967847,0.3646986896847466,0.9217832539963983,0.620373068032281,1.0,0.6833646083797169,0.26723295551859655,0.40914676598601746,0.7038882602748052,0.5355675318314681,1.0,0.5863138521417474,0.22277912278793752,0.36380636708691316,0.6119510588834489,0.5982128677810078,1.0,0.6551299709628473
1360,16320,0.4474400158863803,0.5536868390688375,0.7772566394617018,0.7721384615684078,-0.16505081141112976,0.18693417374224588,0.3361592720800157,0.9584523136559058,0.5353694646235191,1.0,0.5822140016423685,0.39501194240723425,0.5007245839463105,0.7453245050275531,0.2909884308328741,1.0,0.11717341234061485,0.5643423052838892,0.6073088922191617,0.6284395084314645,0.1781483899093526,0.0,-0.26126918748186845
1361,16332,1.3020488863851047,1.0158726774918712,1.3293570782446587,1.0101352781506192,0.04375195443288227,0.33648669890822713,0.46851641965634,0.9534426305548328,0.7081930641851242,1.0,0.7415713784430786,0.40787531029450186,0.5276519677199802,0.7215351302847206,0.5452077366670276,1.0,0.6867434744121694,0.6668109258431584,0.7116950946720012,0.6057405487679698,0.5253544861991702,1.0,0.4878756605718283
1362,16344,0.8207954159892538,0.8059189525305474,1.0566060662361305,0.9660464092565938,0.008279178009850795,0.4356830369775069,0.5618906119469677,0.9683806757816649,0.53851675295067,1.0,0.46919411525659516,0.3353302596008311,0.5078907587069097,0.7492765367318585,0.47432480211965516,1.0,0.5914569537444622,1.259788302232504,1.0091671860765585,0.6220768514173802,-0.23039694288907545,0.0,-0.5348383746931133
1363,16356,0.26454703695413473,0.4726431564009866,0.40894342438235837,0.5666676104057382,-0.27281407096415544,0.362879469087564,0.5274731363887545,0.8995371689812703,0.04275339159881607,0.0,-0.37170112833460855,0.5190137137336427,0.6163149354517349,0.6847212710793238,-0.0365472568002313,0.0,-0.9618957736564087,0.17233939615844873,0.3417117505782174,0.5877733632108719,0.3007222202069969,1.0,0.3485491346163605
1364,16368,0.49311761283767064,0.6588151795691678,0.8326401626909271,0.8466740470018793,-0.2723988531704832,1.037051281396394,0.8976202716213497,0.8825774251491527,-0.37536156324561276,0.0,-1.103050579411733,0.5951170594414074,0.6805282596385416,0.6832385966934916,0.048466669096040714,0.0,-0.2068460828579528,0.33045086242725025,0.5131007521005677,0.5616723782556627,0.2775860223116255,1.0,0.32987414396810166
1365,16380,1.2459001393682185,1.0839197712564121,1.5676161158101438,1.1992393926860017,-0.17513814775422665,1.1564837647994552,1.0065289005370939,0.8749284400746179,0.24862640923908796,1.0,0.07176849230798332,1.1277269933362732,0.990793829808414,0.6687739343124086,0.28010247322606757,1.0,0.09484961298091632,0.48529186918945405,0.6202538214410966,0.5704343550768641,0.6172799790752601,1.0,0.6104889518388368
1366,16392,0.045480334566484704,0.17543405148455812,0.052300834235826404,0.1963935472278169,0.2029806541817928,0.5875379886326808,0.6195456791280038,0.831564818445643,-0.40688846758399305,0.0,-11.918506300207572,0.42344637786362727,0.5532138334365464,0.6390171605338807,-0.3457100010934843,0.0,-8.310537881919467,0.24258827292612406,0.3984124445978157,0.5412407669908742,-0.07336599731251456,0.0,-4.3339157514661695
1367,16404,0.08781558476639799,0.2584012315396455,0.24218445036252775,0.43003143934919885,0.088786290834475,0.7141720713845418,0.6870546768317238,0.8720999359785301,-0.3881165968534388,0.0,-7.132634694449072,0.20028385752666242,0.36198220941511977,0.6564339321578982,0.11172471554962442,0.0,-1.28073249252335,0.2121790759946225,0.3919886366998772,0.5564058102572854,0.4717302311106607,0.0,-1.4161892966840588
1368,16416,0.10527558407668369,0.2199116483428751,0.21528246001767007,0.3611375885940566,0.05966705644635432,0.39024180454247553,0.5194812439389067,0.8618676738739598,0.1766521855715536,0.0,-2.7068595530965647,0.11241077620635388,0.2891740314711219,0.6236226737594626,0.13146067611606288,0.0,-0.06777632432295833,0.15134748530669592,0.31362488943619815,0.49026911971193493,0.15174284532187662,0.0,-0.4376313998548138
1369,16428,0.11081939738384573,0.22384418055903788,0.24049396785398838,0.3399099605282416,-0.1574431989606049,0.09812276942764564,0.2437928930373077,0.8789795044475296,0.29179847703479733,1.0,0.1145704475564212,0.14677354593597144,0.3122517067827286,0.665919501517165,0.37359601810676557,0.0,-0.32443912709244516,0.31168298732920197,0.45461058255419456,0.527361940187234,0.1989453364118338,0.0,-1.8125309709962054
1370,16440,0.21094696768974844,0.3074209926068067,0.1799090491987064,0.3256654767339842,0.16159892133802303,0.09242371915318381,0.22019825005109875,0.8590519718793115,0.584454420534948,1.0,0.5618627744907119,0.13302488635838552,0.2834952214020337,0.6217310322311095,0.20470528213462663,1.0,0.36939180583987963,0.09932408271698094,0.23158243863875624,0.5157220310761655,0.333157376126705,1.0,0.5291514080303708
1371,16452,0.18307364867014433,0.3020843446343037,0.2897905487046571,0.43144624730048325,0.1439159068365368,0.12299669416301388,0.27399262008523806,0.905505523341579,0.22245604330805838,1.0,0.32815730141138444,0.11521777000861362,0.26854819687845843,0.6683441482351031,0.1180797402339524,1.0,0.37064798322663606,0.09055885961572747,0.23077639308316908,0.5486916782056651,0.3737618025767357,1.0,0.5053419196397115
1372,16464,0.15607882959483524,0.29221370631655735,0.3262416909642438,0.40776078748630135,-0.08957095973534923,0.2861804524521023,0.43286413231076654,0.8576781902567807,0.5886234983528057,0.0,-0.8335635473113017,0.1410358756139373,0.31172841042018634,0.6198217782112911,0.3150902918245722,1.0,0.09638048939723554,0.19318533136824168,0.3646013490311826,0.5251869458159739,0.4138387766768753,0.0,-0.23774205553521344
1373,16476,0.16747994293475374,0.30742095830607824,0.12622090596606553,0.27974562328897257,0.1639321790133023,0.14398527368044908,0.3164518618615741,0.8620102095965994,0.18765150440814368,1.0,0.1402834801744447,0.17343982094568008,0.32776987683442277,0.617993177983222,0.14393622376249665,0.0,-0.035585622412399376,0.1018070577411065,0.2695575012799852,0.5343852163730449,0.5227634608147991,1.0,0.39212388088304906
1374,16488,0.24739608291081305,0.3740168311238346,0.28300184853916627,0.4204086480972215,0.016126932155101973,0.229340465440555,0.3662401456255822,0.7516811493949668,0.05760115272755808,1.0,0.0729826327798696,0.14844742207142833,0.27523125225559114,0.5541327749231485,0.556799022975461,1.0,0.39996049927377375,0.1310363040131115,0.25739659733262993,0.4882314378012939,0.614269366249497,1.0,0.47033800021663863
1375,16500,0.37032077678111053,0.5520423609575568,0.43615883217140183,0.5986590601200266,-0.09743606061173342,0.3078059615783111,0.5071705501658549,0.6104929680227504,0.29875265269382645,1.0,0.16881260550971122,0.3390517446696746,0.5384685067422924,0.5075589259113054,0.20975001899966395,1.0,0.08443769313520988,0.30986316679810627,0.5159964517704322,0.44391768075848875,0.3184700038553553,1.0,0.1632574075603097
1376,16512,0.1526231803016426,0.31276163832921616,0.3416947623949018,0.4768392455071559,-0.2537984654263251,0.07123152151125774,0.22900279018173256,0.8073992901018217,0.47308554809404413,1.0,0.5332850398577946,0.06794220730878306,0.2204354861137111,0.564954990086875,0.6094595634819054,1.0,0.5548369050199131,0.09931885496001917,0.2725790427068347,0.5003634642710578,0.569253181206099,1.0,0.3492544529361359
1377,16524,0.07401928575075396,0.21496350414161677,0.06428924622287795,0.2038232153164805,0.11796786655870858,0.1146584439127426,0.29517925675825957,0.8231015620367786,0.34810943775655584,0.0,-0.5490347245288663,0.11162148742008045,0.28114364332306924,0.5633311870236708,0.5021057953552,0.0,-0.508005464899308,0.07720199423802764,0.23790861023153997,0.509643274197866,0.3218544245670352,0.0,-0.04299836799278012
1378,16536,0.09034403068454251,0.24973763585769815,0.10810568471675326,0.2656784874229287,0.03277326133201596,0.17397488742014577,0.33090335726302345,0.8850292983438169,0.1463658881030762,0.0,-0.9256932207023187,0.09995627475281732,0.251227901997737,0.6277470112979863,0.29512981771338576,0.0,-0.1063960064150582,0.13439779404251234,0.2826767888085352,0.5564809771314075,0.25119390674465025,0.0,-0.4876222925208411
1379,16548,0.09116331765438736,0.24163521038417515,0.19959639346479383,0.38019714687702194,-0.04636539075631733,0.23520876736743992,0.45054933893683374,0.8792190724668985,0.3226694169012444,0.0,-1.5800812587706452,0.255791529911163,0.4418889152404504,0.6352544915041902,0.32940231431691913,0.0,-1.8058602570927023,0.32084805371899267,0.47506866901951894,0.5581398730273969,0.18662683765287388,0.0,-2.5194863677007855
1380,16560,0.40696782559204486,0.5674519237888601,0.27549642902597654,0.47532413933895334,0.12257935716100987,0.2104716842576743,0.43353329614341907,0.8616858989502225,0.47294431095946565,1.0,0.48282967099060903,0.1142776905335386,0.3016175968824459,0.5943551963920015,0.6153489929327879,1.0,0.7191972353900686,0.17774592258807273,0.38258403134552976,0.5487263276261762,0.49921201873209836,1.0,0.5632433047268708
1381,16572,0.19864085946371923,0.38030341376154375,0.38588755946538794,0.5393752618988876,-0.26361554204772103,0.05644617076923319,0.21127211476243976,0.877023943877792,0.36036247877028327,1.0,0.7158380661379347,0.331677396604893,0.5355967962796129,0.6067271998293409,0.0025366889502010715,0.0,-0.6697339988375968,0.26366575454793906,0.47373508404036696,0.555936516663101,0.05238685570840632,0.0,-0.3273490421848295
1382,16584,0.12272266053709774,0.2850989583148417,0.19522010670610654,0.3524617625576612,-0.18282516732998877,0.17381194466484584,0.36247944178291297,0.8990643630447581,0.12565304007637274,0.0,-0.41629870069761377,0.02714949192543145,0.13941934831612873,0.6211652300883315,0.7022141158757887,1.0,0.7787736037777273,0.03220035814266011,0.15512857693809964,0.5826872565185948,0.6713557412881099,1.0,0.737616850859208
1383,16596,0.14841185317704694,0.3283672023832959,0.35790499973927387,0.5140797247727679,0.14945622118669843,0.060931525641473326,0.21173540805392088,0.8753443248125393,0.350589389274211,1.0,0.5894429970577522,0.15111545386740136,0.3461162157667399,0.5977896007206404,0.3211228598341124,0.0,-0.01821687845329434,0.07788826825109191,0.22792119981595968,0.5377246549763115,0.3658964195821589,1.0,0.47518835872108134
1384,16608,0.06777866720281821,0.20307778892162034,0.16244509956436945,0.3543089998740279,-0.29781712716240344,0.07556787006113605,0.23131085848206334,0.8274634825941668,0.29354457161977815,0.0,-0.11492115705093076,0.03277657184676497,0.1476991871721209,0.6014506450334912,0.6688988098083445,1.0,0.5164175809375884,0.04440443464847769,0.17645978296143314,0.5406840500434905,0.3908227257498925,1.0,0.3448612007137347
1385,16620,0.08021725671719428,0.21972639353833712,0.047516845039234444,0.15566486136784244,0.3553729622030989,0.037028283585969796,0.1602842749901547,0.8356818114735998,0.40799509337731,1.0,0.538400026361997,0.04634025504441655,0.19050968412622668,0.6055446460009459,0.6011609335827061,1.0,0.42231563455493126,0.038549857987156065,0.17235406761120253,0.5373887995795101,0.6669232308386267,1.0,0.51943185837103
1386,16632,0.0881829293988886,0.21178088703754083,0.094436403344149,0.22510112646025107,-0.029854867204844315,0.050503624328796216,0.16721018910974128,0.8980504923530865,0.27767698618977027,1.0,0.42728570401254173,0.053349495573313976,0.17031034260091582,0.6511852210361353,0.4412866304599056,1.0,0.3950133440000423,0.06105057220944667,0.17479028227173696,0.5762879549153532,0.3853344708671289,1.0,0.3076826475871631
1387,16644,0.1014909912139134,0.25003220022380934,0.08469318492592103,0.22880984341190555,0.10677089116189083,0.052884907738312004,0.17818058345407284,0.9215852028694117,0.5254011518530863,1.0,0.4789201769953547,0.06109081775638716,0.2012042113278051,0.6591704814414712,0.4974365161703037,1.0,0.39806659659451415,0.13482469980730058,0.2850713748644233,0.5848019740229303,0.5743780701382263,0.0,-0.3284400732980275
1388,16656,0.09873278835886164,0.21827425333202868,0.1261310618426762,0.26813215343664437,-0.09093487400041964,0.07633373118240652,0.22743674572854336,0.9379157086512292,0.3001836734145469,1.0,0.22686543699183104,0.08153284712707809,0.23230227278077728,0.7162312077753714,0.3691961262098766,1.0,0.17420698349232622,0.06877782498370376,0.20772113859028404,0.6106554016344133,0.4104187144342015,1.0,0.3033942814040793
1389,16668,0.12930907235652347,0.29799986019090036,0.05221898880390762,0.1809770330869934,0.5001509338963654,0.046241304082994254,0.15678380772877804,0.9000263013344509,0.5115545848345194,1.0,0.6423970627868986,0.06958360721868101,0.20197413511717718,0.6926706776617266,0.48152010076043783,1.0,0.4618814755175946,0.05196827544150958,0.1729245506982299,0.5992503845031499,0.6815967111460142,1.0,0.5981080484575307
1390,16680,0.12728420655872694,0.25382037439402116,0.11667439572138283,0.2658827758288697,0.2570680230752661,0.08742767764987508,0.22815776727091475,0.919322612051975,0.4471040998853205,1.0,0.31313019883941906,0.09786024809077969,0.23245997769942736,0.7223929673131823,0.4033674764845431,1.0,0.23116739510311124,0.07293532728606457,0.2150089770042024,0.6098869425670936,0.6117111624261896,1.0,0.4269883966129502
1391,16692,0.14437723774000374,0.29014378940958624,0.1457550511973707,0.29321338672752334,0.019793458642511357,0.10788098044302101,0.2650923289395074,0.904972339466989,0.4686335912891401,1.0,0.2527840113045079,0.06924067892621967,0.1991099273552436,0.6771191255362587,0.6887677595362911,1.0,0.5204183151716124,0.054449367547068195,0.17563085480977628,0.6002977681971575,0.6779977637041765,1.0,0.6228673688499203
1392,16704,0.19987304061541755,0.35846340760714296,0.2903638491774216,0.43268630718866347,-0.27745708878514075,0.13434527966726928,0.2736233649244424,0.9164674486990398,0.40859414439229286,1.0,0.32784692095735135,0.12471160339800469,0.27051800494025946,0.6724721038680949,0.4740436754860132,1.0,0.3760458988665386,0.10333985581030965,0.25490747990766055,0.5813790399102303,0.6480299159815779,1.0,0.4829725134909548
1393,16716,0.1786323116163079,0.370600003500474,0.07497294826309653,0.23366839499809244,0.44692748332003235,0.04272506411415152,0.15687727261690987,0.8640011993173126,0.686743759122685,1.0,0.760821187793155,0.06067274343845606,0.16495396647581467,0.6651884071218996,0.7344939790233431,1.0,0.6603484392634538,0.04815068324345778,0.17047437146838929,0.595546063686054,0.7384730922722504,1.0,0.7304480762311203
1394,16728,0.1441466444455038,0.2929986596228035,0.09266054388090579,0.2437964409181299,0.01584916145306226,0.04703428958585526,0.17274319146246922,0.8450657299254394,0.6285987984390403,1.0,0.6737052758544297,0.03023594525115464,0.1501605373284365,0.6531760878637034,0.787695648865026,1.0,0.7902417682529844,0.04582702848134757,0.17052872596254406,0.5870360604754766,0.49416188328241856,1.0,0.6820805044915702
1395,16740,0.1694112526922463,0.3526628285614308,0.2691444325431493,0.42937099708938936,-0.11910756267193257,0.09592440529233885,0.22300220633539244,0.8666513011036976,0.6137859280757466,1.0,0.43377784079906534,0.03770851471480526,0.13609043923372333,0.6523362034286887,0.7643486424833995,1.0,0.777414344587211,0.043154898680732336,0.15870186460254354,0.5821327151999994,0.7133037404851056,1.0,0.7452654531802096
1396,16752,0.2379304831661723,0.3712311917859787,0.30944696874810246,0.4436741449181744,0.07916952659039156,0.14553660180192493,0.29432841240715596,0.8756225832154556,0.4337358110809024,1.0,0.38832300987561497,0.04978748197574467,0.16995609213075513,0.6395152604401089,0.7009352426952111,1.0,0.7907477792958006,0.09686447404235754,0.23508804040788908,0.5711735579270549,0.5511881353918484,1.0,0.5928874990990258
1397,16764,0.25897674975400126,0.4401775734750643,0.49546113102577655,0.6005429575171181,-0.26503057221262744,0.06783766062406983,0.1987072785255158,0.8916152188176497,0.6214736241855837,1.0,0.7380550157938581,0.052063876894635465,0.1872605983578537,0.6377992854844488,0.8681213866149206,1.0,0.7989631233533887,0.06777873392087393,0.22592207292077035,0.5530171421644883,0.8028114909436168,1.0,0.7382825524482175
1398,16776,0.34740488804718184,0.4595492906316608,0.14553258015185022,0.29855312116494165,0.48925931543858675,0.2655131973928637,0.4347089499209152,0.9052026630184988,0.40331827128702996,1.0,0.2357240599424042,0.08560586987115248,0.22111418533269767,0.6274292662004948,0.7639681615415174,1.0,0.7535847283198671,0.18767644406121783,0.3043127418918021,0.5615191615740143,0.5538646412022992,1.0,0.45977604081457524
1399,16788,0.19576717673974997,0.37616903204839636,0.13064154114132218,0.303950982683433,0.2984362288439983,0.06889928076764394,0.21937877613769344,0.9261331590258088,0.7731851306698324,1.0,0.6480549910609497,0.11831434492420523,0.2778582743728308,0.6725732750511171,0.6608548854689519,1.0,0.39563747664660565,0.08586590229805662,0.23341295476126822,0.5791083915406686,0.6848396494236091,1.0,0.5613876456306794
1400,16800,0.24790700644937436,0.3955628354440719,0.40592635682817085,0.5418485063560851,0.16114654059548492,0.350859965654092,0.488933604014258,0.9551162670293192,0.195805006898569,0.0,-0.41528862245263687,0.08798205585774277,0.2577739511856982,0.7208131212528756,0.6171796491786167,1.0,0.6451005676771391,0.18758836228950837,0.3606826058208025,0.6043369352932902,0.30415003028587834,1.0,0.24331157486742427
1401,16812,0.15549337164982016,0.32283589777657373,0.14852798469466444,0.3253059604075259,-0.06119413124935676,0.3028571240598541,0.4870022574873505,0.953029225289694,0.290804042041164,0.0,-0.9477172618129692,0.3651212340662213,0.5242004052831671,0.6864371493596654,0.283263197360932,0.0,-1.3481466135321507,0.1247972778482322,0.2961630116753297,0.6041471730935986,0.5128097014072216,1.0,0.19741094733425224
1402,16824,0.3520480586049907,0.48107689261105974,0.2262376967828805,0.37889703488327386,0.4181957277575199,0.20366092957394374,0.37683623141396394,0.9483064628381778,0.5646942598466616,1.0,0.4214967968266575,0.23060393206995844,0.42833782394395303,0.6885116036068066,0.35779820561589204,1.0,0.344964625046538,0.40501299402157964,0.570526621203087,0.5866787167803486,0.041025233312314224,0.0,-0.15044802583620354
1403,16836,0.38174935868334253,0.5202251338317515,0.78289691027386,0.7423722163867085,-0.39379507288676935,0.18714100310424406,0.3231449280020479,0.9447114612400205,0.5974665480145281,1.0,0.5097804387944611,0.1473771158663568,0.27277097534764505,0.6765605427323784,0.41988865853159496,1.0,0.6139427283528072,0.1330827714048464,0.2940423857030096,0.5791039436301636,0.47974138218350576,1.0,0.6513870465588987
1404,16848,0.19417826707020303,0.3615637183981548,0.30230969380753026,0.4524855800898347,-0.1561801973240588,0.14247356658217455,0.2939147789793881,0.9637959139008492,0.32318338220316106,1.0,0.2662743944940821,0.11510918740248259,0.2626626288339787,0.6749034000550745,0.3770622208077651,1.0,0.4071984000100993,0.14770685822583543,0.3145298853124217,0.5862141733337951,0.38041094742374837,1.0,0.23932342967900921
1405,16860,0.7455916017206502,0.7616488956600724,0.27602283064115013,0.4337599443335129,0.5341693536514157,0.25940099628670543,0.41418021878236483,0.9462045523472309,0.6274398534099327,1.0,0.6520870196390773,0.3962996347017815,0.5108998785228592,0.6597982648914582,0.5255126000009176,1.0,0.4684762626252562,0.32074362207757,0.4500043545944421,0.57956481628375,0.6465339089284752,1.0,0.5698132579050392
1406,16872,0.36015807006379524,0.5146605832439343,0.4353625108904164,0.49950207112725314,-0.1685849918718816,0.516727071874322,0.6003401207937352,0.9560046727889052,0.012391502797607068,0.0,-0.4347230142109366,0.4547485138663663,0.5556737987099137,0.6914870516995265,0.03992372833052578,0.0,-0.26263591368594374,0.3692287742661155,0.48988395646815813,0.6126471886783857,0.1491028414925151,0.0,-0.025185342093580143
1407,16884,0.40978369921247676,0.5628989016844105,0.7525371060567556,0.7528851683985257,-0.37190173434235674,0.22180839394584048,0.35349369959752425,0.9447580890426905,0.578659384118795,1.0,0.45871835709396847,0.28967704445826636,0.4140534547811015,0.6885900643474984,0.45887402942684863,1.0,0.293097687841248,0.22589663842097155,0.37829238121014774,0.6003302146979956,0.47628991296765105,1.0,0.44874176582645864
1408,16896,0.2829985665040841,0.43980750977545907,0.15965536866974975,0.3068375019707106,0.3171307788736386,0.16962068162171098,0.32919881593946154,0.9441622427055435,0.46103469833349225,1.0,0.40063059782579113,0.17953740479579672,0.333256212299519,0.6989695405343058,0.3870877126635746,1.0,0.36558899568416825,0.13740275487064768,0.2902359626645894,0.632852555632356,0.45702944306443366,1.0,0.5144754386285391
1409,16908,0.4907663887699843,0.5255481987157702,0.33653581097997903,0.47498408100562234,0.43215604854847023,0.37177164489222125,0.5056988852036158,0.9468821241212886,0.32332663640647097,1.0,0.24246718316631566,0.4661440923516443,0.5832343724078395,0.6643695364956894,0.20957958301090432,1.0,0.050171113959232794,0.12259251255057395,0.28800641280964695,0.613848427637191,0.7016754934343804,1.0,0.7502018977749688
1410,16920,0.7731529753675789,0.7045677139252696,1.873675434277126,1.1296435350239271,-0.17168409841584698,0.3188977705214529,0.4682610743804532,0.9287228110737591,0.6642677308547167,1.0,0.5875359978148699,0.2633368420902943,0.40744873999558645,0.6647564541051845,0.5303080764455549,1.0,0.659398785906377,0.04321421196569675,0.16961310402978502,0.6027785673542958,0.9184881420799622,1.0,0.9441065179304892
1411,16932,0.4437547413205922,0.5138965962579817,0.7696948981268248,0.7531863345631251,-0.20031414726559146,0.24923343873102763,0.4002502459860307,0.9460745403385434,0.570611517691255,1.0,0.43835318133318146,0.22059038634056394,0.3904139016666777,0.6907997694470892,0.4123489690993944,1.0,0.5029002153664932,0.07234122294015238,0.22415149771742718,0.5995284753310521,0.8096288040667892,1.0,0.8369792675907677
1412,16944,0.783018364641826,0.7377484498899847,0.4607478901593158,0.5373603815486881,0.37892010589542513,0.432095816467456,0.5574029686750045,0.9226398777197258,0.6144477537180796,1.0,0.44816643391868793,0.6764481073154474,0.7000238773025753,0.6436070156686962,0.3175077771853877,1.0,0.13610186189582762,0.3235063798581069,0.4755472182226031,0.5587296077518553,0.7043176551709001,1.0,0.5868470083634787
1413,16956,0.21584669750723873,0.40720129386270026,0.23779353530021263,0.39372892293025163,0.28225778021558634,0.10147113528123997,0.22489841001337793,0.9236764288293904,0.5293333934659871,1.0,0.5298925744377581,0.12697207382669376,0.26355721403593313,0.6510510232388346,0.5256150661838401,1.0,0.4117488231552138,0.05242873128864323,0.16570002737607123,0.5563905303935259,0.6690237832466274,1.0,0.7571019992701766
1414,16968,0.3798532368361105,0.4844488360161458,0.35500138853161783,0.5060002499962383,0.07298102299805077,0.0718749630150896,0.20398489949403673,0.9111735718799128,0.5945249944148648,1.0,0.8107822810363456,0.17124164141868273,0.3279751026480457,0.6283143163008869,0.3938345919104973,1.0,0.5491899902051756,0.13566572140225994,0.29985436861836173,0.5718345280159015,0.5953094987850048,1.0,0.6428470044582151
1415,16980,0.2730814499904122,0.46133650436443485,0.30114934397937493,0.4529523916232104,0.2115300118332859,0.04846133062820118,0.15536831495322256,0.9158352174507828,0.6570736731858297,1.0,0.8225389141961028,0.11671605275752095,0.2894924400179056,0.6776028266304259,0.7616857346996622,1.0,0.5725961878347328,0.02276667697854247,0.12237938296558526,0.5684304922884343,0.7891996261526624,1.0,0.9166304522722367
1416,16992,0.21253334248738062,0.3645220636190281,0.35293003576728266,0.5502154319318626,0.2251154413894964,0.04623192541013865,0.1642833760395861,0.9559575027125128,0.5063094807820543,1.0,0.7824721294594813,0.17700648650741083,0.35980561474327866,0.7561230379254853,0.3364100670471601,1.0,0.16715897639486488,0.03978200559925763,0.16011132970283118,0.6293856756587186,0.6477618570196464,1.0,0.8128199315285332
1417,17004,0.336047771010304,0.5036098129269314,0.9962130515427864,0.8122133082031645,-0.31837942259378715,0.057883668199523675,0.17433758888878384,0.9693183909895394,0.7488783562348372,1.0,0.8277516674920935,0.07051955378208141,0.21133535797810174,0.763072101187469,0.6233597833868725,1.0,0.7901502111736396,0.055030139706863,0.20162110377341916,0.6371917178027868,0.7359989103062723,1.0,0.8362431045401112
1418,17016,0.17023693794090025,0.3378539469477069,0.10316365482971157,0.25388970040283265,0.21958637399602993,0.279334248934138,0.4569645294716991,0.974621001595789,0.3135071936930343,0.0,-0.64085569391005,0.13002135855808572,0.26503364358650333,0.7995115828451101,0.490096716828858,1.0,0.23623298133320425,0.16704345194041756,0.33783390663083407,0.650320064659375,0.4726740142446625,1.0,0.01875906627027879
1419,17028,0.4134185144915921,0.5575691464432991,0.5535301094311331,0.6474436780455669,-0.06214678363688274,0.07668057124749272,0.2075302566557339,0.9757725349667,0.7567981514225014,1.0,0.8145207131282162,0.0993868950173173,0.2598739908103942,0.7623497549810901,0.6117901440103409,1.0,0.7595973776367033,0.05309486218973355,0.1904000410000506,0.6291065867000508,0.6079710401468206,1.0,0.8715711553097041
1420,17040,0.1512023708552188,0.3295536748722149,0.2255984383802708,0.3760700242019113,0.12886968351234035,0.06477718021755768,0.2227360857698173,0.9772654286518382,0.5274251399790628,1.0,0.5715862135549188,0.15134257484009478,0.3256520726511946,0.7583339860219548,0.4976535889584957,0.0,-0.0009272604925636418,0.3886892679292739,0.529070866306607,0.6467332482396998,0.310099113960919,0.0,-1.57065590791203
1421,17052,0.2733380714933392,0.44254287110548457,0.30662015756599353,0.4564288686944796,-0.1984051000350913,0.031030254144203306,0.1404939816934823,0.9827441074285872,0.9125171261710461,1.0,0.8864766478570861,0.11270891298986445,0.2686660423767831,0.7278970421624408,0.7559151504797114,1.0,0.5876574661769685,0.11798051970325385,0.2694883678123297,0.6107603716997603,0.8409794568628101,1.0,0.5683714344705588
1422,17064,0.13771574153503413,0.31058471858466313,0.12427887922430936,0.27320837678678456,0.17618069786553578,0.07536582657632541,0.2161356614103481,0.9815761458264818,0.6870848318290419,1.0,0.45274355904221186,0.1092501883795417,0.2553834621113445,0.7450661150403446,0.6463046713854466,1.0,0.20669788971256386,0.13770686764028175,0.2741526052194215,0.6108247917158723,0.49255667198223047,1.0,6.443631391350735e-05
1423,17076,0.1798671167257446,0.3587943084499871,0.17482215395650913,0.3610357998200004,0.2368141461531569,0.06999044819922008,0.21284448397235964,0.9743965655253248,0.8020878540294658,1.0,0.6108769102807202,0.09382318584340947,0.23208046622738454,0.7097914639548604,0.7033759209976889,1.0,0.478374993988101,0.19296702268508822,0.3581359938668401,0.5905721712336265,0.4674338646168083,0.0,-0.07283102213351156
1424,17088,0.19083799704989943,0.35009886111155764,0.18319493530284378,0.3305633175419435,0.14432230975704363,0.09361285737873602,0.23225181377865187,0.9623103281813414,0.542028748168337,1.0,0.5094642637951259,0.10390838902315767,0.2620253089634044,0.7042446091563038,0.5119719625264929,1.0,0.45551519807667973,0.10282494935269419,0.24656253117838375,0.5646269352642197,0.632285642252638,1.0,0.4611924724518671
1425,17100,0.21119627198459198,0.3834967858590401,0.20411578695401852,0.37730191533691704,0.08315554717356496,0.14278877442292445,0.30559418703294683,0.9633441558959316,0.4949009464128603,1.0,0.32390485361719956,0.11176746671774386,0.26296423166870975,0.7029091462756765,0.6581915935235969,1.0,0.47078863813515626,0.12056441590986489,0.25500519919790593,0.5594204681660389,0.5522931645845462,1.0,0.4291356813407162
1426,17112,0.15466964483628484,0.32425350400943165,0.4320227569086465,0.4996553140209281,-0.1549233571314479,0.10882084599680732,0.266361450421929,0.957093707839334,0.44326249441323073,1.0,0.2964304915034084,0.09627496036911842,0.24496112880725587,0.6798554890767157,0.44192402858419183,1.0,0.3775445694530183,0.18653777994846965,0.35703626702121727,0.5565746146261322,0.2094579041922545,0.0,-0.20604000963418967
1427,17124,0.537240576990726,0.6419006585547807,0.5714581552265372,0.652190813306197,0.05018044574292495,0.2388486610894404,0.38705953813275656,0.9559573780496187,0.6976325526352103,1.0,0.5554158205485595,0.27739070186778575,0.4284307068691189,0.68178385761093,0.4714940449695163,1.0,0.4836750726805691,0.24731555330004942,0.3900359211734549,0.5573540176139623,0.6300850189675036,1.0,0.5396558564407941
1428,17136,0.4006114660412298,0.5285883683244721,0.3395284103672705,0.4818764279330893,0.14768221477830062,0.5218539676398164,0.58460430530195,0.9569754625487926,-0.03906543704771838,0.0,-0.30264361326619804,0.548694891380908,0.6271496806246927,0.6975920553713365,-0.16669202718558895,0.0,-0.369643502226763,0.48797990611342446,0.5684051870719808,0.5640625739239319,-0.0008213896014533706,0.0,-0.21808771709794983
1429,17148,0.6202404217450735,0.6989693582544826,0.4534898564027461,0.5845713714462897,0.24103819226979056,0.39825368360497926,0.5224572915665132,0.9549038939350682,0.47404131015410356,1.0,0.35790433895863305,0.3286134975529004,0.4794383886948819,0.6904662244548458,0.563721877802317,1.0,0.47018368034071045,0.20974984495256577,0.38663134897731943,0.5666882349468996,0.7101007890677946,1.0,0.6618249349785598
1430,17160,0.18027170265670334,0.3461456695666209,0.18588840829630007,0.3609248345841078,0.10751710357836389,0.18187795391496864,0.35563531730309944,0.8809396246624319,0.132873384375149,0.0,-0.008910168565524401,0.20617040979582932,0.3730935878586499,0.5788186512735075,0.013151598778745954,0.0,-0.14366485009821894,0.14996251935475394,0.3283822724843191,0.4919903367313946,0.3727291580407653,1.0,0.16813056544802296
1431,17172,0.16526516367921182,0.34442730768615853,0.12593997197931506,0.29339156337211647,0.2794485760504609,0.206181089423383,0.34227264986966893,0.9132180821020486,0.0747480305379857,0.0,-0.24757743757535677,0.11976711901916985,0.26352157325537623,0.5947746120893298,0.1740589017285882,1.0,0.27530329833065126,0.24411698507125448,0.39402169477011073,0.5223262028009195,0.05590089500892017,0.0,-0.47712306475609156
1432,17184,0.14331951004087287,0.324544811521372,0.3165975810215526,0.47740650708035837,-0.0012025815441651933,0.1240287333197575,0.2541565526495811,0.8933073587004463,0.32018756154105815,1.0,0.13459979534966238,0.17864008280577262,0.33920235897198076,0.5812953507119136,0.06871267416498734,0.0,-0.24644636836134026,0.39613897545167026,0.50183771923159,0.5255099922869665,0.06727850006269837,0.0,-1.7640268609535195
1433,17196,0.28177826981139,0.43637684009311367,0.25041118797419837,0.4142774156986726,-0.0726008630854307,0.27928050900472684,0.3903366734607327,0.9195213518332294,0.20447511191108142,1.0,0.008864277604994308,0.19154355356789118,0.3324257261166252,0.5968709661021726,0.26893953188588343,1.0,0.32023305524552326,0.30610225162837396,0.4432739651608486,0.5447291018543517,0.15005880295014012,0.0,-0.08632312858356816
1434,17208,0.2884435695702567,0.43501859641602875,0.5227845024683903,0.5764194240052984,-0.23648939878817657,0.4087617328864636,0.520092194626007,0.9110339352477806,0.06361489339281334,0.0,-0.41712895002466266,0.4269456834297907,0.5379155347606598,0.5817467710332365,-0.030869996435025825,0.0,-0.4801705722401235,0.450713134086879,0.5598747932484666,0.543326061540214,0.2187302686201224,0.0,-0.5625695339937127
1435,17220,0.6994250430783503,0.6589773722789011,0.4867235370556447,0.553910863407239,0.36321265140062764,1.0474908956735314,0.8775064684572659,0.866817642394403,-0.22400894062748086,0.0,-0.4976456820351376,0.5345183016862648,0.5955342375691692,0.5755039931325308,0.3085323667492105,1.0,0.23577471671058325,0.3835777526013411,0.5450132885384779,0.5196576216302266,0.4186606915996359,1.0,0.451581328982565
