window_idx,start_index,transition_structure_cosine,transition_structure_pearson,transition_delta_cosine,transition_delta_pearson,transfer_mse,transfer_mae,persistence_mse,persistence_mae,transfer_skill,random_mse,random_mae,random_skill,oracle_bc_fit_mse,retrieved_state_similarity,retrieved_window_idx,retrieved_mse,retrieved_mae,retrieved_skill
0,0,0.9036295985631525,0.9036645518232415,0.10843069026288651,-0.5410617066983282,0.0989382758456318,0.26223343822189477,0.10943478634336441,0.2680417253558993,0.09591566674968033,,,,0.07489399440921464,,,,,
1,12,0.8546121861297097,0.8686063736806301,0.02947020151445206,-0.669505751188945,0.16780580168994655,0.3362623769146849,0.2018244413050116,0.3562479325972538,0.16855559908947615,,,,0.11180722319779388,,,,,
2,24,0.8326326287698605,0.8516300555045476,0.1611330332446727,-0.5672064031008046,0.16719535810145358,0.3356671077716344,0.2282317898468433,0.39214272586015114,0.2674317709480729,,,,0.09233736975054124,,,,,
3,36,0.7575379320271312,0.7836101617393437,0.13455346684608474,-0.5408933606126912,0.2604644814298813,0.4392999451883109,0.28642337238127297,0.4595989897791969,0.0906311895414611,,,,0.0730646222432311,,,,,
4,48,0.6782048979219817,0.7077115282128352,0.09588863702898111,-0.5437623751199414,0.33147271104901394,0.5177902781609008,0.30446244446993703,0.4899053251268502,-0.0887146085491799,,,,0.06321364851219931,,,,,
5,60,0.4349042450421372,0.4922681073000155,0.21509197988043613,-0.3460802327172025,0.367149184107535,0.553314367360602,0.3272404737737175,0.5246232037635441,-0.12195530055800452,,,,0.055461631443130675,,,,,
6,72,0.4044367880423255,0.42669863404022135,0.11700841570760334,0.03269482044391131,0.4122216619057694,0.5606632427591562,0.45386168586744907,0.5944281740036037,0.09174606550472442,,,,0.19380560336795696,,,,,
7,84,0.5325242944399748,0.5521521969613982,-0.1724510767119494,-0.2491467638173046,0.3423119506230234,0.4956568048975209,0.45387431052158006,0.5931627806057556,0.24580011979605598,,,,0.1264360881557384,,,,,
8,96,0.4785090072671943,0.5236981627770726,-0.31694519308714436,-0.3379253320303238,0.36744486943229215,0.49916167269134665,0.3813596687430991,0.5394116272807807,0.03648733846625141,0.2415270519116225,0.35931708341593177,0.36666860261427936,0.17171616186664057,0.4992925165274566,0.0,0.2415270519116225,0.35931708341593177,0.36666860261427936
9,108,0.43276836781471156,0.5020977418750119,-0.46845726821388306,-0.42713150382527737,0.5109380429304414,0.5964948299845468,0.3965315320450884,0.5597974756771844,-0.28851806638253485,0.22313692467892648,0.33530325622341917,0.4372782322552995,0.14743840737874495,0.35855559322992436,1.0,0.21319362972405956,0.32962696928753454,0.4623539050614064
10,120,0.21738934762831866,0.29087574999178084,-0.4013870256752893,-0.21795801326800204,0.6081560767412795,0.6440236697758968,0.3405122288096456,0.4938732543463242,-0.7860036300818234,0.22634246344873055,0.33573354590647025,0.3352882971634439,0.167854176367099,0.38719007187163007,2.0,0.22634246344873055,0.33573354590647025,0.3352882971634439
11,132,0.05124078594325392,0.10322260858184683,-0.35916604878337416,0.033494634205089475,0.5838951427575734,0.6377704665571289,0.3086369378121582,0.44336567219497636,-0.8918511403613723,0.2142790718243086,0.32407136466228637,0.3057244756791794,0.15568230260840157,0.369883613686657,3.0,0.22620279540830515,0.3536910290654598,0.26709098071088266
12,144,-0.04717084253957608,-0.025538577805552142,-0.3727171554686719,0.05922980956673836,0.42269923362081063,0.5147325908515734,0.30304976432027353,0.4332644032304141,-0.3948178925956445,0.22162104019793474,0.3388599969373999,0.2686975332417091,0.15125181019923548,0.37291458557123414,4.0,0.3732071971919776,0.5238736244549497,-0.23150466072482812
13,156,-0.27404164577762324,-0.2267912362884913,-0.5720076627400744,-0.490947513177044,0.6486880847519616,0.721127928823637,0.15988717077707412,0.33469409985887,-3.057161569619666,0.09579563246896616,0.25183012674061683,0.4008547902662488,0.08356996227711389,0.3987785103810256,3.0,0.14567784298964426,0.3133055531970458,0.0888709689362226
14,168,0.4546213720649458,0.47715571626466996,-0.7146187650733757,-0.8376653807802062,0.26889613886819536,0.4010886560450157,0.2607420663178749,0.37591067005760065,-0.031272562442531626,0.24181763268030143,0.41847142602935783,0.07257913502343105,0.05031916652651773,0.28881095407755875,4.0,0.3160424149677896,0.5078030214102249,-0.21208832709984415
15,180,0.6023567193705542,0.5825038877051971,-0.7115077163876551,-0.8442676556239614,0.8442606577305364,0.7280027781360194,0.25839947391780826,0.3697786238832556,-2.267269259221011,0.08642824620326736,0.2375285091505687,0.6655246820248617,0.051584226866793884,0.3818074828642397,5.0,0.28186808965275584,0.46560820584092855,-0.09082300122024423
16,192,0.5913220629916397,0.5892885992601672,-0.6508131054782706,-0.745166080655031,0.27513314662763994,0.438180908466547,0.22532716147000512,0.3244095008645221,-0.22103853273927143,0.2621055896643516,0.4464709315920465,-0.16322234725014417,0.037007459013868656,0.49961114404922413,5.0,0.30080417363273476,0.48773150463870385,-0.3349663292713023
17,204,0.45510172195769166,0.45397589965616675,-0.730119282572897,-0.7523656675369599,0.2740849315275544,0.43005724699499837,0.2420348911141928,0.350654315070917,-0.1324190915856025,0.10642905133143828,0.2771413513795329,0.5602739305829062,0.04092394696882175,0.32032102804256535,6.0,0.24862199245366814,0.43639860946549736,-0.027215503141518216
18,216,0.42389350990513397,0.4239897931872714,-0.7836868245496506,-0.7459937185836959,0.2648296352037472,0.43434536105912225,0.2562113291983439,0.38185809752204336,-0.033637489928212805,0.13083076688151282,0.3067634719783746,0.48936384940171296,0.04305297489175406,0.49258986089586415,7.0,0.1225219639557411,0.28102727241563313,0.5217933401341057
19,228,0.283605512721076,0.2852843485589367,-0.8596336342033108,-0.8157028591507837,0.2682991027363779,0.42968686329476097,0.2405432819843277,0.36255943297978166,-0.11538805209225766,0.26157362987118243,0.4388933069943361,-0.08742853973458686,0.04373600976766478,0.5853834493136016,9.0,0.13576642652720103,0.2864606075775646,0.4355842100132037
20,240,0.10452434289335075,0.1100852097908003,-0.7788131762050391,-0.6902588663493597,0.4807960914580078,0.5946356333706994,0.25326577411067996,0.38267350191851474,-0.8983855720192755,0.08340044346291264,0.22115550421988855,0.6706999050473132,0.04443941045902493,0.6291255637067256,10.0,0.1266228900371917,0.27637392417777223,0.5000394724402986
21,252,0.2600298076556025,0.2820894093513347,-0.5068218142996019,-0.3396050362599649,0.20749449812896714,0.4100851845994548,0.17277688437582092,0.3520120386088793,-0.20093899643212199,0.09349717308983636,0.23958293206358572,0.4588560071122527,0.03432831481276307,0.7256065927777565,11.0,0.07565696844838259,0.22042292255327242,0.562111744741183
22,264,0.5853111460774962,0.6180052665266095,0.11938279852793822,0.11351073733235766,0.17254166745375804,0.3543692392749525,0.21914679818441685,0.3910645285324386,0.21266626351273255,0.08187756975119367,0.23397258176043445,0.626380260037877,0.04872674212009171,0.6563307141979835,12.0,0.07103032612381292,0.20486223376495014,0.6758778740447791
23,276,0.6445458808672697,0.6720724349371818,0.2822545376492895,0.10078979648767197,0.20094053985294139,0.3909529346742295,0.27825019772583415,0.46213232948199273,0.2778422387647955,0.09133720357177852,0.25575001896199856,0.67174433542802,0.05036990494306383,0.5122157972880146,3.0,0.5336583364755827,0.687943352364166,-0.9179082021764011
24,288,0.7745326070822746,0.7844937562240416,0.43944541280130844,0.06856837025527145,0.22366301528665503,0.394903809920595,0.33907267949343733,0.5085771091479055,0.3403685144412115,0.15436041982499504,0.32142897991028463,0.5447571297823107,0.06998402393742788,0.5554787379473496,6.0,0.7749980343181617,0.8295837897731579,-1.2856398677592709
25,300,0.7026240511145336,0.7158326713018893,0.5071025100548053,0.01603387071468006,0.2791665325616437,0.46793754857516634,0.36375548762580584,0.5380693532323373,0.23254344729275545,0.1456284009645064,0.31283535856148176,0.5996530473945347,0.040740384655473166,0.5472837492942987,7.0,0.39896175815949203,0.5744548245031487,-0.09678553789930122
26,312,0.6649189451769318,0.6895629414830022,0.39144263532043505,-0.2733144198748413,0.33948857291237367,0.532334077418541,0.4355756637832064,0.6095884196368182,0.22059793248379678,0.666583028584921,0.7802834593840496,-0.5303495672721767,0.04426188524340993,0.47417204221862097,8.0,0.28308404025720457,0.4756787963411363,0.3500921566680997
27,324,0.7150025361455,0.7333638809342069,0.3932019406103875,-0.23458665580221624,0.3175742569840512,0.5171848471307405,0.43029244668365974,0.6057063722662491,0.2619571655704107,0.8993469307965405,0.8959714814363708,-1.0900830068665321,0.040499026004075976,0.6037491274930266,9.0,0.1657546619606178,0.33790141545561514,0.6147860292735361
28,336,0.790754844962356,0.8001105932748304,0.46851089637592436,-0.24201041183832367,0.24983195013066026,0.4558816409126772,0.40174277310082085,0.5809897615061367,0.3781295723072964,0.15463295119434625,0.31950358839012427,0.6150946288322161,0.0324727903360098,0.6699828536565495,10.0,0.10566322599877964,0.26054828030893096,0.7369878612047551
29,348,0.82667843998726,0.8288986901407532,0.3933205869625994,-0.5675673203520774,0.19341909990058342,0.37827552359572597,0.3232077677718134,0.4995476185636066,0.4015641974386629,0.09592502917058862,0.2456266793806592,0.7032093942794337,0.03862445957761624,0.6127248538830049,9.0,0.12894432151748517,0.28381297118840576,0.601048197552849
30,360,0.9245132397682311,0.9241523913578173,0.26972398777951406,-0.7208269623839305,0.20821174014442526,0.39770739819667095,0.2638018101167149,0.4277567311311287,0.2107266434134576,0.17339358513565928,0.3304228784424609,0.34271267866227273,0.032802195575095595,0.6690145082118146,10.0,0.09747071777559577,0.24551180504741177,0.630515356462219
31,372,0.9614235722922556,0.9613265877123643,0.2616982178448531,-0.7200352456347772,0.20583032124955114,0.41129625978014217,0.18021088258336188,0.34893252595080954,-0.14216366014598614,1.5790556786810448,1.2408449532839143,-7.762265941129309,0.02978269451675965,0.6540219065441163,9.0,0.08258367410577026,0.22659057470500127,0.5417386956774448
32,384,0.9374354540851344,0.9397824418726511,0.11341782299561148,-0.7579134663244252,0.20638989437681227,0.40556332435345094,0.1451906975282748,0.2903083009018881,-0.4215090766171117,0.4365021863655457,0.6295295919152561,-2.006406014962083,0.03172568130420624,0.6895672100461246,8.0,0.09048635522846189,0.2201910179075748,0.37677580748008765
33,396,0.7503814194625077,0.7649908449130814,0.29621480633654235,-0.43452569872288244,0.04887876483421243,0.18053210719579832,0.06298874992294974,0.19921619357473538,0.2240080189874729,0.23840729434906688,0.431785509961057,-2.7849186504049666,0.02135988143243569,0.7061008038624077,9.0,0.1170551780365819,0.27188512349437843,-0.8583505495785881
34,408,0.5846229027651603,0.6379762433991603,0.20040137686214302,-0.33020601103721564,0.04644447323290896,0.1757616210149407,0.055917807923914806,0.1821687993991731,0.16941534446228368,1.1384927283069717,1.0196900505758102,-19.360110143374623,0.024876236405756896,0.7698001458817226,10.0,0.21709236640683233,0.40091363615228737,-2.8823475824056173
35,420,0.5771650852466246,0.6163418465361625,0.15407637838680313,-0.3559431119676637,0.04247698130249065,0.16417681694144917,0.04976383936578943,0.1690918946861247,0.14642877551582556,0.11390971039691256,0.2865193243602677,-1.2890056685461602,0.02758487605003434,0.6923606601193051,11.0,0.11390971039691256,0.2865193243602677,-1.2890056685461602
36,432,0.6100915147614271,0.7103730564566871,0.04689415124632905,-0.21545277842166904,0.07813523984623846,0.23823713783219191,0.057731559688633624,0.18595724017607773,-0.3534233314957882,0.4316609446563541,0.6138077194505739,-6.47703590522154,0.03630026555539519,0.6393903094128119,22.0,0.43007350220419727,0.6086592624924593,-6.449538944101514
37,444,0.38795509966097436,0.5216891623113996,-0.08655334325432378,-0.14503055920056562,0.04716748474835529,0.17340635567264215,0.056357105771323544,0.18234955206872583,0.16306055637875305,1.2996863123648899,1.094493193550361,-22.06162274618111,0.04060578385024213,0.5876350834025651,3.0,0.9054703603226499,0.9202881016471649,-15.0666582843469
38,456,0.18276531394054807,0.2647175956458612,-0.20574628151023608,-0.07448286510432957,0.05568514580501232,0.1942187815270308,0.06146984579883808,0.18802774564665783,0.0941063039714849,0.4536144570063417,0.623742067208712,-6.379463070247624,0.046810270181165986,0.607869245007953,4.0,1.7772551574214825,1.3091448527658869,-27.91263406187163
39,468,-0.34710095039532396,-0.37086408469505155,-0.18399293420068477,0.14724901719882055,0.09471180912025538,0.24849489100044167,0.10033630303302782,0.24980708021475506,0.056056419688106485,0.9941278397743328,0.9150878252188726,-8.907957635703347,0.07802072770838116,0.5668301018516959,5.0,1.3713786328496902,1.1323926104530817,-12.667821031818084
40,480,-0.2994874208672651,-0.3336305897489325,-0.1115790758317154,0.27303885152268154,0.12728177068641097,0.29939723408304997,0.12925597873971398,0.3014903078746961,0.015273630454483822,0.10303844264850212,0.2391076635380739,0.20283422358362835,0.0881651507990313,0.5400857967084727,6.0,0.8599155757945225,0.8744326256440499,-5.652810834585503
41,492,-0.09672708649390817,-0.14272812815288036,-0.06914214961837037,0.320816409364032,0.14844322035015714,0.33835297000975606,0.15419178884972604,0.33919022653544606,0.03728193662226331,0.5588366349333956,0.6816987277160249,-2.624295684629698,0.0842871468534792,0.5720709319793873,5.0,1.0991757900174293,1.0042134502520887,-6.128627264897201
42,504,-0.04358688115112233,-0.1573009993903589,-0.10169389150851574,0.2417360059323032,0.2026100144044392,0.3976393506065361,0.21406839823412732,0.3973644699189308,0.053526741565824376,0.20205042133523096,0.34851904915247206,0.056140826941453836,0.06434880417044332,0.577606627006741,34.0,0.3314212226803083,0.528579318191892,-0.5482024689969971
43,516,-0.10239713715786801,-0.17918431529008624,-0.4263438127477723,-0.31665511775187033,0.3842079100046344,0.5288574549216885,0.3932949880458594,0.5078450019041663,0.02310499324279569,0.08003678252851963,0.22621906963599042,0.7964968154661887,0.0696548860109776,0.5669591463272259,7.0,0.17678350313552643,0.3055808389250642,0.5505065955355807
44,528,-0.03541281876333625,-0.2135326381562091,-0.3559207494368338,-0.4452761449247561,0.49299463249505787,0.6203798486034063,0.5413880936069886,0.6239178407278024,0.08938774547018602,0.09876529540783141,0.2683788432183125,0.8175702484518834,0.05695253371234102,0.5860086586634504,34.0,0.6902474267381487,0.7583356402170723,-0.2749586385237759
45,540,0.22212555357810335,0.0413659846601084,-0.24498279407334508,-0.5605997292283186,0.5292940820362805,0.6644058487509567,0.5824677981224168,0.6753318589543659,0.09129039623742574,0.10883683412513212,0.26248262292166025,0.8131453198340453,0.06708598729423049,0.5445810968593304,35.0,0.7428659056911688,0.8068986498081532,-0.27537678149040157
46,552,0.5132512755818907,0.40575116141831225,-0.11932715237539437,-0.6502364653479598,0.5337387802202255,0.668418455308608,0.5862471838085812,0.677952398529943,0.08956700354146274,0.12825276573975286,0.29444308736190955,0.7812309051848181,0.07121496518126803,0.5421695966543936,22.0,0.10443971134386583,0.26794705105875893,0.8218503828617674
47,564,0.9130171730316176,0.9019665831904856,-0.08564253780039861,-0.7636097699044299,0.43528760607430705,0.5930182632137666,0.5590571827569302,0.6295217310153717,0.22138983363431053,1.124841664627454,0.997049355752408,-1.0120332934109149,0.05303560072294882,0.5884849197595384,23.0,0.08796145079829888,0.23995677977873606,0.8426610845700497
48,576,0.9209705594497323,0.9073827434321069,-0.014046960598160749,-0.7899581260010471,0.4021496053159863,0.5782792503846376,0.5457098807254939,0.613915374647697,0.26307069100279323,0.14968636120874995,0.3250438973360153,0.7257034067080672,0.04165896584521211,0.5589516348052075,15.0,1.9136422960376578,1.2656236095267732,-2.5067026704621265
49,588,0.9771451219923628,0.9751495823275784,-0.009556646397411673,-0.8542918391473413,0.4268020739682604,0.6266462885845858,0.4884437568865602,0.5586283029129336,0.1262001654217395,0.14553509022738237,0.330314288396243,0.702043299406563,0.026416847878982304,0.6368855551557145,5.0,0.24462444235979228,0.4553020355383181,0.4991758233965806
50,600,0.9418825587366702,0.9332531213191491,0.052440721656039725,-0.8167426745817099,0.46200350012837205,0.6314305613173751,0.32638949466011474,0.43777601118558185,-0.415497458364825,0.13617699823997162,0.33372270797417497,0.5827776308125991,0.03736900250035465,0.522803830791911,15.0,1.5295531535170557,1.1246127768131964,-3.6862818152583428
51,612,0.8740192380671454,0.8377773438527224,-0.07253664176891023,-0.7987035728155163,0.5560805367015513,0.6860936711135746,0.15906976465825107,0.3281082964553314,-2.495827996579028,0.17058154829803726,0.3758386111103456,-0.07236940134109315,0.0385577917154489,0.6245091408011528,5.0,0.35140654766581164,0.5559808187306985,-1.2091347681363653
52,624,0.6582543251184845,0.5605862428721688,-0.3358096153749181,-0.7870434917697029,1.0734157762695702,0.9486552745977116,0.12084138077109156,0.2912186103533934,-7.8828493138698015,0.996904982736809,0.8777513964063667,-7.249698707309831,0.03590292423120129,0.6754873783821036,15.0,0.996904982736809,0.8777513964063667,-7.249698707309831
53,636,0.295822226342531,0.20110097632844026,-0.48859151658185856,-0.7532748700116988,0.13235878880287744,0.3229209436250378,0.08380797781551534,0.23899691002980453,-0.5793101355366899,0.18619653626011828,0.38655155663730056,-1.2217041994497064,0.033916001177330686,0.6913817034688299,5.0,0.36014499843371056,0.5662787661249837,-3.297263909964393
54,648,-0.11780439881203995,-0.19550038187054236,-0.6004218151899079,-0.6843826687369801,0.041529734410561,0.1645926012183795,0.08483375495316159,0.24665971500284514,0.510457430140981,0.3432377856238699,0.5518490367652491,-3.046004869327998,0.03302609612398292,0.6593698884984728,24.0,0.039711527055749894,0.1658799224436515,0.5318900232852428
55,660,-0.06847753782717605,-0.09851254616048497,-0.7792845043933226,-0.7775106165327978,0.05366307931923441,0.19260902183212966,0.07036298755864813,0.21654437574221738,0.23733938564638413,0.09613296847922144,0.2530809239711591,-0.3662434159591905,0.02851463017507515,0.699646375239291,25.0,0.0387903842355621,0.1610063360466341,0.44871038622073856
56,672,-0.2106263419387911,-0.217573160419657,-0.8553619147160036,-0.8262953894938921,0.05403197077535317,0.19363491042991976,0.06590146649184069,0.20428287053501368,0.1801097357667616,0.1823019117509941,0.385553048015739,-1.7662800458858539,0.02707213248778268,0.6167152551389442,26.0,0.03571098597363811,0.15428001526291668,0.4581154582036575
57,684,0.39654429125731055,0.30614345795702474,-0.7099014704240602,-0.8387192630022907,0.08517861935630415,0.2510103665159106,0.08092655040756883,0.22890589426396832,-0.05254232297460737,0.3684569668783231,0.5651897243735274,-3.552980017344992,0.028504618880628243,0.6399882369878175,27.0,0.047405214964117884,0.17980077815320092,0.41421925529542636
58,696,0.6876630249629457,0.6169381330672584,-0.5891315559828008,-0.8612865052156334,0.1364079669290016,0.3267573708327848,0.10220482343662103,0.26236735624799046,-0.33465292872004726,0.6246922436392448,0.7646483767681148,-5.11216009806648,0.027015134173105766,0.7141855442611201,28.0,0.10758863869048224,0.266688742527513,-0.052676723786914126
59,708,0.9048179988794022,0.8855738218126874,-0.464455065870863,-0.8414589750177527,0.10943134695191656,0.28831090288113365,0.11133058943490226,0.2734583657764404,0.017059484662984126,0.7812007034094086,0.8518104110192989,-6.016945723315297,0.028939409260946965,0.6631822970628121,33.0,0.5085137894834733,0.6819967609670718,-3.567601699268949
60,720,0.7656964729465382,0.7043812293234869,-0.5620103540449696,-0.7882757560067705,0.11150779351610132,0.28724365472822616,0.12628239363583682,0.3016865026978274,0.11699651625500007,0.4725080112708023,0.6214416871919385,-2.741677661205754,0.032661534573994476,0.6423979091675373,34.0,0.6792073870504245,0.7892895890007942,-4.3784804634687955
61,732,0.39842243641741054,0.31703515134469595,-0.5194867253794944,-0.6730913551845699,0.14042092450155827,0.335396192885026,0.13998502924957956,0.32793130712296903,-0.0031138704925477434,0.12858514221905226,0.29587600265186703,0.08143647282597932,0.02617274685238311,0.5975495453918367,35.0,0.811680358675415,0.8796692201202406,-4.798336886641418
62,744,-0.08911620548028396,-0.1670780443429658,-0.5601857555667785,-0.5723028433061156,0.16720942878205225,0.3789310285624322,0.15365470209926493,0.35967354512055005,-0.08821550201588102,0.16862991692459411,0.3603068729392263,-0.09746017935497209,0.023409338383172478,0.6342250757152023,36.0,0.9252791040635476,0.938391682166678,-5.021807933126532
63,756,-0.2504688434711722,-0.2928159932052772,-0.5447256184529038,-0.29316916617458566,0.2055157722241703,0.4388134220246064,0.16252833212297785,0.3800504314436574,-0.2644919783503703,0.23213819489890689,0.44291612592694624,-0.4282937126510251,0.009026017187449614,0.6595731974387281,3.0,0.021914020315685193,0.11582909788007241,0.8651679985302264
64,768,-0.2612675898214258,-0.2734535524159128,-0.6129957884560183,-0.28142841140905817,0.19873340530701777,0.41686540059110805,0.1434728512698935,0.3440646089473289,-0.3851638379526663,0.056675336704197596,0.20536070291725725,0.6049751837887227,0.015864859862113494,0.6954099540809019,4.0,0.09156246739943553,0.2489147534525774,0.36181328670193436
65,780,0.35503858201802774,0.26242858528852947,-0.45775161281465604,-0.46554987541825726,0.08774164024828549,0.26440852237560214,0.10817559457773525,0.2871519271557289,0.1888961591495194,0.4677384283674989,0.6494117518125827,-3.323881280184515,0.016323234149840816,0.8055648258303258,5.0,0.0742627819657695,0.21192325291670144,0.3134978156981232
66,792,0.7253392091195175,0.666374084215951,-0.39927098450321297,-0.6223957072876088,0.049038013540250044,0.191440764490447,0.07972746068555349,0.24278023032062934,0.3849294444023893,0.3063162816164703,0.49557661815443516,-2.842042365109145,0.017067977943136713,0.6856107806347835,4.0,0.10275426664476421,0.2680792004111303,-0.2888190061643736
67,804,0.9355792673552588,0.9276679272101916,-0.3221689492601306,-0.6778312226680646,0.03654538508941426,0.16081193606549363,0.06574633329154726,0.21680593868086157,0.4441456540647454,0.7992679112977625,0.8722740030069777,-11.156843907225486,0.01856233085091876,0.7540522872991527,51.0,2.0232352421285076,1.3926745839861872,-29.773354814429272
68,816,0.813800717381671,0.7926711860249533,-0.3900815473811293,-0.6341609962723369,0.03966358846906466,0.16037201115763203,0.046354613946141925,0.18279961198418854,0.1443443253534884,0.4425423678956125,0.6474737146442637,-8.546889300163079,0.015579877624555007,0.7185892775173935,48.0,0.3748263571019911,0.588655898600804,-7.086063612513113
69,828,0.45576813526250537,0.42439710934757996,-0.4312904381250858,-0.5227081104727149,0.018262731902531616,0.11156572741278924,0.03307775830048956,0.15592147385600458,0.4478848373995973,0.2720260151923385,0.47154098664207306,-7.223834660171406,0.01279160100952568,0.7611848756411103,49.0,1.188049435871161,1.0677482663181672,-34.91686670778949
70,840,0.048606218544300826,0.037336629687938674,-0.6175834836944787,-0.277649069149828,0.02575342458118098,0.12759586536191878,0.021982817107846605,0.1298522967237093,-0.1715252169381185,0.6442729093744065,0.7865967066246343,-28.308022998764706,0.008570458974296173,0.6288073124602851,50.0,2.3813676631752783,1.516672258488688,-107.32859371446376
71,852,-0.003580410819005081,-0.025839957249356546,-0.50398129249408,-0.22295353231881523,0.03895975592038325,0.1652134197720291,0.023080106790147888,0.135894590118173,-0.6880232086713671,0.08089904638947247,0.25364786593223015,-2.5051417710079886,0.012964936395285962,0.7518061451728838,5.0,0.08735606159559887,0.2403131970416413,-2.7849071665859104
72,864,0.17255928191261302,0.14547434503462575,-0.6235071849652163,-0.5182282866136435,0.01837720112668803,0.10413299287313567,0.022475899821323468,0.1348125243047976,0.18235971539377016,0.08289036700894664,0.2548952446189372,-2.68796656275832,0.013698812515602328,0.7563558877636848,6.0,0.057186201446355125,0.20194040545130584,-1.5443342380491076
73,876,0.3223064259820649,0.27301019678207433,-0.6004520573613618,-0.6536755427603295,0.014529183553167827,0.09692538674842946,0.01854476911317201,0.12380869264130914,0.21653467538466065,0.11984119801749873,0.30511460614327546,-5.462264225893097,0.010644298010041601,0.6903814485405172,41.0,0.4718876049992382,0.6752934987500508,-24.445860345819302
74,888,0.43477338992999576,0.4148370206353373,-0.35173452255923443,-0.22570718599166434,0.028377985863693448,0.14532207925582732,0.01752388394207642,0.11975101797789386,-0.6193890553883066,0.07819920045038245,0.22593961924794634,-3.4624354229269425,0.010590950904402038,0.7424261335061643,36.0,0.6102474041919519,0.7475550781452669,-33.82375289685028
75,900,0.2313316825536172,0.24018875017832642,0.006203828577557014,0.19683100039720286,0.03556650747707303,0.15084066061584306,0.02940741866745704,0.14148814895699033,-0.20943996748792482,0.08832986929954222,0.2555260387310147,-2.003659392835121,0.023839494529203233,0.7032710088317494,37.0,0.7144872778963199,0.8202969186617075,-23.296157577645157
76,912,-0.03584630516495969,-0.0100680698677709,0.35171056398911066,0.46166430354244076,0.0430868698118953,0.16777557011423108,0.03884400596324334,0.15935349799081053,-0.10922827714182803,0.09655534887907065,0.26224092187638015,-1.4857206790267057,0.030549793791019575,0.7741894978088211,36.0,0.5348288160419664,0.6815428153920391,-12.768631807647628
77,924,0.20550654784995512,0.2501487832493699,0.6164683043038645,0.6244280525715482,0.06099442154717785,0.20430449315586263,0.059955396787138265,0.1998610936097534,-0.017329962200541615,0.21230040149345963,0.38836877691161664,-2.5409723372726085,0.04466788881705979,0.7367164120235248,37.0,0.5868947179755407,0.7241567901759898,-8.78885553971419
78,936,0.43787160396727354,0.43702893995196507,0.45916038021649064,0.34930455827513635,0.07568917843728086,0.22731830358775207,0.07762565633981956,0.23295846800381048,0.02494636430591246,0.47202391299684154,0.6388312597413875,-5.080771941308635,0.05671887502572497,0.761268400575596,4.0,0.20993849361640166,0.4008138587178987,-1.7044987896444965
79,948,-0.11514648639875395,-0.10602419248606015,0.49460556389146476,0.428494549062835,0.08788703622992908,0.24655233337941904,0.08161071961658309,0.24486871128938156,-0.07690554185568854,0.29652621806416557,0.44180355218441775,-2.633422416286502,0.07078584922666808,0.8365842259116986,71.0,0.13748973372182305,0.3181135457933422,-0.684701891709401
80,960,-0.5293039775856777,-0.5238113877408018,0.5338365998498503,0.5541436008997508,0.12082603692439503,0.30735050293376187,0.10847963785424482,0.2933019463829327,-0.11381305574359546,0.30525640358386774,0.468110277817357,-1.8139511674441215,0.08341311538207734,0.8128340398147966,72.0,0.142075540082871,0.3408090322468221,-0.30969777271718235
81,972,-0.7906825314961571,-0.7836794928589128,0.5434219065064207,0.5915519483511984,0.13985614637688942,0.33907119164676736,0.12350386101542649,0.31594162538907566,-0.13240302956537064,0.7656658603808953,0.8018266417102307,-5.19952974818543,0.09653209164996338,0.8787488739503674,71.0,0.15433769204414466,0.3458086406992849,-0.2496588428508062
82,984,-0.3820393765365406,-0.3958478660818497,0.09014637846525193,0.22353409305566838,0.22276782337251946,0.40734167958045586,0.199631290889637,0.3868286614425105,-0.11589632256434768,0.3084195340702933,0.4751355524100839,-0.544945848398076,0.12672783394320458,0.900896015814034,72.0,0.20891225016965123,0.4038392533594492,-0.04649050376148223
83,996,0.07521510654985515,0.07408684799591772,-0.37576909525158825,-0.21851230679532746,0.27075696187034354,0.4627797765384633,0.2543583109638439,0.4422016150261786,-0.06447067070212853,4.467392807100417,2.0850075564280766,-16.563384464113067,0.08099479774648817,0.8634619590420782,73.0,0.2184422550822323,0.41607851090212805,0.14120260409622298
84,1008,-0.30010583045447353,-0.290880424456318,-0.6221188680072894,-0.5836570002283132,0.3600465333409172,0.5349659063616272,0.2859210473596822,0.4730425765596367,-0.25925158943611026,1.3955299834562715,1.1610545182689462,-3.8808228577196218,0.038894578670090316,0.8815570395307767,74.0,0.2650346882799571,0.44670802028193274,0.07304939343430206
85,1020,-0.5989356862878675,-0.5781217166672941,-0.7275149842880793,-0.7379653296329655,0.4610428175997995,0.629348154414893,0.340263866026274,0.5257155276662724,-0.35495673691134555,0.4596682913710302,0.6544862091159213,-0.35091714773950233,0.024001012441326085,0.8375051657022734,73.0,0.19668394026181493,0.38618786225698554,0.4219664210638585
86,1032,-0.14808568720163137,-0.17458917890397666,-0.7074223445274973,-0.8265699907914136,0.33562065512479444,0.5280396326909718,0.34106526837261786,0.5239065484546367,0.015963552295436667,0.22210981956666745,0.3882639748641161,0.34877620161543443,0.04157753083301906,0.6490269912786896,12.0,0.6655659503480336,0.7785058776269234,-0.9514327962027926
87,1044,-0.49849623905709617,-0.46272723028868207,-0.7538661890514434,-0.8647299298741549,0.44476871890660724,0.571515392503323,0.3172342238072002,0.4830540707364978,-0.40201997618301255,1.5010033009024664,1.1988598994357185,-3.7315301700068293,0.0423730354900761,0.6884656651729849,47.0,1.0749364855110308,1.0058940176311553,-2.38846317591612
88,1056,-0.5532439620580438,-0.5102268513872911,-0.7680097253511616,-0.9245716956286265,0.6725422100020959,0.7194439569699846,0.3100967941957704,0.47935407938747787,-1.1688138110112365,0.48322631384614945,0.6582018232254664,-0.5583079957320645,0.04474715575240447,0.7064954543943773,48.0,0.920346346734693,0.9236922288643482,-1.96793247773358
89,1068,-0.3511278550881663,-0.31739514166495686,-0.7619699679702175,-0.9540866230447778,0.6424538598511783,0.6880169200010042,0.2322668558707872,0.40224654284118655,-1.766016087153576,0.15509309380153813,0.33883659999820753,0.33226334329932006,0.040316031052652426,0.7729628005646622,49.0,2.0772721705584813,1.4071259153513855,-7.943472209027071
90,1080,0.10806830512951995,0.09408504706098299,-0.349726446318926,-0.6752260959477253,0.21785751305113735,0.3837348049057096,0.18224711251851516,0.35201203860887936,-0.19539623997611688,1.2720503795729134,1.0907218812346262,-5.979810884211848,0.0652014852125493,0.76000317081798,50.0,4.201727776969404,1.9720847958307248,-22.055113021571387
91,1092,0.8058275966523095,0.7945839802401616,-0.009300892803505958,-0.4292142136171553,0.24527929222510986,0.3961881720899816,0.14289403237767978,0.3144877619128557,-0.716511796495588,0.6520539815428116,0.7041219468365618,-3.563199531099965,0.07788163149102598,0.765733850787474,49.0,2.9066868653168125,1.6487344837160796,-19.341555325657115
92,1104,0.9111500112279626,0.920029585916248,0.44425387497350993,0.13771648866863354,0.11607180429759474,0.2941200790754423,0.10578734192286694,0.28255706606346914,-0.09721827004809835,0.3177728819183835,0.46709362769310786,-2.003883793110921,0.0735873055024418,0.6406974969586134,70.0,0.3177728819183835,0.46709362769310786,-2.003883793110921
93,1116,0.8877086091540134,0.8810680481478612,0.6661700070511518,0.3740230376971543,0.1225468810319613,0.29618027108234246,0.13357377859251157,0.32296466793037126,0.08255286087391156,1.1653456637601822,1.0290282242123185,-7.724359496598938,0.08459820021923836,0.6990386939848914,71.0,0.24943370513068722,0.4252020356197924,-0.8673852589857858
94,1128,0.8319267500299715,0.8098744613965618,0.6151226937387164,0.09643347700743814,0.17158305995664105,0.35171458538708567,0.1523127609390052,0.36201586183787415,-0.12651795488989137,1.1301262666042025,1.0183149790631374,-6.419774020489131,0.07430159582320743,0.7526531664698024,72.0,0.47305236382925686,0.6228739530691796,-2.105796001023803
95,1140,0.8295484390944973,0.8057235548952505,0.6729168276302582,-0.01952241510013334,0.1716720983266048,0.3490601642275813,0.16761362169365812,0.3831196591139283,-0.024213286437806403,0.3168347989261316,0.5299871797672868,-0.8902687963225333,0.027411243461979234,0.7568454482632723,73.0,0.5569736195620225,0.719180681945215,-2.322961546526241
96,1152,0.7113535927342118,0.6740526336632312,0.5669642105380288,-0.22622704095248072,0.30349522647997407,0.5055299256750919,0.19745082347102705,0.42659007703959134,-0.5370674132666124,0.8208489395747184,0.8736865693044364,-3.157232292805128,0.01096707181394257,0.7935314843523353,74.0,0.9467150057819554,0.9564133240977247,-3.794687553789168
97,1164,0.6881644450253396,0.6513772246228837,0.5199316548663346,0.012017609983782172,0.22145229673587594,0.4278338801415594,0.1935395065043499,0.41522471802917765,-0.14422270024181705,0.6432881897463445,0.7866745641492743,-2.323808153514571,0.01691247233263345,0.8724536639426431,77.0,0.521189025534611,0.7051200062825688,-1.6929335252949866
98,1176,0.8927858151131306,0.8792312236965142,0.32740680867206573,-0.0717437789505985,0.11802944121434662,0.29434167485526563,0.1860005164054327,0.40341575962107723,0.3654348735404951,0.583919168161634,0.7408265712387223,-2.1393416504760787,0.021916180425591732,0.7514745123107132,86.0,0.47340427164175014,0.6522673056968809,-1.5451771897764632
99,1188,0.8708393993365326,0.8641925659026136,0.094788006441725,-0.25703174074253526,0.09387442542274307,0.24866848486935683,0.15834774728190465,0.3620261150366002,0.4071628612712783,2.337384074163915,1.5104144662571604,-13.761081949607389,0.028545550649498416,0.8451893369208561,67.0,1.039953953352353,1.0008806951283626,-5.567532353339609
100,1200,0.7344097099716913,0.7223176083790792,-0.27084170451484757,-0.6550819574807865,0.09229418107221517,0.2547980254785148,0.12246381202608876,0.31376980325195186,0.24635547803661773,0.8663337718752985,0.8953602947088984,-6.074202227926249,0.026151923296817623,0.8491762487706845,88.0,0.3474532132038156,0.47637735272590465,-1.8371909011765601
101,1212,0.22745456952070656,0.16181691815082336,-0.44178067195287535,-0.7470874470200618,0.12519965936995828,0.3065569709060664,0.11803996129587076,0.3052044380252983,-0.06065486633074646,0.21512864107156765,0.3898133339459685,-0.822506875721021,0.026441108788331828,0.8599689191255037,89.0,0.6713226807480953,0.6796470727462429,-4.687249244901094
102,1224,0.11493058374060006,0.03298746104971029,-0.5165070712084905,-0.7314124823173708,0.09912894563538018,0.27710879168867464,0.09913738644440524,0.2712968237364893,8.514254135394417e-05,1.39658725258971,1.1614478245582125,-13.0873922813458,0.02877828869789569,0.817434227627099,70.0,0.37936306211020626,0.5794016358197615,-2.8266397341728124
103,1236,0.013429766296239102,-0.049126631229412715,-0.513826553081391,-0.4548013262845809,0.11589423982717577,0.299792926967905,0.06332023895983364,0.2202520649375502,-0.8302874678140704,0.2688416337741392,0.4810089675884953,-3.245745723490958,0.028020474121819648,0.8324957305865764,71.0,0.15264497606045332,0.3414963205164028,-1.4106822489612152
104,1248,-0.4875871810069671,-0.466406941914616,-0.664169091671616,-0.198861831958396,0.22110832047739062,0.43329823694181996,0.060492029523143656,0.21988924891050834,-2.65516452696957,0.378005381729558,0.5743756384310402,-5.248846082853557,0.025535877072143894,0.8017002794370823,72.0,0.37470899709894157,0.5696020525398047,-5.194353207402003
105,1260,-0.47607644125843124,-0.46071907745899354,-0.6514972563472721,-0.19258554029204317,0.1354571899194286,0.33818312403953144,0.053353936172893066,0.20852389479072128,-1.538841548268913,0.4352072423715083,0.6237711900627777,-7.156984724823717,0.023276535999496854,0.8332234288530427,73.0,0.41534893357330827,0.6079154789538882,-6.784785216734017
106,1272,-0.04342850051606989,0.013696264930558855,-0.5169579658512317,-0.09191010173183518,0.05080562861171675,0.17025934422783337,0.05413636509279492,0.2064456914738283,0.061524937541871716,1.085823081398334,1.0228991048080756,-19.057184843074136,0.02369271222066461,0.8664710622344723,74.0,0.8323541931229776,0.882902828400585,-14.375140013487103
107,1284,0.09958034082284585,0.12975095126805206,-0.6676932053563772,-0.388257660053282,0.03758312553381483,0.16087909575548262,0.05322222450748789,0.20400466968458025,0.29384527081299994,0.20685488153267073,0.44515870220603326,-2.886625999699958,0.006736319794535408,0.8756928421786923,73.0,0.26694616715140546,0.4997039379771783,-4.015689772866381
108,1296,-0.0811331709454744,-0.03902886640084897,-0.5752401334968771,-0.30510133118664656,0.05755887943549125,0.20281518952979827,0.045907970554390075,0.18631880664801606,-0.2537883670396104,0.8733451888318431,0.8076951524386415,-18.023824801776758,0.009336769072475366,0.7779414849287865,78.0,0.05394679696109382,0.2069777945302454,-0.17510742273348034
109,1308,0.19889938960287365,0.2631349644999341,-0.5610187764253792,-0.5602210427865887,0.05058550053406571,0.18708849369946767,0.04543765312254069,0.18550598205709112,-0.1132947469280996,0.02874498585456719,0.14083582233096165,0.36737520802307044,0.020248701634027054,0.7191867684267148,71.0,0.10760545541488051,0.2847714558207935,-1.3682001164250197
110,1320,0.49492552927875383,0.4946822274117091,-0.5345694287663906,-0.5962357190712877,0.037888397819252094,0.16064119923658893,0.04542527317579378,0.18559699906395583,0.16591810746793556,0.3083994570379778,0.4791598016223031,-5.7891602070170425,0.02570365883864518,0.7573848916403885,6.0,0.13106050237491457,0.3232606601967208,-1.8851890855497175
111,1332,0.6133950570967538,0.6028618851588857,-0.37433153027063804,-0.506964933904028,0.02845421211314398,0.13844756574317243,0.041473100825423576,0.17378163638028563,0.3139116307478712,0.07811157584077115,0.2294787912685011,-0.8834274333518772,0.02595707807973377,0.7986057144144112,73.0,0.3886771507022274,0.5938924094251471,-8.371789014241322
112,1344,0.10965938000734239,0.15959334353087345,-0.466805992154201,-0.38626841187853445,0.2124210459001586,0.3184550531866787,0.1782672904828367,0.2841724155856399,-0.19158733677286777,0.4790981493169419,0.6049457211284058,-1.6875269603262897,0.0912426174214162,0.8440195774947151,94.0,0.21556316456328004,0.35459615118813786,-0.2092132212220621
113,1356,-0.08363538152936674,-0.02509216068795121,-0.6386299780227563,-0.4803003596590977,0.3259112217760108,0.4237653102349526,0.27615007655400103,0.38319911957007036,-0.18019602182612093,0.3645980975168659,0.44896951871341406,-0.3202896847488974,0.09847365214927264,0.8309468670140938,95.0,0.3358537633266649,0.4550440943272726,-0.21620014565155787
114,1368,-0.25539146800357443,-0.21762118918357784,-0.7126442876597567,-0.5057631597812652,0.39763125369046076,0.5156944151197951,0.3213144302522089,0.4420118171426771,-0.23751446014531186,0.4377951134143496,0.5365006365831432,-0.36251307814190503,0.0907138307393072,0.8604918296340416,96.0,0.6088177407534358,0.7047717157543386,-0.894772482753287
115,1380,-0.3066030127064141,-0.3086072707408085,-0.7235283824465563,-0.09128693821416686,0.42014935170253626,0.5641480607863738,0.33739057200751205,0.47033355576710173,-0.2452907299768341,0.47521570530919965,0.5924553482441685,-0.4085032147804619,0.08357965640809036,0.8620814796450544,97.0,0.5376315701278513,0.6579526509228748,-0.5934990919541192
116,1392,-0.300237901803683,-0.2670325794542572,-0.7678800009206932,-0.29075041371654253,0.465304000962809,0.590736276496318,0.3385057976230847,0.46924766792901623,-0.3745820728332401,0.9843391128354394,0.9332016077353154,-1.9078943986993964,0.09042088514804415,0.8652033349300489,108.0,0.17969057813236322,0.32684789017844823,0.46916543411039924
117,1404,-0.19594573994356898,-0.14324300361848094,-0.7455695880619,-0.4786487334412289,0.4566849207348277,0.5719541684779827,0.33410200347507873,0.45211053809076596,-0.3669026703962661,9.803648279268916,3.11912883663731,-28.343278930681983,0.0686463224414949,0.8733974331729986,99.0,0.27260584277604377,0.39661626362432156,0.18406402852840742
118,1416,0.14975644659492746,0.1324966731194617,-0.7488902172745797,-0.6782704944414033,0.3070181300016391,0.4486177377191887,0.3307759447774882,0.4407503020117454,0.07182449374252686,0.6777710254833323,0.7428224051696549,-1.0490336017005908,0.0681884270807594,0.836122878477041,100.0,0.21768550560828953,0.3754741725302089,0.3418943878923063
119,1428,0.37453809284255823,0.3449308262701517,-0.6748301634866749,-0.6943106857587334,0.16260918680882386,0.30729104452977746,0.20182530733302212,0.3259377360998776,0.19430725037613672,2.759649924439087,1.6340430814540847,-12.673458303648328,0.038267994085559316,0.8666425143789094,101.0,0.1235766871196646,0.3025264132207205,0.38770469990784295
120,1440,0.6542407256431426,0.6226716871640099,-0.7897357573902006,-0.8770804198033577,0.04801964982760427,0.18528317764699703,0.1622355345670551,0.29969548213652264,0.7040127493908752,0.6356092219535073,0.6215280261991346,-2.917817533931185,0.022928947300244733,0.7709076925405596,98.0,0.10968393438184715,0.2724674094060184,0.32392163853281697
121,1452,0.5728985227581046,0.5733117514064305,-0.9204465129098667,-0.9362128415220167,0.17399353500688788,0.30224494357083675,0.16409600698405674,0.3003249693617218,-0.06031547144101301,0.40950290091544955,0.5981862392370535,-1.495508016567619,0.0231515081329204,0.8776557213433003,99.0,0.07612995453469423,0.2249858286044429,0.5360645518809555
122,1464,0.1464929964710743,0.12287728283838036,-0.8413738163863858,-0.814965084490486,0.20098272621939803,0.3607524200292909,0.13939233831068287,0.25865839304442134,-0.44184916226485993,16.13056769818991,3.9716123696241072,-114.72061917949533,0.03365679681854213,0.8687167242863021,100.0,0.2241104910690933,0.3552134603822117,-0.6077676419315632
123,1476,0.07021832134456706,0.041946045713533664,-0.7389113915475127,-0.7457953449927301,0.12493935920356737,0.3109600465553214,0.13862492943974666,0.26488401891398416,0.09872373094427955,3.7940051721602464,1.9172137847803299,-26.368851962585207,0.05983503422257215,0.8560648280503761,101.0,0.23131656222523325,0.35296360001659244,-0.6686505317629396
124,1488,0.09437408287943282,0.08684145011230945,-0.7359671550525113,-0.7380478632827686,0.32490736533629755,0.4727342967864145,0.13874336501626722,0.2655173452810865,-1.3417866886694236,2.146281053454673,1.4284781155097956,-14.469432020789089,0.05755900674403893,0.838496894707447,102.0,0.13527079610362366,0.2853920328333408,0.02502872056070149
125,1500,0.287920434522828,0.2557221115146721,-0.7336642900725678,-0.7494839525811836,0.21601146263962615,0.38395607532573894,0.13860351169147586,0.2656942759259292,-0.5584847743284911,0.7297213852923445,0.8157015842963267,-4.264811665931424,0.051879915228637406,0.7825313510613716,103.0,0.11195143458220753,0.2603800893946325,0.19229005660833798
126,1512,0.24711348803621108,0.22408013190290763,-0.7246174254390128,-0.7876446133451617,0.4902047716193491,0.5604488714463046,0.13931477332845393,0.27354553875077536,-2.5186847733917155,1.1262208458858354,1.006678365058524,-7.084001566945188,0.051928463006041044,0.7873098813818139,20.0,0.37035579440559707,0.5133623780070716,-1.6584100562862192
127,1524,0.42569951299526193,0.3264830296345822,-0.5182125655709469,-0.7184580696824978,0.39676816812412874,0.5016609532137779,0.08720829213911144,0.21960720402754508,-3.549661028692304,0.9384465712774789,0.931361500635682,-9.760978666805029,0.031080569705218188,0.7814949559723791,11.0,0.3233892923996909,0.5052375225942107,-2.708240173810906
128,1536,0.3672555660620761,0.2731588156116293,-0.31048156639429714,-0.6603389329730182,0.21441627216593367,0.37174297788154603,0.050831180036960306,0.1856957408155797,-3.218203709023233,0.37415489950794845,0.574993180412451,-6.360736052869388,0.015659715310370536,0.7972070119295203,74.0,1.8921323237961178,1.3527464780241218,-36.22385202193443
129,1548,0.010930659374472127,-0.0389421247481597,-0.6087456475001991,-0.6613938627670228,0.13323054607382512,0.30284064840824304,0.08681741017657685,0.23584178339343567,-0.5346063168994464,4.265597234996345,2.049712829645709,-48.13297029156479,0.02860779253710882,0.8328546647597675,115.0,0.24732821124997348,0.4648438780169212,-1.8488319421984105
130,1560,-0.6120508028905726,-0.6479107900015731,-0.5989492721771823,-0.46172480834125873,0.18465074843984827,0.34349241071152153,0.12025919086624444,0.2818403924147118,-0.5354398038917614,0.5916470522416682,0.7368073879888624,-3.9197657823900904,0.03775285461571857,0.8483833248143231,98.0,0.29859429324756454,0.4802752781171919,-1.4829228526879854
131,1572,-0.38108672334653027,-0.39237125118172844,-0.33474721530578955,0.018030383769785725,0.3353778859212096,0.4524717192554312,0.21571357424158943,0.385374774735814,-0.5547370493504575,1.100701843331258,0.9822363886430227,-4.10260815621423,0.035627523796492734,0.9065922749624244,99.0,0.2901521132137678,0.44490563022433105,-0.34508045788908315
132,1584,-0.2748542387239077,-0.2828904399660603,-0.28547250714692746,0.18372314017376395,0.38912215319186716,0.5188022623789554,0.2564633668341546,0.4491374589173497,-0.5172621259530532,5.472719402057901,2.2822842783831896,-20.339185668559466,0.02005276722088483,0.8817852203871179,100.0,0.12003138154566521,0.29917151720151347,0.5319745543881709
133,1596,-0.20878389643030829,-0.2367537878466685,-0.2629702678547916,0.20084988956231514,0.35020696396941436,0.4873532900388493,0.2655890542292391,0.470059217289048,-0.31860465780769176,0.5952270152237125,0.6760299437106101,-1.2411579308157457,0.017507548934844342,0.9154074477267988,123.0,0.46267251290757466,0.5272028198989495,-0.7420616758860326
134,1608,-0.2361180408458534,-0.25676002519246766,-0.22251861098905043,0.10140986334850215,0.3517915109871781,0.48826636161436454,0.2634549985963693,0.46618358152998857,-0.33530019495339425,1.159563828238463,1.0299123998105837,-3.4013734201907955,0.022747305391432247,0.9197290896017964,124.0,0.8191434609044531,0.7472604352091634,-2.109234841884461
135,1620,-0.07304093860413716,-0.12192072624929196,-0.04076685658759429,-0.1725326754067469,0.2650572474407873,0.3871194112350359,0.24057863304051724,0.42181060090539907,-0.10174891298907429,0.47669134545533753,0.6409499531611421,-0.9814367528435295,0.05074449055160903,0.8591126036929665,125.0,0.6631836337908504,0.6482768377613007,-1.756619012292583
136,1632,0.531005722082923,0.5306632882428104,0.1353046661467121,-0.6459151229755881,0.18039339206020907,0.3341682175357262,0.2264494511112972,0.4026914150244535,0.20338339892222623,0.5390790719566988,0.6326674997754131,-1.3805713341815427,0.12456504679905042,0.7217846873924627,2.0,1.0827548470369825,0.9568397845593934,-3.781441693602611
137,1644,0.35334397308468124,0.3426496481549611,-0.04202308830829349,-0.7062597234748567,0.1639181471609685,0.31254034467697733,0.19539319723177784,0.3544389631668716,0.16108570061153782,2.6133944219747867,1.5487497097479979,-12.37505327206835,0.12724929035538438,0.8400782575924439,87.0,0.16841109606632373,0.3262113183740319,0.13809130280747495
138,1656,-0.40317004686138613,-0.4589279953497958,-0.5349322498094533,-0.8632690346469692,0.35072594132675655,0.44738232874916567,0.181410359709847,0.346504365286937,-0.933329176391678,0.2695593833998484,0.4293670792487085,-0.48590953587760644,0.0710901475766505,0.8499199387542066,88.0,1.3239740500487183,0.9885969726572487,-6.298227356840705
139,1668,-0.5811027726385883,-0.5990677072794652,-0.8359666629437756,-0.9203696852603722,1.4607782810330645,0.9271519282263172,0.2599256801668405,0.3986311678914318,-4.619984451307095,1.811111836393638,1.3290400938862503,-5.967806471569588,0.03444607658497018,0.8892643598180392,121.0,0.7595378833653591,0.7169511683906055,-1.9221348305324382
140,1680,-0.5158354207810997,-0.5270016582814018,-0.8770110030588576,-0.9048910500426408,1.8404616093843649,1.141783461879281,0.28222685852196333,0.41369395311719864,-5.521213533761307,0.9443342320256759,0.9345553376574827,-2.34601120875314,0.03380006516600409,0.8659057307719833,122.0,0.6839636888658881,0.6801160837771658,-1.4234535736529166
141,1692,-0.5796641299072389,-0.5904728287019104,-0.9098214754131314,-0.8750152151915696,1.7473966790338404,1.184356784363095,0.2797321252000145,0.4056670434369998,-5.246678595761621,0.5715583454995828,0.71281461205861,-1.0432345591015202,0.034606812669110865,0.8625743388454146,133.0,0.04500694512902479,0.18320061961822018,0.839106984595195
142,1704,-0.6269496610508073,-0.6346835430041786,-0.8818293595708724,-0.8768522597387945,1.8116204040273731,1.1996635037700878,0.28378722523098715,0.42054906865727415,-5.383727817743783,1.4722415471492731,1.1778724588183032,-4.187835872284067,0.03685626453337968,0.8379680719620225,124.0,0.9765637607471351,0.8999486900977491,-2.441182949487124
143,1716,-0.3816750225130711,-0.40462866652484125,-0.8555800954329497,-0.8901410740519983,1.7323902500548904,1.1016226855899072,0.27744665591376183,0.4132401054114124,-5.2440480471798,0.12115893634923786,0.305134331565328,0.5633072745093837,0.027471178979065095,0.8305415947198741,125.0,0.737716654474825,0.8049541188854321,-1.658949526874557
144,1728,0.037938928532389185,0.02153888525827464,-0.8860459401793145,-0.8788926404340204,1.0259730780773615,0.7742289900567523,0.2789497378740543,0.4234336702817024,-2.6779854532094522,1.8701347034202387,1.3440599876639372,-5.704199536708666,0.029164251427827224,0.8866576213949227,126.0,1.516649810024198,1.1226944075896166,-4.437000305441996
145,1740,0.5571548756897956,0.5545212005060586,-0.8490626527390863,-0.8581092505657386,0.4413118329383241,0.4853216254069551,0.21070706886345802,0.3461389755676322,-1.094432974264865,0.22748413826591884,0.4373838095046052,-0.07962271741975901,0.01926532918184926,0.9008473782966814,127.0,1.1234351722863694,0.9661732156185978,-4.331739359035817
146,1752,0.7841506124321015,0.7882016605735158,-0.5641966705412457,-0.5635581400003112,0.05691308208365067,0.18647569396252564,0.09203161144462864,0.22528796762977032,0.3815920291921351,1.1483459262239706,1.0551698576072503,-11.477733554789266,0.021255857108228367,0.9051292181461943,128.0,0.5156143050996632,0.6668606196085095,-4.602578255514798
147,1764,0.4458514787648738,0.4454010160262492,-0.2978556778008731,-0.05875927659409705,0.0604651329806712,0.2130905641782723,0.03843560561970065,0.16224451122674863,-0.5731541628078065,2.4217755395099845,1.5496149768246021,-62.00864785303846,0.013027182182736682,0.8354448365117071,115.0,0.2324182298984276,0.46437519222319196,-5.046951157686422
148,1776,-0.03496037866264138,-0.05410267858641128,-0.1998909888015887,0.29142284127568885,0.06976497397348919,0.21804125639356073,0.03621444443848598,0.15547914113061456,-0.9264405420326767,1.404340440874851,1.1729056701218263,-37.77846154067806,0.018869572055655363,0.8291226034293726,106.0,0.4956778707544517,0.6817976329465554,-12.687297387549666
149,1788,-0.03631401154303324,-0.04588238252001431,-0.2864119642993947,0.18578850474260408,0.07276216386932562,0.21986391683970258,0.031190074475293914,0.13572790044548988,-1.3328627806567606,0.23893779586936498,0.4440955205726563,-6.660699754296223,0.017567012393511994,0.8344515725397671,105.0,0.02429122096831465,0.12265713951682675,0.2211874650201281
150,1800,0.36845235661712317,0.38283219937305585,-0.37036915143403626,-0.46038512300938117,0.061106986624906955,0.20483216845039554,0.03396191868775319,0.1406907176133778,-0.7992795750654216,1.9496626489579953,1.3669880525209668,-56.40731749826172,0.022528212958487663,0.8442961612419657,116.0,0.09885537181407489,0.2798507108145346,-1.9107711116958348
151,1812,0.7302001126005884,0.7237331590729641,-0.35372984902482973,-0.6355138401315434,0.06994753326651396,0.2134616560342763,0.03462912048203207,0.14185994906514823,-1.0199049901601591,4.147959441434536,2.0217834155732333,-118.78240809167468,0.019729526036148998,0.8996996155747148,117.0,0.041499039202450023,0.17346031384010718,-0.19838559642259845
152,1824,0.843166689811457,0.8453157026073134,-0.37579064306414295,-0.8203190630348868,0.056880476112063934,0.20250403343951223,0.037023980308993135,0.1498906905513104,-0.5363144545063312,2.4836419200333157,1.5680530150673435,-66.08198036260403,0.015534239779034514,0.8981533010963644,118.0,0.07794731639200071,0.24827799191198205,-1.1053197344389059
153,1836,0.8990166370575318,0.9275051117986709,-0.40800302396734267,-0.8065335003060595,0.07161405585709076,0.22287024328648383,0.05009439869357538,0.18515342901002874,-0.42958210348326364,0.3229867699160277,0.5311973826103604,-5.4475625686560205,0.013248912160340123,0.8772286736110728,119.0,0.05757301927422474,0.20902367433924057,-0.1492905549459862
154,1848,0.6458683221699323,0.713489672321015,-0.5097592017453053,-0.7198760413554559,0.07143542558556369,0.23696682861863114,0.05262689640861477,0.1982316101766271,-0.3573938510626298,0.18429548459875356,0.3793156837737381,-2.5019257675355764,0.009889575149406225,0.8276146330497456,134.0,0.022799993705878163,0.12225591425603662,0.5667615751297485
155,1860,0.37488593601749187,0.41086848865336323,-0.7122999918271147,-0.5484431505694611,0.0677061916161173,0.23159771611674862,0.05801485378884587,0.20427775493956052,-0.16704925022382322,0.6095155395740705,0.759490778503955,-9.506197978064334,0.020270776787076297,0.8648720686608634,71.0,0.35353085968054027,0.5729675839910298,-5.093799028905099
156,1872,0.7226795178867266,0.6964612487748475,-0.5503611230303347,-0.6684793625354767,0.1894079289194004,0.35838955948461043,0.21013708365497352,0.34163770761981327,0.09864586666486985,2.1739555124375096,1.4201298393334767,-9.345415833442097,0.11623091959200445,0.8839441020020938,104.0,0.2148489569600521,0.41203358098527526,-0.022422854753304966
157,1884,0.8536291146975509,0.8384718015385375,-0.3034767863321687,-0.594611513672233,0.38393597918520295,0.46278967347716315,0.451524246450782,0.48774506932170214,0.1496891203448284,0.6035557913820387,0.57138834600837,-0.33670737756898905,0.19610631395307734,0.9264665356884605,105.0,0.39615122440085715,0.4523786272457665,0.12263576648471464
158,1896,0.8708368021349471,0.859131732576005,-0.5835545954402751,-0.715823206055795,0.6796557909169924,0.5947477653513801,0.7536237851018541,0.6603690466954762,0.09814976072559178,0.9329555770119189,0.6915682461685682,-0.23795930470244864,0.20298866976873348,0.930133179153532,106.0,1.6008659164773722,1.1037333451857496,-1.1242242457368978
159,1908,0.6641055824289759,0.657991506574046,-0.7092682261571526,-0.7006786788147356,0.9115583066093605,0.7596779879065843,0.9421806145875634,0.7967290141717116,0.032501526251002,1.1828784230195675,0.8885565073356824,-0.2554688609650164,0.19388730273614313,0.917809184433725,107.0,1.4048376673146794,1.0029600916239032,-0.4910492166405298
160,1920,0.3198484603560184,0.321560034594514,-0.7424060355015282,-0.577826617813593,1.0758390599134693,0.8828406380046272,1.0490820702703794,0.8779903653196761,-0.025505144355573606,4.458983857865681,2.0299346535916145,-3.2503670439401073,0.19941262398106227,0.9016328751904709,106.0,2.16380512262941,1.3689745130717852,-1.0625699208373027
161,1932,0.11379146311087016,0.11288237755810683,-0.7260843377362445,-0.30966707202119875,1.1767022508629486,0.9773464785347635,1.1103987911597168,0.9444530324157379,-0.059711393988445716,0.41053871851133017,0.5721092717801114,0.6302781291012056,0.16385577428014764,0.9195440489844521,107.0,1.6805672307151667,1.2084547603211653,-0.513480781944978
162,1944,-0.6746289894897952,-0.6800740133497898,-0.7427550084624871,0.04908307198393358,1.3076596366869444,1.079825450337825,1.1585811971993587,1.0085759650453352,-0.12867327714963217,7.202927018653908,2.6538337155946734,-5.21702392207431,0.12081697103328566,0.9280070796463531,106.0,2.3574734339091052,1.479266651399752,-1.0347934522050175
163,1956,-0.054527258612804066,-0.0582845448580069,-0.7116971757386067,-0.3329971244110337,1.0689537291413596,0.9311872482849942,1.0150927492907824,0.8897941726752805,-0.0530601562154871,5.5537656097379955,2.3106995341817824,-4.471190306125484,0.17587829105691646,0.8625209513506327,79.0,2.049095575909658,1.3514811941753657,-1.0186289157727755
164,1968,0.4910811558208165,0.4385300036051193,-0.5745769002288849,-0.7841468935188227,0.46553893689218,0.5437829337782908,0.8096375131757321,0.770927770019244,0.42500325229973057,0.6450830732055202,0.6525596470059289,0.2032445845113594,0.14126744227634974,0.8868651053933819,120.0,1.4650682703335731,1.141670741749051,-0.8095360534703628
165,1980,0.6686072691678441,0.634764695016306,-0.7015712467291099,-0.9084708443965052,1.7790747859191745,0.9062061683705898,0.6624941465489285,0.7134804559285559,-1.6854196300250344,1.197741189671683,0.991382078486848,-0.8079272034492215,0.08962492414536266,0.9402991366192004,139.0,1.509470768447594,0.8677945161158175,-1.2784665740984207
166,1992,0.6574502325389328,0.6256686229788246,-0.8442058417791619,-0.9429085687152701,7.557508142514647,1.9853675169801541,0.6996933686814581,0.728545797729393,-9.801171600005933,3.846823324676706,1.429045875096381,-4.497870205524283,0.03199155490416996,0.8136593803590685,140.0,2.6929069209999486,1.1861058760871594,-2.8486957880915966
167,2004,0.4507655143814137,0.4193739449042527,-0.9205925551904484,-0.9549391992965123,10.14399810365429,2.5386406578157517,0.7141400267928079,0.739094497897605,-13.204494529190352,0.5278875577061699,0.5903907514746445,0.26080665149535864,0.024861528959260373,0.8906418114783796,89.0,6.6145557871750915,2.100928667385047,-8.262267257138578
168,2016,0.17955527924581335,0.15716542381867168,-0.9394131216173038,-0.9460362604191799,8.734418644555895,2.520045944395755,0.7214377276096651,0.7502816522549394,-11.106961294491192,4.1140648707503,1.881018665476339,-4.702591801487018,0.017403159673843697,0.8147485012514852,90.0,1.853107302343189,1.1369589266115367,-1.568630987019597
169,2028,-0.25487834028601286,-0.2647693094600252,-0.9652591069673758,-0.8938362733642431,1.0513600827289016,0.8486118158896293,0.7437804303427894,0.7595688103937732,-0.4135355540940444,0.04298754211467311,0.16391707882726797,0.9422039887566533,0.022915499866272535,0.7440742238407753,141.0,4.124280238687604,1.852813914836382,-4.545023867846091
170,2040,-0.8653679667619748,-0.8645619433843937,-0.97001686138403,-0.8179752157729665,10.204645787227353,3.0896360662445552,0.7692438244207407,0.7950174489065707,-12.265814379350656,0.09444985535106373,0.2669182167256696,0.8772172718810102,0.030591506634165048,0.7323922173169977,143.0,5.065407968949264,2.1452564973235426,-5.584918602061758
171,2052,-0.5539773126987042,-0.5459724685998086,-0.9884554198623252,-0.9530468020566296,2.1604319332026494,1.4032925637713316,0.7436250280934962,0.7484765256344299,-1.9052706022302113,4.141736031381467,2.018478336723413,-4.569656580817403,0.03238326262379878,0.8472877818172871,9.0,0.8767142584614842,0.8181320050554336,-0.17897357584803442
172,2064,-0.37198476565548944,-0.37181247748486396,-0.9572312019908551,-0.9178997725829516,0.24327737296982221,0.42726752734544055,0.5940600333068224,0.6241050147901177,0.5904835213107607,4.064541482013203,1.998999654232552,-5.841970935812698,0.03615565221933069,0.8332357219714241,10.0,0.622085762317033,0.63912258020537,-0.04717659401223484
173,2076,0.2543461735619058,0.2647995173293972,-0.8889926751537331,-0.9209694482450241,0.14296769122087455,0.2989957379358756,0.3709342484640193,0.4905386453806692,0.6145740335035619,2.109128372146005,1.4231775865198353,-4.685989850976489,0.07054254649289113,0.7855365842278236,127.0,2.568943604769371,1.5359464070566025,-5.9256037031009265
174,2088,0.8218629273435535,0.8190031975912411,-0.8375755672170151,-0.9119437498968892,0.09511853511141906,0.23766661261947172,0.26434952360206304,0.4204657201529625,0.6401789047495876,0.17144298152392823,0.31879932733459243,0.35145341218012227,0.061957011392784075,0.7688478514133259,146.0,0.14171802957572593,0.29481588073467785,0.4638990543858127
175,2100,0.8910195007761827,0.8914300429348945,-0.7838062930844286,-0.8917089702681492,0.08534392276036507,0.22000594288113717,0.2049842799818114,0.3554402248244387,0.5836562551628945,6.860421405294126,2.605784137472955,-32.46803669970625,0.05630781467111354,0.6870405600412004,145.0,0.32872921997542065,0.4325343884594175,-0.6036801456413601
176,2112,0.492064731466311,0.5010433389685092,-0.8100768233611778,-0.8420899563905657,0.07447617835603797,0.1994976624068495,0.14780899631673186,0.3091775085160149,0.49613230444751133,1.2063018152033005,1.0549416815377293,-7.161220529624476,0.05605432560794713,0.7080056499611309,146.0,0.17258304869397054,0.3599724038796146,-0.16760855559936094
177,2124,-0.01524740129760159,-0.011736079420804497,-0.8030371980029116,-0.6046522724817953,0.12493534637725706,0.2965548903507786,0.16652210026056907,0.32811593194615457,0.2497371449089234,4.321933842206625,2.0700111629278046,-24.95411561254503,0.0321374003473277,0.7244452342485533,9.0,0.19016173511344178,0.3571067332636685,-0.14196094581969643
178,2136,-0.47982213213735186,-0.47299459632903357,-0.7673627468171528,-0.23101617132062166,0.25554301766925885,0.4641622136368093,0.22605283888304714,0.41027856933949536,-0.13045701585490388,1.4122632304338671,1.172453696756385,-5.2474916812017085,0.03408775388831698,0.7999707229229124,114.0,0.4273861020854553,0.6022218323189821,-0.8906469133376904
179,2148,-0.6165079448172395,-0.6185406008392718,-0.7735146696420212,0.03282977358000155,0.227894197247283,0.44706455633713615,0.24138905744285055,0.4428349034909246,0.055905020461677335,1.5888469223458177,1.226335929788283,-5.58210003045387,0.025046695654066496,0.7504344588123573,115.0,0.7389507753497617,0.8422716995250806,-2.0612438822944994
180,2160,-0.4925301743881074,-0.5050157479235151,-0.7662242599963988,-0.22346633342008473,0.14291050190763516,0.3476287970853851,0.22953088424292628,0.42064521715412834,0.3773800751083919,7.006404089493725,2.6129716901295756,-29.52488606316886,0.019155506990425897,0.8032909720173597,98.0,0.709678402947104,0.8274302280559306,-2.0918645448862945
181,2172,-0.20852708074454507,-0.23490771827323592,-0.7170362722350261,-0.4699821393543587,0.05909297359890506,0.2100633499015731,0.17944330084501622,0.35210563175332016,0.6706872125031673,0.3795062876043225,0.5966751276338544,-1.1149091987117372,0.013206973991708747,0.8482911287299639,165.0,0.539430797680058,0.5436096575751871,-2.00613505848268
182,2184,0.1968551663674323,0.1487426748976918,-0.6751141367997595,-0.7019822025616431,0.10705630858477946,0.2771085554307464,0.18338476250300415,0.35679279853256124,0.4162202621222376,2.3027445255519443,1.4611412371541888,-11.556902188175103,0.014828891327502359,0.8190715242170526,166.0,1.980384079228681,1.0650158225905264,-9.799065594101577
183,2196,0.2540385302995983,0.15759729855615703,-0.554829132848184,-0.7668835984101554,0.18811896887364754,0.3544006410745287,0.19112528236100823,0.36824277027427005,0.015729543732901807,1.8774530004929502,1.3252500323863543,-8.823153573930167,0.018976033186575682,0.8424126845942499,167.0,2.556074728555879,1.2752000260494094,-12.373817932301707
184,2208,0.5956692226095865,0.5170372832990936,-0.260115834099228,-0.7033776578939943,0.14120020383206847,0.3162236069673636,0.14478677179627647,0.3157505742825005,0.0247713787641769,1.6320163266446537,1.2648019061035323,-10.271860725930107,0.01953152673944837,0.809263056295953,168.0,2.186097006850594,1.2482600885365749,-14.098734364535467
185,2220,0.8709458676554532,0.8518795541337643,0.15094854383229178,-0.5372329343318456,0.07435334072698914,0.2267342344634243,0.08383883835791098,0.2370174130074924,0.11313965957433614,2.7138925255758655,1.6168826906818952,-31.37034981317563,0.017240042668173534,0.7636272921070433,103.0,0.15775510500559162,0.35907246019104727,-0.8816470754536159
186,2232,0.8507823273872354,0.8324903518710253,0.32730473189722226,-0.3753459473998134,0.06900390071088587,0.207983796569105,0.06623087235386019,0.20887901663942013,-0.04186912022251299,1.6248660930781993,1.2678678789850797,-23.53336390311785,0.01604668727310968,0.5966174855216884,136.0,0.08034002251703402,0.23581830936425205,-0.2130298101433885
187,2244,0.8698791650122928,0.8537329802248536,0.4292235186800307,-0.47695067881589026,0.029154510705315134,0.1289088250371914,0.06342528049843142,0.20491107519337964,0.5403329638244776,0.41146171787612434,0.6209251129687994,-5.487345655275427,0.01598857293312792,0.6815792150667501,99.0,0.29299063540334636,0.5100434177476679,-3.619461405623462
188,2256,0.9254775473113853,0.9183106269447733,0.4871163996517259,-0.6804349888163449,0.14020716104753791,0.3293521803689038,0.08755134323176912,0.25117634807687333,-0.6014278693175088,0.1384505043606481,0.3169791435308989,-0.5813635662234999,0.016621201422013784,0.6664546625641601,62.0,2.839167271100578,1.6779666214538504,-31.428597509745003
189,2268,0.844096756994669,0.8393662868976927,0.5264769649060156,-0.3885839338708942,0.13647155088096863,0.32420873682632345,0.08332646480843214,0.24676226532995588,-0.6377936012852248,2.429702123523844,1.543682459792658,-28.1588288199882,0.009132257653227272,0.6878539950935624,63.0,1.8564119948131141,1.3540755380917484,-21.27878020603673
190,2280,0.9034219939834021,0.9007006666665727,0.3896311304070264,-0.12334314502454657,0.05854402846795664,0.1972414027916497,0.06927239874051895,0.2223225765214136,0.15487222136985213,1.9837635347623057,1.3996443249311579,-27.63714222158094,0.023177192745932162,0.7597424547022226,150.0,0.5196212865718512,0.6929774502220054,-6.501130262837474
191,2292,0.762512232435414,0.7291345323487648,0.045796825908095334,-0.13407112914755137,0.052042547969547714,0.18770326590488728,0.09535772550061268,0.2519955879472777,0.4542387866705846,3.777720566158802,1.9315865260104508,-38.61630320277018,0.03600430450983209,0.8196446379081535,151.0,0.46329116484213984,0.6433527590883836,-3.8584544399516236
192,2304,0.5931249275627916,0.5155689545933095,-0.10364335641387154,-0.1586590527021799,0.07007783173700646,0.23217383959875385,0.10843449162840692,0.27896091127636313,0.35373117276045807,2.2648116899974093,1.4845827591137915,-19.886450943659792,0.04753050988751579,0.6975015509407351,152.0,0.43516698204490684,0.6071756938209456,-3.013178606823521
193,2316,0.5088625265583203,0.45459074378234376,-0.3748205329280515,-0.3498532404897215,0.0711264995830421,0.2426874076043329,0.10792607182619743,0.27868911959212594,0.3409701809810778,0.942289742768264,0.9329902340589379,-7.730881489745256,0.04472385296271189,0.712062150662625,119.0,0.585754643861802,0.7145382086375189,-4.427369253326413
194,2328,0.08350137698960444,0.027956004815059134,-0.5951883144683275,-0.4974507082352757,0.12187919669666906,0.3131031208571024,0.1284217249756942,0.3163890321395925,0.050945650202591675,0.27909606353234223,0.4428722083740273,-1.1732776411869992,0.03099409583202833,0.6631669337306558,120.0,1.7164277605418938,1.289302980328884,-12.365556029299203
195,2340,-0.22845378855588275,-0.25119597065490307,-0.8749049714544676,-0.772706452198261,0.1441792356668545,0.34452155822956043,0.11602181088274069,0.2997942018803267,-0.2426907886532781,5.971675957855413,2.4372287021530474,-50.47028746078428,0.02284828438473356,0.7625432634295023,121.0,3.247242065247185,1.7926227502569616,-26.98820360189915
196,2352,-0.5622465796989771,-0.5539955456709689,-0.9195430420897713,-0.7773818762036744,0.22574676328684237,0.4550737009262617,0.14702106678428334,0.3429005199894581,-0.5354722164958121,1.8851401310621323,1.3652045230273413,-11.822244949617351,0.012094931724459764,0.6726800495493604,52.0,34.75066938575659,5.890849640178776,-235.3652376209765
197,2364,-0.6841591742652718,-0.6724447414450075,-0.9338289364552605,-0.7455850408589536,0.3711644470009393,0.5921959770876954,0.16396194822756385,0.37492096495075594,-1.2637230833937014,4.302634850077295,2.0705694471410485,-25.241667024507663,0.009880711158455941,0.6432793436423473,89.0,5.715924940561742,2.3772127928495403,-33.86128947814509
198,2376,-0.2531869127409457,-0.23608485276877816,-0.8641087930389283,-0.8652238781257574,0.1973753116362541,0.42547524403799164,0.12664936493036463,0.32405313435134636,-0.5584390158195944,7.260081908629371,2.691393786850935,-56.324266194474546,0.008051953779566877,0.670950176539429,6.0,1.1806286378957889,1.082484420578293,-8.322025724684302
199,2388,0.16488669782260212,0.13456587094200392,-0.8095033141619646,-0.8989091583989928,0.058125964084437064,0.20784890971781925,0.13036793787802808,0.3319018320425259,0.5541391155636781,0.18434830053615267,0.39319003233187155,-0.41406164381175126,0.013670069655384143,0.7823053555862309,7.0,0.10531363949604619,0.23319035612241734,0.19218144269047677
200,2400,0.5339803999738637,0.4543485942137984,-0.8096543544694929,-0.8330883481750979,0.06550643527299552,0.21800809661625248,0.18482251589165416,0.3879965760930613,0.6455711310011795,3.367957053619684,1.823432483307281,-17.22265559675658,0.021405262513393038,0.8456744422598759,8.0,0.17079400275723863,0.31297398401507487,0.07590261969293433
201,2412,0.36526246333560614,0.28571871005999055,-0.8081585236730134,-0.8303485274050366,0.10587460562453915,0.2788048945416991,0.17077024096633653,0.3631030444693592,0.3800172382176944,0.20368602881986395,0.34682566670765413,-0.19274896883243264,0.016549880149964807,0.8278678397950925,9.0,0.20354407827421117,0.41176021581375755,-0.1919177318156695
202,2424,0.30460939474914034,0.25557189637283234,-0.8149380541375122,-0.823819766620415,0.10935290947803647,0.2918512394770068,0.17393992556212107,0.3654479140937831,0.3713179471323732,2.3800859857755947,1.525576012269804,-12.683379351140221,0.014387692206883849,0.852349073403497,172.0,0.04543641901268943,0.15902189032965625,0.7387809678206271
203,2436,-0.10907583976546652,-0.1274574909109915,-0.7889569542830024,-0.6988163010903187,0.08270545279246097,0.2012948900285385,0.1903887423211539,0.3780722414413119,0.5655969371710501,0.1409280643425257,0.27452646325524094,0.25978782871098727,0.04572943014184482,0.7551625535057487,145.0,0.19723328092554904,0.35704216641373565,-0.035950332571920374
204,2448,-0.6440756173798027,-0.6448941349294582,-0.8297198045125194,-0.49113902815102317,0.23553616326164079,0.3923625414842799,0.2432550371800897,0.41937215525372745,0.03173160978670453,3.1029012177976214,1.7279163383031841,-11.755753195361137,0.07538282686262571,0.8010994932849763,146.0,0.6629887002732754,0.7506972436772889,-1.7254880637166132
205,2460,-0.8667910627187405,-0.8626401599799485,-0.8738501589185473,-0.256338589665935,0.3532362135418098,0.5353166446301453,0.28096132411824054,0.4758310015661077,-0.25724141801507483,6.659353115871644,2.565432163177859,-22.702027803190106,0.04064184096834648,0.6802820825708171,189.0,0.24355607449922265,0.4170260773076185,0.13313309131215567
206,2472,-0.7485816202328149,-0.748243125651219,-0.8811859810117001,-0.41630637865667175,0.27822105188847984,0.46475700302737,0.2978267769936175,0.494227121749293,0.06582928943812794,3.1578951674337126,1.7629542028185734,-9.603127090555015,0.03604440574158601,0.7117962808527893,134.0,0.9272144442853816,0.9341260805301762,-2.113267563262964
207,2484,-0.4253817053030068,-0.475552804378103,-0.8086795735553878,-0.6903049048652716,0.14124348902865508,0.28835127413374717,0.24269534682626606,0.4351580220717912,0.4180214376760816,6.582443609027582,2.552918503778016,-26.122248922801298,0.04277632187225645,0.7474220905334864,163.0,0.7366252240662822,0.8238156193943442,-2.0351847849542692
208,2496,0.2908234388116392,0.1830978960431327,-0.7940606032151994,-0.8621700469671744,0.12398927452494304,0.2727389851608286,0.26251595063224836,0.4533772128327905,0.5276886062491634,0.10890205096569384,0.2663360680247627,0.5851602513926788,0.049894581884489766,0.794117619998918,164.0,1.939887301867937,1.3658103611762005,-6.389597840420271
209,2508,0.32125471358655594,0.21347468002549655,-0.6743564089213683,-0.8664663110586248,0.18753981740821615,0.35196966179373146,0.27691664236749863,0.47150537313770174,0.32275714523748156,3.7130213942425376,1.8999469877632433,-12.408444369749914,0.04176931714493051,0.6875868804073306,99.0,0.61269321779303,0.7162120643258694,-1.2125546971637737
210,2520,0.2755360386395915,0.15618442610256625,-0.5250788519545505,-0.8363484824697676,0.20642650077879832,0.37214353409560774,0.24910163935233606,0.4412938939388162,0.17131616911270853,0.5980362069677062,0.7243036371822218,-1.4007718637364235,0.033129921001089455,0.6530054229539983,100.0,0.12906726350290454,0.296942624639678,0.48186907224505127
211,2532,0.5653200948075585,0.5183258392144916,-0.14490014687060934,-0.6854086641468008,0.2352292575304192,0.3800556491442774,0.18672708724824497,0.3855606754012212,-0.25974897909531935,0.10073487764635292,0.2595409937804939,0.46052348841906054,0.07333962313156595,0.7461810619279413,139.0,1.0067856636144719,0.8929180942327486,-4.391749415959117
212,2544,0.740429628525541,0.7225603465242063,0.085607558221779,-0.6237391278524688,0.20918763544269026,0.37078655150436796,0.16147173376584348,0.34804537300506033,-0.2955062199681431,1.1538468599345217,0.9695488581942651,-6.1458132827616785,0.07391128639423926,0.7591120229450868,121.0,6.111159858034521,2.4089933378528263,-36.846623155087656
213,2556,0.7510092021985851,0.7407530158836073,0.3082503018360689,-0.47041305290202357,0.4845209862295141,0.5938344981034703,0.16404062916220433,0.34903895515616457,-1.95366452021113,2.7194509726524703,1.6070708529636948,-15.577911134219445,0.08135510875397155,0.7015865751435463,122.0,5.8662287867573815,2.361511716511829,-34.76082837963771
214,2568,0.8334001217902253,0.8260260450833027,0.31755494224079256,-0.41908261672678226,0.5766016377900213,0.6739983061148197,0.1648531830403298,0.35030049107225947,-2.497667604325001,8.602654707159903,2.907375568946521,-51.18373432956611,0.09636368607429087,0.6853801865373053,123.0,3.4941124196340616,1.8209572326097128,-20.195298478278453
215,2580,0.9306948888247587,0.9254364004251526,0.5304969448621726,-0.32537810002355255,0.08679045887819344,0.22689270654997196,0.17510887486847096,0.36139534096526926,0.5043628774190679,1.2685789461052435,1.0929264956138625,-6.244515431088844,0.055846745582638864,0.6765130952374798,124.0,7.273648400654539,2.6673241816875155,-40.537862693241415
216,2592,0.8990454482597349,0.8854121852163988,0.25389908167739444,-0.5117852204232746,0.46185847167541766,0.5983121226499558,0.23342931566172173,0.41271060888161226,-0.978579555726103,1.4465521034705535,1.0928232929028627,-5.196959877853776,0.06801643070510523,0.6878064722758015,170.0,3.7395517203608826,1.8707358177330244,-15.020060332868049
217,2604,0.8331518325478078,0.8123083601212026,0.3024463808857708,-0.4526092500526305,0.49241810093587113,0.5802833438989116,0.30016401444379875,0.4637553719598498,-0.640496785893264,9.986262981622964,3.1427119241608983,-32.26935442320566,0.08496472863430571,0.5412140363877581,113.0,0.7435228585720098,0.7958079284025017,-1.477055285756859
218,2616,0.8019315970614496,0.7757372414390942,0.29174240193979645,-0.4290053987549623,0.41292877593567007,0.5119278278551448,0.3035711270105743,0.470788690930348,-0.36023731901646383,6.319413250528473,2.474762314397521,-19.816911386662763,0.08851648898088671,0.5980141264584299,146.0,1.8429616350140092,1.3124273987924575,-5.070938475482265
219,2628,0.9006580452232297,0.8928741598722187,0.20987237933151875,-0.31754405792713825,0.1622268824314946,0.3215072478676905,0.3072145294085996,0.47773354702373794,0.471942675550574,9.892508569287319,3.1285851347449203,-31.200653362101065,0.09229085589370305,0.7145862090335485,181.0,1.4034090997814026,1.1405400064248428,-3.56817293922596
220,2640,0.7697033803994665,0.7594740778255414,-0.0013444112481769152,-0.35472682379645687,0.17921177764134863,0.3442101493251468,0.27627290429044726,0.44048619716991105,0.3513233659246501,1.7194257761285818,1.271107562594344,-5.223649693568718,0.07737037166927539,0.8137017672461343,166.0,24.803770042693213,4.836742510408582,-88.77995908211422
221,2652,0.7453974463927061,0.7446563864127298,-0.16224958973239642,-0.46603158909157943,0.2390157293104235,0.421424998830747,0.28212025245725136,0.44788233094479435,0.15278776610821065,20.601514490703337,4.4155813808873,-72.02387656066985,0.051552494974168264,0.8277708153776564,167.0,25.913247133785408,4.940474659892146,-90.8517791901946
222,2664,0.763344601983285,0.7673453280072449,-0.20302180230892722,-0.4860275552226997,0.2426061137307568,0.4319706488369493,0.2711038228662726,0.43759902063056283,0.10511732676515173,5.260970131351719,2.2828158426258405,-18.405739379583732,0.03634748683821754,0.8180735015910271,168.0,22.359365920189905,4.624808617515927,-81.47528818956977
223,2676,0.7064520131419653,0.6808872400534902,0.018854275441168612,-0.308107493404352,0.1705324410293487,0.3513098595580705,0.21107088319455614,0.37942863961945783,0.1920607975465798,1.14255001692781,1.0250663884446212,-4.413110513564565,0.03077638196328027,0.7793534112241475,169.0,5.7037834387301825,2.343678948225621,-26.023070886914695
224,2688,0.453430782560133,0.35754288619267727,-0.23670552478626436,-0.41850875793291575,0.07190675869434025,0.22673687537123563,0.12866875620403007,0.29582497847878125,0.4411482568439715,9.985056535819037,3.1556650934672867,-76.60280607660287,0.01383806899361667,0.47780239565557286,170.0,7.563148368544198,2.686287462755319,-57.77999128670609
225,2700,0.09198694368014657,-0.012432653859856787,-0.5955168773145987,-0.5820232391443138,0.1071818454735094,0.2889396013809949,0.14717942473673862,0.3139544280751374,0.27176067126755865,5.224085359276579,2.259153625888208,-34.49467168132336,0.013031481194268498,0.5999548601216416,65.0,9.448031902010113,3.0711202237164947,-63.19397221391446
226,2712,-0.0862964960570283,-0.19681104818929035,-0.6069589547438495,-0.5460574398011928,0.11979079504483953,0.30444684524367777,0.1830696788191826,0.3502992213433212,0.34565463916525163,0.7195834211040337,0.7884859494659676,-2.9306532121835653,0.011043035512895589,0.5044625271671754,15.0,24.04224953548398,4.870832974342665,-130.32840834461965
227,2724,0.29997724259615705,0.2395616067219308,-0.45980062176436703,-0.2812420771585741,0.07638736768602503,0.21242187505732021,0.20427741864844376,0.37473634929749533,0.6260606375808686,1.2160570577153513,1.0632138241154894,-4.952968594184924,0.039178298767151586,0.6415979296590333,16.0,6.464149826318496,2.5150744977959456,-30.643976456561425
228,2736,0.19741444190346794,0.15153113837959525,-0.27335794487002446,-0.07793066575124799,0.12207616221477241,0.25596921923353316,0.2257912316267291,0.39998886269696254,0.4593405539477067,0.8202099925228986,0.8171442464910071,-2.632603385940353,0.08875556256164348,0.6489434428123931,17.0,4.323928583158676,2.0237995363158974,-18.15011735401159
229,2748,-0.011239094917945527,-0.026734842010900362,-0.16983642826095882,0.07456453453156747,0.15168849993330305,0.2931459504974788,0.22650527819601096,0.4090952547170208,0.3303092045297227,1.7119724317111622,1.2547905644010666,-6.558201050969205,0.08544070181556988,0.7360097862973455,18.0,2.257261903793746,1.4265540158498957,-8.965603988443828
230,2760,-0.23721248716249768,-0.16218580822003095,-0.2753408903266815,0.06109412408439811,0.2616531559955601,0.3953659465539751,0.2691661042458564,0.45211311361701406,0.027911940366138976,0.3967659145847441,0.5704292656340613,-0.4740560134657148,0.06677479981195343,0.7630711112777411,144.0,2.621014221355089,1.5813698961414162,-8.737534481537296
231,2772,-0.19774722702563333,-0.1049615517292822,-0.4009867500831375,-0.3854149939790685,0.35408287926667614,0.5106274832814665,0.38868926555075284,0.5675538805192778,0.08903355289485859,0.06785693580939617,0.22574548167696257,0.8254211221571907,0.05202208254296677,0.7325304639430287,145.0,0.8706938816492482,0.8834862154713509,-1.2400769941910266
232,2784,0.2077650806045459,0.3365870729245675,-0.1860877535999364,-0.3643165247391701,0.4229239716195745,0.5866007244638543,0.4833651398716094,0.6323063009854031,0.12504246431194677,5.277226748175794,2.280736530014318,-9.917681712788642,0.06174597995423573,0.8183860001213815,204.0,0.1400413389204445,0.3133789826913545,0.7102783643900301
233,2796,0.5464246871083579,0.6347354550606066,0.15036729823477554,-0.37130063964248566,0.46482673105824673,0.6450735132288281,0.49868633820203323,0.6472716514795123,0.06789760326273253,0.17703136070610714,0.35552224128881743,0.6450045907726747,0.04705535236452006,0.6679183427960362,205.0,0.07646921751353856,0.2164374679051288,0.8466586877249512
234,2808,0.7157827494307382,0.7785604804516485,0.1629299690193399,-0.4685535959698027,0.5283907920457486,0.707320316626961,0.4855473852432902,0.6377139781099911,-0.0882373339957152,3.3036737474907554,1.8067400313578472,-5.804019232510961,0.026294090173250868,0.7805490152781336,6.0,1.4564706733119774,1.190524802867034,-1.9996468266062082
235,2820,0.822070548543276,0.8542671697826725,0.08185592122344257,-0.5215505025064466,0.414417905547435,0.622491305747025,0.44178955785923885,0.5728692489002433,0.061956313418627396,0.6288842840163854,0.7727634552397632,-0.42349286629530947,0.022398619716153804,0.8569531964725378,7.0,0.09584518171157456,0.24956183739911264,0.7830524058196224
236,2832,0.9310667696982883,0.9296994250839345,-0.15479695101895188,-0.5205982816418625,0.279991987652272,0.4886871928762353,0.5320512861084303,0.6424088366222617,0.47375000312430304,0.35268383268833664,0.449445500387087,0.3371243677128133,0.03608283638683705,0.9080780646056169,8.0,0.37644460652382083,0.527406562220852,0.2924655642179904
237,2844,0.6227051990672543,0.6503627737464054,-0.21316379462857463,-0.4615861656451283,0.22339175699257577,0.4111746346099193,0.5475759033581173,0.6530511134290501,0.592035084775313,4.909369317256455,2.2003201955567344,-7.9656416346095185,0.04503449279587498,0.8701358256353912,9.0,0.6597475619461556,0.728252977524546,-0.20485134188725862
238,2856,0.09036165334775466,0.2221194184115215,-0.32416718948720835,-0.4324219015514158,0.6465687208541335,0.6606813433535882,0.5734465814484782,0.6674792884982248,-0.1275134280528012,6.980392686832338,2.5936179552010232,-11.172699101632883,0.044959800341397904,0.8782420442163753,128.0,4.324693669253482,2.0562287339431435,-6.541580696722731
239,2868,-0.4645422792093876,-0.41641662495743226,-0.5688386334692682,-0.34144051226068933,1.0175545205580874,0.8410921067277289,0.5970950621484217,0.6801972071562097,-0.7041750720510076,2.633319522578345,1.568217345522437,-3.4102182207023057,0.0415945472020672,0.9172637790787943,127.0,7.029581601819742,2.638865085766606,-10.772968908043621
240,2880,-0.5893553083824516,-0.5822681951786531,-0.8178985460487783,-0.4819085386641235,0.7971007436740397,0.7944118314235167,0.6759830471800357,0.7224996810875625,-0.1791726833968168,0.437981513857469,0.5702590158738792,0.3520821037087034,0.051090751844916286,0.9113017045690915,128.0,4.821550965503606,2.1786749340072893,-6.132650716045952
241,2892,-0.7973874432974215,-0.8065048296199638,-0.9197913305190153,-0.5921367184106014,0.30581674074495735,0.47226840363579814,0.7008465212384384,0.7481150080687581,0.5636466309277521,5.641604483833293,2.3576630598121153,-7.0497003450402165,0.07732865997525452,0.8098795611434405,129.0,2.9895409673955173,1.69760662707365,-3.2656143346660507
242,2904,-0.8507050194243451,-0.8622020124440724,-0.9320501108772972,-0.4957350151468942,0.24257110992559158,0.4300033418927969,0.778069325434071,0.8386609620031434,0.6882397210682152,1.7705060464513565,1.3088998142895685,-1.2755119480691808,0.04678911659042261,0.8273196701501835,158.0,1.7991714738552642,1.318381016905075,-1.312353687573454
243,2916,-0.7140866193561329,-0.7440873875260315,-0.928086966458265,-0.7353229267131283,0.1720584870133529,0.3567111225682629,0.6892460946066754,0.768311116046523,0.7503671208880195,1.4911154469500907,1.1867826055912043,-1.163400646906834,0.05162672568610577,0.8295168867601641,137.0,0.6911260601535502,0.7723162301956483,-0.002727567934857289
244,2928,-0.06888044371803957,-0.16260565854815998,-0.9395552630630384,-0.9298725613717246,0.07850546773214154,0.23760084503727827,0.6683837097451987,0.7486560305828642,0.8825443131130928,2.468870526728921,1.3415254447812655,-2.6937921896242862,0.04740946582480014,0.8944490329439113,164.0,3.756006580198417,1.9154776508016589,-4.619536391200023
245,2940,0.4946769012026661,0.4202095967705156,-0.9419182406049861,-0.9491074256613963,0.14341877827537516,0.3072682994717804,0.6251817029896594,0.7240355652629644,0.770596647999234,0.6788090210799138,0.7032858672487209,-0.08577877092980346,0.04641972985144037,0.937577140215645,165.0,8.581932140939912,2.774205882842414,-12.727100617149475
246,2952,0.7080956424136473,0.6692975598676276,-0.9293825782547209,-0.9481780503651633,0.20140144362479576,0.37818165275799076,0.5340941281883234,0.6715420909836599,0.6229102081538314,0.4894683251199519,0.5685395620630798,0.08355419150505294,0.01660018418514912,0.9397716453354262,166.0,19.85113760302924,4.1152281451568955,-36.16786340708405
247,2964,0.4751437140360248,0.4137999784847592,-0.9312440905692598,-0.9382763401398386,0.2437339225952241,0.4314648657784609,0.5307355256311638,0.6738869612194119,0.5407619975968827,6.458383052626586,2.5265959020995243,-11.168740814826966,0.015471159823616897,0.9438144353702126,167.0,23.129831783835478,4.498290165226546,-42.58071142181204
248,2976,0.024705556312143787,-0.05761671305693709,-0.9389796112404479,-0.9534967026802681,0.1760137190606813,0.36629510551522676,0.5964271582240395,0.7241214593384361,0.704886478367633,0.8712043987281541,0.8978861383285095,-0.46070544695233084,0.025582465868877174,0.9287173595500449,168.0,21.188691156860127,4.424349788835291,-34.52603342200741
249,2988,-0.49574687056928723,-0.5366611012436725,-0.9617005428126393,-0.8832649580403058,0.08040906762387462,0.22792181461411853,0.5732847340487222,0.7089714950250509,0.8597397369087438,6.323202064846045,2.5048548242519177,-10.029775762891065,0.027496290593573617,0.9104314188965033,169.0,3.877972224340656,1.917310239978454,-5.764478441547121
250,3000,-0.8622170404046866,-0.8621448551723793,-0.9746061159372315,-0.7277382346384156,1.2087804636332224,1.0847616184989557,0.6520609498711225,0.7757982680509273,-0.8537844719456571,5.371000789849908,2.292123341388383,-7.236961270125848,0.024032383091306883,0.7727270291018903,170.0,13.475972562750549,3.6414864123651336,-19.666737619257873
251,3012,-0.8261885480693968,-0.8267985841942331,-0.9695998622092434,-0.8019562537837168,0.6103105630655024,0.7498066297330923,0.5901040412168922,0.7059843235110054,-0.03424230379263449,1.8319836169200194,1.336058831675105,-2.104509525374824,0.04439119208289447,0.7507324152335654,171.0,1.4886430862843103,1.181290011263951,-1.522679023201539
252,3024,-0.18146562181444015,-0.17364581310042118,-0.949470758512359,-0.9051490402866909,0.06339490025040062,0.20958572736842465,0.508761289177247,0.6331139775804732,0.8753936244777567,0.297657400672347,0.4472157652119715,0.41493701072715394,0.05060002381256646,0.788399906664523,238.0,0.17487426345649604,0.37539923669932407,0.6562744312970483
253,3036,0.2980976246944355,0.2856212771569014,-0.9487688757160302,-0.9522012463357491,0.10247711084637717,0.2590738935071235,0.48118526670077555,0.6118306857485665,0.7870319023917612,0.5133047169845159,0.6250898276195297,-0.06675069356126762,0.05792338845561712,0.7768167248010323,9.0,0.6211514169405287,0.6865211280505934,-0.2908778799472074
254,3048,0.7388006344238803,0.7317427101999526,-0.9209215723007903,-0.9481336953697425,0.09803145744094614,0.263727794383209,0.3453292189587395,0.5094642431424764,0.7161217410547032,0.8984221041880371,0.7841411208863486,-1.6016394062947277,0.052311833396599346,0.8115231201461215,238.0,0.28119774570947487,0.4766805767473266,0.18571111197204304
255,3060,0.9134672704697934,0.9070610492342334,-0.8524708166540291,-0.9137031877143269,0.08361880633707833,0.23948532407098597,0.24980051243113963,0.4281157129068938,0.6652576669147994,0.15417356113964154,0.35188561461536183,0.3828132711211262,0.060479819363848115,0.8043400572328404,177.0,0.6906686658619365,0.7687250045246315,-1.7648809009242017
256,3072,0.5368359248821898,0.5233989802681369,-0.870938490887334,-0.893420060454533,0.0691220927226592,0.22372703721581338,0.22224728935933688,0.4037644784168629,0.6889856658233511,0.3930860048937233,0.5901837702654024,-0.7686875103262505,0.061114195544953516,0.8355636518070502,238.0,0.3670093872378614,0.5653102171928188,-0.651355966121451
257,3084,-0.2752875136237689,-0.2938254160310663,-0.9024869507242089,-0.735715916402166,0.07693644293310715,0.2207350163507963,0.14762592399941518,0.3451440998457846,0.4788419211966325,0.0585001342304653,0.19083358179783086,0.6037272272673664,0.027936803478897102,0.8359168254089758,239.0,0.5311042842021123,0.697041393390061,-2.5976356307461033
258,3096,-0.6525325866360611,-0.6379395835115664,-0.8560152057098023,-0.38449003736621085,0.2889118700315887,0.4847205517996496,0.15398982527106092,0.3595812418788822,-0.8761750623655229,0.20584949294542457,0.406557415055555,-0.33677333929743436,0.036820348498449076,0.8378619306961715,128.0,3.4576986830344145,1.8294169390108135,-21.454072383990262
259,3108,-0.34022783035215337,-0.31331370016596727,-0.6685387029799503,-0.7992938543332426,0.14459322181929712,0.3261307967459217,0.21658782939444826,0.42109264591246526,0.3324037540633692,6.438560780136072,2.5101667624973323,-28.727251056245684,0.08275096327749214,0.6452020819615173,179.0,0.6381622094590544,0.7145419334482999,-1.9464361466813438
260,3120,0.385423103177755,0.41051221488741324,-0.596619776011481,-0.7998895528513357,0.1081584169673696,0.2597026026462486,0.208463098968475,0.4058490982358922,0.4811627693219416,3.8468742889208367,1.9343754236636013,-17.453502360638815,0.043874685578067535,0.7489594824003267,180.0,0.43820006110817694,0.5903279661502624,-1.1020509782138665
261,3132,0.5486165164478365,0.543264014580551,-0.5905835739950156,-0.7545179568922457,0.3254894499600118,0.5001637491375829,0.2105548052351496,0.40801191428408,-0.545865693240779,4.141044393815717,2.009043399773005,-18.667299395950423,0.061312215182182724,0.8610301045808499,181.0,0.33962279577693366,0.5098301027015003,-0.6129900022829671
262,3144,0.7160855156634757,0.7111808901713396,-0.547218345288795,-0.6396532451818353,0.3180016256442484,0.5118151305951777,0.19728218537310063,0.38249273702239545,-0.6119125254155251,0.22316173731276687,0.4055327784373908,-0.13118037946874295,0.05863798287765274,0.8727380840822769,182.0,0.7351206144501713,0.7611940563159086,-2.726239209383803
263,3156,0.7015591938473131,0.7070239696594385,-0.4165296914593903,-0.44785023315911254,0.23383665123570865,0.4288563779466721,0.17132468789314054,0.3382992472856886,-0.3648742286433253,2.1350819029091257,1.30243841285995,-11.46219636624016,0.061692407360494625,0.8732395708090884,183.0,1.216324422191575,0.9813999114112167,-6.099528019862652
264,3168,0.5959278055008649,0.6393025875599251,-0.28018907621823963,-0.1752198888072594,0.14379071522753778,0.321098544520459,0.1475916973136085,0.2939262617704725,0.025753359811251708,5.503395003868692,2.324425209011345,-36.287971505435486,0.05348333537345166,0.8598195216424682,184.0,0.7982000679987408,0.7862631204409132,-4.408163755327609
265,3180,0.4640633523001952,0.46097670044648764,0.008360636408643388,0.19002182625599778,0.27605732997032906,0.39166618966181416,0.2671993678665593,0.3742825003690523,-0.03315113420550264,0.6782856152073549,0.7004170597916229,-1.538500074394241,0.15085127834117426,0.7787679557608941,125.0,5.244205036682343,2.231486578434736,-18.62656228775708
266,3192,0.8106079402968643,0.8022832318139593,-0.016892806970689494,-0.5479975269543115,0.47039166239913544,0.5546762223431114,0.5854251439781606,0.5117270645579434,0.19649562845444934,3.56715056558381,1.7961117658153465,-5.093265043834337,0.18494038077839364,0.7964905100557722,144.0,1.0809157408137073,0.9738717921302178,-0.8463773753694992
267,3204,0.8253833346271914,0.8299977385196657,-0.3674615510834939,-0.7982742261819747,0.5127546268503556,0.5400739381399908,1.0565580053773234,0.7156471210527323,0.5146933493090726,10.119111690483697,3.1194048088258444,-8.577431280613798,0.1232940323305231,0.8556762886942202,253.0,0.3047383178062258,0.40585211065872984,0.7115744556803617
268,3216,0.601136628168479,0.5735138078486914,-0.4692829125682662,-0.8064716746567915,1.0315273497866324,0.8497793826379524,1.4654137352690084,0.9087415662788166,0.2960845630416633,2.7750128343458775,1.560602838235924,-0.8936719150079919,0.11938867535505747,0.8343841749261525,254.0,0.526919895493359,0.5722865980418742,0.6404292638920629
269,3228,0.3213614574899831,0.2895601929609355,-0.5327143930048203,-0.7913140905561639,1.387541301555557,1.0120527672762083,1.6358217372113866,1.044741263910499,0.15177719552686553,1.9260784629354222,1.2904880936029643,-0.1774378705951427,0.15462704354159826,0.6424026062936034,179.0,3.009282973505481,1.6340636073361097,-0.8396154697366092
270,3240,0.2020024816854807,0.1692300188511699,-0.5378789149607063,-0.7731430463933604,1.5418171682537956,1.1246209991904823,1.6986475084933084,1.1239257047009852,0.09232659480872552,12.146844381356743,3.4450995291111486,-6.150891706856199,0.16124262857745725,0.7106241893300604,260.0,1.1010964407846981,0.9631356890969678,0.3517804987325681
271,3252,0.08382157745206069,0.05274730780755857,-0.5373870862045643,-0.7101811996396867,1.6947842678488325,1.2430161912103372,1.7965435731690076,1.226833171043838,0.05664171292025888,4.560313346186674,2.0879439784359364,-1.538381709352322,0.048514142496294786,0.7162527108629343,261.0,0.7996816434639094,0.8619198439011432,0.5548776798921089
272,3264,-0.0713071277263931,-0.0754213450822826,-0.6478521071453195,-0.6689367262115896,1.8945222671640214,1.3122740696714754,1.7799811436916089,1.2369331513282833,-0.06434962745440043,0.709353902199091,0.8111472636383378,0.601482350128766,0.02440206030536467,0.7354488322856696,262.0,0.8424916913841863,0.900357227918897,0.526685046990502
273,3276,0.22273508198468095,0.19826112081781241,-0.5616743953416131,-0.8913247294887192,1.5157190533028824,1.1624023452896795,1.4657900178312755,1.0882116871852852,-0.03406288408586655,1.0822113616743394,1.0154955352901003,0.26168731638960385,0.02103350133499307,0.8389165194898813,211.0,1.9217834929740925,1.3606410634918973,-0.31109058568804193
274,3288,0.8024975429468839,0.7570575429373939,-0.49300054610193916,-0.9516498333146513,1.3617240877070604,0.9646815529206851,1.0927733551536936,0.9506722500360971,-0.24611757898831654,2.1681557326359293,1.4072599905573044,-0.9840854669548456,0.018089438252177487,0.8482441822369421,121.0,13.001087847994286,3.5910366688100535,-10.897332403539197
275,3300,0.8780829077299397,0.8463854641348282,-0.5878010485488753,-0.9743255320931355,1.517315295734385,1.0591881168064443,0.7706246214621744,0.8336981492673855,-0.9689421457303664,2.7583792891236176,1.600283404199854,-2.57940716180324,0.020242223427325286,0.9043344721340745,121.0,14.234419836862358,3.751576151459229,-17.471275690431657
276,3312,0.488460239755638,0.36961189806056155,-0.7222605721329707,-0.9542154693797791,2.592619851124723,1.4012720905254725,0.854373056630991,0.8671583317412163,-2.0345290397476705,3.1046820413140046,1.7069461868472535,-2.6338716643951194,0.029325265242513283,0.9012594948078644,167.0,54.86636906772221,7.109402785034255,-63.21828104466938
277,3324,0.04781769273797608,-0.09227424551831621,-0.7833236918604565,-0.9198994256227491,2.6557235065416838,1.452494489048409,0.9328470940901302,0.9092800303838681,-1.8469011945971627,36.85680504693948,5.904862522682274,-38.510017537106066,0.030182081750490575,0.8996277430033898,167.0,63.86505105279574,7.7171366249921265,-67.46250736846397
278,3336,-0.27314359747416717,-0.3769644215539681,-0.8426337176053699,-0.8461037095870707,0.9306505456275213,0.8733141794958796,0.9013020390895716,0.8839352131314044,-0.032562343437717356,0.854606053847653,0.7978884905869038,0.05180947475619546,0.03248983668892373,0.8798574559959799,168.0,54.40162250219502,7.195404728290746,-59.358925357749655
279,3348,-0.6142017204650972,-0.7033505655142461,-0.8929605585229609,-0.7359116939015203,0.09844456587518141,0.2733121822739721,0.8203549789429393,0.8192738176194124,0.8799976005484464,1.2244939884535218,1.03323258827371,-0.49263918655230454,0.03257637678500031,0.8461753568819261,169.0,12.791932215093718,3.5420430238835046,-14.593167035539471
280,3360,-0.791939775104833,-0.8192041504860776,-0.9513826036643424,-0.71367694626644,0.06727179751095755,0.22091050863966089,0.793046054911007,0.802409751639651,0.9151728993614292,3.240780589015713,1.7867880298135133,-3.086497333852046,0.030397355597405935,0.7255636373576728,170.0,21.21819831748003,4.5590852445964565,-25.755316650381758
281,3372,-0.7438459556247533,-0.7631402825134206,-0.9083345294252284,-0.5862609758698437,0.056332434029992086,0.19690758387692348,0.7978387238438231,0.8056546180651741,0.9293937078428658,4.005438895178173,1.984031052707735,-4.020361603759706,0.03673371164898708,0.7885130665949627,201.0,7.319829357453897,2.6853224790558254,-8.174572678283228
282,3384,-0.42118471890097,-0.4270902827166455,-0.7870966303634356,-0.6279263429780529,0.0648774028383681,0.19840119329952813,0.6843367963349872,0.7222304389481194,0.9051966762772022,1.1529235434303948,1.0319915460619424,-0.6847311873407307,0.04456534889133758,0.8309739346194633,256.0,0.5948669211323091,0.7311319352375352,0.13073953597386578
283,3396,-0.048094266250654764,0.017885688904047677,-0.5154390210359084,-0.5290449365934826,0.16054306566216733,0.3038353189629652,0.42417782389400377,0.5693628316098104,0.6215194274222953,0.5797222427905953,0.7282171337316526,-0.36669625363408875,0.039257299565402776,0.8291138462021409,257.0,0.47289744375738846,0.6388716262888973,-0.11485659343558474
284,3408,0.5351263687762963,0.6417697701757514,-0.22021512110104707,-0.5494635577667368,0.24013602601507608,0.3847926290387427,0.26861418620807437,0.44462849617985967,0.10601882422895748,1.0315278634502356,0.9878481502511117,-2.8401838637486994,0.032875037801907474,0.8898812790129554,8.0,0.10647904171598212,0.24796891464235332,0.6035985916488373
285,3420,0.8014200365418839,0.8479257246434868,-0.14734406399033628,-0.5726116891315617,0.30919470386317444,0.4606179953248892,0.20550219081300813,0.3743773724123567,-0.5045810589168795,2.771931748961251,1.6434809807264845,-12.48857517282385,0.036323542122199765,0.8868693926373807,9.0,0.37417390193621697,0.5435173828984635,-0.82077816521522
286,3432,0.9449780278265121,0.9537243197517384,-0.07390232568505072,-0.6062370212927699,0.2877117735207006,0.4691336232494234,0.18751296870626585,0.33793770832352527,-0.5343566661322159,0.15257651295932823,0.3357098107280406,0.18631487724811535,0.029660266312444776,0.8915730944228145,10.0,0.25743699607007126,0.4235103664334016,-0.3729023536144829
287,3444,0.9681215605905474,0.9688308332350395,0.08459982615833986,-0.6967432284716603,0.45537781763585194,0.6284334458964913,0.18220829857734763,0.32855567814138686,-1.4992155746547597,2.218947820928552,1.4493387982470207,-11.178083206164212,0.021920394821383554,0.8372394503010154,203.0,1.0801666737712599,1.0046251210871293,-4.928196916413924
288,3456,0.9428843487325378,0.9538783085699908,0.38773736622361843,-0.46402757487237417,0.4091656980966497,0.6025052810489047,0.1272819575188786,0.296898053486429,-2.214640205670641,2.9320924157133756,1.6955060512557267,-22.036198318041144,0.03384736380190433,0.8375216919136809,204.0,0.44272123626939563,0.6292680715100438,-2.4782717432966153
289,3468,0.9010250442489035,0.9283209752831733,0.39117696819575937,-0.4758407166004544,0.40153466641763996,0.5840211588791705,0.13460055035254992,0.30519675485086517,-1.983157686695396,2.251739644065287,1.48530696960952,-15.729052282234068,0.02791701136840999,0.6762272401214676,227.0,0.1488972387168454,0.3330590646119522,-0.10621567539545085
290,3480,0.8988279218161346,0.9215431184834268,0.3386006832909739,-0.49077740665663955,0.2538214978101577,0.44390121647569825,0.13342312324398423,0.30140830918333383,-0.9023801245156506,0.0659690180236399,0.22066985806121714,0.5055653291595817,0.03562093469754277,0.7276663744025982,228.0,0.12809408824756807,0.30995445499789565,0.039940865322656394
291,3492,0.8466862764711854,0.8655003681156237,0.34233288679809637,-0.43704745604511847,0.07607559046268009,0.24230054526167835,0.13406705461799642,0.30546727374952226,0.43255566642046506,0.15588051174421375,0.3236488886320794,-0.1627055743737449,0.04028427415443425,0.7567910204515664,143.0,3.3486009129944465,1.774440313508084,-23.977060341452066
292,3504,0.5636101717436963,0.8019194638566982,0.32155414369132607,0.3492878367781339,0.24171578519581943,0.33474290998990247,0.3063697997559222,0.4320862226960746,0.21103259724558732,3.360213067723929,1.7120539304518823,-9.967833873968432,0.14753354308199032,0.797125303344651,144.0,1.6499352582811408,1.1877334978718384,-4.3854370097692605
293,3516,0.1666671490497768,0.201805583796278,0.3807023900621832,0.6865690995917575,0.5767143074155927,0.5542238040488242,0.6084618327633811,0.6226563098169579,0.05217669151671234,12.112639860020112,3.413971493236392,-18.90698382018397,0.33265277891076195,0.8005139225034777,231.0,0.5086745424247906,0.6110818068761881,0.1639992600446244
294,3528,-0.638717769377499,-0.6831002252214697,0.32096249493418044,0.7372319197178192,0.9389218662860279,0.773132049330027,0.9208064499938221,0.7953687457121258,-0.019673424629385927,1.3055440700587393,0.8292776052497459,-0.41782680830211216,0.6209194048122517,0.8067293852002996,232.0,0.8046046107999872,0.792525798759692,0.12619572679428392
295,3540,-0.7338773186997671,-0.7496612958509626,0.03366760183395732,0.6126183705410267,1.3733850393958866,0.9718599752139422,1.2754475010178574,0.9466158509474469,-0.0767868048664262,12.748633976981482,3.443244636662141,-8.995420404844237,0.6475541396063976,0.6872955973517134,233.0,1.1577575852674182,0.9521811478725768,0.09227343003653066
296,3552,-0.8500709730364596,-0.8674575166524189,-0.38956235954631324,0.16197021862879088,1.6635347595762453,1.1187512656699756,1.6051884222320107,1.1068808751623849,-0.0363485909418062,21.219844420629286,4.468450382316529,-12.219534932306042,0.5699969009982876,0.7776431508019347,234.0,1.1881749067311367,0.9848342775183431,0.2597910062925932
297,3564,-0.88884981573679,-0.925714852152347,-0.5054127131065179,0.07731009039879692,1.7106274533843475,1.1196557341357458,1.6898650881725954,1.182184546258509,-0.0122864040195092,2.8570278291769378,1.546461292820849,-0.6906839777762979,0.31792746473767974,0.8202872535099665,235.0,1.2408674906592094,0.9512593189651884,0.2657002624978352
298,3576,-0.9235263592114518,-0.9592812405886451,-0.5434089660754233,0.04851965639523795,1.8293246832980745,1.1556099000648818,1.6991529452489127,1.2013037358074246,-0.07660978278214547,2.0693802901229605,1.323036646573784,-0.21788935828835143,0.0992170265154978,0.8059783793588579,236.0,1.4700701229140885,1.0322107049109435,0.1348217786841227
299,3588,-0.7933660953788176,-0.8162276474791192,-0.5378219750225922,-0.018255003731548237,1.8248630874371476,1.1136350726744921,1.5904397115317706,1.1400692576990459,-0.14739532357350482,1.184214095561223,0.9008867464595068,0.2554171736439522,0.09314289429795858,0.8039325717098973,171.0,0.6553555890839353,0.6879177696563193,0.5879406277822661
300,3600,-0.26683035369289876,-0.4436711381151951,-0.5455755458339338,-0.6760156311544127,1.3343026952100427,0.869701260710665,1.311601478463274,0.9856696042574132,-0.017308013996268468,3.9266454307254897,1.844232453370998,-1.9937793569172464,0.13711166445613446,0.7678365520138692,259.0,1.9705645398230516,1.2205180044928612,-0.5024110388559837
301,3612,-0.2777828590442897,-0.4204510390688345,-0.6542095109020789,-0.8702425539229731,1.332821565406579,0.969490661378614,1.0937721000476885,0.8918723760303816,-0.21855509511393434,0.7568727721161395,0.7853470054262004,0.30801601898316866,0.27248710662772413,0.8986307060542955,165.0,24.121728385635432,4.506239029495301,-21.053706055021628
302,3624,-0.13409615164063712,-0.23413795762531825,-0.7833697831994779,-0.9390575114513372,1.1553015717460737,0.8457209594967376,0.8334368237036718,0.7972636109755487,-0.38618973734815554,4.653044623828759,2.1100830093422758,-4.582960209450918,0.13608781503322182,0.9489909704827465,166.0,56.57956069142188,6.609060866195205,-66.88704204355953
303,3636,-0.2501643324708681,-0.284047273051955,-0.8935005990544029,-0.9625044883419229,10.789451055124507,2.5756219472755495,0.6186866300821079,0.7167253311037158,-16.439282716829688,1.3397227847789839,1.1388565833126205,-1.1654303158307866,0.03552902008494598,0.9616256031775384,276.0,6.5927136894771206,2.019260031390791,-9.655982154652639
304,3648,-0.4999872349469996,-0.5239310386805455,-0.9175258616866472,-0.9353545877352171,13.619913862643802,2.9913296017292037,0.5627099433928257,0.6758741422949414,-23.204146421375377,1.7648104261656663,1.2890225698674127,-2.1362701990386883,0.02237220228608676,0.9550254177549351,277.0,7.220617532702583,2.262433826074001,-11.83186412020073
305,3660,-0.44947340662517604,-0.4745699919172276,-0.9039082797994067,-0.9236829798423493,12.425203409682814,3.122861223498759,0.5583816405812178,0.6549498230688751,-21.252170391471786,1.7304070455554699,1.1876133650467713,-2.0989683753826407,0.020453886226423107,0.9290612294858227,278.0,3.388115179965237,1.5904343685274591,-5.067741010321468
306,3672,-0.679162314541899,-0.6917055842036195,-0.9198161285106333,-0.8762179697589032,16.795219956483244,3.79852888593133,0.5186770646167685,0.6085922298265204,-31.380880324624755,1.1851650192887782,1.0684834339890525,-1.2849767227792368,0.023717256406096385,0.8991519306540031,170.0,21.064165465310165,4.407874054833382,-39.61133005924159
307,3684,-0.6660924282363343,-0.6795065855083986,-0.8762353729258385,-0.882254390044811,17.121974096796244,3.773312736375765,0.5113263242737447,0.6023678843841416,-32.48541485931749,0.27907163627813825,0.4740264038532111,0.45422008797510316,0.03686943382493678,0.8740607556449942,171.0,0.7735161777512543,0.7784935191334752,-0.5127642388643052
308,3696,-0.31692189706782137,-0.3308196189518727,-0.837504957562073,-0.806410853642597,8.873625754157857,2.624236814328707,0.41840290880301784,0.5090245039393121,-20.208327111166234,4.856374100309735,2.1915914467790194,-10.606931974261427,0.04101758861091803,0.8981735813632472,286.0,0.452349738744424,0.5737444660509052,-0.08113430673444055
309,3708,-0.036562322561812466,-0.0667020877764867,-0.7274388946688681,-0.6673471869865225,1.1548783296051748,0.9117382123865652,0.27249279837777296,0.38240171015786156,-3.2381976201958125,3.410780151368261,1.8272355862232992,-11.51695520642602,0.040106944874468586,0.8664965095594696,287.0,0.41446190708149655,0.5328199580753925,-0.5210013238841762
310,3720,0.45953165454901057,0.43578851207450736,-0.3791466649711595,-0.3540995764890552,0.15203303888349506,0.32187375782431116,0.10922180366222345,0.250186621497121,-0.3919660158119027,0.14168455301169625,0.29981363449230525,-0.29721857963329623,0.031520994234447305,0.8516433949575579,288.0,0.215694601021996,0.38684416412890793,-0.9748309750409139
311,3732,0.7463400280899952,0.7369072437545702,0.3644575066552205,0.35166311889762164,0.05951014784427087,0.19295347796507448,0.06735581304607033,0.20680466835896688,0.11648089224953972,4.112422307827468,2.013256572923074,-60.05519511752661,0.03844195996855209,0.6784125018068513,233.0,0.2551410102867517,0.4529312023623046,-2.787958288206531
312,3744,0.43104284269427695,0.4205351950485762,0.5872721489692984,0.5828828953130051,0.059483902324280476,0.1946605990710119,0.07182747109499786,0.22791103321400089,0.17185024869373422,0.4247672858840164,0.5354276761267,-4.913716290000326,0.026770292363754312,0.7855026942799359,168.0,42.70575510151812,6.452606770960759,-593.5601933421292
313,3756,0.6697614834798623,0.6762095100570408,0.5499814350933694,0.6212690652155823,0.03959834882912131,0.15911084917538965,0.07295795511665734,0.23124820609066563,0.457244261221345,59.83499021958089,7.673686223345635,-819.1297599954211,0.01960416452335494,0.8268253807336542,305.0,4.54565049822416,2.046685535498374,-61.305069967432836
314,3768,0.7172355904903792,0.7289861249008414,0.48781616677410766,0.5412828610459663,0.0459348044644705,0.17238864128931353,0.06265745970797029,0.21645849205932743,0.2668900929185388,4.9403915578313855,2.2168953953500083,-77.84761975441126,0.0220217266795708,0.7955113948838705,236.0,0.29760014602343016,0.508907499180145,-3.7496363148213323
315,3780,0.7980688513401356,0.7993804027446999,0.3949138305697192,0.22729757746406246,0.02601952004445331,0.13122706436856402,0.07394152062486482,0.23404435156259754,0.6481067764827175,2.8745502499589293,1.6874693669578449,-37.87599586357823,0.023501729725792626,0.7354061876086797,237.0,0.2629078268920374,0.46942903909082445,-2.5556183409572397
316,3792,0.8056573014498222,0.8048928619443987,0.2803662345248162,0.04691477740389135,0.0478382777301081,0.16289827087839345,0.10976242055043156,0.2842814209285714,0.5641652444414865,0.4117571256788572,0.5740187683607674,-2.7513488096745355,0.02387715306162432,0.7234594607291294,180.0,1.7931557232406001,1.3285014339649548,-15.336699885519696
317,3804,0.7987454854535342,0.7988856383425635,0.2233935920135355,0.009233696581155918,0.08632756356872387,0.24037496705851621,0.15817890282732186,0.3481312762504569,0.45424097635217175,3.6857262453735253,1.9072061602615777,-22.300997664632295,0.02618233491916372,0.6784683061455717,61.0,4.904336960045232,2.207422067183051,-30.00500049237993
318,3816,0.6654965271756914,0.6683828465688838,0.08480334709023361,-0.05024740830141764,0.13586818134383505,0.3150978886606605,0.17868183747288055,0.3753671074742896,0.2396083269265884,10.029034963546206,3.159618464746304,-55.12789248973536,0.031849276378709324,0.7111354519470281,188.0,1.1723479061377382,1.0653935637701677,-5.561091618031247
319,3828,0.6035723083175446,0.6113102026908388,0.07815403609520154,0.018423136256318088,0.1610803432273579,0.34600557304459123,0.21522895762864067,0.4155900961332443,0.2515861016002857,1.2801892300572568,1.107668412747961,-4.948034335909924,0.04556134450492144,0.6936125045889904,189.0,0.8701056063629636,0.9039572947754129,-3.0426976739080676
320,3840,0.41851650733371354,0.4268937437555842,0.23361285023353032,0.13219498681503752,0.16609288454179683,0.36349469158679937,0.2261102141558839,0.43281313716415937,0.26543396032834765,1.4869485391183739,1.186749699526612,-5.576211272318943,0.03399456479531411,0.7861209431223174,264.0,0.28432819096292533,0.4708370879064424,-0.25747610307823177
321,3852,0.4072721374582064,0.4218186197318272,0.28489759511569795,0.29354104855976043,0.19500904053606719,0.39209704225263414,0.22719347630840991,0.43569774734718425,0.14166091516049117,7.408228470150081,2.7076302914165944,-31.607575668649837,0.06354511786741115,0.8216282123288015,265.0,0.07515994896097769,0.22805875595441663,0.6691808665361949
322,3864,0.49208756213923116,0.4891039158868677,0.4585949657114141,0.43805865723592047,0.1732281976580707,0.3678988171297686,0.23076331495620783,0.4438143926900715,0.2493252331249255,8.063401635255696,2.7923557297451205,-33.94230283867215,0.07822589153906945,0.8159039054881008,238.0,0.18854822573848054,0.30717909875867494,0.18293674289493755
323,3876,0.6844707507011032,0.680247711140996,0.4767203033082045,0.3823238489332072,0.14227390378093616,0.3345224666499925,0.2009884046636067,0.4038542244721327,0.29212879708628325,3.210579805375206,1.7606074188876852,-14.973955366971232,0.07811529546210953,0.8651916472653867,145.0,0.49144560938742393,0.587940508072279,-1.4451440878390671
324,3888,0.7151429486752552,0.7432894767887951,0.09201989600030953,0.05516461442467885,0.1384366460981213,0.3322283030918139,0.195402033847714,0.3860004203737967,0.2915291444406791,1.703860792960506,1.2531258858697956,-7.7197700014136235,0.0764925366977133,0.8622988131623838,240.0,0.6336953051599535,0.7006433924030941,-2.2430333128150655
325,3900,0.28503597161010424,0.30223007273283575,-0.2395785913285843,-0.1373299235171898,0.14412520617337937,0.3436767532281903,0.20649487457579035,0.39682603882560924,0.30203978927098885,0.20909623869853666,0.4057527211205228,-0.012597717633865635,0.07557509654811129,0.7728410474303353,157.0,0.6951814929376542,0.7315565435421839,-2.36657989388739
326,3912,-0.047054702917880886,-0.07173611281634458,-0.5418850605101624,-0.29610605724977385,0.12563566949727448,0.31392591267460385,0.18149333500240217,0.37202609790103497,0.307767034554676,0.21256147966627653,0.4037962058403658,-0.17118063681767248,0.07278499509875895,0.8120048497460925,158.0,2.024227833731885,1.3932791839368337,-10.153179998070415
327,3924,-0.2930142367634803,-0.3102693844401285,-0.735921720168536,-0.5015943451486463,0.14317015490603785,0.32518536568483153,0.17586341638221034,0.3650825207065082,0.1859014350381949,0.6680660231856289,0.734278787404337,-2.79877769310302,0.020775854895689724,0.7956605461983844,9.0,0.086734530187194,0.24750781661872773,0.5068074306102942
328,3936,-0.5176667965720828,-0.5398616437512188,-0.7958587227656211,-0.4668272305079976,0.19227550450965572,0.36956812148187435,0.20207425370650206,0.40016705756878873,0.04849083451807923,1.0118986131428367,0.914882485665048,-4.007558333544781,0.023520007939974122,0.7808529240245374,268.0,0.9328408623676899,0.9168191635028308,-3.616327143400329
329,3948,-0.4870205722957183,-0.5096231222253136,-0.8466395808486887,-0.6326966331449911,0.1596625789044191,0.3110784270326032,0.19328887598808095,0.38231068955944303,0.17396912735803483,0.9346076934563758,0.9404470960775688,-3.8352896082545787,0.02268879439563261,0.7553740758753092,259.0,0.907620591492625,0.9275135362457887,-3.695669043823261
330,3960,-0.5180286511086206,-0.5592094648314136,-0.7455105382539041,-0.6133506265528303,0.17909714995005108,0.3517472406763145,0.20056515561061672,0.40016962209112694,0.10703756390389307,6.697568820902861,2.580541519369961,-32.39348153727023,0.013758620978148348,0.7869958180316465,270.0,0.6742163768925642,0.7667647350584572,-2.3615827975698247
331,3972,-0.29379292792824435,-0.35037932476390293,-0.625136613064753,-0.5672828213463205,0.2718025550570062,0.4361711237964422,0.1820758886516826,0.3839299106239183,-0.49279817920852653,2.254869879206547,1.42510688700733,-11.384231080262309,0.01672838965518698,0.8056566778560061,271.0,0.6611809871111605,0.7605406412610688,-2.631348400973741
332,3984,0.2272600187044763,0.13554135840947976,-0.4076724827674476,-0.5707891022003594,0.6879872422171454,0.7702490909131342,0.14526262580410995,0.3307159259992666,-3.7361614070291713,0.7261710125302595,0.7423258219114928,-3.999021658258595,0.023742304702643924,0.8162625931210429,262.0,1.5418743768703016,1.1126930473770391,-9.614391474304997
333,3996,0.6588229290922776,0.6239556720569925,-0.14793611393662648,-0.5263349124254963,1.065182244741705,0.9757802487913698,0.12238439258601308,0.2939147244765924,-7.7035791266691405,0.08514826414885512,0.22802364687876847,0.3042555316928014,0.027650307591592913,0.8240364649601396,304.0,2.5837920551558917,1.4229107797135494,-20.112104252508953
334,4008,0.8361628809632783,0.8181456786810658,0.2355811624094824,-0.43833970071207595,0.18975023750734582,0.3804561649588207,0.1406784789247324,0.31420570358066907,-0.3488220725564457,9.810552226699583,3.1157507169017755,-68.73740618811034,0.028355705666112965,0.7869796141034385,278.0,1.228448141310306,1.0234632480205106,-7.732310376824348
335,4020,0.9418177820119761,0.9426835879117711,0.5601449533360605,-0.298317338346534,0.04002346112957238,0.15466559713803366,0.15037804212003236,0.32619798712792886,0.7338477043235774,5.3671976363429525,2.304681225750948,-34.691365312888124,0.023161424466061908,0.6978356769704855,306.0,4.227395601251036,2.0037746005157726,-27.111787742765742
336,4032,0.9422534843487282,0.9366795713244126,0.5703860558570072,-0.34894153321874655,0.033027016464867144,0.13617260340829992,0.14652158867432133,0.32042620407352557,0.7745928312429273,4.015341982996432,1.9937711603257806,-26.404439300214477,0.0253636888454005,0.6668852436443298,200.0,6.5295592888671665,2.532698681298993,-43.563803518269566
337,4044,0.8518062835477646,0.8387982559261417,0.5175984329445531,-0.18997448671759437,0.03705149181335184,0.15046317899442013,0.13339450050759805,0.28922114150087924,0.7222412342910537,12.350483299807683,3.508046893866098,-91.58615049954184,0.026018702130158878,0.7378671458718311,259.0,1.471938305484017,1.198216478692586,-10.034475183631551
338,4056,0.6909322670260513,0.6640467833135759,0.5017175691848323,0.13716137864197542,0.08342684694502135,0.22577099689305694,0.11152466303928708,0.2679378594502257,0.2519426226319791,7.897333215423111,2.7941965201178287,-69.8124373587311,0.029365050690762874,0.7739861805595936,260.0,1.6387626394603878,1.263078361499612,-13.69417252471856
339,4068,0.5212182897151635,0.4819400574045808,0.3220597995885457,0.043415404582742456,0.1050868552950886,0.25971928447586606,0.1226625451034541,0.2866955106483062,0.14328489428897873,3.043771144051807,1.733926217718524,-23.81418546700362,0.028979708108139737,0.8217312641351592,261.0,2.016190086907847,1.3963561701641307,-15.436884504616987
340,4080,0.6606786546799548,0.6271027015979986,0.23926011388688645,0.06371683893658774,0.08234336135377658,0.23880166047229143,0.120586454940012,0.2856121772456414,0.31714253151616545,8.461452465844566,2.901661794687444,-69.16917837126795,0.021489488297032955,0.7960576191977098,262.0,2.415880365844643,1.5314391656384725,-19.034425649601097
341,4092,0.6627161532262413,0.6292264967722867,-0.04623448072103868,-0.1346005069704297,0.08231533602737642,0.23888681631023634,0.0923843457544492,0.24385586465432463,0.10899043171053535,0.7775921151436128,0.8581632274138624,-7.416925062287019,0.015971286242390963,0.818449592680077,263.0,2.3247901510504585,1.5031837583170922,-24.164329866334494
342,4104,0.08807022234035711,0.03654310629514408,-0.6158581855174105,-0.4814950553133715,0.1540114942651769,0.31714182521501594,0.10495850102565325,0.24773918511613774,-0.46735607654623856,3.7080690074157894,1.878159844965051,-34.328905912151775,0.028173056754461377,0.7393330632660103,334.0,0.09586001695820157,0.262225468364963,0.08668649017031882
343,4116,-0.19479619155184097,-0.2526412529924741,-0.8970345663561435,-0.8080141810955945,0.13424613453631987,0.3008085096139083,0.12507795205300973,0.2805686057452041,-0.0732997489391618,2.1104097678049127,1.4369694798036707,-15.872756014669097,0.033059869872642145,0.5930370380008537,265.0,0.1503619080774762,0.3427183321271291,-0.2021455868876938
344,4128,-0.5020350475677963,-0.4961561674449872,-0.9013451022310937,-0.7697212415090712,0.22227097330701773,0.4226866380352324,0.1340908440517077,0.3061852195725313,-0.6576148422282007,0.11473699061419804,0.2667366704694477,0.14433389225327342,0.03549988678732457,0.48942246890549873,252.0,1.7860266000190974,1.3127467846281382,-12.319526867400247
345,4140,-0.4299282688699122,-0.408026109109906,-0.81818842144361,-0.6083762226371917,0.22076172211459735,0.4215876323744898,0.15212029833856675,0.3326133668653536,-0.45123119350751417,0.09339864110988265,0.23068788814469474,0.3860211810654628,0.03950547829395228,0.4998188507109684,315.0,0.041742281434661736,0.17060833368527736,0.7255969000155523
346,4152,-0.23754173655710303,-0.1913436801157416,-0.5335012050237758,-0.2523931426173424,0.1928272601274746,0.3794723792211216,0.18308906764279845,0.372568407872601,-0.053188279398937555,3.9661328118619807,1.9739512377761186,-20.662313664733894,0.05327774996411656,0.5380473539341419,284.0,0.09518521403781466,0.22653302403933584,0.4801152506630363
347,4164,-0.15358934847510203,-0.09305294560219574,-0.3324739459352494,-0.08739741613891562,0.2292536358314848,0.43062848865734515,0.22029853501942825,0.41920035609887446,-0.040649842774791,15.881284103710508,3.975456125284117,-71.08983074857909,0.05592472513218336,0.5507752743862666,177.0,1.7483822352795706,1.295663872908836,-6.936422432974326
348,4176,0.05382699296739821,0.13008921943989016,-0.24556137302538375,-0.036434844246837815,0.2393808135912485,0.4526582210544387,0.25449050773739573,0.4676348600043714,0.059372328974009014,0.053246043572015234,0.1748598694059057,0.7907739504887197,0.024894176528741232,0.6610422892610963,114.0,0.040552641500718065,0.17082895752406188,0.8406516539211607
349,4188,0.11052773086326027,0.2056895937871467,0.01752467191440914,0.1960847796104061,0.23791267049632392,0.458194667168158,0.25429100483977296,0.4751194594073401,0.06440783996181432,0.527440426421487,0.6846002487048773,-1.0741607700745202,0.021925371894904136,0.6799859886578279,179.0,1.3104182329501477,1.132674975400135,-4.153222913943941
350,4200,0.7143086296110068,0.7723516903073276,0.2851262797897625,-0.2851196714468173,0.1685887803526869,0.372948437371571,0.2334368983168665,0.44075158091060873,0.2777972052908062,0.20542454718670472,0.418601616528138,0.11999967156922176,0.024092429753948184,0.7285997676178539,82.0,1.4959924747855735,1.204741139027203,-5.408551885207617
351,4212,0.9040333421881086,0.9369775931980693,0.3865718627747183,-0.6150246357376277,0.2721656273279252,0.48766917304239543,0.2302292145598742,0.43434133144051695,-0.1821507007623695,3.859955783263763,1.9417646056559827,-15.765707995150763,0.02024999793648494,0.7514314889539414,7.0,0.10096824594559269,0.28118665457747466,0.5614446839919417
352,4224,0.9515572309255838,0.9527048616456615,0.34901085056912556,-0.47475468734187154,0.1405573971426802,0.3367835585642708,0.21691522241654995,0.40773498193992835,0.35201690514479955,1.3142148075859752,1.1286392501255105,-5.058656432429819,0.03497624126503397,0.8506998370860116,284.0,0.08495546780559077,0.2503947439495194,0.6083471373786401
353,4236,0.7272019082162205,0.7544831684439305,0.031403271913235054,-0.4952198413588481,0.12418001805569436,0.30888486961691586,0.2170713186890399,0.40908882415433295,0.4279298674479177,0.12394474933277323,0.31468405145943934,0.429013698901755,0.0823031917361133,0.8008909657865754,285.0,0.10788629577096237,0.2880076120165647,0.5029914756932389
354,4248,0.300876905958974,0.3810466403527925,-0.36796204550148454,-0.5891658407256576,0.24998885423902292,0.382188672077583,0.28219044056978676,0.4570707711738093,0.11411295955222223,6.623280644951203,2.4805177718553644,-22.470960361299838,0.09324468190593027,0.8572336169244749,252.0,0.9266143443530117,0.9087899904886655,-2.283648951686783
355,4260,-0.1224011086753662,-0.03948292864734915,-0.578021503360483,-0.5868295031031171,0.5209003058524045,0.5680866459094925,0.371602259635806,0.5105475762394771,-0.4017684024928163,0.25337351526335633,0.4510796606793001,0.31815937956976204,0.09226111330028777,0.8295962740756062,253.0,0.752311550355486,0.795668983184328,-1.0245074696068843
356,4272,-0.23048832030232488,-0.15434789847453131,-0.7016391555305673,-0.4060263257660223,0.6348322159647622,0.6663990154952317,0.40285007168527653,0.531742399997985,-0.5758523097911223,0.2741703039367195,0.44882903171109,0.3194234699034313,0.08852511721564658,0.8372733122851178,254.0,0.845582807291124,0.8469453105383818,-1.0990012580951678
357,4284,-0.6764758442692514,-0.6501170658787342,-0.828873097364863,-0.5404720990367576,0.9206173539779381,0.8732206268624375,0.43170195207567746,0.5717897466922134,-1.1325299771091921,4.3420590594469735,2.048579807983011,-9.05800191212897,0.08909094419145097,0.671753544576336,299.0,0.9241567937822909,0.8847959558850483,-1.1407287813706386
358,4296,-0.680645475063684,-0.6707044695419373,-0.8919108222498302,-0.48743449134267536,0.6862660140309891,0.7889619845272425,0.5052819686153218,0.6482729146654003,-0.35818425484613514,19.578797918129766,4.418585963395388,-37.74826163257644,0.05024530953831842,0.6207730143222459,286.0,0.13520069879269925,0.3323461638968002,0.732425245327467
359,4308,-0.7163118242610751,-0.7139558615420576,-0.8971735977627102,-0.3439787733407228,0.6891444868122505,0.8165030414091525,0.5696566334189839,0.7202432654759859,-0.20975416835949146,1.3763297954478284,1.1621332447863517,-1.4160691102415979,0.01761680858562831,0.5960788100424126,289.0,0.20887425059708387,0.4324404706040614,0.6333330670733077
360,4320,-0.36668455679493445,-0.37558178411071036,-0.8743638819385645,-0.6861387456851603,0.3355470696095849,0.5563691866820554,0.5546384607183588,0.6992279261864132,0.3950165858043999,29.260214184914773,5.400789043694394,-51.75547272184734,0.017325989838730935,0.576841701187777,138.0,0.16420415892352205,0.3162486110394589,0.7039437930235717
361,4332,0.2424147961563871,0.2222828680320364,-0.8499187967881459,-0.8508592968963531,0.09297181698999464,0.2615399743228631,0.483740342384081,0.6490844456855821,0.8078063604706,1.473167027728343,1.152605721737448,-2.045367315175618,0.015306440121102018,0.8358500631073161,274.0,1.78163994695139,1.2919665681458197,-2.683050163173698
362,4344,0.7580929956776025,0.7314316710364643,-0.7649835050343015,-0.8725241495649141,0.08440777956547765,0.22779204683975435,0.3743279177035326,0.5757628153489455,0.7745084574954718,2.4390536500525997,1.5383163140332023,-5.51582084771013,0.011353469748399785,0.8988991375300843,302.0,0.3819434420968784,0.4783849656693378,-0.020344526905891502
363,4356,0.8229981789661893,0.7954302703862267,-0.7490089351470696,-0.8826568466640984,0.14977545502177636,0.29684585092442894,0.32634668697542846,0.5338244519323702,0.5410541580492485,0.115361600348039,0.29243367392779474,0.6465059859586535,0.012471438947744433,0.9422584307682994,303.0,4.000816890335596,1.5769176204444886,-11.259407096836341
364,4368,0.7712430748917897,0.7396966243900032,-0.6690834723218502,-0.9062201360809183,0.41180631192185224,0.5022708451392582,0.29399691627016894,0.48674635598627236,-0.4007164331731363,0.2407108031062646,0.38950593285090684,0.18124718394983763,0.012279001702666516,0.9313656094180668,277.0,3.081929822022071,1.6522607146633905,-9.48286445014929
365,4380,0.5196412446364624,0.45396230004768473,-0.6738679192801796,-0.8769801094048789,0.42591975418747896,0.5525504651233217,0.22030996878013667,0.4045824360260984,-0.9332749967956975,11.896902693455715,3.4436506441113806,-53.00074612750955,0.017436360433478452,0.9040925853363971,278.0,1.4706709025363007,1.1414339486370964,-5.675462352790718
366,4392,0.15458532254860496,0.0805780998306721,-0.7698740851796106,-0.7914962463471229,0.10572619530470784,0.26868220700894585,0.1608934431214998,0.3422594985270204,0.3428806466347546,0.08486827917434642,0.23691766956950877,0.47251872091358293,0.017916604906329996,0.8616512349296181,279.0,0.3098443923775933,0.5081689866039001,-0.9257738933687445
367,4404,-0.3224339726150555,-0.389706836741172,-0.8321578761892384,-0.5707893828998956,0.10154886982555546,0.278962081292602,0.14376224699530046,0.32422236011960043,0.29363325944067187,19.36695926230481,4.397399468428348,-133.7151958673678,0.019227425879098328,0.6903140161600669,321.0,0.06057689434168437,0.19577556313065067,0.5786314167469531
368,4416,-0.4430365722478892,-0.4856316476568513,-0.8272232884138652,-0.6850080566463502,0.08217845238212387,0.2377663885903616,0.10928460007939204,0.26740582315688477,0.24803263842825385,0.4260822175030144,0.6255459395017298,-2.8988312826645126,0.020244202298615156,0.5981528665576675,252.0,2.138159491039942,1.4530333697404938,-18.56505756059529
369,4428,0.2143408174415358,0.15835655988680702,-0.799436685998257,-0.7933777228664077,0.07679517582731075,0.2288779039228988,0.09803055745686982,0.25081098678433567,0.21662002318921758,9.214208403598468,2.99021300317489,-92.9932266288745,0.01898321642457172,0.7259548953861878,267.0,0.1300142487797404,0.3023201553213652,-0.3262624650170163
370,4440,0.5466621005362595,0.5401770991170728,-0.6768964965832031,-0.6751447031065148,0.04773920595264836,0.17885490924485367,0.06682875576461897,0.2122995328241057,0.2856487389830644,0.06243467801555608,0.20663092100789054,0.0657513026957961,0.02564902987984213,0.75858315558209,284.0,0.18508194199563727,0.3929366545533974,-1.769495554391645
371,4452,0.7999610541397306,0.774189734282075,-0.7258393623683211,-0.7445964703424897,0.03677993999766512,0.15708422618559134,0.06830316516229756,0.22068797382486396,0.46151924423603197,4.403388493668717,2.0892554973143898,-63.46829342689567,0.027125946144637553,0.7620555126348372,308.0,3.617886998614854,1.8488234709234899,-51.9680724168238
372,4464,0.7953498461919849,0.7699984415066545,-0.8051313859077207,-0.8062309243241996,0.036957990720466787,0.1582424074367289,0.06549532629127844,0.21293414512034708,0.43571560272708765,0.22320049649437737,0.4451487599501437,-2.4078843351620867,0.024007790473862447,0.7396721945418017,309.0,0.4247532864493822,0.591408688740249,-5.485245749603108
373,4476,0.6487060414187552,0.6048259761093016,-0.7270946878884066,-0.7220922602671361,0.05426697705378538,0.19711879915885952,0.05735783314131016,0.19958802180399626,0.05388725337496569,8.498725810899478,2.9093517859655718,-147.17027327307696,0.032724759517797214,0.7377191653217309,270.0,0.6572288835009741,0.77759520964847,-10.458398051435903
374,4488,0.3735918704362533,0.3227642674937264,-0.6547444914207422,-0.5216654986524593,0.05095431302574575,0.18584145048231926,0.04707578298519332,0.1749649999090265,-0.08238907129324513,1.445598053133105,1.1901286029485387,-29.70789185997792,0.025228376386644127,0.6545857970880198,271.0,0.5437009780887191,0.704676987760621,-10.54948348410325
375,4500,-0.10389975432588458,-0.15743655925273742,-0.6956094986864363,-0.3683010208546819,0.060435017736454905,0.2009820469384575,0.07385718086309555,0.22032643730801388,0.1817313221245267,2.6709049281387087,1.6198939412953755,-35.16310420904907,0.030061103210976308,0.6539941447289089,272.0,0.4033523323283258,0.6036749219825275,-4.46124733728999
376,4512,-0.4696305193466125,-0.4991450871234699,-0.6204430312618248,-0.3157668658136189,0.04802282232267564,0.17111036391759968,0.0669771305848324,0.20463416669103263,0.2829967198751441,0.8476652547821054,0.9015497717041414,-11.656040164462752,0.027068950453525715,0.6544401335036181,55.0,14.768836140988018,3.837731766833254,-219.505656364033
377,4524,-0.18690371846986226,-0.2880010990622304,-0.5203347497419626,-0.371413933991196,0.03287956445576511,0.1541857635908142,0.06552652283862717,0.2028290425158367,0.4982250998311333,0.2376551501826099,0.46128645580287125,-2.626854285674301,0.012785363056332263,0.5711700213312378,56.0,15.341109925055763,3.914008319375431,-233.12061651488008
378,4536,0.1468815893913015,0.10131143133452146,-0.4169399165227319,-0.3864880362854006,0.05601798819803675,0.1998858701322971,0.057941275514844875,0.18452139132304282,0.033193734513410345,0.28703816512528685,0.5087672719440112,-3.953949711579029,0.022773976699204446,0.5388573822075002,358.0,0.3942732925680198,0.6038828343983954,-5.804705092607166
379,4548,0.6364056719075941,0.585550396962186,-0.5329227031269885,-0.5792378841280368,0.05287177018788343,0.19835626595363415,0.07464808176230009,0.22132002496107303,0.29171964048263677,17.426507684706497,4.167230495784487,-232.44883449513497,0.041052972977836326,0.5363396640915933,293.0,0.41253844310412147,0.6026595030914065,-4.526443993802235
380,4560,0.8288081686764017,0.8048248001503581,-0.5844030087659164,-0.6060232430459758,0.04629297584707816,0.18072367585154164,0.07219918683332582,0.21293414634300376,0.35881582774682763,3.396621569511663,1.8287835624044877,-46.04514993157574,0.03285707109788578,0.5821459942079782,360.0,0.3811185109252043,0.5835058505339631,-4.278709188304695
381,4572,0.7439697700482552,0.6930860412812665,-0.5761865800220655,-0.590889954808517,0.062125024327686615,0.20353847517952212,0.09866009307045104,0.25496097538766443,0.3703125306873116,3.207826322703313,1.7780412763726474,-31.51391948731159,0.03349052268889497,0.7085722582562065,361.0,0.32193470168062627,0.5231945822896209,-2.26306910587181
382,4584,0.30356949647398945,0.22753546762539142,-0.4461336861463249,-0.3383817418158578,0.06921479921787362,0.21363554750002023,0.07778168472671614,0.2217764341325559,0.11014013824645275,4.962098813184584,2.2024128990204836,-62.79520873864824,0.02855437712087557,0.6572958345208766,262.0,2.5633157824363892,1.589865495600509,-31.955261787431454
383,4596,-0.14268122308264983,-0.19324036005906345,-0.44479869816076795,-0.22351522612348595,0.08642102843641931,0.24382767331874333,0.07569841786942234,0.22132515217176438,-0.14164907099502622,1.7115623554348878,1.2660845216412098,-21.610279099720223,0.034141843006848006,0.7374672480716761,69.0,9.162532422844222,3.0197222659169305,-120.03994615381968
384,4608,-0.3439925027442544,-0.34038711898687535,-0.5854574243061454,-0.3268996849723037,0.09474153922896927,0.25551078942045635,0.06548632276272663,0.19589315766566778,-0.44673781076762586,6.655559616258862,2.5741023138739174,-100.63281942664003,0.025502953702082536,0.7330455567043145,70.0,6.8371869325354,2.607053371344767,-103.40633469844143
385,4620,-0.5848174171421248,-0.5979357057912755,-0.5757240173023599,-0.14911134262764913,0.07635952891801609,0.21667416280000137,0.0646710615484133,0.1940867484783253,-0.18073721212775684,1.9090474197835179,1.3618198372592663,-28.519345655929722,0.026966444437252064,0.8189790528859252,103.0,0.6109759916384859,0.7584956447194754,-8.447440277149372
386,4632,-0.4704864447187647,-0.5717722983397637,-0.492899753828106,-0.17888853103021804,0.04277059211640199,0.1617687933669271,0.04879002016111917,0.1590060580938879,0.12337416596343342,0.17186539055331854,0.381676663789779,-2.522552152792064,0.020868041665353047,0.7671659697421709,82.0,2.6141184521192695,1.6080861653160008,-52.57895822724959
387,4644,-0.04961934207290229,-0.1167141355977477,-0.5423830160505825,-0.4561175215914221,0.04630567191939796,0.1660368157615988,0.05205476150738787,0.1692880864526144,0.11044310686494974,2.571387319098897,1.5801551498249646,-48.39773508968921,0.02038955767445374,0.8088598335821587,351.0,0.03561550789970376,0.1552991755368092,0.3158069143271547
388,4656,0.31031740512122663,0.3329569587885359,-0.5373054010607693,-0.48948293444874863,0.0439461229172754,0.17744361163573624,0.032284535061638635,0.14133045620331808,-0.3612128170150848,0.6997976731333014,0.8207549751398863,-20.675940873772102,0.0192617675720598,0.767207198105258,352.0,0.04613513936792925,0.1860461882899877,-0.4290166880163091
389,4668,0.7713869461607475,0.7904601006303354,-0.7266307334877848,-0.7283184314907656,0.06347606949781331,0.22061901517068344,0.05261825409168551,0.1652265546131103,-0.20635073499794254,3.8988230744110433,1.9664798471125116,-73.09639756608946,0.030416969254264896,0.7282344507350099,251.0,0.1602315605970929,0.3573470441665557,-2.0451706040625157
390,4680,0.7170170178903367,0.6961636401949435,-0.7796094764154891,-0.7565746324586543,0.04791687361537328,0.1854217333097646,0.06613881989326728,0.18831624829641957,0.27551060492612356,0.30695087081509254,0.520123653370071,-3.6410091881052624,0.03346921006727443,0.7060475082929438,252.0,2.0176592032164415,1.4014409402832182,-29.506428848783145
391,4692,0.41545882457369127,0.40222227805002214,-0.795508389602618,-0.7561399778393179,0.06005565241990926,0.20148577656592628,0.07182968474891788,0.20734441014022476,0.1639159683098288,0.3757943240934969,0.5505150753891901,-4.231741241898717,0.04286743486770944,0.5871398365859253,231.0,0.9894476059299587,0.9604240132273465,-12.774912271835703
392,4704,0.11886456751213474,0.1461650567951848,-0.8171591444677851,-0.7522431939114781,0.08718428230353231,0.24979318102319753,0.07204427466769706,0.20598928719297208,-0.21014865796995363,4.115264548154202,2.016096380368562,-56.12132667218577,0.04279474522478813,0.5698554469213972,204.0,2.2542680743975962,1.4846843392179336,-30.29003775519107
393,4716,-0.1709156829122608,-0.1494728672376713,-0.8197041514363926,-0.7305453077094125,0.0930674760819529,0.2630229074408287,0.07008743985221855,0.19814186778932735,-0.32787666774800805,3.839578347420386,1.9484750390182388,-53.782687961156114,0.029531821333615864,0.6325797352318313,363.0,0.43569595657563476,0.6011845129615204,-5.216462714208318
394,4728,-0.000576337522640423,-0.036005361445952296,-0.795003160642536,-0.7516750899264936,0.06520408210112995,0.2167084233917224,0.0678808511405866,0.19327008413416893,0.03943334525833886,8.898988384884719,2.9736236718704223,-130.09718330511518,0.046877332595733984,0.5973862597293079,296.0,0.7453380775870312,0.8292796362814382,-9.98009328202702
395,4740,0.1650739226769643,0.13600420051094403,-0.8538271073367047,-0.8296199477564117,0.07429091045424768,0.23716295265095386,0.06976286525793247,0.19886109801315455,-0.06490623886467084,4.896345169512465,2.1991460717781925,-69.18555145935207,0.050936211894035056,0.6557472803203065,319.0,0.11006130400399734,0.2804639376300442,-0.5776488479518505
396,4752,0.3068236882669952,0.3100008835226918,-0.3569645027922904,-0.40171186627501,0.0806011971611192,0.2424413451875931,0.06772777029031364,0.2017444241010255,-0.19007604732333405,0.11579363686493288,0.2939224653841358,-0.7096921450180027,0.06188815087579579,0.651027355999974,224.0,0.1057111144687982,0.2799163588666065,-0.560823780491662
397,4764,0.4673231621464329,0.6257917801481631,-0.30610236645792205,-0.2976380344256925,0.09869063938431558,0.2574193958405016,0.08292848715464535,0.21761874432060838,-0.19006921228741236,0.12644853108132126,0.29587604129668327,-0.5247900380181731,0.056108640698075314,0.7398288066360055,225.0,0.13392335662958485,0.30427236799217194,-0.6149258382085769
398,4776,0.33056352460268085,0.45626314762447573,-0.3094042975565199,-0.17736845766184914,0.10156581270847144,0.2567422715632651,0.07791705002619483,0.20562390083597296,-0.3035120384347991,13.616228473263426,3.6772024132430032,-173.7528746107021,0.03211267273114328,0.7792729885511527,260.0,1.4232937264419745,1.1476938946496598,-17.266781480606355
399,4788,-0.0135315095205594,0.08114853654006934,-0.3551011739305547,-0.1295551317204719,0.11282198261561385,0.25764487246479145,0.08173302902177046,0.21744054027885729,-0.38037197404690004,0.2094976840940523,0.41124600555369106,-1.5631949115485537,0.029749835705143817,0.853686883012678,261.0,1.9957175666890747,1.358543309188056,-23.417516279220415
400,4800,-0.17845796807365655,-0.12149424444460159,-0.35475662348808895,0.05581194599426401,0.1673272884964897,0.34482679919805015,0.1306240269654865,0.2938249860629269,-0.280983999526373,6.079744434831736,2.451424450354246,-45.54384477396434,0.043073610753849384,0.8609088843823273,262.0,2.3281094217871936,1.4706147296486247,-16.82298001272252
401,4812,-0.37479927355109266,-0.3319745852173042,-0.3125125100415229,0.21525699807683374,0.2553967010810736,0.4173863895552558,0.18882942388469012,0.35371075069591323,-0.3525259772917233,3.365680983971526,1.809998091800151,-16.823922324874538,0.06784062295445038,0.8791920020317595,263.0,2.1499677829893797,1.4100891742992363,-10.385766787607588
402,4824,-0.0283065219698396,-0.0031149286217292955,-0.31582389409171424,-0.11848631284120795,0.2178702650127523,0.3769408274231111,0.21089616175161063,0.3838337596817507,-0.03306889610136965,0.5238774117486047,0.6343207417359147,-1.4840537987866145,0.10448744577298526,0.7814138323358041,6.0,4.9115020990698985,2.189401993860108,-22.2887220814126
403,4836,0.3291959043720499,0.2958840210594772,-0.49010728100652334,-0.4357229268687724,0.2128137681880621,0.3701555089328338,0.22644479630475353,0.40142090205751835,0.060195810807445294,0.23053488519008028,0.42780233111440463,-0.018062189779014526,0.09738862278620228,0.8756693127853301,7.0,0.5366820201729613,0.6285420601931228,-1.3700346792278895
404,4848,0.4768155090477593,0.552069264280312,-0.6775263531310494,-0.6770430388326931,0.31351651371363815,0.4765890571056947,0.281078147038654,0.4481361819765743,-0.1154069322597433,0.10497857657265385,0.2489030562712183,0.6265146270577302,0.07140461943571433,0.9032663395379062,8.0,0.33376803767636565,0.48066846478869635,-0.1874563753633458
405,4860,0.1221306085654299,0.3711153355038267,-0.7463268398979244,-0.7368544318032346,0.586793625019525,0.677545301926255,0.31291961930355117,0.4845745592192741,-0.8752215866985935,7.817808307997404,2.769046128656235,-23.983439278742225,0.06788963455794979,0.8355217658585504,285.0,0.20715998704678648,0.4065951247375473,0.33797699387513114
406,4872,0.23927288715875514,0.4369354540408797,-0.7595639051546732,-0.7458412965045417,0.5816342047724751,0.6976071646343588,0.3166940006917636,0.4924232602727596,-0.8365810640618234,2.288036404364499,1.4470999127388222,-6.224754492875384,0.05341779672958393,0.7693568058409159,294.0,0.5766253026440554,0.6909912582530533,-0.8207648436172348
407,4884,-0.18750360793751125,-0.0791795355585162,-0.762776603243772,-0.6616543116586598,0.4911290483110569,0.6279386315267912,0.27427995123253224,0.428755453025155,-0.7906122780905771,0.4634912867212086,0.6328520049070531,-0.6898474884453534,0.060307819962843894,0.7137038715781255,317.0,0.2123358851059478,0.42575843691450876,0.22584248629265935
408,4896,-0.5516898530287845,-0.5194928957934742,-0.8598907279222927,-0.5914941322806729,0.47463898482740474,0.6466551087415392,0.2440258734544242,0.4117080545702944,-0.9450354919682371,17.46462885806326,4.1709282239655945,-70.56875871740324,0.01032876416893147,0.7150707122385537,318.0,0.22154973331729935,0.4170332092761245,0.09210556167242911
409,4908,-0.6133631112413702,-0.5849178876314879,-0.8893574280457547,-0.6944404466996885,0.6193016034520357,0.7368137270012722,0.269140245874761,0.42875545485914,-1.3010367752291319,0.07595056965442609,0.2168363079739658,0.7178030011543939,0.011849070526111222,0.6315320599982871,375.0,0.07908566828692219,0.24513834524531833,0.7061544324971631
410,4920,-0.19871757501660758,-0.1794307239302963,-0.8190295095024168,-0.7402450765578947,0.2843202539346803,0.503822524556002,0.2374464492431214,0.3851940110623514,-0.1974078990903958,0.24372477283187935,0.4692996648867253,-0.026441008525377452,0.010223838092426154,0.6242888876490271,376.0,0.04138515280951479,0.16529419029030937,0.8257074260683488
411,4932,0.5175538841005349,0.48878491426631127,-0.8479759773768315,-0.8655251828393594,0.05070923065318342,0.1899521373776259,0.17150743329119317,0.32143133329976326,0.7043321698652736,5.792189566754641,2.393839817729225,-32.772236314215,0.018853267199965835,0.6771483011147943,225.0,0.25984264914573707,0.45614610085468277,-0.5150518211333985
412,4944,0.8919768539532077,0.8705377893962656,-0.8505491297155254,-0.9049628471478651,0.04403427656725995,0.17470353308946626,0.15772475116367593,0.3180031360802939,0.7208156852847769,0.1178605263251213,0.30931314501383234,0.25274552373321724,0.029255679978122253,0.6101073447730301,181.0,3.3156828201801076,1.812126646148093,-20.02195626062088
413,4956,0.8827856218819479,0.8668146479579064,-0.8280047228892915,-0.8366153965935954,0.05103962084277373,0.18979336429286717,0.20638456742021732,0.37418890630761875,0.7526965243537201,10.328602969275469,3.186030738932352,-49.04542296152171,0.041983537995128696,0.6625497012842886,399.0,0.08708351061953652,0.24263571495993844,0.5780522172366369
414,4968,0.7841454134570793,0.7700000650714229,-0.8058355045159372,-0.7947479834840135,0.04108693184268219,0.1580867347987992,0.2473838778169419,0.4400246537574612,0.8339142703831107,3.816410218065825,1.9404942904516802,-14.427077349356923,0.028959602882088757,0.7211053148867645,312.0,0.1270603720231325,0.2893570518058746,0.48638378076863154
415,4980,0.3354922920116591,0.2741959936976078,-0.7183280226962879,-0.6189356900804518,0.0611500663796929,0.21728920096874452,0.2670438045366578,0.4601374285141227,0.7710111025200787,2.4573032887926285,1.5546599200942193,-8.201873426931751,0.021056296158593755,0.7990200688526143,278.0,1.5280163346150222,1.2109727400624368,-4.721968862997034
416,4992,-0.17192575800189083,-0.28234080763848185,-0.6824903777509993,-0.03539531806580198,0.2010369133661798,0.41336087887797274,0.2316171072346393,0.4295631326768669,0.13202908124346913,22.301014031991322,4.720079330256269,-95.28396752835411,0.0166752832759069,0.7172264731318982,249.0,1.1322011357374824,1.0537978664157528,-3.888244867813275
417,5004,-0.6786309080655609,-0.7245573891267951,-0.6664758678932352,0.09810649290008032,0.23460936629671636,0.43953659572660764,0.22864664723084285,0.41865033758274967,-0.026078314018982862,0.24307822744293353,0.4392362197040153,-0.06311739265312943,0.011612806929831916,0.5274886950096506,279.0,0.2714090304421911,0.48910626929253936,-0.18702388042530593
418,5016,-0.588629752434494,-0.6268021677042523,-0.639280141804947,-0.04779771715961263,0.20104865531994007,0.39106647058316807,0.21391104102361713,0.39583372151281665,0.06012960173597104,6.6603536794460085,2.5705238653377203,-30.136091188068516,0.038903677789086856,0.5412619415135018,280.0,0.31808196235784814,0.5228531911522255,-0.48698244296202486
419,5028,0.14235532436465853,0.04468048525318048,-0.6168403383063447,-0.4755896814446787,0.1370800620090364,0.3263634027983219,0.2272093317532575,0.41323753019082854,0.3966794367499781,4.148863842886295,2.005918416054641,-17.260094384643658,0.054081541431388,0.6357809712780333,266.0,0.34868034719108354,0.5154321932907369,-0.5346215954269868
420,5040,0.7463732015398729,0.6939429264952117,-0.6167241676836901,-0.5977988852898921,0.08654305979062714,0.2560901731647804,0.1978401075602123,0.38212349746294166,0.5625605906816042,5.173228879632062,2.2518915509382436,-25.148534508138592,0.0589101668097648,0.7782863728476145,267.0,0.24339382090915185,0.38418266091427367,-0.23025519906308856
421,5052,0.7989031628523746,0.7877097747489951,-0.7315628467262524,-0.7428854808873427,0.12406119737468463,0.30174358476349683,0.3269267955475179,0.45986435250548313,0.6205230067883724,2.3644029901556363,1.4687658750450918,-6.232209235697161,0.05436977277626656,0.7670258668712218,284.0,0.43579485894448095,0.5928865710272992,-0.33300440612289717
422,5064,0.276602709539472,0.1741623340772975,-0.8119189548550986,-0.8497674389365779,0.14449067385257414,0.3241270448149921,0.3242433611870626,0.4558976924036193,0.554375844971535,14.262424649157621,3.765856450040441,-42.98679003617082,0.054108753570564806,0.7798642554635941,255.0,1.9226558950371726,1.3605267032205839,-4.92966927063143
423,5076,-0.1269378182358738,-0.23822976344158753,-0.827600449182364,-0.7842657470386059,0.19077421509648687,0.37643461602603645,0.35262153182365746,0.4858399340480241,0.45898307993315857,1.398594255549089,1.1391681133486418,-2.96627582075309,0.034711738540555946,0.8445375335005664,308.0,2.1520647335223626,1.3458463437180699,-5.103044026813963
424,5088,-0.1758868925586967,-0.27466116191962114,-0.9314289249714288,-0.8024840539033891,0.11777086432663642,0.2980101707857499,0.36919339629505626,0.5192039613003887,0.6810049542909079,0.4952434467128004,0.6469731941865946,-0.3414201112010302,0.04521461758546091,0.838547379145027,173.0,3.736748191270629,1.9164450513737894,-9.12138415467283
425,5100,-0.694422261312913,-0.7325008586561002,-0.9269588206425324,-0.7721365328941653,0.20378772081902638,0.38682369385364235,0.36836421594061264,0.5148770484711646,0.4467765542897335,0.6909113362245588,0.7384131803444924,-0.8756201235788521,0.04516654554555367,0.809059331056753,300.0,2.2644532859573796,1.4629379749804454,-5.147321558298303
426,5112,-0.5965419855437164,-0.6443544930534806,-0.923220110576217,-0.8591594235292084,0.12662647181702824,0.29105139804476743,0.33463293969593355,0.46870279290019984,0.6215959136237806,55.374152970818486,7.437307113568063,-164.47729288436034,0.04485563377884485,0.8408653959494198,301.0,1.8765901637575428,1.2994404789340237,-4.607906279228575
427,5124,0.18472046338961448,0.09606730887617913,-0.9161473843689953,-0.8893271335781882,0.501268537829704,0.5977944748745612,0.3352491721499733,0.4701399701696925,-0.4952118587349179,17.744106690020732,4.203651133841857,-51.92811485924543,0.04681620668935441,0.9046852675683908,261.0,2.457309152652808,1.54892913503273,-6.329799315816159
428,5136,0.7428884070854708,0.688995060321883,-0.9143735693976133,-0.9124553561095171,0.1396890266687752,0.3059883657188246,0.20459221822676885,0.3832017047247395,0.3172319657146262,2.5894457357877783,1.4539646232768726,-11.656618898953681,0.021788849685741088,0.9057712698433813,262.0,2.8586888609532304,1.6749262652855494,-12.97261775511264
429,5148,0.5998373343903164,0.5697478205303026,-0.9460764691403456,-0.9426222830514767,0.1319590590059433,0.2826580597736015,0.23402148734027994,0.40493243012919367,0.43612417600753195,0.026188211348681874,0.11984248577753881,0.8880948427158623,0.01296591897100127,0.8686390108065382,273.0,0.5746433477609029,0.6979706999006284,-1.4555153216565122
430,5160,-0.063697020395907,-0.1532077961675728,-0.9275605491193021,-0.8932796756448915,0.06356755677187942,0.19702378252280284,0.2720248963166643,0.42649135890052403,0.7663171362893182,0.18496822952466085,0.38872361265766503,0.3200319822589355,0.01612619029578222,0.8424360873871873,248.0,4.308155471263315,2.0501036443039817,-14.837357277211085
431,5172,-0.44778219851920886,-0.4956134137959263,-0.9265339105905076,-0.816759172171805,0.12879138192569184,0.30193763504346305,0.2910335196957422,0.45057464023689253,0.5574689057798725,0.06181108366102299,0.20662870651171056,0.7876152419637342,0.018615723432204512,0.8277734634416846,141.0,6.248519575700103,2.4575133045988795,-20.47010276421956
432,5184,-0.5950383058588913,-0.5937880476747971,-0.9179800926219475,-0.7373149347018377,0.2713565856065197,0.4269559490856898,0.34532990331264046,0.5216347390608355,0.2142105766008623,4.3014968166704355,2.0555794435839494,-11.456195584012674,0.03688402263283112,0.793605334074454,402.0,0.3117687812861079,0.4949434626447873,0.09718568158908725
433,5196,-0.6615475731271885,-0.6546111614482665,-0.9039829144994506,-0.6821754423012459,0.37590112501591655,0.5289332596224424,0.35441452258733536,0.5406603385219518,-0.060625626375923725,2.0393011134212684,1.412745033604712,-4.753999860202514,0.029408553970692666,0.7855275754521972,403.0,0.37788898528886683,0.5569713181102871,-0.06623448308540136
434,5208,-0.563658614956096,-0.5672809820505277,-0.8743374884445922,-0.7836228511555704,0.12628210368444773,0.2938815037449043,0.33722265238652765,0.5119847609213257,0.625523069726342,0.1145810096440742,0.2546614698679254,0.6602214921412206,0.024549759408649806,0.8113074939085367,404.0,0.38541722312896726,0.5356297131886264,-0.1429161724497634
435,5220,-0.28511488078231195,-0.2733505237519611,-0.8063224747915346,-0.8348832673007391,0.16200767839665686,0.3389499932262407,0.31673866163114067,0.4738374113625899,0.48851309290015377,0.07272576327337395,0.22547296423745114,0.7703918969068985,0.02428889441710627,0.7949671821459281,145.0,0.8682031813115251,0.8527685842639797,-1.7410710673602412
436,5232,-0.12319086901279709,-0.07659249834315343,-0.47331110161389695,-0.6408780270253682,0.1650823725327655,0.3225669440073086,0.26903397268748225,0.43848748869637866,0.3863883773350437,0.47090131684680825,0.6171738594232289,-0.7503414611277404,0.04410042369337767,0.8605470875800878,174.0,2.1145021646948163,1.4287186162002994,-6.859610232760768
437,5244,0.3567196220415392,0.44418690540848704,0.07986233984663824,-0.3816577402779458,0.19527858077791654,0.3551509966261997,0.18361154204234661,0.37679659790137937,-0.06354196803640555,0.29623974314185547,0.48880193389358007,-0.6134047993210212,0.035235275131431286,0.8154801939646764,283.0,0.07542830001631612,0.24251800609512594,0.5891963044517106
438,5256,0.7647857748051594,0.8226844542556412,0.400260945380353,-0.3385894817917138,0.2584599148466783,0.4104957323774933,0.18552409858091465,0.3696748178877582,-0.39313392073404074,5.453409410185845,2.290021391022376,-28.394614779962886,0.043148811181268926,0.8661687253712567,284.0,0.11841693592917849,0.2950236371845229,0.36171668891019015
439,5268,0.8768588595670532,0.9236105689055315,0.6256891865121822,-0.07242059905953996,0.3258676630989739,0.4538493118817242,0.15114964073902493,0.33432617862895675,-1.1559274736326848,4.243112775257529,2.0408680290603147,-27.07226503821925,0.041581569203986306,0.8578149085436391,237.0,0.20628575045016082,0.39012265791365847,-0.3647783047419473
440,5280,0.8158026332646415,0.8202779684101327,0.3042232357473864,-0.17164419702907402,0.18472143477957706,0.3412945570586498,0.18791844270160477,0.3716658390603914,0.017012741677006282,0.15204558501486842,0.327055485028243,0.19089588638034194,0.10850353688301545,0.8948885120171058,238.0,0.24679274887520927,0.37118758749038105,-0.31329711617018274
441,5292,0.6511339803883233,0.6905880001918618,0.2445261571033863,-0.03536456883773632,0.14910780867137524,0.3223048086640366,0.18868345386236862,0.37302224640846243,0.20974624102366202,0.17634846637563117,0.340686975963268,0.06537397548242341,0.11956318906803114,0.839898418118605,127.0,13.663918838352032,3.6754067038362477,-71.41715454455749
442,5304,0.6792577899213832,0.7256233641189667,0.24201799479499483,-0.03893946304366178,0.15046126583796168,0.3181855316842301,0.1896804111056758,0.3765350581932117,0.20676434134183796,16.140721805803405,4.0048943130154715,-84.09429999501107,0.09019857270598888,0.8314014371903449,242.0,1.0588004682993957,0.9776863527481099,-4.582023268124988
443,5316,0.6026747629573646,0.6466231997664622,0.14281103017141364,-0.06227270541409036,0.1567204435356161,0.2996871236851843,0.15555757222982394,0.33098900391830705,-0.007475504336581507,1.2341439196552653,1.064619113179959,-6.933679485765667,0.09056520606001339,0.8201540779525128,243.0,1.1635728069655935,1.0322166767264849,-6.480013928518422
444,5328,0.17834455804593047,0.2304396971245867,-0.11351820438839584,-0.24958184220780022,0.15354675944028157,0.300036664557762,0.1432679723515963,0.3084403382510588,-0.07174518435606747,9.778432221792361,3.110778636183259,-67.25274387073021,0.09726583680332278,0.8369719930506538,110.0,2.862196507175465,1.660471266289174,-18.97792291044157
445,5340,-0.14720135689044883,-0.09925370800604916,-0.3793772407200756,-0.5264915838253473,0.27495010091712135,0.39978619624695994,0.13131250952441156,0.296624981680672,-1.093860683288571,1.4022064196774433,1.1010501719360213,-9.678391759901345,0.08651624699706452,0.8049475396784099,83.0,0.8446275209659327,0.8519075841385702,-5.432193886363224
446,5352,-0.38265606361500193,-0.3232733272153759,-0.6291347392549451,-0.4924396988299197,0.5289932321849017,0.5590105929564498,0.28908454962883284,0.40340807736363676,-0.829891057353626,0.5303988754651873,0.5693633202208315,-0.8347534523937288,0.10798029273684415,0.8351880097215558,298.0,0.7203929064963833,0.768797511601652,-1.4919799671802747
447,5364,-0.45018821096724754,-0.3655001163997521,-0.5421569663686463,-0.27542667019395806,0.9318464195671264,0.7523909975185099,0.39753037631306254,0.4657284494233841,-1.34408859068742,7.3228450931999225,2.670114641265639,-17.420844115401753,0.13856471529033576,0.8298191218116159,299.0,0.7266719355277653,0.7581473954364804,-0.8279658079650691
448,5376,-0.13259849029514897,-0.14109819115719768,-0.3436962170530757,-0.15832728480817584,0.37858677035094507,0.4866693545163174,0.4139180871438437,0.48620148026971155,0.08535823364640838,2.5393495354450755,1.530603508871993,-5.134908365486835,0.18161634136622565,0.812250803389493,406.0,0.9574349799660127,0.7542530512311938,-1.3131025429997396
449,5388,-0.3228926681436475,-0.4170348091574397,-0.27334959044125146,-0.12385212782077472,0.3934016533082716,0.5279125933984025,0.458050273653964,0.547530829580818,0.14113870040940413,0.5890830402012661,0.6228650250917609,-0.28606634267899467,0.22135509442941437,0.867803951655506,407.0,0.887390013836215,0.7669958881217828,-0.937320125927045
450,5400,-0.27862017867390587,-0.3684802043838219,-0.3118870504087366,-0.13750228619760543,0.6134028406781961,0.6641444050983988,0.5340712857863623,0.6185947748826042,-0.14854113486933973,3.612028855234453,1.837827459507573,-5.76319613385717,0.19443829944206348,0.8111454398605618,408.0,0.8076641085013145,0.785051945180725,-0.5122777239598575
451,5412,-0.16484114174864908,-0.2603365171177597,-0.3563364968888085,-0.33829031522783704,0.5843961389348807,0.707789166428085,0.5935281402464653,0.6843446273399824,0.015385961831215655,24.165524904373196,4.8913054322099,-39.71504494182593,0.12226942132310387,0.8749048486149206,123.0,9.368718846637677,3.020066320973934,-14.78479302219314
452,5424,0.18165601936876796,0.08297661241780839,-0.3629491293701102,-0.8230282687488643,0.543992527237718,0.6875939353484903,0.6192844720274134,0.716631738608811,0.12157893212339832,2.123349015918319,1.4034218796570115,-2.4287134779383357,0.05262472145751641,0.8372622957810262,124.0,17.128056520205373,4.116421777530918,-26.657816873934436
453,5436,0.464429545582881,0.4245201917117941,-0.259227177806666,-0.7262999226636632,0.43047245718510446,0.592300651388474,0.4829615266537155,0.6300511600698074,0.10868167870904921,0.46233355905524465,0.6185232435377144,0.04271140962592901,0.08682516382416426,0.7289748243813374,125.0,14.388630954139856,3.7613480752467385,-28.792499319426195
454,5448,0.8001870793024722,0.8017385269482236,-0.36100737463871296,-0.8466210625146413,0.32831104146113865,0.46935629702681486,0.37186120273804296,0.5716987276221158,0.117114022533787,0.9349132112588976,0.8594285630079698,-1.5141456123280914,0.09917047038347522,0.7496631571460263,259.0,1.684933196759918,1.2358557313166187,-3.5310809096340883
455,5460,0.5998632339141751,0.5916744028674128,-0.619031133430649,-0.8957441243857233,0.4067700717912012,0.5396771247050411,0.4409371746104648,0.6332075662163678,0.07748746258341144,3.8594405816327217,1.7794758110435676,-7.752812880978453,0.11095122503504934,0.8689451046898448,301.0,1.9872016154256287,1.2796018110698444,-3.506768151678691
456,5472,0.4291414117129456,0.3899074152527109,-0.7146014834316087,-0.8089986529790237,0.19081550521387505,0.33364053626130613,0.5115198307633332,0.6813715633733581,0.6269636214706984,0.5390033761891815,0.5465064020946013,-0.05372918853377606,0.09526653689585815,0.8817406153759395,302.0,0.9363929783009155,0.7793815979748902,-0.8306093370877736
457,5484,-0.09026766639734651,-0.16345590123282097,-0.7800218387998406,-0.7583200075157259,0.3846104899040607,0.5431955614564783,0.5674684676351445,0.7152843073945879,0.3222346053748537,0.38800781872820583,0.5560810433152505,0.3162477902161136,0.06425151019820591,0.9155729121462962,303.0,7.907469217437542,2.3452683823213136,-12.934640721784866
458,5496,-0.4295211677237157,-0.4739956914302966,-0.8239977758322035,-0.6797371756899797,0.9653540027234582,0.8792633559583374,0.6228157550752762,0.7491047447354278,-0.5499832733145638,3.802372927361939,1.9312174718597124,-5.105132852495627,0.02434986353682483,0.9074634502180209,304.0,11.271377623444819,3.0453700519061577,-17.097451022385442
459,5508,-0.5874904673345833,-0.612602359925922,-0.874768547712988,-0.5962640974318594,1.1535545976451893,1.022740404261828,0.6407730308513931,0.769125209831474,-0.8002546020272809,0.16994622811474963,0.3402173798328084,0.7347793681501504,0.022891720330660358,0.8978420081353427,415.0,0.15738237053887894,0.327828570190239,0.7543867126714658
460,5520,-0.808153973523153,-0.8166709791699548,-0.87776994269914,-0.05423265558276194,0.913641275878593,0.9444040247988799,0.6313475160403301,0.7601970285777787,-0.44712896252248835,0.4231620909871876,0.6319589025601271,0.3297477534382882,0.0198747863709512,0.8174864536889793,416.0,0.40038087537161915,0.6093185169860794,0.36583123367188
461,5532,-0.6232636777484633,-0.6371867668296601,-0.852772808009609,-0.46274644264266734,0.9579419490441112,0.9428762449711235,0.5696194586497925,0.6833536094055521,-0.6817226562357717,0.05253266846000606,0.19074965333440116,0.9077758534012729,0.01296884695645581,0.8678495534543752,403.0,0.5644287871272463,0.6835746901221659,0.009112524938754696
462,5544,-0.17317121371686867,-0.16295226710338642,-0.7230932305183401,-0.5630184583643161,0.965878812767567,0.921132044354584,0.4896961512856265,0.6035396820011951,-0.9724043373258944,0.144011012095832,0.31389958890420533,0.7059176149991134,0.028935739680270148,0.930334884514258,404.0,0.5363113707564321,0.6174949068151065,-0.09519212954486989
463,5556,0.33857174240700416,0.3541585424394138,-0.6070828965605638,-0.6362849972393273,0.40928277616458947,0.571219144663376,0.38501381422881636,0.5126283462947733,-0.063034003038005,0.10494312401361083,0.27888754401372556,0.7274302372141837,0.03206119851337283,0.9189948900142325,237.0,0.19206631554285702,0.374319088772582,0.5011443526316937
464,5568,0.8433486415251463,0.8484994893142949,-0.599786264529581,-0.7201114106494708,0.1470618507472093,0.30898536728341386,0.2702829170867606,0.4326323713510476,0.4558966125853875,0.6169558976382824,0.739981658539297,-1.2826300096511094,0.04304729416358649,0.9514581472873476,238.0,0.22533248932420788,0.37701636793484017,0.16630880059698216
465,5580,0.8485090894535782,0.8448589924112168,-0.5601677556241239,-0.6886612410308105,0.08431496959028163,0.22135690450490966,0.16455368550866817,0.3547992100866126,0.4876142133818073,13.706272728410744,3.6941334405072204,-82.29362351284888,0.048162343593265655,0.934067106081122,239.0,0.398990489105855,0.5375605489814904,-1.4246827889177691
466,5592,0.6656675587450012,0.6741500511684403,-0.5139867239645453,-0.5636177292182134,0.06313806164153044,0.20647518996627198,0.10827661145276472,0.28815192642029774,0.4168818104445928,0.09665787537650962,0.26966296114412985,0.10730605548478711,0.04842145363071664,0.9315555476724869,146.0,2.158789907858826,1.448498269621152,-18.937730585525298
467,5604,0.1027762228747371,0.11569282577390903,-0.5228747428422978,-0.28957749594534077,0.05895310418826177,0.21652305758557158,0.08464178965128286,0.25252764410878936,0.30349884576940456,0.1560467217380015,0.3197809192378305,-0.8436132125856628,0.047789936250415964,0.8481757319041783,241.0,1.0711932166467364,1.007227965782535,-11.65560689418269
468,5616,-0.20974373012881473,-0.16227191055302498,-0.5324196132544565,-0.4872594977606447,0.1504794583089641,0.3288512267371206,0.08416357147144919,0.25235072079988663,-0.787940502976531,7.296464163925489,2.6901004850493653,-85.69385146518727,0.048293788886778204,0.8359215692682089,106.0,7.563148283457017,2.7404970947498826,-88.86249218312538
469,5628,0.0003155825734465513,0.026843160944588693,-0.6428098281720911,-0.6964157086404652,0.11266491783525946,0.26637716709694637,0.08800165979028475,0.2621776231652918,-0.28025900992946373,0.05251400753817113,0.1932613064766507,0.40326116958116065,0.04516021354873999,0.8398945803698941,79.0,1.660265885315272,1.2615770391265588,-17.86630194557493
470,5640,-0.11938488615663599,-0.09999945880041268,-0.8067720466407244,-0.7486033446113496,0.05690936749976006,0.20800557661008381,0.08894266803023035,0.2616378764934073,0.3601567306209279,2.2853214777836994,1.4938031027114074,-24.694321166607587,0.04024045801927185,0.8631779801933931,80.0,2.444868547919484,1.5458020634727472,-26.488140417471037
471,5652,0.15811713819370804,0.19757228416274195,-0.7190549372329265,-0.7106056763304966,0.06016661772376658,0.20474823354611252,0.08231510837836523,0.25027636640615003,0.2690695680408034,0.16817743924057565,0.3400408659996029,-1.0430932128223684,0.0407229925019142,0.7621118799523242,81.0,3.608475279870567,1.8851106154027273,-42.837338624205444
472,5664,0.7619072759761695,0.793457406409663,-0.6531130206968877,-0.7721437398429664,0.04923164241442197,0.18958792528838464,0.08857697873435477,0.258662246246876,0.444193704528247,0.12942711656549116,0.2844008881348572,-0.4611823344488557,0.03242230973378368,0.7874484964867923,98.0,1.6875940922553183,1.2762641903235188,-18.052287810769293
473,5676,0.6106151390660873,0.5997078349494014,-0.62377326118707,-0.653688588076538,0.07926260590221396,0.24374604046481482,0.08629881031568348,0.2517148207405212,0.08153304069582068,3.7966274940903255,1.932198004687271,-42.99397257276381,0.05804533347887918,0.8546374533387646,99.0,0.58367318100315,0.7092033374362516,-5.763397767223639
474,5688,0.7268607888595848,0.7347367150114062,-0.5800928506676095,-0.570649022636366,0.07901591160155748,0.23734539033441235,0.08179399321212322,0.23818792886008106,0.033964371972414975,0.08964754842064969,0.2469303696447792,-0.09601628310478971,0.047781665616251155,0.8106707564713728,100.0,0.16921475781314066,0.36221811458300157,-1.0687919878700853
475,5700,0.45555561665456334,0.4473536284590391,-0.6489510666482873,-0.6034547091627935,0.07575125370128845,0.23101756449148722,0.08502976995277581,0.24910200713236,0.10912079682963394,3.532643510359847,1.8581766520830405,-40.54596104778152,0.04639646493416746,0.8292981811298284,101.0,0.12238783622060205,0.298708887990387,-0.4393527853665171
476,5712,0.19951148425183324,0.16174951672908316,-0.6590387296620945,-0.6680766613267413,0.08619698091839559,0.23714701053654558,0.08231077245883317,0.2382802333244056,-0.04721384994298372,0.09771574222410453,0.24599227218664657,-0.18715618023115987,0.04993543380374378,0.8057992002131494,124.0,12.749796964913351,3.55523151448883,-153.89827860976547
477,5724,0.4842017104532551,0.44067885532006684,-0.6529086287343374,-0.6492500402187357,0.07197720334910124,0.20577146028812981,0.07612802460364007,0.2268251362059905,0.0545242212201098,0.11946135916183177,0.28958249798891894,-0.5692165898669557,0.04963584010834993,0.8637255971321915,125.0,10.645717759456984,3.2467128484048886,-138.83966896400932
478,5736,0.2646879825979642,0.2644931788517726,-0.6389420067552704,-0.6200708049603482,0.0792468085577246,0.2198955747514175,0.06909855624069706,0.21807258835842472,-0.14686634380141372,0.25328757191045137,0.448935540510549,-2.6655986129167815,0.04472280230867545,0.7817189173332454,126.0,17.715127196007693,4.191197950532127,-255.37478060032157
479,5748,0.5535108726379653,0.5632579004112622,-0.4593023650929508,-0.47389133049599325,0.07876272336744944,0.20357209926933606,0.042965439122451,0.1701867990057276,-0.8331646312976482,0.16262389301008562,0.3509521509501227,-2.784993155699152,0.03106479217126204,0.7982153291273874,129.0,3.834969933761075,1.944124413297078,-88.25708690725715
480,5760,0.826210927784644,0.8578463143396016,-0.26787551729404113,-0.27965366953578036,0.06293677505053709,0.19358468971394002,0.04438167123974864,0.175507301321996,-0.4180803311924477,0.22164171890559847,0.4224515331817702,-3.9939921754702663,0.03152617058150204,0.771344048708626,390.0,0.3000456538399123,0.49730991281634346,-5.760575829131657
481,5772,0.4882604489275449,0.4795655105707494,-0.27517366140937566,-0.34484855833115285,0.05478164256310504,0.1931060087613254,0.09150297437671104,0.24026228508780262,0.4013129853290557,0.9145367632826323,0.9346967662833974,-8.994612410275884,0.03471972903148049,0.7362664955838181,391.0,0.23802247271787733,0.4413139217182709,-1.6012539410790763
482,5784,0.634101778037991,0.6321538026167329,-0.22958067746815064,-0.36763524333982406,0.08369406852158173,0.2385087018134599,0.12071887228212501,0.2795827110478311,0.30670269743752054,0.27253007033839954,0.4347141458705966,-1.2575597765814566,0.0351089066043988,0.7253342158571229,392.0,0.12301202098105303,0.2882665192323353,-0.018995776348613047
483,5796,0.6281859750378194,0.6221364469898694,-0.20325119622341375,-0.4149074130274339,0.08485539456297568,0.2334765490932781,0.1128092241107165,0.25937762815887505,0.247797374444359,0.41001378340202543,0.5398585431731773,-2.6345767523373604,0.03721128554780684,0.6873441808938965,69.0,6.418146597848437,2.5243325975720317,-55.893810310665316
484,5808,0.5289338263561051,0.522940370538605,-0.16971929910962966,-0.3175223303044993,0.08979622588506957,0.24311779343910686,0.10922463728430651,0.24747124052107192,0.17787572366723192,0.4313342762175471,0.5787368995589117,-2.949056613434244,0.03284149525487945,0.6762603321193358,104.0,0.10229516809312782,0.2713737218052545,0.06344236395257252
485,5820,0.575654691543665,0.5794653197114781,-0.12666711422916108,-0.28610633506449107,0.08023702212320158,0.22181964852574204,0.10220957084547685,0.22970717881003574,0.21497545230371784,0.10128249847525958,0.22126736219707277,0.009070308803261207,0.03440904982561312,0.7002433276342563,149.0,1.332632911707093,1.1296070987892304,-12.038239967975239
486,5832,0.7990900793841269,0.8014891792394293,-0.18334462773218196,-0.31308818557782064,0.09194502514367012,0.238809777690221,0.12634586858089403,0.26938657615324785,0.27227517467417994,0.1076777050923591,0.25455568030291215,0.14775444340376254,0.063243764608125,0.659698646205348,158.0,1.305499838895572,1.1093425746459102,-9.332746559573609
487,5844,0.782912818489249,0.8137552412180036,-0.34986520959299144,-0.35089327678268245,0.1745897071859592,0.31221933099298743,0.22211184286059435,0.34812357763998364,0.21395588394834852,0.1925266881256109,0.34642295085828856,0.13319935737759003,0.09846715600246007,0.6937263388997577,159.0,1.3629335059406893,1.096155905504246,-5.136248695195047
488,5856,0.6711395605594161,0.721645010261026,-0.4698112375011594,-0.43750900396242254,0.31652570420865483,0.40694099030775677,0.37331836581346856,0.43623748339723917,0.15212929982981505,66.3213706169557,8.136265707788377,-176.65365085224255,0.11496068179474486,0.8506657494934933,240.0,1.0932909668854058,0.9300063178266575,-1.9285753582015763
489,5868,0.2425604375855446,0.21798468164372534,-0.5497746003435383,-0.41150699795850876,0.30319202278079194,0.4227658719750035,0.37926165200961875,0.4446220825051168,0.20057295227648686,0.2903151476044014,0.46129012965592836,0.23452543628893308,0.111476146079065,0.7475421642847395,85.0,0.6260375184496558,0.6332798888959055,-0.6506744489785072
490,5880,0.08648447313165782,0.03467843758445652,-0.6153849934722976,-0.4520851228791078,0.28190916164097374,0.4012753807771908,0.4204937106342026,0.5082988628299276,0.32957579504390455,0.16774758692356653,0.3316220055339031,0.6010699264191989,0.12973632277134797,0.8257852509994735,84.0,0.7974387929723157,0.7634699610981482,-0.8964345311362492
491,5892,0.0759843413931474,0.018212847841651288,-0.6166341537036653,-0.4413116177237511,0.304660103649422,0.43700701359065725,0.42891450336475845,0.5317513780422336,0.2896950295235593,14.310277288990969,3.7666879173750503,-32.363938912602336,0.09233736112358032,0.7684186707555832,259.0,1.3378039917820579,1.1111574028550386,-2.1190458268191494
492,5904,-0.06860353892400363,-0.107337515295188,-0.6008492589118698,-0.24033086627678157,0.3915595849311568,0.539729594487627,0.46223895034816875,0.5759397411795775,0.1529065548538796,0.10891482576515477,0.25002103987278845,0.7643754908946603,0.07800765114939086,0.7928562274979001,442.0,0.20132571998758794,0.34987033645222876,0.5644553107522745
493,5916,-0.21150375982262795,-0.24130917948327962,-0.6013936058951682,-0.19076000896878786,0.3965067276080192,0.5448495340156829,0.4412034833090636,0.5494282582203385,0.10130644338030825,0.3012627987779056,0.4303208350436076,0.3171794644085558,0.06973025612789147,0.7890358461585941,147.0,4.123935935080712,1.9936005812539526,-8.347015812637837
494,5928,0.1647387934563786,0.10422506400556732,-0.6279539106831821,-0.5408396198683676,0.20635157678378432,0.35086886972019476,0.3699280736034107,0.49135018259055047,0.4421845988228297,0.8907100936102276,0.8714116527365066,-1.40779264178023,0.055069967340135376,0.8287105349000563,138.0,0.2382583625627048,0.3842686872784527,0.35593327578015943
495,5940,0.8565510410387356,0.8318792975362458,-0.7819679705563916,-0.8731828508424943,0.21999306994464626,0.34152240569268383,0.18792490632264788,0.3831273464148274,-0.17064349930785983,1.7513163698938026,1.3073697702672589,-8.31923502937376,0.01728131953019855,0.9083204505813657,139.0,3.0570010090315103,1.6403075067848156,-15.267141321773238
496,5952,0.9302296160922847,0.935372217489076,-0.8205534884989979,-0.9165139456216898,0.6122780556965566,0.5763068393652512,0.2029269131077449,0.39476321507755724,-2.017234364430828,0.9048490473000176,0.9433231718130899,-3.45898985719841,0.013713634381664072,0.8875528715921601,166.0,57.63923827079087,7.414038391558459,-283.0393981659154
497,5964,0.6597957579480409,0.619041146560047,-0.8190916315587502,-0.8919007420232207,0.2982907196064587,0.40474448145596625,0.17067949448568692,0.35913765447851387,-0.7476658253840398,0.052959432907623095,0.20547618244229723,0.6897141448232714,0.012359828366008865,0.8643354903145509,167.0,61.04367167063753,7.660183515474843,-356.6508815811885
498,5976,0.4325925174109449,0.38566832503987464,-0.773769940234083,-0.8450770421445636,0.08726742532646634,0.23348291265245422,0.16398755204881377,0.34074154407658186,0.46784116089195804,0.84450996587176,0.873472767041558,-4.1498418954408,0.010378463642628878,0.8136550226270489,168.0,51.131294593420044,7.0457492056259525,-310.79985282175517
499,5988,0.27519047405193886,0.22547137962903002,-0.8407892782259458,-0.8478954088652038,0.0393993086869178,0.16407634708434923,0.12940272427663235,0.2919544742861276,0.6955295268537669,0.4939170604289017,0.656553322480033,-2.8168984709550946,0.01843918647198652,0.8148825322941615,169.0,12.767755582483469,3.526739306023017,-97.66682215429277
500,6000,0.30681279913273457,0.2641307629564552,-0.6825613894323661,-0.7430406501064343,0.06976840015040384,0.22333416692975214,0.1471467642125043,0.31946338984794803,0.525858414054918,0.5239408829394362,0.6034733183933138,-2.5606687360299594,0.04193052616264577,0.7242861186719728,125.0,14.201914373118795,3.7558567839689845,-95.51530191047135
501,6012,0.30673738384677296,0.24250430445906587,-0.6140885897842782,-0.7716135315469714,0.09911922865726747,0.2517414114313192,0.1468058661372308,0.31693391251753195,0.3248278746258473,0.05755536929768881,0.20859369756500282,0.6079491180285169,0.03514841594458774,0.6654654140615227,126.0,24.499140534044418,4.938764070732574,-165.88120971367164
502,6024,0.5122371867777742,0.4446145650725476,-0.524185731791733,-0.7532804033840056,0.06526735324213717,0.19642402807091172,0.12855842705729023,0.2926737106232381,0.4923136916333637,1.157750600084094,1.055767461014791,-8.005637565619553,0.0302129013668846,0.7985248300698209,173.0,2.6831589466209245,1.6270911567663449,-19.871124577661586
503,6036,0.8359445112908602,0.8176004593738094,-0.019078219135275413,-0.254327260677054,0.05260590833680759,0.17336343908524623,0.06746347956969401,0.21421106633648618,0.22023132111852628,4.085409564408674,1.9885307618853236,-59.557350294809346,0.029369596303903876,0.7244760972118743,257.0,1.5086866760205975,1.215106239350125,-21.363013079721593
504,6048,0.42605604254195595,0.3890884914462332,0.24690051646537278,0.2655900328719303,0.06300713836472058,0.19691796224551053,0.0536604439300355,0.18246626931852183,-0.1741822048075421,1.5760389352366366,1.2411777517797273,-28.370590696035524,0.028014414578972663,0.6247881558728212,434.0,0.09506140062653161,0.2616574849386601,-0.7715358588996435
505,6060,0.3872812886789286,0.32025623228909894,0.027544696857885423,0.25197495648899965,0.08537249777001403,0.24022515550089413,0.08890379522582126,0.23567384263732807,0.03972043540815673,14.664205000391867,3.8241404773966563,-163.94464564919707,0.03715961782996769,0.6172182962356573,435.0,0.07327139837401973,0.22064210398140602,0.17583497770926704
506,6072,0.04368839123533959,-0.048389268717905144,0.047865383516387174,0.3945907449576559,0.1275290349790921,0.29523953394281305,0.13424912266332495,0.2961852428213797,0.05005684618949613,2.482846063171721,1.5593137511077684,-17.494318725629938,0.04662736791069538,0.6017585985034123,436.0,0.05105443569944203,0.18942239360588478,0.6197037665007444
507,6084,0.4706192882915336,0.4522199874355879,-0.1384965818709974,0.15047258517395695,0.0934851659880605,0.23316702888548638,0.12322461071782669,0.27886605268228204,0.24134338551790468,0.07450140487911251,0.2089225613171271,0.3954015805356119,0.0320503028584186,0.6470222643350939,361.0,0.25262295096243836,0.4552330816136085,-1.050101432585754
508,6096,0.511106971794253,0.48328516813260963,-0.25431936197266586,-0.13767208432704567,0.06296288160359091,0.1811635962267594,0.11926390644747216,0.27309298858936637,0.4720709435144833,1.9429525449714842,1.3311777363162833,-15.291203288961743,0.04276424448787669,0.8056273554554826,301.0,1.3962419639775014,1.143197527425441,-10.707162758352657
509,6108,0.5651348850594794,0.5194411302559073,-0.22521994101729997,-0.1623407070469568,0.06260027623141669,0.20994739402228094,0.11316291713906919,0.2553250776495095,0.44681280923073596,21.04731615016264,4.580916094967903,-184.99128303043818,0.05365873934919551,0.8099506219449872,275.0,3.056337914704275,1.7082227412722872,-26.00829911399556
510,6120,0.6482634539029034,0.5999437202826501,-0.201889531363007,-0.21516089935912305,0.06607762449298668,0.22464130113898073,0.1141379198481638,0.2573084070891131,0.42107211537682754,0.4614541169833843,0.6348387501541776,-3.04295187433984,0.05597635014302527,0.7355355998822264,272.0,0.3887564851028824,0.553157082995546,-2.4060239193078004
511,6132,0.8460434218691345,0.8293839488475169,-0.3441666877783686,-0.489787121940339,0.06152735055662581,0.21476765060471228,0.12062456560036983,0.27498272335620805,0.4899268631526813,0.15677325124011743,0.31142023328260127,-0.29967930213741445,0.04840388583719368,0.7618477192406091,304.0,5.325529422727885,2.2239883755445544,-43.149625710333396
512,6144,0.4818414146155538,0.45414523311897914,-0.1991507860974768,-0.2866164758283766,0.10278883580786644,0.27766359277881375,0.0900147157093551,0.22430206498512892,-0.14191146411834676,0.07240376638537109,0.23058551654037643,0.19564522517459582,0.0592183803103897,0.7293557625631324,170.0,11.747349966399073,3.398434208336152,-129.50477217891373
513,6156,-0.006844092073515619,0.039635526959557674,-0.684096023432166,-0.5233645778964107,0.07788889756866102,0.24399310529127166,0.07572713456000772,0.21230721997217275,-0.028546742474987896,0.6195203968108073,0.7368393867492874,-7.180956541012215,0.01703307136179639,0.6082085761137564,397.0,0.04847063113764139,0.188440460801063,0.35993047380879994
514,6168,-0.3909804336526077,-0.40593370953944646,-0.8066829935156866,-0.6975841868789421,0.11150082396881097,0.28572414568779286,0.1501850851161037,0.2885185886195185,0.2575772495476968,0.5396869216232332,0.6824889317493518,-2.5934788145308634,0.045732742102665064,0.6553893726808022,448.0,0.10156353690316074,0.2573915869486909,0.32374418655058235
515,6180,0.02631404482358193,0.06842050180278852,-0.6246023767945624,-0.44793529180096414,0.2493311802022013,0.39908112628344095,0.16373314553663457,0.30430188327364005,-0.5227898992902116,0.47308492805664715,0.6248434059811723,-1.889365659629354,0.05970617578882491,0.5837349298850358,374.0,0.10183584071150144,0.2605506602936983,0.37803771876650283
516,6192,0.05044218655852025,0.10803312151145446,-0.386512600787903,-0.17724393733063173,0.19406271799222005,0.3390279586562856,0.2761824530176531,0.4099990837825795,0.2973387126088858,21.51520526564982,4.622220662962159,-76.90214414626335,0.07206438827623532,0.6022692865043299,210.0,2.774895721291328,1.6296299668430505,-9.047328101303965
517,6204,-0.06000879022102829,-0.015303563007780255,-0.4053460268278086,-0.2539076796494523,0.31523365710150925,0.5016122181736284,0.3927887330356775,0.5216501166428597,0.19744730286630663,0.13331469194059264,0.316354617458477,0.6605944093399352,0.060488941297771895,0.5943605960788672,211.0,1.9612670524616074,1.3526555868179637,-3.9931856173773266
518,6216,-0.0992813023546781,-0.049689861637278246,-0.38947129501035743,-0.2761925508001361,0.3858795532413773,0.5673847050414583,0.4609878398115661,0.5869448440239092,0.16292899743492184,7.022195135045009,2.635445792703478,-14.232929219815015,0.056551915077763464,0.536361151686649,500.0,0.3750744294548965,0.5588413058283664,0.18636806209853096
519,6228,-0.01264782343134124,0.036040151123546256,-0.3623654056601585,-0.3611143987269131,0.3990408578156475,0.5759126700673556,0.46553455675242117,0.6006512225129335,0.14283300342005778,0.29518243347149536,0.4860356922051932,0.36592798710649066,0.05121259310995918,0.6079615706440531,126.0,20.16810462925932,4.477653954968959,-42.322465189163275
520,6240,0.19486174758624114,0.24949498541446247,-0.25963979277845983,-0.46900673228386974,0.397775918142066,0.5845375952627279,0.45302507346265103,0.5878448422004973,0.12195606503254608,0.4963258702492613,0.6525341107262986,-0.09558145745807178,0.03898130781675426,0.7315716601296997,421.0,0.3784426355417965,0.5595654339060347,0.16463203096197576
521,6252,0.7615463749379268,0.7627293738663873,0.020780175867357687,-0.667298600222369,0.3091287659268335,0.48920920021741826,0.3715902058689918,0.49837708956745863,0.1680922665765301,0.7597191135284663,0.83703318761256,-1.0445079055617352,0.04317724704024025,0.7585383990601833,422.0,0.32301030358959426,0.5159727384807272,0.13073515262812097
522,6264,0.8579985755425333,0.8749164581466412,-0.3082558246067779,-0.8071363827229546,0.26171505603994877,0.4538446530849708,0.42730204298575636,0.5522218430671503,0.38751742394858446,0.43653797481903306,0.5961528888378285,-0.021614527674010064,0.07538061873197752,0.7739020552970992,9.0,0.577899999898209,0.6654687780717788,-0.35243912212578077
523,6276,0.7046937845188049,0.7736272130723232,-0.5578964462172159,-0.8401407096020904,0.18385772799863045,0.37172368595386945,0.3679081937397535,0.5117334755581245,0.500261937279153,0.17190472347374897,0.31969210120289965,0.5327510330053999,0.057608570504196405,0.8460048417147984,256.0,0.8509000090745376,0.8676305889307643,-1.3128052692309349
524,6288,0.30163968708703853,0.40092498864848397,-0.7425042251076539,-0.8532318506276203,0.1869046895814075,0.3771972192827704,0.3652594359149349,0.509841176880273,0.48829606793529734,10.955297748741646,3.2908270692091417,-28.993195716627618,0.06963282059012123,0.8753378360344244,174.0,2.2812384068324274,1.4704041055244161,-5.245529019991434
525,6300,-0.09828518870237847,-0.058012273085882846,-0.7993453576870919,-0.7329331379868819,0.15521198471186295,0.32806483130507674,0.29615740863298307,0.45040925689643135,0.475913888400437,0.12400473431277997,0.2849940178357844,0.5812877520600728,0.09218135792161704,0.8683437023172169,268.0,1.1115863246760347,1.000245402138645,-2.7533632192655446
526,6312,-0.20399920978521305,-0.17604255433827934,-0.7653547670334071,-0.619793989631898,0.20005415115334088,0.3754324623177894,0.2950358804812604,0.44526696351254064,0.32193280753847975,6.4987888754349425,2.520321331787438,-21.027113667782256,0.1173104046741693,0.8271336148011608,464.0,0.19847923418701094,0.35937067979829196,0.3272708598586279
527,6324,-0.3882483836977206,-0.3704725799958956,-0.7667178900421591,-0.5477786209313572,0.236672161099033,0.39393152192094905,0.2817292304127405,0.4244336765765472,0.15993040284708038,1.3291067496282656,0.9990624818522749,-3.717674299117242,0.06942525155148234,0.7543301053868545,287.0,0.23159578604973707,0.3967422002184459,0.1779490338633185
528,6336,-0.33953703043949457,-0.31705032039219844,-0.6782801989889964,-0.5515021618642278,0.35719143096070877,0.5007659981989199,0.29782035359133896,0.4568118127995088,-0.19935198066025128,0.5170563691611166,0.5509681234558349,-0.7361350993176492,0.1837256862444371,0.7926751374945582,492.0,0.2733123970450288,0.4420670818800732,0.0822910732956127
529,6348,0.28430392274370764,0.30481858912716014,-0.5984288050569725,-0.6977463334105245,0.24408154037847876,0.39133182542969425,0.28123796340662,0.44301312648385394,0.13211738052028088,1.0822352880269044,0.9555864163443984,-2.848112377567551,0.1523624011205123,0.7399116888296883,493.0,0.19161593379953387,0.36942584459185795,0.31866974330740916
530,6360,0.9007940492901985,0.9003711076760735,-0.6544072082829657,-0.9009210639424913,0.7091447122156089,0.7475624700149746,0.4982084757611019,0.5551141538474657,-0.4233894980053572,4.353474382130091,2.0298738564097882,-7.738258367602812,0.10024491608834411,0.8920432724283685,120.0,5.101566330964842,2.231848569816329,-9.239822442143911
531,6372,0.8255162869464552,0.8579436454104731,-0.6006985797848662,-0.8926149470226306,0.7858503353937178,0.7937024162599949,0.44887485666874694,0.526074474901987,-0.7507114148156584,0.6890791222336945,0.6720551954214293,-0.5351252403567113,0.06003455979662456,0.8884889247697595,121.0,10.37547607815874,3.1928743043567263,-22.11440688649545
532,6384,0.35920545143342325,0.4236145752238891,-0.7037203926614254,-0.8468581967704176,0.5168231646833961,0.6210031476174773,0.5475179588175417,0.6030089181113538,0.05606171202207921,1.1199734986091172,1.0227526549807626,-1.045546599106796,0.04902357287199331,0.9005781573307783,303.0,5.891055961913953,2.144076339572938,-9.759566635287527
533,6396,0.026575475058958586,0.0642407323062454,-0.7906377440155332,-0.7433405866285926,0.35895156555920016,0.5215060393240863,0.5757126461656351,0.6470216405066281,0.37650915269989016,47.725713008749054,6.787958519864238,-81.89849689182988,0.05029276981928762,0.8384769178072317,304.0,7.886125589137022,2.661823317289254,-12.698023904217223
534,6408,-0.08177652234274081,-0.04847529911756295,-0.8033133077235786,-0.7224421835874818,0.6112236019083015,0.730000201128305,0.5842496256869422,0.6631626267280777,-0.04616858109176225,0.3904492226377163,0.5803557494360108,0.3317082194470583,0.042170232844819425,0.7803157042426204,305.0,7.778120434270045,2.6973267804281598,-12.313008844677954
535,6420,-0.06980856842360177,-0.07239156127978022,-0.8957958649947694,-0.8134623470284147,0.9257574473818143,0.8770532499493134,0.6031970509621034,0.6828189917019278,-0.5347512821974592,0.43102203459784966,0.6012416592283719,0.28543743058695903,0.09348179608225456,0.8823522782860506,170.0,14.604190535889018,3.713786549966663,-23.211309575527988
536,6432,0.06231253470594129,0.05031026935947517,-0.9146759069778649,-0.882722938774983,0.8024903353035158,0.7973336640713258,0.5948544771753729,0.6732574749112052,-0.34905319888334385,4.22884318819154,2.019095561825852,-6.109038177323506,0.09448941406637508,0.8559972776623825,171.0,1.1106252794257285,0.9359905284696393,-0.8670537451436175
537,6444,0.509341637788807,0.4905476483198238,-0.8757594699783585,-0.8765952050131108,0.1541340337954946,0.33170186554994946,0.342332280603565,0.5137155230422235,0.5497531418195756,0.1972218637855756,0.3773575220333533,0.4238876233411166,0.07505954408979454,0.8780709101113181,172.0,0.7066791865696007,0.7775420914239152,-1.0643077694094658
538,6456,0.8835326227368546,0.8771374321292006,-0.7344239430754739,-0.7819462714213309,0.12385285445778205,0.30297978388733854,0.28045484799278153,0.4537361646534676,0.5583857603311253,0.11346888604207102,0.28436061033410664,0.5954112155515616,0.06883512403270499,0.903023488181391,464.0,0.6539269672025987,0.7409502344909951,-1.3316657632512374
539,6468,0.7634820603199809,0.7806779468014002,-0.5554663976418126,-0.5694648395931232,0.08316956246680629,0.21809961132780178,0.15960941195342618,0.33648642465285156,0.4789181825250064,0.13902473802648985,0.3183289273508814,0.12896904809688114,0.07239973110241224,0.8335934296663495,465.0,0.49683918258238485,0.6488468351103095,-2.1128438887260725
540,6480,0.08749840767543726,0.1108641929533622,-0.5194047088676664,-0.3309008872401249,0.10515186451893432,0.23718341981244492,0.1390808078838906,0.30483136085226203,0.24395129623694245,3.48740561055127,1.8146914218069161,-24.074671794131906,0.08202241932848768,0.8485169993084303,442.0,0.22667680117291963,0.4226904961717827,-0.6298208546657074
541,6492,-0.5400170217156673,-0.5387265092880968,-0.5401613454196185,0.1741416839739536,0.20803615422835273,0.344406409268222,0.2118699564949005,0.36643250910712954,0.018095072703901982,1.0839566666104994,0.9884979915327872,-4.116141450836561,0.09005883959972581,0.7525937330294048,443.0,0.3200460268527135,0.48241282127321927,-0.5105776776822846
542,6504,-0.503546439684301,-0.4968598769045192,-0.5202909179304406,0.34259196885395204,0.41992136146260917,0.5521663658060988,0.3197390257600112,0.44002977668885424,-0.3133253298200531,1.8652116433200494,1.3236795127986283,-4.833543900018119,0.10732653228984347,0.7774147603293434,6.0,4.021931416082343,1.97552605702213,-11.578794241717347
543,6516,-0.3081452345800152,-0.3418326463984424,-0.44951376057273484,0.088203258618243,0.21302343568786547,0.378376869434512,0.31378578186351774,0.4203695649314965,0.3211182660260853,0.4086246206188786,0.5277310363227743,-0.30224071400600105,0.12353315703004505,0.7802333786799907,207.0,1.1397160600111242,1.0031813259462332,-2.6321469164171623
544,6528,-0.3878578079272174,-0.4266908225731581,-0.2777023828251112,0.2106253006345037,0.2984677316643525,0.4639117694691562,0.3794419889801513,0.4846745520543223,0.21340352324590683,2.972283445185989,1.6643691643915377,-6.8333013517422545,0.13424723962769888,0.6900994480932177,98.0,2.431451260318121,1.4982634224397302,-5.4079657258103575
545,6540,-0.2641789775727874,-0.33864200658356636,-0.16502639050866755,0.12672823916763784,0.2846567085771022,0.4656050156861409,0.3746686698193915,0.47845020936292104,0.240244163691828,0.866189196600922,0.7836218311168409,-1.3118805130369382,0.11568803686963612,0.7391506426412902,53.0,17.781046017920882,4.194005527795432,-46.458054142856966
546,6552,0.04457042090884545,-0.06791579266556999,-0.18123486042294312,-0.1729596724494738,0.30444472287710317,0.4522714354210572,0.376708713977784,0.4875630105491755,0.19182988983085358,5.795305675936922,2.3820077137622833,-14.38404995929745,0.10276407663001212,0.6770387008949569,318.0,0.1831575050138714,0.3385068195167893,0.5137954121638053
547,6564,0.16267698293054525,0.04859452127776927,-0.1824913674738017,-0.49761994789624125,0.3161906209784999,0.45646684011910454,0.3694360752673537,0.4775515004777779,0.14412629911770558,0.4354052586048095,0.5574485571572645,-0.17856724817606162,0.09722852360958215,0.6944673326603551,319.0,0.17734750750219352,0.33227851424578925,0.5199507590755705
548,6576,0.6458321379575646,0.5904323060109661,-0.04390800210218597,-0.389231691765781,0.263007177206766,0.41263602169705593,0.30164425305952913,0.40494909547434155,0.12808822134310038,1.0074878161445115,0.9144335987056292,-2.339986775566664,0.1575938774219571,0.7030477975927083,320.0,0.2203163945091762,0.3698462914116507,0.2696151434196328
549,6588,0.5272382317152364,0.48206467552591,-0.19030884573945211,-0.41877768599665877,0.23154488893468017,0.3764519331301976,0.2441678230821765,0.3722107117203106,0.05169777896266037,0.23601357926162253,0.41031225224123596,0.03339606225595737,0.1693136748257124,0.7445938998880167,397.0,0.27428515410064563,0.4467245512175503,-0.12334684660039308
550,6600,0.18506339892874477,0.15186361478097804,-0.6049005641828277,-0.6463987983049214,0.2073986598008112,0.35728427289856046,0.4256799707329904,0.49279377322912166,0.5127826675901956,5.890902456676496,2.3851705517257282,-12.838805820562298,0.180262546318144,0.8296486987086411,260.0,0.4299978711175308,0.5234261382125337,-0.010143536650562224
551,6612,-0.23100326164674606,-0.2912778616553293,-0.7869366008540157,-0.6703881334479357,0.3247714462388291,0.4787710842371124,0.5144712965635893,0.5502423649960164,0.36872776302946386,0.3003673661564409,0.4578670818229666,0.416163023743512,0.0714144587814257,0.9011846335337602,261.0,0.2211324582200159,0.40049010442247146,0.5701753242657656
552,6624,-0.5445239935388075,-0.5693794889707964,-0.8591144465295313,-0.7024732425305542,1.2535946302536016,0.977510294869846,0.7793492953177827,0.6949061472924921,-0.6085144848208832,1.72205088626742,1.2811657714640894,-1.2096008767997244,0.03464685038567144,0.8594232565075415,262.0,0.25475485186902813,0.4473949850174475,0.6731185190009688
553,6636,-0.6457822984919662,-0.6659867449462793,-0.8738233438829184,-0.7016899671285003,1.3146578470232984,1.0475818775783043,0.9322277154029622,0.8240545746392849,-0.410232527205038,0.6827112024023205,0.7377650372328138,0.2676561840824335,0.03405939504512786,0.8515783598924996,263.0,0.21137921474553206,0.39753153178655476,0.7732536683334266
554,6648,-0.7699411350538575,-0.7817614344636408,-0.8297132334046815,-0.477536263299905,1.2987661589399466,1.0769568787507389,1.1144597333902853,0.9691696343115896,-0.16537737526773166,1.0791634643836214,0.9686403603648559,0.0316711927305704,0.06726702103059419,0.7776389369534998,305.0,9.446962201732486,2.9662648168608166,-7.476719183917027
555,6660,-0.8056209408276217,-0.8043191746344392,-0.8076748489355046,-0.40087505061362927,1.3820991084096779,1.1240660198071541,1.188363463310617,1.0479951049415488,-0.16302726487344188,0.3739448824210502,0.5022914666807987,0.6853278529960092,0.042851602895065656,0.7883660434064063,403.0,1.4639873649402606,1.1848578758783412,-0.23193569151124294
556,6672,-0.6060311932419353,-0.582770546053251,-0.7295933209142024,-0.7406757606904614,1.4347213232437037,1.1733481266811587,1.1658136080352677,1.029781037723271,-0.23066098504513355,0.9808226476318033,0.9533503319287863,0.15867970585386082,0.040867879838719985,0.8591239548193004,404.0,1.1030856539184382,0.9944164865162547,0.05380616050840603
557,6684,-0.06595641934965858,-0.02686883235880618,-0.5639466733428612,-0.8655355204530664,0.9373596286724443,0.8952307441816403,0.9621719650402751,0.8903480159670923,0.02578783966834064,1.3331545919092809,1.0728321529862705,-0.38556790298237065,0.09782709196174381,0.8804582907736714,537.0,0.8370828082458058,0.8246441296797186,0.1300070687356114
558,6696,0.689236165654445,0.6997212730447917,-0.3429004535028381,-0.8741139916676751,0.7458608813512692,0.7791508131424735,0.7891578304734568,0.7578598521382892,0.05486475258847967,3.110306063985813,1.6924991391676882,-2.941297854346549,0.09972235940437639,0.919562965335707,538.0,0.7517561023796507,0.7507296426582156,0.04739448390364043
559,6708,0.8898733746358303,0.8953301180107751,-0.07475293897093394,-0.8420572850793662,0.5444553706748738,0.6710890783325968,0.5215809367168958,0.5992179002798802,-0.043855962416804894,1.4929889107910055,1.164637016093567,-1.8624299810277987,0.09191184928798465,0.8910756946712328,257.0,0.168342044838435,0.3515926071850221,0.6772465537217134
560,6720,0.9138446562257773,0.9144850786932198,0.04666881684483713,-0.778053930638206,0.4940047074450409,0.6507511105287032,0.36299306378663637,0.46303487139575594,-0.36092051537219416,0.4224778391978985,0.5557848919953698,-0.16387303600441983,0.07659929315040122,0.8986475795071978,238.0,0.1699431588237649,0.34022114468123393,0.5318280821926236
561,6732,0.8369277634122642,0.8458125864042627,0.028035668568704295,-0.6881598247864273,0.3205707850330505,0.5223837756903549,0.19085288750571536,0.33721977228176936,-0.6796747967643431,1.0499913767453843,0.9646105882446816,-4.50157448738595,0.06955182401463024,0.8481527789532924,239.0,0.1840860948404154,0.36431473011088594,0.03545554250572869
562,6744,0.39658477335941383,0.44390556182119184,-0.11972286932916827,-0.5117467036061815,0.06496365123931919,0.19080301943236402,0.13185263342900372,0.28653398180937234,0.5073010712804688,0.21772792810717118,0.37705294080060053,-0.6512975315309661,0.06219118930501628,0.8516241059594578,284.0,2.0213312791113496,1.3784502620877437,-14.33023062599458
563,6756,-0.012314829911625372,0.0472116965524446,-0.3540653058278791,0.28205153070842837,0.5234227733565635,0.6883684347554394,0.1305577093335132,0.28571860431134755,-3.0091295721148557,0.32026477980737456,0.520282570946432,-1.4530514623939172,0.04115353629842966,0.8680566934861476,127.0,3.810751547517346,1.9083216925114561,-28.18825373829651
564,6768,-0.09023935588745981,-0.020256280393901774,-0.41216115966076194,0.3853087871454718,0.5119091386313728,0.677062717905136,0.15867818555810467,0.32341851808147076,-2.226083893201074,2.37765002933403,1.5218807670921932,-13.984101443883624,0.02641676129796397,0.8878446470262007,128.0,2.07704585900299,1.4240778191753503,-12.089674876843224
565,6780,0.22258980470064155,0.2906415761448106,-0.4624458800723297,-0.296851372929301,0.08452826783240436,0.24233777121292227,0.18597294323544808,0.35507485589029697,0.5454808298356137,0.17245270903439108,0.36042960021711723,0.07270000660225029,0.026249529273361726,0.8054047241015334,259.0,0.04153410907586833,0.15088773346362622,0.7766658506700905
566,6792,0.15938616405946332,0.19076020679176617,-0.5644705303805558,-0.2936814822254199,0.08865863063240173,0.223419940987791,0.202097515042536,0.3799619746798326,0.561307665689301,0.38885950285744597,0.5829992807140228,-0.9241181801547715,0.04206133378611616,0.7686200198553643,492.0,0.5622775902484434,0.7108271325843826,-1.7822093217232249
567,6804,-0.05726771005103346,-0.04921997888936612,-0.7338048234073961,-0.5301063231825215,0.11946194810083981,0.26897301358463366,0.22489894331295998,0.4167580431841963,0.46881943355953637,1.3018823330178055,1.0958247900101472,-4.788743663442475,0.045497249091883386,0.7591916804989514,493.0,0.328813650107284,0.5186502791078262,-0.46205066712883847
568,6816,-0.024845874145929512,-0.04369701264867848,-0.7879276031567382,-0.6518081229285952,0.13231577384958867,0.2876984505694679,0.222158061937022,0.4094542065376977,0.40440705731805526,1.3876721676563006,1.1462189671851664,-5.2463282023484785,0.05027983584278953,0.7600047882241024,546.0,0.4315985752630742,0.6007673401115531,-0.9427545032573474
569,6828,0.2344303482315229,0.21666354583524827,-0.8246185540435521,-0.7734620549695953,0.11982552430659092,0.28228093171710644,0.2028951326890954,0.3752709540868085,0.40942139558268986,2.150893492945226,1.2977350883662386,-9.601010800200559,0.03846786374805313,0.7426620851927683,71.0,1.8141925542341584,1.3120617730843223,-7.941528217998805
570,6840,0.4289286194742492,0.3824971985639827,-0.71725027896292,-0.7347445334573638,0.12706205133770068,0.3006881343324857,0.14687713223374338,0.31060315307659003,0.13490923055679327,1.9010988037522472,1.3552696192535425,-11.943463525191914,0.053779943887126466,0.695222034216203,548.0,0.2861119209803745,0.4723546160038167,-0.9479677784357197
571,6852,0.4880443176081566,0.45209983231114653,-0.5916919803476647,-0.687271886719896,0.14590626175683874,0.3333202819258739,0.11278884479964103,0.27227118939291445,-0.29362315941818307,1.7221027879616124,1.2733680154620861,-14.268378632840587,0.05124972884882281,0.7525862025087099,549.0,0.17570914092773643,0.35694790984023284,-0.5578592124058677
572,6864,0.6341633480551333,0.5897972231750315,-0.6890611860540131,-0.8213957971211284,0.10783090718633022,0.2713025299167241,0.12184091777007817,0.28588910133686074,0.11498608874717908,0.156409552502049,0.3130988098065597,-0.2837194217233665,0.070985369773923,0.7446643113136441,288.0,1.669260485898707,1.261521201060294,-12.700327578365023
573,6876,0.6867816434456728,0.6324738323568309,-0.6046994042659194,-0.5853045442279373,0.06909500815059093,0.2028444256052305,0.10617379252949319,0.2599199301831728,0.3492272762942177,1.1611050234179787,1.0369595110986658,-9.935891011856286,0.026054155255821755,0.7436173051071598,545.0,0.5508268014498225,0.7006801728271801,-4.187973306094465
574,6888,0.2065244373660065,0.12878787050793566,-0.3695311082315917,-0.28322274285690335,0.11182836023338891,0.2484842546157777,0.10556789650110564,0.25577122139569963,-0.05930272307943252,0.45385878909007915,0.6006770762732263,-3.299212204965416,0.07248885884604561,0.7000495796961171,546.0,0.5749497445319822,0.7200686189820359,-4.4462555718912204
575,6900,0.2444070331112092,0.2642534690016208,-0.3078937208505687,-0.24053552606094228,0.15087381881763717,0.31617272663951146,0.11746085558806588,0.2752493878297538,-0.28446041076654716,1.2507515063920258,1.058070144876312,-9.648241068313002,0.10097608009406644,0.7491337115823058,473.0,1.0098742292942133,0.9392776525900491,-7.597538509644718
576,6912,0.3032410247571756,0.34395083452113845,-0.20929908971625374,-0.23973323715500394,0.1605740790232397,0.3444423184789341,0.14780994871584727,0.3200723623463466,-0.08635501478950136,1.432791569154201,1.1258215070732842,-8.693471796736954,0.13605539831808194,0.7293317339952502,474.0,1.0803621470766656,0.9537554476039177,-6.309130112436307
577,6924,0.8087006643158041,0.7845597536500815,-0.164814141133199,-0.26754449423786025,0.15329520275560674,0.3345557596883682,0.15558847283269078,0.3357684714939026,0.014739331489872498,2.074885244881432,1.3825964486862814,-12.335726015593854,0.1373964267075813,0.691250956940153,475.0,0.7023468478021715,0.7500719665480166,-3.5141316385142964
578,6936,0.8098499407824934,0.774815649711633,-0.0823242309435897,-0.23407030583641922,0.15772942755407893,0.34007355437188025,0.1796816241936645,0.369315832444023,0.12217274158166036,0.43695490693628064,0.5600086903290448,-1.4318285684312477,0.12640399432339766,0.7659613841314432,438.0,1.5282386932969905,1.1810488602894638,-7.505258677146772
579,6948,0.6243890060752352,0.5947854062047556,0.10850202582744424,0.09705599104247867,0.1338776986563183,0.31852858129925,0.1556375241944816,0.3407223094713011,0.13981092060403533,0.13963937553530367,0.3195494582992927,0.10279107652205355,0.0598898021805994,0.7537974083645944,95.0,2.1909978922747255,1.456872489434114,-13.077568398845111
580,6960,0.29398811564144167,0.2207553585536051,-0.220925810721818,-0.3917305920243887,0.20933264175306524,0.39142663581580406,0.19597257536244195,0.39528500971099423,-0.06817314293040488,0.4610069127337768,0.6382255357833548,-1.3524052377286284,0.03651099769023599,0.8438264722952862,96.0,3.7882736301973816,1.9313430137922738,-18.33063145795349
581,6972,0.11274558680563929,0.0035681680564906516,-0.3753547036311688,-0.42227461278321266,0.33113501625205205,0.489386969174949,0.17709935697827417,0.3718337825674764,-0.8697697264517699,0.7946438855052266,0.8718669983361762,-3.486994752909861,0.015166784283459113,0.8664015385439803,441.0,0.21889430387559114,0.3986261816513886,-0.2359971691057252
582,6984,0.27137747447718286,0.22147165975434696,-0.6185254406919197,-0.5836988251948988,0.2138825327932799,0.39182849158721844,0.22861483216827488,0.41431317491710523,0.06444157290788155,2.0384439051341365,1.4039038031066042,-7.916498924416739,0.060227754892282236,0.8675777706575966,86.0,1.872665131965459,1.3230238480372856,-7.1913544900142785
583,6996,0.483908358670674,0.50240178449509,-0.7650987161827221,-0.7575924232649447,0.23499371810493377,0.3984829217299214,0.25087396500318354,0.4342451817210056,0.06329970070050217,3.35625359251286,1.815519760581111,-12.378245895185934,0.052000247332019585,0.8936520249133365,99.0,0.38850109812788364,0.5400942436813796,-0.5485907360811777
584,7008,0.29652618997817687,0.3104712767666783,-0.8656476272308047,-0.8796759679496581,0.34120365045535495,0.5064194694979101,0.34557425083046056,0.5112642431636225,0.012647355422467088,0.45260824417634177,0.5301631391409778,-0.3097279183523205,0.05337229654820227,0.9062700098511968,100.0,0.40099915553087995,0.48177359509741735,-0.160384937729666
585,7020,0.6743143045615624,0.6667596656892543,-0.8850976853528053,-0.9113889555968094,0.16048199042579797,0.3219432435141095,0.3420986456338312,0.5059463029243791,0.5308897229673002,0.6701842937989791,0.6811821598854558,-0.9590381381290758,0.053210201586629334,0.8931940607459199,89.0,5.801628407537875,2.2331990880139836,-15.958934160025024
586,7032,0.46438177035995215,0.47215460571528706,-0.8214958740457186,-0.7952214150910336,0.17107396633796937,0.3450858793903529,0.33077209078792497,0.48601814626629164,0.48280410862216994,1.899635297275005,1.153124112107184,-4.743033799344816,0.05069683509494217,0.8576442387558515,102.0,0.1837538978037488,0.3519009242761458,0.4444697635582475
587,7044,-0.02836232405069922,-0.0539992340292477,-0.6578999342511652,-0.44506486826548847,0.3707035493295536,0.5119303519690542,0.29805170932709424,0.44534644016888353,-0.24375582400276818,1.7492524492547914,1.2715969402548444,-4.868956273406537,0.12318210759073948,0.8525190753808284,103.0,0.16212241673325184,0.32512723165522167,0.45605942975709624
588,7056,0.14584886218161602,0.11628695864833807,-0.3014916749024455,0.005291570651760871,0.46807322496801107,0.5972830825518426,0.37698257257831214,0.5266077913168479,-0.24163093738444985,7.108162216032177,2.6221357575902755,-17.855413308411144,0.1962549771055283,0.6973759346321822,170.0,7.44037452537534,2.6396402435406996,-18.736653804678784
589,7068,0.1369096989566529,0.07226856095410196,-0.16351087142436346,-0.09418947039023579,0.4831246124031515,0.5750063665008202,0.363905401316291,0.5290462504177429,-0.32761044671398065,6.586096293831929,2.525951132326227,-17.098374660033077,0.13695309419211923,0.7450892612504779,387.0,0.8371686548073675,0.779797731109384,-1.3005117587681427
590,7080,0.7307518962372468,0.7061923978583939,-0.23862196070932767,-0.38650247790912756,0.22588769558411934,0.4163335365032183,0.3611382583939437,0.5309424001584,0.37451186537618997,0.3246159206941737,0.42156180757251344,0.10113117857463327,0.14434897345250405,0.9265234875713599,562.0,0.3572800129783868,0.5097488900650152,0.010683568760383677
591,7092,0.8021019045348611,0.7863816425210477,-0.23612137185914953,-0.40816031009394244,0.24785193039429299,0.4299235633649844,0.3207791969751743,0.5044257930451114,0.22734412726435405,4.070382621616225,1.9855367531033,-11.689047980662034,0.1019316577562991,0.9029184028815576,563.0,1.1239566143958746,0.9798978351548759,-2.503832620676021
592,7104,0.40566787722254605,0.36496642179954764,-0.36692464210977627,-0.4341322494663719,0.349707972022508,0.5033132439011573,0.34885469789851353,0.5242642152631672,-0.002445929864595575,5.9130451634226855,2.410243710591424,-15.949879703620528,0.07288938241080804,0.8898444194267853,440.0,0.38751627885174744,0.5524845747635473,-0.11082430933603504
593,7116,0.16260823332798927,0.12746877571920193,-0.3860764620896029,-0.15263314937404163,0.34510061508429246,0.4985065394710296,0.35192899826306606,0.5304885536752703,0.019402729563278043,0.12497928774611684,0.2640224948411041,0.6448735728997952,0.03776225699167928,0.8737813355673334,145.0,0.14681082307287482,0.3134563037420167,0.5828396528917629
594,7128,0.11910358784607512,0.09940498226015128,-0.42331298153235075,-0.09370340908490915,0.28677939030438715,0.4336967446086276,0.34681971959614843,0.5240821610756031,0.173116826695076,0.22706349180187485,0.4047404318522761,0.3452982083421404,0.08049520554910392,0.85769089769911,442.0,0.3927125016957558,0.5243865967920984,-0.13232460412875846
595,7140,0.38750878648934806,0.38718260824234957,-0.7519779365410949,-0.6499716727866702,0.17263241948380598,0.33372647232505115,0.31055402637645624,0.49233094938948774,0.4441146956035936,1.6572241957823377,1.1923328135816804,-4.336347479112818,0.07716826034488337,0.8275637433457494,583.0,0.30781857862242284,0.47751911788815077,0.00880828300940284
596,7152,0.8529140290377354,0.861868303937576,-0.871045100333518,-0.888464936203457,0.08078299826931164,0.22848736450061655,0.3778696169253794,0.5288577913432806,0.7862146236402372,11.123607403802609,3.322611346798062,-28.43768671933014,0.06528820989844408,0.8741000275464785,496.0,4.580784165842028,2.032119967768065,-11.122658082739232
597,7164,0.7909972897927964,0.7770674513118107,-0.8884504695968107,-0.920203256563349,0.5660282806800313,0.6489452015475203,0.3530262758829256,0.5064911755842981,-0.6033602010626078,0.31331409046866593,0.4974236218423479,0.11249073546987043,0.06314605404200817,0.8916994648349197,167.0,15.408890522568653,3.516037142393513,-42.6479989599378
598,7176,0.6069913758793474,0.6001168626516262,-0.8892353451945801,-0.9125603678152541,0.36052355742623116,0.4872533011525522,0.321320418011185,0.4836796888647057,-0.12200637500005218,1.5249012011791088,1.1949972862098848,-3.745733902057938,0.03117792675321755,0.8630094095652944,168.0,13.655636959100226,3.361111557167226,-41.498503654457714
599,7188,0.22401962208191262,0.22399610212268226,-0.8529614297226539,-0.7747701221608096,0.17582547939751444,0.36115824194153723,0.2786369317788598,0.44065670703331916,0.36897999028693607,0.9073368563837934,0.9170380606129913,-2.2563409688414935,0.035722773242214456,0.8217267293042821,499.0,1.2411466761647822,1.0868015365946473,-3.454350929868186
600,7200,-0.18001254655563406,-0.18105818970995483,-0.7670457040243153,-0.4165466310702073,0.3430720749487496,0.5344293295015728,0.2757154214776786,0.43344391306947505,-0.24429773681166433,0.6708234355321251,0.7258024869340933,-1.4330283447218557,0.04015283740710266,0.7710016729103836,305.0,3.4861382870411086,1.7520236039203205,-11.643972790340783
601,7212,-0.04984950687994509,-0.09433889570666673,-0.6990681504705286,-0.5356794612867345,0.6894235182361862,0.741364356923373,0.30268095232735626,0.4745681788038813,-1.277723500389146,3.4939494629974064,1.7688532906800059,-10.543341053118603,0.04531140782092509,0.7547755227677889,321.0,0.6093447240813095,0.7138891408623425,-1.0131584739507806
602,7224,0.10710088942048196,0.08976165025750765,-0.6724748599756215,-0.5967776805258452,0.5765186413818598,0.6669006068900603,0.27320981711069836,0.43272725348126934,-1.1101681025915244,0.19460986681511958,0.3609833051226198,0.2876907979618166,0.07077084590445742,0.812964764128316,253.0,0.1150465034609518,0.26622073344795827,0.5789078713290248
603,7236,0.5025039598244726,0.5093456855645933,-0.4613420516326601,-0.359984818540983,0.08688237261629188,0.2577735898499982,0.15770628712631996,0.33694670169866897,0.4490874511128359,0.0847479933384426,0.22415120759458518,0.46262133943613193,0.0681243068052422,0.8538121778370367,285.0,1.0792924395272965,0.9880079355942648,-5.843686825641911
604,7248,0.7548403080380167,0.7785089326581974,-0.12223646365005006,-0.0820505904489102,0.12343406350783176,0.29534205591140555,0.14609590966406896,0.32070955842176857,0.15511622610342446,1.104386752002403,0.9759058694714848,-6.559326982814342,0.09207842588535144,0.8864614639047936,286.0,1.2133513224783432,1.0323611172338623,-7.30516970165905
605,7260,0.7801875194096354,0.8178601273697952,0.23123342041127332,0.20742107791205724,0.14640383034787013,0.33048806498297023,0.13501530156588265,0.30708522630771595,-0.08434991182410756,1.175547966635866,1.0255755978596537,-7.706775846900882,0.09515483845754445,0.8476403052967617,145.0,0.29588171936755525,0.46812394548270553,-1.191468047961775
606,7272,0.6836550367448901,0.7134378520675,0.4993202210025695,0.46984029085993134,0.14763366416242837,0.32379281700860135,0.12269087910564137,0.2931096151548377,-0.2032977939241134,1.1464079689039826,0.9974788802851707,-8.343872806689102,0.10722111607981448,0.8501415825370888,146.0,0.5210827907366633,0.6221335799161279,-3.2471192197424212
607,7284,0.5726344122578811,0.5880782963975029,0.45757030947280963,0.5096960039379369,0.1539060168325731,0.31707451329677583,0.13675224006436124,0.310244186584033,-0.12543689785365553,2.987550627807229,1.673414224470853,-20.846447461490683,0.12874898717793468,0.7680713764423728,97.0,1.751275517959132,1.2626734579026027,-11.80619255037365
608,7296,0.7795763459990349,0.780615660694798,0.37636141665210365,0.018067267016771457,0.14238684370180327,0.3004763169251107,0.14177498557443532,0.3108749527080955,-0.004315698745366525,1.6066214625668869,1.227773133090736,-10.332192742304118,0.08144701588828233,0.7878027771517276,98.0,0.5397532886960491,0.6628446061128883,-2.807112280837902
609,7308,0.6657603546691481,0.6802239660303001,0.15369730187142586,-0.3419316157951054,0.37199272916817555,0.531170275566083,0.17427733791909839,0.35957227430363103,-1.134487097461054,2.1784369708392797,1.4153705058519876,-11.499829277002934,0.06289134951966782,0.8475533619336931,99.0,0.1309849751708427,0.26042464569937696,0.24841074155236698
610,7320,0.7120220603764978,0.7181028822618708,0.07100901832372473,-0.3739085741952506,0.27147357466418554,0.4546740157673829,0.1985700719403785,0.3979016728536402,-0.36714245007523894,2.088655936335086,1.416623100148959,-9.518483051978817,0.06425586169328641,0.7435886490186929,132.0,0.2455721375051543,0.3711947662246044,-0.2367026667487353
611,7332,0.5210729803979041,0.5200183060765275,-0.1097651592802161,-0.4319470823728893,0.18435200978384358,0.35784360744490396,0.17595352623531305,0.36146713291885835,-0.04773126022662799,0.10575214484445405,0.2684029475510482,0.39897683719605903,0.05418577882420784,0.7501413343141649,445.0,0.10677797181514528,0.2694977071957766,0.393146735392249
612,7344,0.5386360539077557,0.5567328933646035,-0.4538967381319225,-0.6182898377634505,0.1301493625730511,0.2820595234059224,0.17567370255109702,0.35939406231461163,0.259141461225846,1.514955400513794,1.1997180795306142,-7.623689137952502,0.04481931433369883,0.8066331053803821,142.0,2.060061946118209,1.320802076624476,-10.726638171806123
613,7356,0.23825281611729168,0.27937416511651186,-0.747339899302994,-0.7930685312723418,0.21453361435116006,0.3854883547368994,0.2188457711446741,0.4093554886278785,0.019704090104000094,1.3922631756456183,1.1224637091631307,-5.361846374108019,0.03440748688120335,0.8774749822352642,143.0,2.012216920230407,1.2205680399830388,-8.194680389323926
614,7368,0.3292236288416976,0.4204580360407056,-0.7941321657428109,-0.7988873076225902,0.32531436732750635,0.5051838152913339,0.26406876113778377,0.45309898263859705,-0.23193052417800497,0.540028829340826,0.6838667528878121,-1.0450311010436173,0.01977079338832041,0.8606161199829266,144.0,1.0331669145242501,0.8167475230354855,-2.9124919966779874
615,7380,0.3616438527306525,0.45005225237479296,-0.832158068033035,-0.8280677009729867,0.3161647625249959,0.4860136717100282,0.24350582516142763,0.42712596195042446,-0.2983868550799571,0.1751404901258248,0.34206915757857415,0.2807544131245374,0.01971986381590602,0.8447350899718382,565.0,0.1271412422607153,0.2858549547428433,0.47787186537969106
616,7392,0.4316791196895389,0.46098027594723345,-0.7070139123359231,-0.6542271177936391,0.10279165451880165,0.25478552611842115,0.20563369505838697,0.36426969428159817,0.5001225140188463,0.36614678136160206,0.5216611559859596,-0.7805777465489765,0.022881543811484575,0.8602535543395953,566.0,0.08783780147213542,0.24422319753448082,0.5728433443400653
617,7404,0.01768212400070847,0.0383443003880158,-0.586993654863997,-0.39038863929290174,0.1625782144104654,0.31872374489249755,0.17786550229860007,0.31448775641090043,0.08594858300554764,0.13981868773707756,0.31763904538665066,0.21390777902310498,0.027059949345895857,0.8690580929520767,567.0,0.09591775535851077,0.25250951631504587,0.4607287297483672
618,7416,-0.09078398742920599,-0.0831918542788593,-0.5950256765047015,-0.3423040521044099,0.1414217960160243,0.30536773070788176,0.17809509691898812,0.31683262725798095,0.20591976723337735,0.5363539734840481,0.6579007010860777,-2.0116156074079052,0.03646656157831148,0.8273918044560505,568.0,0.0779555179484493,0.23527978515494613,0.5622815041117628
619,7428,-0.015515479326282677,-0.03490145363156515,-0.5426386068433067,-0.36725082113572843,0.1143116215625026,0.2640603514384318,0.15520976634852593,0.27859553439495305,0.2635023925890456,2.24257263161584,1.478072618848832,-13.448656707465872,0.0462768533503029,0.8328611300989234,569.0,0.07914238172662455,0.2420085377955093,0.4900940605186589
620,7440,0.5717626439085235,0.51640575253841,-0.525275970062982,-0.5358776703267714,0.15264985847034157,0.3210582232752857,0.13662085133719062,0.2592955750592916,-0.11732474930631298,2.099924747424243,1.416738791514269,-14.370455731105565,0.06889542390101935,0.7892380583808656,570.0,0.09830456512696237,0.26666995660930937,0.2804570886157103
621,7452,0.5170811742105589,0.514061275942677,-0.6114066517039711,-0.6847020155526446,0.1616205168144417,0.3339947771495415,0.08215608769239804,0.21356875649959597,-0.9672372596364098,0.3979853732585173,0.5802947840509657,-3.84425907363823,0.03887026874691557,0.7941074704873158,571.0,0.10683500014274323,0.28154361328375815,-0.30039055100512946
622,7464,0.631245347200723,0.6709083273793708,-0.6836672034979366,-0.769848722343504,0.11442715942380248,0.2825807238065016,0.10817536905485722,0.24784048099751818,-0.057793104137919604,0.5081810169333231,0.6800079554442258,-3.6977516358240248,0.030682784109153986,0.7871388201861809,138.0,0.47604110061529703,0.5986829912127903,-3.400642260567561
623,7476,0.6260102855460887,0.6599054864092929,-0.5996117529413195,-0.6524188762059692,0.1111844633694811,0.27664304475008755,0.13179818763022014,0.2955467855756159,0.15640370047101093,3.386829212530271,1.8182927885720246,-24.697084864569877,0.02649938745203417,0.8699095869602225,585.0,0.13524177520196495,0.3211638627847529,-0.02612773084108211
624,7488,0.45818778853657627,0.4964484423787322,-0.6736404619069474,-0.6358765245723645,0.1115793625212401,0.2788250941349317,0.14272940837025044,0.3209787776363992,0.21824546324892535,2.101856821171235,1.4349994197156413,-13.72616502212961,0.02829193149729226,0.8068438778459874,586.0,0.2124832560868782,0.41954456004261864,-0.48871391336311865
625,7500,0.2623603318133658,0.3034223463707106,-0.684640110641752,-0.5371224875988495,0.10165959936303691,0.2653988284340496,0.14373789736510553,0.32413518683960135,0.2927432415070498,0.13848886977496802,0.3316962878173253,0.03651804907653944,0.02602209521520214,0.7875437125448134,169.0,1.0402717399238977,0.8856472845752474,-6.237282296411543
626,7512,0.08766585693573826,0.1291898860746126,-0.6777149712539701,-0.46693918415864494,0.10935110961841646,0.2771232694633829,0.1422569768201213,0.3209749433851227,0.23131285324102668,2.040014074680064,1.3483759607069665,-13.340344637434454,0.02491693410734732,0.8091398933051215,236.0,0.5772391376537095,0.7234211747014241,-3.057721108354545
627,7524,0.2970593870189602,0.3270495631361322,-0.6191846939607604,-0.46840025913961797,0.060540517965371375,0.20593997578591922,0.10576156577571211,0.2605532846713783,0.4275754380021257,4.463511556735388,2.1040672392854325,-41.203531349007534,0.015535662501971323,0.829510288918443,237.0,0.22823447287431578,0.4426338208380691,-1.1580095869451403
628,7536,0.7377679932096933,0.7562147381420391,-0.4830961468332422,-0.533958928614436,0.0495988908720225,0.18067794804389226,0.10053931986271962,0.2409815348741362,0.5066717087429395,0.9368756195027578,0.9440666631274478,-8.31849967537084,0.02644009467710434,0.8898092169377049,238.0,0.060480185252948446,0.1903699566652799,0.39844246673311
629,7548,0.7806306259931861,0.778825899415686,-0.15960216447687697,-0.28338795064705713,0.06267027434606992,0.17471541026396295,0.0859625239298975,0.21265979624971157,0.27095818641647174,0.29490517233532737,0.41992075494636877,-2.4306248682951974,0.056727650063793655,0.8800435908574944,127.0,3.287441763282438,1.7632334552595113,-37.24273198357169
630,7560,0.15826082726832405,0.15116408130115877,-0.5608075543651233,-0.5442969738515492,0.1473958804322885,0.27648140439467545,0.13140138218718117,0.25144432874031025,-0.12172245054715769,0.5961945801224757,0.6977659787661148,-3.537201741707686,0.12217055820589025,0.8714905131510269,540.0,0.4115452034091296,0.5584969940903082,-2.1319701251154553
631,7572,-0.4541518593201731,-0.4543356060746375,-0.666130362620541,-0.534801191294644,0.18793118020339178,0.3185072371531397,0.14009237889962947,0.2654212187920519,-0.3414803980024985,0.2742455505400784,0.3959405727337733,-0.9576050652731383,0.08619432351138352,0.8373905633061544,77.0,1.9809451252733494,1.3595477835595444,-13.14027758563952
632,7584,-0.4817749840329335,-0.4818607416601624,-0.7073842177214298,-0.4961809356870146,0.21596353197263407,0.360138558835867,0.16238481035624805,0.3030326696850671,-0.3299490974484762,0.28708220120408834,0.4353147318236533,-0.7679129013007608,0.08252973961792878,0.8760341246283817,82.0,1.4090923655638123,1.133107569394569,-7.67748875324283
633,7596,-0.5904327928671446,-0.5903985548623352,-0.7069429839096054,-0.38479364742656397,0.25862629110765367,0.4055618240231048,0.1693090653910487,0.3208890321924579,-0.5275395355252321,0.8609358381352545,0.8585701952116191,-4.084995514840116,0.0666059180318538,0.8437120486029384,111.0,1.0838677597874404,0.9891258932117344,-5.401711315835685
634,7608,-0.642705842121761,-0.6426272437180706,-0.7130402216796123,-0.2927722601687465,0.27508498932236763,0.4377322426803059,0.17384042791143758,0.3394671998385957,-0.5823994028737018,0.11934484495577205,0.28726907078866326,0.3134804924860638,0.05935913264196454,0.8674897165389241,112.0,0.32470090817624764,0.5022398223050097,-0.8678101065286461
635,7620,-0.6807456332405587,-0.6843798757607608,-0.8094420918837659,-0.621049206058805,0.2034210988441385,0.36211952764072947,0.16400883935338875,0.32485953632685166,-0.2403057033153464,0.12776593799526445,0.30118115375249754,0.2209813903995258,0.05538273155830599,0.8438608898712162,75.0,3.868245683743555,1.9337378037827457,-22.58559269728549
636,7632,-0.22371133013211886,-0.2441182557146265,-0.9031749971147057,-0.8617022939560676,0.16834989421871,0.3126017270334695,0.15433047168871591,0.3153903282797519,-0.09084027526508964,1.458172438354772,1.148152059707368,-8.44837673596891,0.0761196758075128,0.8618415896899709,76.0,2.9488684708053943,1.688569909305986,-18.10749341033087
637,7644,0.6252892845649153,0.6413854581800859,-0.9085246553968493,-0.9023464094010939,0.11302254977747289,0.25971738188199206,0.1470064446043293,0.2882429489291173,0.23117282319373633,0.38040179633496324,0.5259531703221783,-1.5876538770720021,0.0701182677520179,0.8092557423203124,163.0,0.3806333937553909,0.5632323899301837,-1.5892293006600702
638,7656,0.31574472167681716,0.28580591835668656,-0.9436120881607509,-0.9412728869226454,0.24009832997912448,0.3338873644708285,0.28652885215340285,0.3750030101030711,0.16204484059922952,1.8847966947254997,1.352032589063293,-5.578034569853407,0.048704391141090854,0.831745681634439,164.0,1.2720380614891251,1.052963488096998,-3.439476345677387
639,7668,-0.5311479773355144,-0.5244114303170744,-0.9522088450182241,-0.9386606195285261,1.0889993167795153,0.7428985991722447,0.3280053238023692,0.41089780092065514,-2.32006597989142,2.161577418536711,1.4367406521829469,-5.59006809242862,0.04856754754640445,0.8343107925322173,597.0,1.3107921716425273,1.0228729232589053,-2.9962527328742685
640,7680,-0.5554488368235845,-0.5549491648932117,-0.9613896755436893,-0.9377677274540119,1.2670477905130182,0.8739969154639952,0.3594573606843651,0.4512156622342424,-2.524890373925592,0.07563125104988194,0.21440127723699634,0.789596043030281,0.04271263596287684,0.7960536494912914,474.0,1.9823584977750572,1.38777118744669,-4.514864110727561
641,7692,-0.6627410509850096,-0.6690897975729909,-0.9553953271437139,-0.9108522037551108,1.2441937277446886,0.9392286015886457,0.36280780745995767,0.4599617899117021,-2.429346618683248,1.7839302724099317,1.2250638989926839,-3.9170118055048206,0.047714692198930805,0.7942078810097007,451.0,2.4513755131308836,1.5410464353835314,-5.756677951042817
642,7704,-0.6868796420632306,-0.6866738154473176,-0.9544326304562462,-0.8960235810174257,1.5757751815383156,1.101857448995334,0.3757928989332059,0.49008736525386276,-3.1932010583797563,0.1163903376622786,0.27273178819219274,0.690280635976131,0.048900512616502946,0.77681803297211,124.0,2.7266672500087674,1.610519831680825,-6.255771084949133
643,7716,-0.7261097056404735,-0.7287291883669546,-0.9357103836240106,-0.874041498837187,1.2098567172817931,0.9845369386588698,0.3779850897734981,0.5015399021292378,-2.2008054021569516,0.10251108473633891,0.24763268731508098,0.7287959564813333,0.04755327155507614,0.7917441556102581,601.0,1.0760457143145343,0.9618292661950447,-1.8467940758174843
644,7728,-0.5688774672704802,-0.5720920447062697,-0.8908529485147042,-0.8024086668172276,0.7480209112914098,0.7642317456375353,0.3356223142580628,0.4710540807843286,-1.2287579803655433,3.8122110523460755,1.9378669128686086,-10.358634066907822,0.042612785316768424,0.835364307237819,602.0,0.96090369187569,0.9125871395465772,-1.8630506705130552
645,7740,0.30492439593221415,0.34320430746453606,-0.5828951922186513,-0.6301909125357489,0.0978655785205481,0.26782336906331466,0.16719126838382556,0.3478556331977499,0.41464898575997744,0.1239892141192561,0.2984152005191943,0.2583989862759418,0.020359450449422875,0.8934761403528673,127.0,2.809435475404818,1.6283794772973432,-15.803721286180568
646,7752,0.9033247061173313,0.9237106730967407,-0.46608194821624216,-0.7457836285669922,0.07225848736684996,0.23084192148191818,0.10502659853349924,0.27416990304458144,0.3119982140162102,0.03947921367872468,0.1544184819242886,0.6241027108372703,0.02317415426750222,0.9038813753643756,128.0,1.2979522455283783,1.1188516541082665,-11.358319355780944
647,7764,0.9368242326427516,0.9543839879004836,-0.2039632686478124,-0.6154401715018574,0.07256289481270085,0.22955856305081973,0.06441713356392563,0.22104694337406272,-0.12645333311348939,1.5876522197833722,1.2492540412414457,-23.64642761863711,0.020424171059455116,0.8906252582063163,581.0,0.30860947179438597,0.4645229964207538,-3.790797955766399
648,7776,0.7887539314593245,0.7876477482320214,-0.13325224795599816,-0.5882823904130439,0.06394241500695284,0.20013742361704726,0.059456641019430156,0.20580210090408996,-0.07544613874263018,0.21149465924741004,0.4223720231685463,-2.557124244174752,0.02074944648678496,0.9028295732262923,74.0,3.1916765962752955,1.7681070625605477,-52.68074182381528
649,7788,0.5748440993024978,0.5734190367974894,-0.11524571926695369,-0.42551436324245945,0.057057564540498984,0.18968069986344083,0.04667931671923938,0.1753188324662806,-0.2223307569749,8.077607903214279,2.823065065825385,-172.04469025967995,0.02453711761722718,0.892410811694637,75.0,2.145382998151592,1.4462607114111832,-44.96003431359889
650,7800,0.37497806645321896,0.3790753607740002,-0.22005376126668746,-0.22370132654710806,0.04069085079818705,0.1709111539740284,0.05025567817698556,0.18118292854360496,0.19032331720037743,0.18217171384096725,0.3938068801632088,-2.6248981299070846,0.027756863342249617,0.9175267025449794,76.0,1.7164004201161343,1.2869327830208392,-33.153363010473804
651,7812,-0.0324101640854919,-0.03130208770056107,-0.3010661391531011,-0.14604955240869047,0.05665260700550064,0.20242694655412483,0.05923963657838951,0.19642776490029448,0.04367058480288866,1.5209402192926682,1.205428565616216,-24.67436782432092,0.037304185808640936,0.9037626792930206,81.0,1.1027862628167213,1.0210966640899222,-17.61568244696179
652,7824,-0.2970327179035887,-0.29565286854043893,-0.32918720025957987,0.10046746019194115,0.06249451751843335,0.21250026116801313,0.061455956156049804,0.2029239084458579,-0.016899279213009377,1.1945266682536326,1.0524221140318197,-18.437117945418898,0.03182747560819381,0.8543032061738156,78.0,0.6348336600063723,0.765430637195651,-9.329896395955405
653,7836,-0.45964508105276125,-0.46284337149317817,-0.20738196226406816,0.4557945612993228,0.1293817473661174,0.2959030144539003,0.11906660047354313,0.27236348407598576,-0.08663342072041713,6.466532000493375,2.5154617755381365,-53.31020936832956,0.07232871203970792,0.8320120578262272,71.0,1.242077747090407,1.0748190101532258,-9.4317897895002
654,7848,-0.2155088529628117,-0.24927307183170802,-0.3297047972134658,0.23419259146393215,0.11985280497845553,0.29684958773331055,0.13729616800759661,0.30257110090249156,0.1270491615481646,0.17605124567757335,0.3221547993503705,-0.28227355673781385,0.053138173472133524,0.8014652825960595,116.0,0.43733192213269867,0.6178714319544941,-2.185317758529874
655,7860,-0.06096221152731698,-0.07514602761947663,-0.4498657425574641,-0.03873001871742885,0.3267128286747144,0.4863180829146762,0.3001870980367748,0.43497080949579103,-0.08836399302774178,0.37382084561702156,0.5431611259178952,-0.24529284590114586,0.07197374353152149,0.7604182663950226,109.0,1.0547688112720066,0.9844755723268395,-2.5137046800818563
656,7872,0.08022556995570566,0.05172121409444482,-0.34550254483092774,0.009074209403325196,0.6267221280564778,0.6579565970735265,0.6484004707122256,0.6349139574277846,0.03343357020073656,1.0792954175170155,0.9491730117027715,-0.6645506384834667,0.09868187172512248,0.733117540626596,110.0,1.557887238450464,1.1720111954406462,-1.4026621028501514
657,7884,0.08164057757110181,0.054766925424471175,-0.2695716530526601,-0.13192763215843617,0.6582538981618345,0.686226452075898,0.6676870597233086,0.6591690287490812,0.014128117991957345,0.16039306949447654,0.3297127677568611,0.7597780769318131,0.12859608315479593,0.7507050196886151,543.0,0.37857437508426367,0.5362929669974665,0.433006272068316
658,7896,0.22393905549299575,0.20664596852668854,-0.050128121349605544,-0.24533500247960066,0.6716563829446927,0.698545996994972,0.7097359906613557,0.704261228593588,0.05365320093346149,0.19458104670714654,0.3157996356518234,0.7258402430376549,0.1261431257495854,0.7458690775767224,330.0,1.3094813631899318,1.0789060453329902,-0.8450260102629334
659,7908,0.5851404998720323,0.6015579356142281,-0.015433821561297667,-0.43278394652004964,0.6058299939641901,0.6375976232183845,0.704509999836718,0.6893817709522935,0.14006899248470372,0.17872288744874448,0.33335952361769533,0.7463160388210721,0.07370829540974795,0.8294772462862442,551.0,0.19068987679328883,0.3843902814661548,0.7293297797937794
660,7920,0.6711764353353491,0.705315050337306,0.06520903969312608,-0.5188878929270131,0.5203328394903388,0.546263406355843,0.6398503975878362,0.6050627401261842,0.18678984735817172,8.866481676943417,2.9595286544558568,-12.857116773497449,0.08724066429699179,0.8209675289801256,262.0,0.3415213297383754,0.5067527121995847,0.46624815577848777
661,7932,0.7965853483989076,0.8087312424111838,-0.12443551608157115,-0.7039529009507057,0.4815084298327182,0.5457542490266127,0.6414598964495688,0.6059717217725601,0.24935536500749256,1.1187882072152702,0.9436196454190319,-0.7441280638239067,0.053603718355880486,0.8701517621036203,429.0,7.945411561129348,2.8051890975522085,-11.38645097707057
662,7944,0.7664978795808325,0.7551713637478452,-0.13166734703360164,-0.7069843659071751,0.4000530859888337,0.4972051371756156,0.5270071343082433,0.5263334430575409,0.24089626127367558,0.49868468569797153,0.6123446354817188,0.05374205919896735,0.04746205686783151,0.8532738943362683,430.0,4.7060866613019945,2.1433301417964983,-7.929834825631474
663,7956,0.5319620962691894,0.4384552348879733,-0.5618203695679025,-0.7793238462377918,0.2393708630319953,0.4309943532286727,0.24747289681686035,0.4080067834054186,0.032739075224309744,2.967002902624574,1.707062504148088,-10.989203427073765,0.04349531035547657,0.812534558248478,51.0,25.19037684746386,5.013684058614189,-100.79044724281756
664,7968,0.04561662936906139,-0.015093550224338835,-0.8169994097768295,-0.8577020658600677,2.9154981649518206,1.4360960043296325,0.4288385223047612,0.5109129629021402,-5.798592041784608,1.5347914109405425,1.2043097297475316,-2.5789494905726253,0.05638212223140965,0.9084398726834134,530.0,4.224823458739008,1.9933761283051652,-8.851781589100261
665,7980,-0.22269925528439458,-0.259645588890503,-0.9379930960521986,-0.9192496581224313,0.5935352316290056,0.5478519363883297,0.38391616178407206,0.4626630749555681,-0.5460022023319524,1.1805301475363368,1.050234070643211,-2.0749686130700287,0.06509412320595945,0.900979827814011,531.0,3.9824922989655582,1.8993880154388458,-9.373338492598943
666,7992,-0.4146447361717575,-0.4271472505797683,-0.9294628429528157,-0.8717727902825435,0.24309178234119228,0.3687405097474103,0.389300846945818,0.46978870205836065,0.3755683188250931,1.9559873911445806,1.3653853986324362,-4.024359454878891,0.06345943683571456,0.8629498156740685,598.0,0.46060622450764116,0.5992401008724195,-0.18316265716151214
667,8004,-0.25101274443367977,-0.27061499826018437,-0.9305996916601906,-0.8842283278005778,0.20311689568955613,0.3569077089652061,0.3925780410328014,0.4827707261695081,0.48260759782897555,3.618160333067342,1.8678810723964279,-8.216410381866037,0.06721833983898261,0.8335161286967787,533.0,1.1779823066129003,1.0426569639242453,-2.0006321889880625
668,8016,-0.20517789761241814,-0.21606836027994294,-0.9190132693267071,-0.9116564694253099,0.6205768419779172,0.610204738896758,0.38066795086062377,0.4686117862095006,-0.6302313882082831,0.14249528050038954,0.3232161383117684,0.6256704033574862,0.06524381242090287,0.8278490253476959,534.0,0.8284617644300861,0.8654530776685859,-1.1763370479628734
669,8028,0.345358515033835,0.3292151176538893,-0.9204305565949041,-0.9397724744622279,0.7421123584688741,0.6635483214052701,0.38303353620538144,0.4713156278284364,-0.9374605310563608,0.33801410414985467,0.523288891531952,0.11753391752984133,0.04627299934867562,0.8605364224306635,535.0,0.5847965985914033,0.672908518578822,-0.5267503842740211
670,8040,0.5094014257286895,0.4812551170954809,-0.8942929537182824,-0.9447891476272661,0.7800749107880545,0.6657994392574389,0.35024304261964806,0.4535489954817786,-1.227238848068109,0.2615186855647848,0.34498178518197997,0.25332225414457377,0.04145502540821366,0.8905532691783923,536.0,0.39235500311988464,0.479880803439668,-0.12023639409154163
671,8052,0.5840990510315593,0.5301797050442394,-0.7787389225313102,-0.8523779522735568,0.3934940778584968,0.44043332853909317,0.1688200311401054,0.35966074268269405,-1.3308494566733744,2.902798432431779,1.6942485797298201,-16.194632727100483,0.022148649435699438,0.909056378178411,537.0,0.3070614854296509,0.5140248896499943,-0.8188687879983716
672,8064,0.2910219004914097,0.2677652861405937,-0.8294105565054428,-0.8255880269553029,0.09442902990217529,0.2621036156226023,0.20449467186932604,0.3970901461127568,0.5382323214635327,0.8432519119865596,0.9023011855445916,-3.1235886699552013,0.015231610176462138,0.8844036253089828,538.0,0.5391063322402747,0.703216284552627,-1.6362854704829108
673,8076,0.08425244059155661,0.08163109949757343,-0.870791681289898,-0.7650212342316688,0.16475188590743897,0.371176896090412,0.20142957325023866,0.3961863032923104,0.18208690387897764,0.23310351566186618,0.45483838896233497,-0.15724574053621487,0.007943520258666629,0.7770932950707741,179.0,0.6527851137360221,0.8004965583493774,-2.2407610421983986
674,8088,-0.07380899912076175,-0.05241875443280426,-0.8568603696515208,-0.7113961080102683,0.2450780100457921,0.44783644519541915,0.21015449390587118,0.4086311446425832,-0.16618020148340618,0.7123358560290939,0.7871672554804224,-2.389581839483058,0.007619885913808169,0.7638312642298098,88.0,1.6678707487220876,1.1717156838226463,-6.9364029658539295
675,8100,0.08568944190971535,0.1016122410616196,-0.8730009867470511,-0.7967985721988551,0.1418764179867689,0.32225643682394883,0.2039786323821308,0.39140425102054177,0.3044545091322137,0.13707788967223702,0.27673179234140977,0.3279791708013947,0.007634600679222124,0.7854401912717932,597.0,0.5761588857607588,0.682261149248482,-1.824604121677758
676,8112,0.1895576401372762,0.2367884064315234,-0.8704495503203159,-0.8424762175474297,0.16085498370539253,0.33506501555163826,0.18783617846411238,0.36516071938098005,0.143642161905859,0.04255498652508993,0.18168184975090845,0.7734462717829387,0.01717166943594191,0.7671863553733577,598.0,0.3234835870903053,0.5165395124209962,-0.7221580514219705
677,8124,0.6537061270241953,0.6896829700691679,-0.903304571624862,-0.9162930688368971,0.06551672704282455,0.20074959952370217,0.14666506673973664,0.3179018557877856,0.5532901699142391,0.17968323127483257,0.3399040371793713,-0.22512630491409413,0.018071271110075626,0.7796151991278898,599.0,0.18075377242946844,0.3919180357283751,-0.23242552877450806
678,8136,0.8087718504644648,0.8150554045072431,-0.8971447752458659,-0.925431581315823,0.05757697258212054,0.18421693356510602,0.11418649402895398,0.2807468055076568,0.4957637234442026,3.4106483659217526,1.7617388033303936,-28.869104879049207,0.018957050803619598,0.7289992993434355,662.0,0.1451410793451917,0.3454938181210776,-0.2710879739278853
679,8148,0.3507284303253583,0.3426448713193961,-0.7750269754113234,-0.6689611427221762,0.08634403332832424,0.24636752987752536,0.06448463556482371,0.21653027973361808,-0.33898614099363544,0.6878395493465794,0.7785850910520954,-9.666719960836609,0.02034632218350763,0.6878355439605189,663.0,0.6798390608459501,0.7659270774521685,-9.542651825372205
680,8160,-0.3557932501111506,-0.34587651513748396,-0.8236954399042865,-0.6007041805537803,0.08327304828258175,0.25339944915818746,0.08826022650308503,0.2521545589884848,0.05650538660615101,2.778657069471513,1.655420471099335,-30.48255085629526,0.02093095179427011,0.5549452208148373,220.0,0.22768480761446913,0.4405653549850617,-1.5796988817665305
681,8172,-0.5908453486875062,-0.5730441632745842,-0.8558690275282477,-0.5748822604215719,0.05964354543463696,0.1996621491361229,0.07851874142290984,0.23763664336599538,0.24039096458015263,6.130894011264077,2.4663830895305114,-77.08191904455607,0.020363046224214996,0.6488761512600281,383.0,0.6457761686360286,0.7881216532402608,-7.224484459803211
682,8184,-0.4201133854438257,-0.39124015956680414,-0.7458342185693411,-0.36702149182388116,0.04133554558444318,0.16869598415103831,0.08033101904151198,0.24530201469535928,0.48543481611900674,0.7759487818266833,0.8687744722241227,-8.659391740389884,0.01684950334533626,0.8302304318577833,6.0,1.716862081298496,1.3014875276021007,-20.37234286062384
683,8196,-0.39937907481581286,-0.37859624150007926,-0.6929108413511383,-0.4496048637365267,0.040403273233971006,0.16690031340823516,0.0757799219257737,0.23114178850054862,0.46683406095949864,2.003693412044563,1.405950919587633,-25.44095376618595,0.01694521205712053,0.8844217241827926,7.0,0.10628159918611203,0.2936214508318972,-0.40250341363791153
684,8208,-0.19725036141602262,-0.21346404022772036,-0.6433258905500641,-0.5481463689608262,0.0446140322617301,0.18002913300578985,0.06709346953999826,0.20218928986534473,0.3350465765504477,0.7179516702004414,0.828523240746199,-9.700768273318007,0.01478975958550109,0.9512168324454733,8.0,0.028737922179348903,0.13715772175230959,0.5716733330921785
685,8220,-0.157213122582195,-0.11462308494185537,-0.4031295037763035,-0.4214531499967726,0.06466646996237636,0.2228366409477229,0.06069141100259558,0.18884317205094894,-0.06549623569652696,0.25817366699658606,0.4839534433047397,-3.2538748520040963,0.017434048701918118,0.9147736332623296,237.0,0.13569703161590013,0.3331331919263317,-1.2358523121187082
686,8232,0.34996966747174435,0.4401603462578513,-0.13482465100819738,-0.43852643389297785,0.0968185186907567,0.26384968886423066,0.07736688499880995,0.22140720771666111,-0.2514206652141411,8.038089688595878,2.824332094920676,-102.89573896789976,0.022205702757544212,0.9122597103449135,286.0,1.8310775227599823,1.331486428786613,-22.6674582773773
687,8244,0.7319545968068306,0.7687436264500378,0.5128790664460325,0.003448208738264817,0.0572467083751777,0.19196675731393892,0.06682885600263411,0.20806365136796187,0.14338338557042962,0.03610011361846391,0.14888472614359693,0.459812485537071,0.020752772329380477,0.8803885164860987,287.0,2.4189362880103005,1.533979099912262,-35.19598527790086
688,8256,0.8563705548425125,0.8549474465832011,0.5436023755869689,-0.15279938911065113,0.04703816249423888,0.16941332157690375,0.0650202742016107,0.1996790498147709,0.2765616098697776,0.03154120213851786,0.1355935771187063,0.5149020436192422,0.018711779347844234,0.8801170665618374,76.0,2.1154078992620082,1.444195975585692,-31.534589022228467
689,8268,0.8660306304313296,0.8683589953937055,0.5482789808691656,-0.2984481955033622,0.033860601035581375,0.14183742927771165,0.07467902395654298,0.2166328545138619,0.5465848475030224,0.6794333634529849,0.8108977342695352,-8.098048253126057,0.019359880319673617,0.8685306671844204,77.0,1.228874422817445,1.0949538153651794,-15.455416229496365
690,8280,0.9260143204052708,0.9399429637385077,0.5284612480407742,-0.35498941033266396,0.04601592850979764,0.17389948136911368,0.08033407907607007,0.22529436946002665,0.42719292933918906,0.6004892804200346,0.7618521920471278,-6.474900905398048,0.017325081095929305,0.9314076191425934,82.0,0.6422056435849266,0.7779949659157511,-6.994186912590462
691,8292,0.7810532587539626,0.8090346908803293,0.5196541560395298,-0.2008874985346087,0.0539878034472112,0.19442621020391734,0.0811676013619851,0.2289020477861253,0.33486018385044425,0.048324295626911574,0.18796083030675775,0.40463565738010965,0.022093809703067187,0.9026524819186521,83.0,0.16576663509425377,0.361000027158622,-1.0422758873331777
692,8304,0.7333101265634284,0.734048305714336,0.4833126780020252,-0.08647842029356685,0.08005758788685308,0.23333294614711858,0.07661614438667758,0.2183482197958935,-0.044917993821337765,0.046593474833769334,0.18335481468612333,0.39185826686064285,0.02492023932727883,0.9082200534674364,84.0,0.04611100196964789,0.18547977697358045,0.39815554099240325
693,8316,0.33370919537373694,0.3479675122120682,0.34473777894354746,-0.193525328016706,0.03546141086759926,0.14744620756460478,0.05822934300976102,0.17812138037979727,0.39100444836454973,0.1150849647083056,0.3014523727259691,-0.9764084353315448,0.01834275977452254,0.8961455989362199,85.0,0.03955762186282818,0.17274501545275786,0.32065828295199705
694,8328,0.6606002504838219,0.6696751838485947,0.26535573499715215,-0.18519693731907874,0.0216235066026475,0.11567006327645951,0.03373716354358958,0.1302291757476206,0.35905973320166107,1.0536467907709486,1.0101875048526419,-30.23104256851945,0.017115877840880526,0.8964620878392315,646.0,0.03570093457076973,0.15670603068515226,-0.058207946991242876
695,8340,0.8544489442838021,0.8594698159891281,0.3780261327037735,-0.08010259588520369,0.02813468515620608,0.1422937436200605,0.04275502332560427,0.15223040790058134,0.3419560330503353,3.199318082712541,1.7683237911596794,-73.82905712266557,0.02213922601705086,0.8627046117326544,85.0,0.037816027192413344,0.17045060643172555,0.1155184993252748
696,8352,0.9014377783334526,0.9002013948875156,0.33434718987477496,-0.09143011443669102,0.02311298726421849,0.12566227473115466,0.034487391108557544,0.13653685410543862,0.32981340364469214,0.03275138711250526,0.15308170966389237,0.0503373534573196,0.02095022486735921,0.8938492182483648,128.0,1.3894224654288916,1.1527355807827342,-39.287839142582364
697,8364,0.7323515353226092,0.730070712791575,0.24275711200159467,-0.23630719598422809,0.028023513427107308,0.14510641155934054,0.03048526546679443,0.13698813912287167,0.08075219296904423,0.22794510891384623,0.4354460156499753,-6.477222370332699,0.010609967127047546,0.7810845162911797,129.0,0.5570149448074193,0.7251969499174675,-17.271612081388586
698,8376,0.7771615182095124,0.7805525384617686,0.1926467246211619,-0.3664723511356423,0.046715110476649294,0.18517766127295293,0.034003210510061915,0.14979580505878284,-0.3738441098914995,0.5829554898294722,0.7521602995335888,-16.14413083602707,0.00794726145891576,0.7953063746138075,148.0,0.14333868307111536,0.3449748976619041,-3.2154455688441512
699,8388,0.8071271410594846,0.8218086241765236,0.16386693895521484,-0.47291907161583674,0.08256747039407111,0.2428271709660836,0.037992969684829736,0.16071501176440975,-1.17323023388297,0.03540875517484695,0.15498835825494328,0.06801822893604026,0.006553149614512733,0.7288960015032415,149.0,0.1417743018135522,0.34181195636507067,-2.7315930549688368
700,8400,0.8668570197554517,0.869840785960926,0.18860618637008916,-0.495510138365782,0.049775320156379727,0.1950235046973195,0.044772856068810325,0.18199702836542317,-0.11172984095276917,1.0262574863513168,1.0036849557835785,-21.92142106757912,0.010367149276516987,0.7448138130105383,102.0,0.025989613811318545,0.13191172862324282,0.41952298572653635
701,8412,0.807379726364734,0.8202380298897348,0.25310989074647844,-0.35103475652795446,0.054127671922126426,0.2036392811094201,0.04709780027160246,0.1927277674379914,-0.14926114616785235,0.06441885944889374,0.21963037330075608,-0.3677679016303228,0.010669664882545182,0.7746509314030728,103.0,0.019556795100658282,0.10942620398403359,0.5847620273584195
702,8424,0.7453141305414721,0.745999440793162,0.0015643832510186919,-0.4283046876941139,0.023705169072589804,0.12945323067125786,0.03820751028710805,0.17261884832909793,0.37956781547767104,0.01539620305001252,0.09852255763670624,0.5970372595775366,0.011493097467329476,0.7497752930136892,156.0,0.01709829471025978,0.1077269918094424,0.5524886447251949
703,8436,0.5827250896156859,0.6049142873101565,-0.2120670140415384,-0.5006379162477766,0.02432883379711145,0.12334261479643874,0.04049312231211325,0.17776113926767528,0.39918602449103713,1.6746661133662508,1.287649621970207,-40.356803766779066,0.01414187359438955,0.73102181688082,157.0,0.026395518776730624,0.132703375423361,0.3481480985022837
704,8448,0.7609748871032043,0.7924051321406939,-0.31712734256902664,-0.568656812838289,0.024552783935153814,0.1183353209195954,0.03396747394966165,0.15783041258529465,0.2771677996562243,0.020645583339234042,0.11941308325592917,0.39219550532871783,0.01394929158787717,0.7511442851679381,328.0,0.9879875201149645,0.985875362905715,-28.086281822991012
705,8460,0.7667844957862888,0.8062383242386847,-0.2119740102770626,-0.4373144425640104,0.04160770993020346,0.15767494753983954,0.03107383915619733,0.14718556514288475,-0.33899482844897433,1.7736357246468992,1.3244797433166848,-56.07810083367724,0.012435458195871956,0.7815193080629881,145.0,0.14012935818038535,0.30623052295164294,-3.5095605173214697
706,8472,0.6385509743481508,0.7038815323955998,-0.13729776323905715,-0.08239592317015641,0.07081217671099196,0.19897345663956392,0.0589432416341812,0.1785675424658373,-0.20136210272371513,5.448030516028844,2.3236500558988036,-91.42841698189754,0.0442888819922891,0.8142133208927472,146.0,0.15039501540226977,0.3302905909838053,-1.5515226382638523
707,8484,0.3153967175453217,0.3425695402869569,-0.33286844135488236,-0.15420300133534337,0.08027686630734816,0.20831696264358474,0.06590833983464517,0.17893292240388892,-0.21800771357238902,3.1715922641047114,1.765694912847317,-47.12125858520779,0.04762771184036995,0.7278938635565086,399.0,1.3919437423317198,1.158378656596853,-20.119387103724847
708,8496,0.06394285797730404,0.07697106002900343,-0.5028093896716843,-0.2052285355575384,0.12221229683931543,0.2723363096918927,0.10432204168041273,0.22970589318656084,-0.1714906540432648,4.900511574817021,2.1975300471567842,-45.974843435576,0.050936905833269715,0.7642634550764839,470.0,1.0165269909104526,0.9753734022792964,-8.744124774940188
709,8508,-0.19422381403819342,-0.18157872871381803,-0.47542703397286523,0.03871529009982952,0.21927930989269667,0.3731390789227441,0.17630741261608604,0.3121416036083153,-0.2437327883098317,5.915373202568496,2.4091610913005908,-32.5514719137157,0.07283230522726893,0.6911115520340667,155.0,0.25400989975561095,0.40131449583518747,-0.4407216122485109
710,8520,-0.11564682273865327,-0.1191139825911092,-0.38999147432332054,0.0946612155422534,0.23361090800718098,0.38393862230827064,0.22536967786845202,0.3651696912355296,-0.036567608458575984,2.1727772610344744,1.4376681612184434,-8.640947626959477,0.08767400916333563,0.7221376143986634,104.0,0.19426908063620993,0.3424803007203349,0.13799814387805742
711,8532,0.26679225831819753,0.2283540257917933,-0.34263268294754473,-0.13353146292901746,0.1874722593592809,0.34524270609657876,0.22709073171153224,0.37310557412761075,0.17446098329797843,0.8853098183050437,0.8969747610466126,-2.8984850312148844,0.06267942208217382,0.7630448281981912,635.0,0.15666233650974817,0.3067933069155736,0.31013328756740066
712,8544,0.17949373891762038,0.13441731509426266,-0.3925826140966699,-0.26980809382818993,0.22748778344963147,0.39648759850459186,0.2430934920513456,0.3974593688606814,0.06419632409747078,1.7942223792047922,1.3135051396963309,-6.380791497395665,0.058152388874900846,0.7982935381973424,106.0,2.220741197992131,1.4658377216609286,-8.135337928022654
713,8556,0.21130402531659032,0.17079174436999028,-0.45750489350335816,-0.3561162165082051,0.2021313982274666,0.3531838310313722,0.21035914510112413,0.34984024459285845,0.03911285563412181,3.3465097599516076,1.810014003416487,-14.908553718179776,0.06167181631722081,0.8070131347860091,107.0,1.1297727575704244,1.026823936280051,-4.370685248921879
714,8568,0.761831364523027,0.732626953826251,-0.5696478716139768,-0.7447524346211322,0.15370655484371298,0.2995133822091099,0.24564204040205825,0.3932196320624338,0.3742660881983739,1.0788577879805674,0.9844557612292985,-3.391991640415993,0.06587835072523447,0.7984763507833101,164.0,0.8975654474959914,0.8983116831493361,-2.653956977506325
715,8580,0.8520884565999357,0.8682050767118308,-0.5706246640599154,-0.7246951106843196,0.15227203121590263,0.29902338564695363,0.2357685367453387,0.3778927383268626,0.35414609040740397,1.969722408631662,1.368973172500292,-7.354475265540726,0.06211867614388938,0.7841487151179749,531.0,7.189425356436028,2.6681401461466505,-29.493574145567866
716,8592,0.35983334007175555,0.32179345673449194,-0.6912487834900601,-0.760594636032035,0.22650123876919312,0.3711146118599357,0.20711891795723353,0.3594043173473227,-0.09358063958195117,1.1169567514604672,0.9098600498054721,-4.392828248026573,0.03182935027092148,0.7610338738723328,532.0,5.338606447631454,2.3017415846951526,-24.775561693180457
717,8604,-0.09693722218130234,-0.14267783864519124,-0.889655920120965,-0.8533326690749378,0.40877313305931556,0.525487742039543,0.2534954882849487,0.38872092313499823,-0.612545989772499,0.7076705979052696,0.7792832767611284,-1.7916496766593046,0.018279872586490758,0.7799258016027838,139.0,2.0893538248392693,1.3159598646857524,-7.242173614114474
718,8616,-0.3214412932030854,-0.3459104543176171,-0.9420096129512041,-0.8940333963305654,0.4616101634038925,0.600959713405992,0.322430507993057,0.4676361294276455,-0.431657836217634,3.526227577537946,1.8613896848581157,-9.936395564695998,0.01489527293764812,0.7170315324507468,553.0,1.2080100370607298,1.050263685851491,-2.74657486532491
719,8628,-0.27204132306437223,-0.29424468908837487,-0.9466621080589549,-0.8773209730576405,0.09281413323408022,0.2507371866520196,0.32150728561831293,0.47385534368569876,0.711315614339554,0.7219467245055655,0.8209345147545685,-1.2455065772992975,0.009409530403735569,0.6957605312327428,16.0,2.3545659879662417,1.5076598115994335,-6.323522959792381
720,8640,-0.46489285845417205,-0.47321709033885334,-0.9427954344028238,-0.8325410938260213,0.15144234445358767,0.34674190025833246,0.33154518872603883,0.49892836375197014,0.543222614583839,3.3400780752348562,1.820607372523602,-9.074277018071335,0.010231961418316553,0.6215485428811164,555.0,1.7274165512164419,1.2976514335653095,-4.210199423656346
721,8652,-0.4559588247597468,-0.4557673828457964,-0.9357605460705625,-0.8486571022946034,0.14577201307967905,0.35091106691020163,0.2931110381703271,0.456988714406256,0.5026730689174155,3.878488828764218,1.9609988709640087,-12.232148652519953,0.008849584392454231,0.6343773827570437,556.0,1.1113776083864975,1.0414996054813135,-2.791660714396825
722,8664,0.06572750726692718,0.0814821015499017,-0.8897921593935926,-0.8874719209944867,0.06195811855706433,0.21201870426089825,0.26959771431569446,0.4205477738638744,0.7701830717877957,1.151182296277318,1.0610474005041266,-3.2700002082706927,0.009341211120267619,0.7320440328562825,434.0,5.355944927357795,2.309331211129139,-18.866432996112394
723,8676,0.38716833668886397,0.4080531674698171,-0.83041411275329,-0.8842966154754502,0.07061375887036778,0.22656537816702785,0.22651445196146502,0.3638196997782668,0.6882593659746677,0.15697584856275987,0.31182535839511744,0.3069941136053216,0.010287137434533489,0.8026289181245512,423.0,4.353921198154219,2.0805566366831485,-18.221383715043995
724,8688,0.9049086388625307,0.9066382139235882,-0.7589937607129967,-0.8143983175877758,0.05537414128484184,0.2035102712323662,0.1688238213604261,0.3201697958553476,0.6720004271990607,0.11080007833139224,0.2957768820212374,0.3436940507652504,0.02522812114714431,0.844804990565887,538.0,1.8761896355008885,1.3581988143378472,-10.113299180068703
725,8700,0.5308335475246022,0.5386062217098869,-0.7669262172608352,-0.7723280276750909,0.05618593762265411,0.17542787879961505,0.1808884287934333,0.32314799796015703,0.6893889896803957,3.112891381709351,1.743583458235864,-16.208902761072334,0.047420332724578615,0.8500932814329893,671.0,0.30282544547704493,0.4975473099765858,-0.6741007011723141
726,8712,-0.14910807908363205,-0.2237636517795654,-0.7970258864252325,-0.7339161559158357,0.06447390295887341,0.17635217923586965,0.17691810709136718,0.31990441211465004,0.6355720507139687,0.4478011650874178,0.6229114782998105,-1.5311211636249102,0.04259619150471262,0.8162057889110721,464.0,2.701991449193412,1.619184790837616,-14.272554593849467
727,8724,-0.2447569353475554,-0.30345249325267293,-0.7981168205206076,-0.6406674284785813,0.06685005905609773,0.16775110295196502,0.17676987131644287,0.32332876285627626,0.6218243609148375,0.12999620398164116,0.28583480022545843,0.2646020330640524,0.04090906722426416,0.7044583179964203,671.0,0.37922648449963003,0.5801892572343355,-1.1453117642472082
728,8736,-0.48581977747421196,-0.55677503553041,-0.758805591484587,-0.5371888358605257,0.10307204397971434,0.22553180900313274,0.17689378774702058,0.31773774958861895,0.4173224210274712,3.460869456476513,1.8351831562370773,-18.56467494169989,0.05427181719839759,0.664265849150078,706.0,0.2146276122061522,0.3571957911449192,-0.213313451759513
729,8748,-0.49395342841234885,-0.629830755511747,-0.7614269115194134,-0.6126670689184817,0.11619126479181137,0.2422450001024778,0.17473134555253406,0.3146723708415047,0.3350290732072584,0.1172702776864999,0.26366804827189516,0.3288538051620402,0.0415133977075328,0.5498773512473981,37.0,4.559487426298019,2.1135138373055415,-25.09427296447609
730,8760,-0.23024002698350984,-0.3232947274369182,-0.7706491846884579,-0.7303142864982494,0.10399185324409078,0.23949143709190077,0.17725872622258734,0.3246787567588526,0.4133329542631028,0.12108650269729838,0.2805565570860128,0.3168939815958757,0.036732348202165054,0.588956300684635,664.0,0.3602052579086309,0.5460308778859456,-1.032087590747515
731,8772,0.18974869923136148,0.21452516062714472,-0.783335179215076,-0.8365425003646015,0.09488687587777432,0.23575550342876633,0.1563616994512004,0.3041108535635565,0.3931578115944693,0.3034720101621596,0.498073838446698,-0.9408334088673131,0.038483377848997635,0.649505067968335,552.0,0.4085852676577786,0.5798474672777945,-1.613077685212137
732,8784,0.8669662929658478,0.8641363806439919,-0.7606369960001835,-0.8914386270498379,0.06881473709628465,0.22288519814080363,0.11501849030386445,0.2740775851310338,0.40170717843292214,0.7172872369786971,0.8084258140018835,-5.236277620091466,0.015670600770118073,0.7250610339485678,495.0,9.588218110868418,3.090051993210967,-82.36240621431864
733,8796,0.4500860909047886,0.4927961397715725,-0.869395893941464,-0.9199082275501852,0.13532934205654926,0.33194620862494634,0.19145163832065515,0.33333129985046767,0.2931408514254068,0.31918901928585236,0.5170273595848813,-0.6672044286779863,0.02213879728815712,0.7837681121914093,274.0,3.9743508994448535,1.945805554773672,-19.759033113043216
734,8808,-0.2149487899353377,-0.2528762932472781,-0.8720358522268863,-0.9025935484374301,0.1409567419248507,0.33370341690059735,0.20744436515498374,0.35597227242735374,0.32050821520487904,0.09868646743389807,0.2300440079009532,0.5242750153267917,0.010464059749578708,0.7497550141548419,497.0,7.136757617182967,2.6543546313493875,-33.403236799664455
735,8820,-0.2505059141479966,-0.27876730174175096,-0.9375078433713626,-0.9315558001641174,0.10929716198086968,0.27653624929321763,0.2162768599691405,0.3755427384351059,0.4946423672118009,1.8780707238319976,1.365545883101792,-7.68364153289432,0.008447454557297576,0.749383056661309,141.0,1.7812726825928458,1.2725338682908134,-7.236076124126303
736,8832,-0.34137824408428635,-0.40366905621429056,-0.9502090900790673,-0.9412614902998157,0.2403329532819019,0.3514153666742713,0.21620941494690527,0.3765350441326602,-0.11157487448416936,0.5569329899486654,0.7251812774978735,-1.575896105567058,0.008095284286841706,0.7873420991543392,142.0,1.8787696440286066,1.3059122148637012,-7.6895829420285775
737,8844,-0.35254143017660167,-0.47044245379600474,-0.9371768502072901,-0.9375269299093353,1.511586231742822,0.9382023002616781,0.2108105213086657,0.36490301881471565,-6.1703547923472915,0.22352207887031034,0.4328195782115711,-0.060298496881152186,0.008542293639245715,0.7936871488763422,143.0,1.8839174074566503,1.2894859752655283,-7.936543564152785
738,8856,-0.1767921058376237,-0.21759072747300978,-0.8706263515033819,-0.900670413393743,1.2425208957544651,0.9014106263065914,0.19889103390927182,0.3463312652254008,-5.247244389715759,3.599973428214472,1.881787559156985,-17.10022984674449,0.011434743612449842,0.8334811486735029,126.0,1.950843194677007,1.3312386818821187,-8.80860301408521
739,8868,0.11323302184225252,0.19495637436848326,-0.75675314283306,-0.8765250439912671,0.9479303272949957,0.8298822239803851,0.15929541415116272,0.29537625553837293,-4.950769721440073,3.5785566190115747,1.8718203960642277,-21.464906714864487,0.012079693582094023,0.8476756122262983,127.0,1.3494432715679394,1.084407465278086,-7.47132529683115
740,8880,0.740941897095858,0.8344994314982171,-0.0003529309225387612,-0.38000637577082397,0.24467664009234433,0.44347950506871897,0.0746998092670063,0.22574821227518627,-2.275465392659497,0.4041622464101685,0.4367521289720289,-4.410485654194039,0.016782244628289957,0.8476322283807018,466.0,3.0010390161030176,1.7214056263457425,-39.17465433380334
741,8892,0.8655553199014651,0.8995660973498877,0.4005589336923105,-0.09281692401208388,0.07894679748243441,0.23656108683311128,0.05217562500624141,0.19120086245307866,-0.5130973030603954,0.2621644024464584,0.48026104399129793,-4.024652841534672,0.012406904404692299,0.816953754809655,465.0,4.068076800456374,2.00720341099728,-76.968913644441
742,8904,0.9129297397294471,0.9380521079229514,0.5738258212592804,0.10865551710707123,0.04459116268393452,0.16756931175041,0.03894910312777384,0.16171375597191998,-0.144857239399113,0.5680140354744577,0.7270030607445275,-13.583494608619578,0.013661435839076305,0.7929520159212292,146.0,0.032313513036960416,0.14079085700732594,0.17036567104113143
743,8916,0.8934020637177849,0.9248018011018976,0.5511838131698196,0.08005919004696338,0.05128444492952692,0.1861963125672066,0.038464291244697225,0.15874068535710026,-0.3333001407272027,0.04896734316371635,0.17663659224068615,-0.27305980635915383,0.018609282800163284,0.5625152582279596,75.0,1.300200138115434,1.1283424538920488,-32.80278424588631
744,8928,0.8550584507566501,0.9269881272207762,0.551285707606878,0.24688666140017115,0.04295052414012155,0.1711757614745364,0.03566836553897673,0.14765096695408014,-0.20416294638416255,3.05259551217687,1.7375621842432198,-84.58271359087468,0.021101830315372768,0.5695264557592385,38.0,4.44718251657011,2.101374476007241,-123.6814214604377
745,8940,0.8730080981144089,0.9057814411203463,0.4593070805259983,0.37595881750111143,0.03406015697031158,0.15385136788680984,0.03359973540067574,0.14385610478441269,-0.013703130817708242,1.7392438170914806,1.304509219884205,-50.76361647944709,0.02672646529120339,0.47881584472589345,703.0,0.03758555846756185,0.15313885811665837,-0.1186266206967197
746,8952,0.5854132976675713,0.6151760370260427,0.2955176852888014,0.43466081291761527,0.03655560424040525,0.1647604440929223,0.04105705932040478,0.1615317023956842,0.10963900373065372,4.098464162534133,2.012240930602179,-98.82361694611805,0.0317567334763061,0.6548211197923799,612.0,0.19135217004108301,0.39350951428647757,-3.6606399291238008
747,8964,-0.025326556770903237,-0.013873639196391565,0.02091371821542956,0.5035691569692003,0.040829812841794454,0.1761733273503071,0.03943417441802015,0.16523041240052744,-0.03539159737388964,1.7384148737902894,1.31023534670691,-43.08396776263914,0.014852170339152948,0.695623885353107,613.0,0.02963968682552805,0.14284219808760565,0.24837562183161443
748,8976,-0.2542627532674453,-0.24830410307026937,-0.5858128200219271,-0.08533918933639502,0.08437613383488324,0.2652060498386381,0.048379092709843294,0.18245985281638555,-0.7440619306553453,1.243928570667038,1.0914412220276435,-24.712110355760064,0.008114844419799075,0.8311481625052964,592.0,0.6853060406743038,0.8123775908285761,-13.165334699112087
749,8988,-0.42377270867881933,-0.39146643726769503,-0.7579142525172143,-0.38648127673506866,0.13424642375806567,0.3404743420019545,0.05537712596283163,0.1985085345735105,-1.4242215792883512,0.36138473654812886,0.5867459682693666,-5.525884654806487,0.009355811589742854,0.8190508823542039,593.0,0.5684653131510441,0.7353228385350743,-9.265345181196118
750,9000,-0.40579206395903317,-0.3365550233850446,-0.8121232203518122,-0.6494986665177678,0.15468890496373944,0.3538849769126933,0.0582998809477374,0.20806492659885517,-1.6533314039253257,0.2866444349932045,0.5013001614643009,-3.9167241910865185,0.019694488870602052,0.8166657368987652,594.0,0.46571763099612534,0.6569440367547521,-6.988311870029636
751,9012,-0.34107914066568445,-0.22987647995403243,-0.7884738022082044,-0.6896093952847038,0.1520259138497249,0.3450615049109806,0.0654436052862499,0.22547129765955598,-1.3230063989409588,2.388273251606251,1.5355622087320222,-35.493607605509496,0.021438229752330756,0.8182947338275628,595.0,0.3055151081764144,0.5259008074544073,-3.668372209020168
752,9024,-0.2949947286387398,-0.033797050622453674,-0.7206187797335918,-0.6803720464598818,0.20170029926137956,0.38530432261239667,0.06963845174263673,0.22898795653347678,-1.8963926424844226,2.2260744442055937,1.460921233412776,-30.966167950323065,0.01973414141774165,0.7717108097494754,584.0,0.08646404790468615,0.2516930213881798,-0.241613587622997
753,9036,-0.01606309036647573,0.24885102115285807,-0.6181657707524838,-0.5880059565155863,0.11533753232832328,0.27559493796083034,0.060599378375126155,0.20373673425943942,-0.9032791329038641,0.6982132496838496,0.8070499107355282,-10.521788975486269,0.024366623083707347,0.8022168811653689,623.0,0.9650552499853008,0.9657021773847643,-14.92516748292951
754,9048,0.783045716920931,0.8056451004509315,-0.6232571484499223,-0.6235610210911198,0.026660716386116966,0.13307567367420797,0.05083104852820671,0.1812778103681625,0.47550331621975805,0.09894692146207179,0.24297507700688223,-0.9465843087451766,0.02032592782492905,0.7688035374346149,90.0,0.23915312845769363,0.4231157052379384,-3.7048631767842624
755,9060,0.28854838875281574,0.18420837459106215,-0.3864016821982932,-0.3186306512286276,0.04088515742079569,0.16305618451538678,0.037002063888971384,0.14592404512132626,-0.10494262005157173,2.594774031588843,1.5971461907239553,-69.12511624688659,0.02454656630777708,0.7711185012519367,91.0,1.408107791645761,1.1691748880783204,-37.05484461274749
756,9072,-0.5930679292461467,-0.5812062911011483,-0.3060299727914953,0.11795330173983516,0.0408054688119565,0.1524448609661316,0.028443226423010046,0.12491126485213677,-0.43462869525046655,2.5346722075204036,1.5806496961556173,-88.11338572581556,0.019402652027044918,0.6786806680241726,70.0,0.9886916860548902,0.9788445764400935,-33.76018055585483
757,9084,0.14068959026003267,0.08620499885836153,-0.20893376574180908,-0.003145454472155443,0.03627724381948054,0.15048663254658276,0.03440488233217693,0.13437918544177677,-0.05442138906990235,2.764368206546419,1.6525337312291624,-79.34813721659098,0.02713765912618872,0.7629083094730297,41.0,2.086733418664444,1.4343687463509118,-59.65224692580451
758,9096,0.3514152321298994,0.2548163895481109,-0.22710914711820424,-0.26284148932848206,0.03404631784227689,0.1502454247462719,0.03288503574969699,0.13284585417347466,-0.03531338999960165,0.19680969682023003,0.4129421508505306,-4.984779773944551,0.024084013910311043,0.77242437152416,84.0,0.06799544197516705,0.21805705346726825,-1.0676712196000446
759,9108,0.7839457333201791,0.7829672256641206,-0.3861258775749528,-0.680673858928878,0.043018162683690554,0.17222923534130458,0.029978986407373984,0.13410867021108955,-0.434943866985086,0.4850961873314313,0.6634236461920333,-15.181207087512181,0.016099261961007645,0.7657464947467265,43.0,1.9492929011092446,1.3880323059754807,-64.02197488003709
760,9120,0.6918882901269113,0.7196616622774307,-0.4511603649619317,-0.6254708939725179,0.06312690272458527,0.205832435528547,0.030490843348108646,0.1375304582643626,-1.0703560739162383,0.21814508075111272,0.4414914342589884,-6.15444562357913,0.015897827264876204,0.8218464243250655,34.0,2.2851850459375918,1.5030836207036775,-73.94660019232765
761,9132,0.7099944952255622,0.7368717223630996,-0.3466916189572682,-0.5867534277389514,0.048456389326806536,0.1783215309929022,0.02753013772933513,0.12850995909711946,-0.7601215730632958,2.9119915450346547,1.6969540315994476,-104.77468132067283,0.012070640323186561,0.8856263570543996,649.0,0.10638339050995341,0.28298801358114095,-2.8642520264835096
762,9144,0.5374727668729669,0.482607176489084,-0.4107089891569021,-0.48835635816304074,0.047829295887578414,0.1686060130197925,0.027361957993640877,0.12706252924022893,-0.7480216839267972,0.05003695109828497,0.19457826653624372,-0.8287050623319401,0.012300357980193707,0.8899872421050549,650.0,0.054149631800918197,0.19584634443139143,-0.9790115829248394
763,9156,-0.07388179196727843,-0.1367489567459812,-0.3540226036628771,-0.25732900722440327,0.047309429800927935,0.17247187507333875,0.028432840968469292,0.13039969967158038,-0.6639009043588684,3.3531150765076196,1.8238449241489836,-116.93106008035107,0.006016498208630587,0.8732362680800079,651.0,0.05237571716232427,0.18905165691390916,-0.842085256988794
764,9168,-0.6585286594646637,-0.6457222211710031,-0.596977831294466,-0.33565526456381134,0.05767625731388446,0.21173327491210067,0.02634354793786344,0.13373559364938187,-1.1893883637058122,5.767692159601553,2.3935478520527713,-217.9413579828281,0.004804579705809498,0.8521258244910053,80.0,0.6035225903113103,0.7705319869751637,-21.90969279213414
765,9180,0.09323080906766902,0.06105360318232139,-0.36925108106277593,-0.27315233910202114,0.027389021588584736,0.13743607701474794,0.024759901072478455,0.13102791044322962,-0.10618461311336369,2.1542376100674487,1.4555485396263341,-86.00509762787233,0.005072662784565656,0.8678660767483678,81.0,0.9083560085166832,0.9461712658510292,-35.68657664898163
766,9192,-0.4353282554071286,-0.4713259222060139,0.07111695758004606,0.14434705776158444,0.08510317379648746,0.19701701446647094,0.06468390061544801,0.17585473632829202,-0.31567782688978485,1.7488137409841493,1.2972782883824454,-26.036306164976267,0.024150795606400884,0.8656256922639239,70.0,1.5471936698643614,1.2195053640632605,-22.91930070919155
767,9204,-0.10181607897230589,-0.12922271599150545,0.41320796695621714,0.2886236862813544,0.09313193904789088,0.21204865232499176,0.08970726104614682,0.22213284588402812,-0.038176151649333745,1.074042901815001,1.0044822376717257,-10.97275325642254,0.03174942558596258,0.9295583925787236,81.0,1.2302233096238213,1.0849646448186585,-12.713753995799461
768,9216,0.11973878594234882,0.07397135302500082,0.3947824556966689,0.24575981391762042,0.16468480963593105,0.30262789288619335,0.16201783689255417,0.31052368406185143,-0.016460982287682002,0.9548526917946616,0.9443962704220933,-4.893503518553294,0.05241184615214705,0.9252159937348251,82.0,1.0863968815958531,1.0043101323072052,-5.7054152952080335
769,9228,0.4107855910719026,0.36950741645660146,0.4696694308087898,0.05276261639046533,0.15389735908075186,0.308816840092371,0.18321861358173525,0.35733510911545585,0.16003425595130893,0.44020431916855124,0.6259786858859263,-1.4026178921617736,0.03656375797052843,0.9276606741992611,81.0,1.5718081783954276,1.229717517679749,-7.578867330497683
770,9240,0.4566748308554985,0.4129539741317443,0.46086446310948836,-0.110637277969961,0.20312544146560138,0.378362948695375,0.24211233350802305,0.4328246857676136,0.16102811235401082,3.6788833591354955,1.9054948314614752,-14.194944040360445,0.03607563067929731,0.9369744480200913,78.0,1.119814969573003,1.0300702956882937,-3.6251876281878674
771,9252,0.6505543938681446,0.63114604689327,0.57086944810883,-0.3904787993119079,0.17520808125360834,0.36337893697940943,0.27387838474462584,0.47683869562034764,0.3602705032126623,0.0604741736387125,0.20032687225644244,0.7791933317589089,0.019828724264761982,0.9468888412470596,79.0,1.2010852580129148,1.0702648503366914,-3.385469335715742
772,9264,0.7394947453842606,0.7271283698487638,0.7241764953245522,-0.18035023528636832,0.20439498487381028,0.4142011885440034,0.34182951045224796,0.5540423721048968,0.4020557657430126,0.19271678995716895,0.39575651262025324,0.43621956541376317,0.013895055018017998,0.9259641332040045,80.0,1.6555498700419986,1.27088950601079,-3.8432034666979735
773,9276,0.8352197354363617,0.8253031250185703,0.771365196455031,0.03803643355860874,0.20137413319120862,0.4085295313391268,0.32212090709605185,0.5338398549609357,0.37484922972987367,3.1807551002858423,1.759681591877948,-8.874413706830232,0.013743152807133008,0.9255511978737334,79.0,1.3556367905785136,1.1464200406970064,-3.2084719144736606
774,9288,0.7040799255002544,0.7284233705943518,0.41343789595396485,-0.5359437445561688,0.14229872586675113,0.34024315076092254,0.3133809090204167,0.5108360455718447,0.5459240758744484,0.9601989313737311,0.9481777248042204,-2.0639994451964983,0.01837642847830616,0.871038361178775,494.0,0.8408793712348891,0.9026277407317048,-1.6832501503150148
775,9300,0.6291195147110663,0.656784003206319,0.31305277802037607,-0.6493759441918987,0.16456469592835518,0.346853673580075,0.24055435189509036,0.42172470316195737,0.3158939149015084,0.5112241425846421,0.693274086410171,-1.125191826949758,0.021200607510532276,0.887582216521494,99.0,0.5182284441433083,0.6750179868991385,-1.1543091615707541
776,9312,0.6785948883425745,0.6835700799145603,0.07974339358458221,-0.7876942683501243,0.18695543799139416,0.3658262923132315,0.23356980197585178,0.41036448420013,0.19957359037910627,2.6798351464932537,1.6262048774376376,-10.47338022220148,0.023668754671542617,0.8781424626592148,584.0,0.2623661344035916,0.45488437963608686,-0.12328790872853057
777,9324,0.6068542082736313,0.5728179832642547,-0.037103243770414476,-0.6860974003193575,0.1812308095943525,0.36337168581658974,0.1875914202981742,0.36265433558950233,0.03390672501818881,1.1915901774764066,1.0664735435755999,-5.352050512664114,0.023423839756501294,0.8962144427777343,585.0,0.07788140905056025,0.22680218491245946,0.5848349091511289
778,9336,0.18190830706548072,0.04530892124515345,-0.2865600074593879,-0.6944052137256219,0.277868143077906,0.44684152509426595,0.18022153430686585,0.35462614456512687,-0.541814323946304,0.827858441328081,0.8770673430439324,-3.593560056582773,0.029645913759073973,0.8452324795891022,90.0,0.4853899752073021,0.5893249524648312,-1.6932962094353354
779,9348,-0.34654532577638086,-0.4977297763965255,-0.585269127305966,-0.6285397435776124,0.31675695033082224,0.49825472600780935,0.14239914552886765,0.3258582573038855,-1.2244301337230157,1.2366170469211522,1.0867238610313235,-7.6841605848713534,0.02912123618123899,0.850555518568672,91.0,3.3990483997997116,1.8310130324498788,-22.869865139820273
780,9360,-0.807386011664609,-0.8562193657222653,-0.7776807420702605,-0.54394866985416,0.7775991388295637,0.8180595436044276,0.19117075042531248,0.37293635355564736,-3.0675633542243164,0.29093652676707077,0.4928976408482847,-0.5218673678886627,0.028989560157958134,0.7230923877553482,50.0,22.380457395024862,4.727529731259523,-116.07051076188858
781,9372,-0.8232058669829762,-0.8443314751202813,-0.8788852631447489,-0.4516820813650459,0.6100655833806566,0.7382359536689626,0.228673651939064,0.4179375425065727,-1.667843794890827,1.0016399853621054,0.9831591629087357,-3.380215984082933,0.026574868831809404,0.6172899392666802,167.0,9.099004337510374,2.9548088969442183,-38.79034864906534
782,9384,-0.684591422761824,-0.680121194386113,-0.8701008126816223,-0.34330479008268244,0.30674374612021654,0.5295152758841859,0.2701434257618688,0.47971688318795314,-0.1354847716731442,0.9790432940604733,0.9735170360485084,-2.6241610962744626,0.018555208921819652,0.6502526789550389,510.0,3.1278954575884534,1.7628120398128893,-10.578647338046608
783,9396,-0.4941791782047888,-0.5146047215026789,-0.900379654424,-0.7381876830840461,0.16108016824205432,0.3680765717197605,0.27779585534181445,0.47772842409234473,0.42014913057700987,0.0687880815198911,0.1725046938568521,0.7523790215111357,0.04568726433831829,0.6087691346689623,376.0,3.6928809954200665,1.9080174167018997,-12.29350645234125
784,9408,0.0011075645336775081,-0.11720340594199502,-0.8830308790712009,-0.8397281039385497,0.10393552131295329,0.2703783444139565,0.3261502194016072,0.521920636152845,0.6813262259837035,3.4786057053299158,1.8335922052628622,-9.665654960196461,0.06462726144472372,0.698888563615926,626.0,0.16659835691717,0.36969906033238625,0.4891974709603736
785,9420,0.568126651072906,0.4750670370013851,-0.8854040290824197,-0.8839875687465579,0.07881713508106078,0.21369475593623535,0.3457050262255665,0.5382449597400203,0.7720104450271025,0.7120977390175954,0.7632891595211374,-1.0598420184754969,0.051793009485694395,0.7981983743534105,267.0,0.32800278881257794,0.47715027379564173,0.05120619045161967
786,9432,0.9173167582219554,0.918855482627909,-0.8948613221268121,-0.8961264455954483,0.08824352245373086,0.2171010601816488,0.35534499057581814,0.5473526282136283,0.7516680274267078,1.1492949415701874,0.9872118360978211,-2.2343074253215573,0.06796658900290384,0.845051716617834,558.0,0.6756315504198794,0.7516409273228034,-0.9013397355765549
787,9444,0.7632645092725505,0.7261567040053178,-0.8635478493207625,-0.8524057006901151,0.09168534794503806,0.2120385677336479,0.2989624834413272,0.4979283834385794,0.6933215603186821,0.15435541638230973,0.2779000186481212,0.48369636682991124,0.0639898365493458,0.8626186810900013,537.0,0.5755418158767437,0.6824274836221493,-0.9251305690658558
788,9456,-0.004392422546130378,-0.030581898463948546,-0.7659761027577106,-0.635231456396117,0.11313982018678588,0.2566178062296114,0.2558940706466678,0.45590411647094353,0.5578646277310327,0.9117277501378626,0.7725073970801277,-2.5629108084991685,0.08291427751363149,0.9025736662709196,238.0,0.4110018924703007,0.5779868954688839,-0.6061407418767508
789,9468,-0.6185045027886318,-0.6319549782234556,-0.797703256844504,-0.2585827954889694,0.1270770395418505,0.26962503789760284,0.2305835942037547,0.4332657102503807,0.4488895015247305,0.09619158114291458,0.25896928262724606,0.582834236429175,0.045927103642912886,0.8974950260225478,239.0,0.6025146803410003,0.7411999055336163,-1.6129989100984758
790,9480,-0.8748987223078838,-0.8722614827910382,-0.8045088194751485,0.19692732999480067,0.1538823603721327,0.2900167853591087,0.22791038686765658,0.4386810791079985,0.3248119908572249,2.3676645223904327,1.5064475464858018,-9.388576645983635,0.022434951902094803,0.8650820265910272,128.0,2.264166955927426,1.4695102297647207,-8.934461465515332
791,9492,-0.5578298478824467,-0.5582264929387786,-0.789319669400097,-0.3050530719249155,0.11751165321282366,0.25029364183344677,0.16534333277724228,0.37383378843255405,0.28928701726884587,2.660325321113253,1.612478785013125,-15.089704231965367,0.021823402304455022,0.8041440309647998,595.0,0.05826437878116124,0.17527878988577097,0.647615795553985
792,9504,-0.2106316646578331,-0.29589408185286364,-0.7336958849112877,-0.657804292824321,0.5711319040257277,0.6902546618177641,0.11658702364759374,0.3063749642704683,-3.8987604808583285,1.617158464611869,1.251736966075063,-12.87082725003801,0.01548608227229766,0.8873148141760099,164.0,1.748927831901736,1.174528890910728,-14.001050521610365
793,9516,0.3705632147144291,0.2944009488026497,-0.6564930297935755,-0.7270315569424342,0.604348013958936,0.7195593087189481,0.08244670190777274,0.25577764278846266,-6.330166034233572,3.154146889286929,1.706692524436198,-37.25679883247784,0.013179944033773485,0.8858205796230805,597.0,1.3048740675572483,1.0065785764659367,-14.826880122105043
794,9528,0.5522747319398211,0.503384554571661,-0.4946926784386956,-0.6844910597797806,0.43945737029982607,0.6097957798964051,0.06585344589608409,0.22223027817037233,-5.673263096866401,0.380274679063095,0.5572321858882496,-4.774560068780055,0.013117965955818716,0.8799684639896249,598.0,0.7437158133869078,0.7080369760370568,-10.293498817973505
795,9540,0.7389130389443569,0.7140944283984164,-0.3364217210322687,-0.6779224426930744,0.3580730303631313,0.5338572391711975,0.053646978601507925,0.1893123983321679,-5.674616906627925,2.58535889889064,1.597773890245088,-47.1920690836067,0.01280881661136227,0.8823316044233696,304.0,0.6431502207443429,0.7157029970030904,-10.988563708716768
796,9552,0.7304379947148167,0.6966486395077774,0.07199984945255451,-0.36573519410904654,0.1672787955837366,0.3534645500472262,0.07852092455878519,0.20708158908788046,-1.1303722100024722,0.061024425726316084,0.18328699422810546,0.22282594010173995,0.02826159248795631,0.8478889835924952,305.0,0.6896654963821998,0.6931836187419232,-7.783206517975692
797,9564,0.8222445404728941,0.800281588621507,0.3562482061220488,-0.3279154727650192,0.03542532760327816,0.14901711489225175,0.07904216154006412,0.20779825295538445,0.5518173223878484,3.291326010179822,1.79054527090068,-40.640131621546644,0.024077994937861384,0.8343827255627285,643.0,0.2040789638358425,0.3644827093193244,-1.5819000879979854
798,9576,0.7294304658883884,0.7204102399653877,0.4099394468598368,-0.5002094601086626,0.363505639514481,0.5433632262666118,0.0795080284278577,0.20923798618861883,-3.5719362774076453,0.07159136302212837,0.20942465806489474,0.09957064163542406,0.021952428047305822,0.8415903942810286,644.0,0.07765994924978682,0.21871871917168131,0.02324393164581806
799,9588,0.7740012081700968,0.7624314331010814,0.43559577164711694,-0.31303087289354004,0.10862056086275666,0.2816460539471613,0.08957471845701212,0.22790461304389467,-0.21262519976420413,4.739855506681434,2.1655582157446442,-51.915103595398314,0.02719466373978437,0.7933037559033951,539.0,0.10949897356036471,0.2973422626133121,-0.2224316799043522
800,9600,0.8016220411809348,0.7787615624143839,0.511470747043041,0.2558036335948014,0.051846375521965846,0.1578239356718717,0.10416750157741012,0.24540329468220326,0.5022787842959141,0.3601508117723278,0.5626741552189017,-2.45742008129751,0.03019642587002756,0.7840900707786719,448.0,0.10841129505264194,0.3001174828873299,-0.04074009082456609
801,9612,0.8100160259528137,0.7925133963152959,0.4121725306441581,0.253521581431125,0.06730811813662697,0.17427056866802246,0.10835759408267491,0.24693278069531893,0.3788334015124766,0.1890577536066857,0.3705354897588198,-0.7447577643929415,0.031485004916553656,0.8310628826199227,793.0,0.30192654041137945,0.439164866862725,-1.7863902199693995
802,9624,0.7736763240962163,0.7544249549457547,0.3266558017515311,0.2877588768266387,0.08417914927046191,0.21482922213367184,0.12187729279809992,0.2812916848921876,0.3093122817397017,0.3251215324826856,0.5214406816663565,-1.6676136712461855,0.040385405078904826,0.8732428530821713,794.0,0.26721649718040613,0.41915367688105964,-1.1925043709583618
803,9636,0.7427858084647614,0.7175008015525808,0.12618097483390622,0.23555753067389634,0.06535481859304194,0.19568523468131954,0.07993093512151447,0.2297020564899709,0.18235888903730813,0.8841269187557818,0.917472463436526,-10.061135684346663,0.03314246402443388,0.8864931174740264,795.0,0.2380538756204632,0.4075566708663608,-1.9782445965202755
804,9648,0.26788958544486174,0.24110180252579805,-0.5255390913414695,-0.38642888668813374,0.10543501337585975,0.2659621662936623,0.1045481658689257,0.25531866848331314,-0.008482669203837778,0.38412617989873,0.574559990024064,-2.6741551294196526,0.04461562552134292,0.7535759249623567,459.0,1.0258118492691817,0.9830516256036672,-8.811858876178318
805,9660,0.07900213549439102,0.048781509345538314,-0.734178013202857,-0.5897044719548431,0.110911050793503,0.28903794358371654,0.10877278267722987,0.2674071139766504,-0.019658117257312258,0.21245206832082977,0.41088597163578716,-0.9531730557197906,0.04390919621966272,0.6842735113640029,588.0,0.24497781495124585,0.45995799569884555,-1.2521977366175139
806,9672,-0.07934087248306962,-0.07529506719522878,-0.7007940460495066,-0.5369864356704911,0.12396208948708907,0.30593985936414797,0.12409917906423766,0.28679809643245985,0.0011046775505068052,1.8872634333398912,1.349914817063232,-14.207702803279496,0.04743885066323369,0.5986999554511007,589.0,0.33808591327869186,0.552645589955394,-1.7243203043566298
807,9684,0.029104685826668773,-0.06605286484342879,-0.576660469412051,-0.49411802250014114,0.12878095989124638,0.3071851044438545,0.14217908742963806,0.3088942006287249,0.0942341646764484,0.13345635446717957,0.3120181354000831,0.06135032317446276,0.06362398723684135,0.5656922963298737,175.0,0.43572582225614853,0.5828657271470348,-2.0646266629878434
808,9696,0.263233619598502,0.08256831451783976,-0.5015854193224053,-0.41525799193420254,0.11123950544121318,0.27820935531020136,0.13646748777402853,0.29816473678705,0.18486441528541542,0.14789951028205367,0.3409562538681222,-0.0837710336322377,0.05324687125534804,0.5007981913653811,94.0,1.823715215787441,1.3146114773764577,-12.363734069812024
809,9708,0.44833007866598606,0.2837758866218533,-0.45389044148807856,-0.41327801216584853,0.09375175057182329,0.2398925534316158,0.12091565324734671,0.25992507879035565,0.2246516637507351,0.14309158302335517,0.30912774390829184,-0.18339999148534614,0.05179683480473996,0.596722653679597,697.0,0.19279157844080702,0.34717748618430033,-0.5944302765038199
810,9720,0.6116821349617815,0.5053611713740607,-0.4335391862555363,-0.4174876962363478,0.09031508502165064,0.235919454167639,0.11867418416608334,0.2484699816719406,0.23896603413548156,0.07370388954618111,0.20964610029709463,0.3789391512223649,0.06805519619697956,0.6688857286646386,114.0,0.21685340058933741,0.35964093452898194,-0.8273005381343361
811,9732,0.6084539025611644,0.5313712718169409,-0.19336440971710675,-0.18309807266984018,0.06833771477175565,0.18310212140359244,0.08928099798522393,0.21275211294060276,0.23457716295839803,2.7363684791061225,1.6262958081250507,-29.64894592194179,0.049437977538082885,0.6758157204625083,115.0,0.7874666614381547,0.8450661438681184,-7.820092508021483
812,9744,0.023971949850881438,-0.04851285473201137,-0.13426756073424187,0.012757956220546759,0.08467698519650042,0.20320999976846613,0.08073731531622551,0.19110856899266399,-0.04879614667448795,5.442039818959767,2.275130710473582,-66.40427022678197,0.053172660578433444,0.7956609968299462,84.0,0.19910308875437344,0.3725822997152335,-1.466060308972899
813,9756,-0.08970231255039811,-0.1449622306033448,-0.19666460962819915,0.07441471399912873,0.06311916150235432,0.17245359719507364,0.05780687912877525,0.15792018615033895,-0.09189706231580153,0.10129341744655013,0.23594272960086057,-0.7522727220907526,0.0363259973930281,0.7864182524396994,85.0,0.15106404009037225,0.33112068420991697,-1.6132536882651949
814,9768,0.5856854145466388,0.5936614538403491,-0.5287899386338716,-0.6429023635399247,0.05506461137304361,0.18734670128365177,0.05545396158359301,0.14908302434882154,0.007021143294920096,0.09622818526507257,0.28172321340124673,-0.7352806276971797,0.029957502718754567,0.7597365172767112,86.0,1.454521221395686,1.1830302227464653,-25.229347369585053
815,9780,0.7581329919393146,0.7506325110135335,-0.6019902318387291,-0.7544663543053394,0.2763753986859001,0.43057442302773635,0.13145717213694427,0.2366559003324469,-1.1023987827608877,1.0552356810177854,0.9951871466556652,-7.027220301974118,0.036947734646533545,0.8377710719795882,87.0,0.317600841599924,0.4187976129153149,-1.416002386458354
816,9792,0.8539904933684767,0.8852304356482497,-0.5704686897304804,-0.7873315536280704,0.34657470860225104,0.5191994376035124,0.14897620820378013,0.27850067152157365,-1.3263762232972245,5.115300077063898,2.194572729323981,-33.336355709005765,0.030802523510989367,0.8220112026153241,132.0,0.31991617683690887,0.5114448132590602,-1.1474313294328518
817,9804,0.8452370955036967,0.9185255530997252,-0.5652837462637367,-0.7808745094405459,0.3317661226346965,0.5062161992532532,0.16796220059956682,0.3231428701381372,-0.9752427715903131,0.586724973310126,0.7283152209237385,-2.493196512165959,0.031628125418084366,0.8204797856766685,133.0,0.4414964352052193,0.6282638096250011,-1.6285463850153792
818,9816,0.7662939903359082,0.8173888880999398,-0.5306974121527167,-0.6963515044420899,0.15746882667142956,0.33589442188075763,0.17330261991580553,0.32864669942754976,0.09136499639802564,0.13982805950757102,0.32388110672715403,0.19315668986710788,0.03303148119616731,0.840851214434959,134.0,0.3858943584528954,0.5818206429690709,-1.2267081630985839
819,9828,0.49327879818550147,0.5632750547203622,-0.5081833311976985,-0.507448239012271,0.1722083531738191,0.3350569513339428,0.17386742364496435,0.33089797101690577,0.00954215825118021,3.4855690361055607,1.845911934187058,-19.047280640812048,0.05973822435126051,0.8521048109131113,135.0,0.37115424283526643,0.544705669071343,-1.1346968572626919
820,9840,0.25582096265059184,0.19727068492312438,-0.39609057517018104,-0.3191834655941919,0.18154761398954516,0.33988583630167474,0.20341002472136802,0.3808593912168895,0.10747951464914318,0.28350008962523565,0.4348472614846015,-0.39373705899488187,0.08803632814431639,0.7837827735576431,588.0,0.29677896911871254,0.4490568829014601,-0.45901840150327766
821,9852,0.46134947721161085,0.39464899185548735,-0.18475723275094155,-0.1688150324558225,0.1384325079388398,0.3098984607839491,0.1887717682264368,0.38175810866062926,0.26666731344707073,0.25818862159508926,0.3985838690298729,-0.3677289989962116,0.060818012135026946,0.7804573717877865,589.0,0.2930496580920918,0.4159410506474001,-0.5524019340676563
822,9864,0.5421784220755389,0.5326742950540437,0.10534031628678374,0.10791112349005336,0.10428487449268818,0.29719469159805534,0.11511844250867544,0.30996852947077463,0.0941080141452646,0.6353078287499497,0.743273851073104,-4.518731967747673,0.07133797599548526,0.8882591925448793,240.0,0.22161861030634167,0.3833264661907073,-0.9251355862431885
823,9876,0.16514310269947102,0.1250241490760015,-0.07671880267820824,0.05833389757615122,0.106710013171194,0.2780295244147356,0.10200397591077463,0.284535258511128,-0.046135821848119374,0.26637100397251456,0.4488900516829719,-1.6113786408239203,0.06444882110738676,0.8710058665091648,85.0,0.21712507429401684,0.418009796627549,-1.128594227385229
824,9888,-0.47740200260734544,-0.5036205381073221,-0.09140195905925588,0.2847586594671052,0.13279797001155969,0.3071391452441722,0.0843234180129232,0.248555854962249,-0.5748646478159529,0.10619076094689103,0.2921164416124098,-0.25932704638012294,0.03339432890764237,0.8908619523903438,646.0,0.35639741329732805,0.5112526094044111,-3.2265532125691045
825,9900,-0.3036316175341374,-0.3387941790776148,-0.25432965131637253,0.24535479010260217,0.1397381550022075,0.3151470794050268,0.10832327753245344,0.28174039377204424,-0.29001040390734323,4.664851216264325,2.146251981745157,-42.064162408368276,0.035568624061714654,0.9044290884432504,647.0,0.3342098708136082,0.5047806997420711,-2.0853005782942597
826,9912,-0.3994438698399705,-0.4275640312654491,-0.23777763649582684,0.3077119968329595,0.1503058973910933,0.32795892632805956,0.12301938997186189,0.3064544393984903,-0.22180655769364988,0.04208979974529079,0.1619236431800107,0.6578604417163998,0.03447972494798607,0.8873296977606329,86.0,1.99131570581014,1.3893302978601172,-15.187006830920001
827,9924,-0.05216057131199761,-0.08895562431079146,-0.28756802110657737,0.1787595938914976,0.15418169120456204,0.3219064431066978,0.10058746563485335,0.27462630610278094,-0.5328121673157893,0.23670016349619788,0.39836786726964857,-1.353177525671566,0.03156610586164014,0.8962440039154936,87.0,0.04355523343252107,0.16747149033471556,0.566991442148143
828,9936,0.08127232864566672,0.04105351015413984,-0.21419433061590998,0.07833241093972694,0.20238341506102403,0.3693139848881333,0.0846405491874916,0.25072764164232975,-1.391092886374286,0.08897850524670474,0.25411910383405084,-0.05125151125383076,0.028210879083549953,0.9113977323705976,302.0,0.5519434953615098,0.6268898994037649,-5.521029230787144
829,9948,0.37631629348220064,0.33680685099959856,-0.008822773664321942,0.08853911177300579,0.45400980378360883,0.6044883382462479,0.0944511227058415,0.26451991176151246,-3.806822733040206,1.4916382242829604,1.1801145579329209,-14.792699774766229,0.03069444809093092,0.934930107918028,303.0,0.37006499291184,0.5309952349205902,-2.9180581692434733
830,9960,0.3595112870826329,0.313775145178173,0.2671337771323113,0.07553215182753366,0.2827430788863324,0.45970283084440566,0.19060021914330952,0.35614533947716015,-0.483435224561531,0.14237462642297039,0.3120454271288809,0.25301960793696154,0.04721117040549944,0.8659880418634848,168.0,14.065998677115578,3.5276468927903855,-72.79843916412058
831,9972,0.7160123522598096,0.688780393068556,0.3192450139494731,-0.239756830451458,0.2174142081366768,0.40749757731727426,0.3135376396473591,0.47447199607264057,0.3065770081665279,0.5552177141250677,0.7010375953048241,-0.7708167821558207,0.03475164040632322,0.8694972102850177,625.0,0.5680763324817818,0.6874759702854115,-0.8118281847139837
832,9984,0.5175194228123726,0.509938953207795,0.44004276596277925,-0.5741713548461623,0.200690990409968,0.3698243660685687,0.3752508367199371,0.5256103455707074,0.46518176437871417,0.11307885152948922,0.24984962757960105,0.6986579629830807,0.020463227734411026,0.8791793804526503,626.0,0.5767338395565663,0.7228646471502763,-0.5369288569688202
833,9996,0.7973122401621219,0.790898007599011,0.5250770757281954,-0.5979919634359564,0.1585151723845711,0.3253404041135689,0.38198470206359325,0.5384167313850986,0.5850221971502374,0.3697699861730042,0.5765483767649899,0.03197697662917276,0.012822481564831643,0.877940285363064,627.0,0.6058373528862094,0.7609921569947685,-0.5860251722472094
834,10008,0.8142832955408206,0.8169776055436704,0.5240452173341555,-0.6967642012371095,0.16935623927211568,0.3675470324637288,0.38287092334681505,0.538859038434699,0.5576675350749785,9.793993055809059,3.120596138356226,-24.580404409392536,0.011319665608618044,0.8342544463060001,448.0,0.07240880129433606,0.23649206427664082,0.8108793411069606
835,10020,0.8868724984769301,0.8799289386393784,0.5286299143081833,-0.5598803157843816,0.18917102259551888,0.3293016879157787,0.3790945994565527,0.5285718828652812,0.5009925679059973,1.6155321128358735,1.2515794308493216,-3.261554016205463,0.011387849452594159,0.8910982993604672,137.0,0.4922286620807531,0.648873147208901,-0.29843227201438016
836,10032,0.8668389162832082,0.8589412008756911,0.5281943974513018,-0.47287586584102687,0.19479637046373563,0.3403698318228863,0.37471234236458667,0.5178462703920761,0.4801442374849688,1.9460683247245363,1.3875974719364224,-4.193499398616168,0.014962795417334186,0.9039233720943141,138.0,0.1589912606928107,0.3506437520468802,0.5756978281272738
837,10044,0.8755299222990438,0.8693861100669358,0.38754921031830514,-0.49202517156271947,0.14892089730373625,0.3031655760060441,0.2788413369786517,0.42288110222078373,0.4659296253656331,0.2070842553902071,0.3561219361983949,0.25734018623622645,0.018358300116000016,0.938918173673549,167.0,26.94804029914913,4.9927024091568875,-95.64291740651169
838,10056,0.5663475717910603,0.5320649740563809,-0.10467991057759556,-0.7346784979150713,0.19125121037120094,0.3376430619705669,0.2015721700143986,0.3712863466078757,0.05120230457637287,3.3660632826186463,1.8158604410560104,-15.6990477027568,0.04356823615475118,0.8852230625162499,90.0,0.4730517357652863,0.5534529763948766,-1.3468107513626286
839,10068,0.6272110151051559,0.5826234590725822,-0.4711086232238006,-0.7629161159587642,0.15809727601602655,0.2863381317504219,0.17666765706351123,0.354785100323126,0.10511477514420597,0.9067728623910443,0.9166807585477565,-4.1326478058463385,0.050987258771475315,0.8944614522207941,91.0,8.002799077396377,2.8193086973988684,-44.29860875734264
840,10080,0.18896514147645485,0.1070145453344358,-0.7315785315401765,-0.8520740547163957,0.1498089812788387,0.29190503991071187,0.1647289164965213,0.3375620605148676,0.09057265436452777,2.832696619345962,1.665698532726181,-16.19611031015178,0.04752988608649453,0.8236878643177021,92.0,2.2545285961942763,1.4721214855745028,-12.686295303483568
841,10092,-0.23722827134023378,-0.3049774114353197,-0.8273955859349653,-0.7754891873548763,0.16691984099195306,0.34138078441644637,0.21186166740994378,0.39203501408796276,0.21212816347296137,0.3790593604374968,0.5348037498804936,-0.7891833150922587,0.0661497329434601,0.8245314485936497,133.0,1.272322207124792,1.0805891033619808,-5.005438466897836
842,10104,-0.45680531438586136,-0.47444070821905426,-0.8350387163937294,-0.5711784260710545,0.21041074850709482,0.40779798051274396,0.24346905673014288,0.437223375878547,0.13578032735260215,1.125787467275017,1.0177397916349962,-3.6239447525474313,0.06844747806429172,0.752033636683249,134.0,0.9615978505984072,0.9343233747360135,-2.949569047964179
843,10116,-0.5390654658131484,-0.5211526707025385,-0.8396939373140346,-0.32178222313705823,0.30152170939484757,0.5167347817968708,0.28762233365341916,0.4941309420746939,-0.04832509202215496,0.6098240308747449,0.7509996113827695,-1.120224890496766,0.04216442510388272,0.7443614203503205,135.0,0.634248101786122,0.765875635002595,-1.205142047663037
844,10128,-0.5497657421897182,-0.5245652004268604,-0.7923941090227515,0.09541722505207224,0.4481758022569937,0.6552219768023564,0.3781661169194191,0.5870294536985624,-0.18512945027407768,0.4757323319145193,0.6779773846494987,-0.2579982992391938,0.012142937345677748,0.7006334861092237,136.0,0.06305597261766725,0.21667550857268983,0.8332585342882439
845,10140,-0.32089914136898434,-0.28476583382437487,-0.7373163984126508,-0.22859937237144254,0.3367947886637183,0.5535504771104196,0.35796299687313027,0.5580000340650932,0.05913518546419594,0.09362856159012724,0.27123255800095936,0.7384406701028061,0.015776918686357097,0.6462140085871092,541.0,0.020438544788032836,0.11442593729345188,0.9429031912053282
846,10152,-0.060904210276150596,-0.01468490758811184,-0.5633301635076794,-0.49159796361950453,0.1787935037013191,0.39016443495449354,0.2897209321015849,0.47502842283796887,0.3828768173414936,40.26572003719301,6.309782481896587,-137.98105237033627,0.017015301346478905,0.779827316776412,198.0,0.11591421862906841,0.30400217674862046,0.5999107907452632
847,10164,0.2807810612357197,0.32602853388459974,-0.44275969255753655,-0.8387671587863027,0.22951613705807186,0.42982341702881316,0.26591367893755014,0.4330874884801079,0.13687728297733126,1.3913428445949738,1.16297169763821,-4.232310162282892,0.01628531260002392,0.8408574085182182,7.0,0.0901094965909728,0.23160898886993375,0.6611325263483906
848,10176,0.7982296533410016,0.8402027598976162,-0.292763524233765,-0.8763445523018706,0.23425760678772128,0.41772114135018656,0.21440360301129463,0.3587748350127502,-0.09260107338485701,0.435085116429361,0.6373386075574885,-1.0292808064724595,0.017596110291537924,0.8621183686532768,200.0,1.5830233881993876,1.1952391147385173,-6.383380530764658
849,10188,0.9012436470476878,0.9029835210296199,-0.30353307978767313,-0.9218163243107022,0.5563582992083305,0.6101449923684155,0.18718500920975706,0.32351208921809194,-1.9722374754106653,0.20455269663414993,0.3958679373861961,-0.09278353804994532,0.017965780462971512,0.8683613760314017,201.0,1.6691366029102181,1.2116429337507557,-7.917042074880076
850,10200,0.6775663140246072,0.6859176640664972,-0.32088107872173205,-0.8660124307914993,0.5662835492353467,0.6495646021825188,0.16962787906499255,0.3024993138395291,-2.3383872530669114,0.48557490271317355,0.6211606772238071,-1.8625890118400088,0.030103354027052824,0.8566572146009263,202.0,1.7498990347703784,1.2349377530142422,-9.3161051379998
851,10212,0.3514561698595086,0.3948891503444105,-0.38426125687957335,-0.7426088811564243,0.08623358070294625,0.22993814316260267,0.08459945666689288,0.21816873013066732,-0.019316011005693134,0.4725994871500062,0.6603874676183212,-4.586318231461564,0.029743514905353347,0.8102589132679815,173.0,0.5221371652696133,0.6953449635018266,-5.171873742942681
852,10224,-0.08676199120671914,-0.02949677998236572,-0.5469686178122366,-0.4951441151637563,0.04387262206199239,0.16183391950399223,0.05999672828909863,0.19282391593484555,0.2687497583103374,5.151958151403185,2.2596622948882166,-84.87065158916828,0.02544388088155983,0.7462999987742407,174.0,0.6225626186734509,0.7687638630390364,-9.376609465662648
853,10236,-0.3877494000110436,-0.3551138360182399,-0.6380820424651774,-0.546749733739865,0.03691519497433771,0.1472435330672613,0.059475553209702846,0.19128674307932697,0.37932153662901336,4.566492943526367,2.1302138597270948,-75.77932691816288,0.024438027558433315,0.5366165488235147,111.0,1.4225713688001518,1.1790030511208032,-22.918589942061665
854,10248,-0.1465362313079633,-0.1088601962144594,-0.6594193543049571,-0.61750726261645,0.06235902512655301,0.21185321924587378,0.058265109858726606,0.18795085521480878,-0.07026358103078811,4.467880654784901,2.1059788337548957,-75.68192277707905,0.02771948083450556,0.6088154818223039,112.0,0.14965053049269988,0.34453591960616764,-1.568441574306688
855,10260,0.022998702333117224,0.04543404959525215,-0.6816634204178887,-0.5138565577325543,0.039708970281749474,0.16307227607181035,0.06062708176865481,0.19597776244969448,0.3450291664495114,0.7741927433175003,0.8566909319724682,-11.76975108700961,0.02318345101174029,0.6293394535490793,155.0,0.5758065056615335,0.7349278142989658,-8.497513138744454
856,10272,0.09413290938720256,0.10809322585540705,-0.6122324528642822,-0.4418552710168071,0.039023113860732254,0.1563882024760495,0.05513783226693641,0.18235856304828826,0.2922624583459985,3.8188207658832116,1.945226223517629,-68.25953757839662,0.022833799182012865,0.6298152236818203,768.0,0.4283404601002145,0.6309889062961019,-6.7685400838122955
857,10284,0.226749319674875,0.21858577827176312,-0.6090303632622717,-0.4152368536064319,0.022975369862637172,0.12220225106136787,0.03193781163909748,0.1468240304600195,0.280621661801296,0.22207776831051362,0.4519182098898395,-5.95344348636121,0.014127535563248118,0.7808756616036048,689.0,0.1480822701384944,0.35754248816498285,-3.636581610908361
858,10296,0.6911520284047794,0.6922477815997021,-0.5600530499666752,-0.5176790903045202,0.018630289774910883,0.1117609536136832,0.042080760050639224,0.16053682545118012,0.5572729733851877,3.761408715213612,1.9268067749434756,-88.3854747558552,0.010037727146774419,0.765620760073348,150.0,0.9300455063198091,0.9434815513546168,-21.10144268308389
859,10308,0.8363522112238525,0.831553489538545,-0.3961298467795893,-0.4111389891016021,0.020316393666185897,0.11551660299296422,0.033951239005031116,0.13744841433470406,0.40160081747899445,0.22352840559734594,0.43184993022292284,-5.583807017005242,0.009857203417724943,0.7994747662577284,151.0,1.211900867310435,1.0817927014374262,-34.695335511344595
860,10320,0.8644195904116164,0.8697205243684745,-0.44204325683522594,-0.533367661142547,0.022725396624166935,0.12453502854475841,0.036606966990594236,0.14430352498415283,0.37920569518895186,0.12324441412630345,0.3023602815073813,-2.3666928527012296,0.013137586059818664,0.7465135755344969,118.0,1.081479963139255,1.0284028037817046,-28.543009215080005
861,10332,0.7655660330820894,0.7552298952819532,-0.4435530940057715,-0.572220261395076,0.01890982851477862,0.1096654135019748,0.03715493892942629,0.1453868562471684,0.4910547814195908,0.041623554646559646,0.18628127045227408,-0.12026976347939211,0.011239220165353928,0.7070689508528586,119.0,1.191996469259002,1.0822881790870893,-31.08177710971701
862,10344,0.7755315494291808,0.7655144130156761,-0.4830434997983383,-0.5713430760747228,0.035858618351571586,0.151992296643763,0.03716439124993606,0.14719069785553102,0.035135054132407584,0.651873366237915,0.7853293330545041,-16.540267560255987,0.018990188690571334,0.6848083660648675,702.0,0.16268616445630035,0.37513870798059973,-3.3774742161713798
863,10356,0.6213927785059012,0.6181390644469169,-0.5361188917499039,-0.5497334166527452,0.04827647862484032,0.17405377660576446,0.04056395704479359,0.152602226348589,-0.19013237716256381,0.09051374344411967,0.2343671985816783,-1.2313834753391535,0.023876540305885024,0.6964331413217846,135.0,0.7550463854926824,0.8489340591673089,-17.61372608838203
864,10368,0.2950499086943431,0.30792761750605324,-0.6825177181131044,-0.6157936637622208,0.06023457676850998,0.18987106480369387,0.051174596053712974,0.1744278226501068,-0.17704059071199363,0.7360292383204942,0.8303787509026214,-13.382707340727343,0.03074570159989002,0.623929539224182,854.0,0.04861443422865442,0.18730690422934473,0.050027983071354476
865,10380,-0.1789989977482858,-0.16841343975233047,-0.6212572832951483,-0.4362042037040861,0.0643338535794502,0.20178094658024764,0.04355806263244537,0.16901373024603902,-0.4769677458411441,0.5018439092277348,0.6698423780876491,-10.521263318399363,0.02582012188012476,0.6776695009837908,243.0,0.10397294142347564,0.252706079458792,-1.3869964626486548
866,10392,0.21160125467153387,0.2075897529084096,-0.3977375283929299,-0.29197410453401923,0.053785733777873344,0.18554106990757635,0.05441893070289736,0.19606880146437902,0.011635600274488733,14.8775489448161,3.85410976802084,-272.3892186533535,0.019561877799728757,0.8138742000317535,688.0,0.06291922572637826,0.20954285040475515,-0.1562010666818987
867,10404,0.2144701118888767,0.21582270739223064,-0.32419505194313963,-0.3006027126412866,0.08859737566248585,0.24627070399484793,0.07240695529282626,0.23088411361007383,-0.2236031097314164,0.030175415004052318,0.1428569189150233,0.5832525358645766,0.017181858311375246,0.8568104373828208,689.0,0.0340758798591681,0.1442813020562075,0.5293838869296554
868,10416,0.2667587262496223,0.26834945993921094,-0.2937922317345194,-0.36185635863659055,0.08939629166672071,0.25759140463336627,0.07393211539532385,0.23674435709627178,-0.20916723657517533,0.02484535660668018,0.12596441125937824,0.6639436532577339,0.01022819067271474,0.8751049794631663,690.0,0.03680094127788761,0.15138121215745634,0.5022333517564244
869,10428,0.4737474210091196,0.4635368575414344,-0.26679986791670984,-0.2664376252974296,0.08926306779167274,0.2501599514210601,0.07901424325038257,0.24891868932914066,-0.1297085705018195,0.5017885080118111,0.6671996199865251,-5.350608287441664,0.03220382977991692,0.8923897991601896,691.0,0.06719661521681994,0.19710111393150923,0.14956326286786803
870,10440,0.6906628832458388,0.6746296246020912,-0.19546754610902092,-0.1869838918826861,0.09612185119320737,0.2753061064027734,0.10890619728919586,0.29374294518990995,0.11738860059579703,0.11168026431478804,0.3074701902162917,-0.025472076838986224,0.04306029492063589,0.902557536717368,692.0,0.15457093211966302,0.3006835679507977,-0.4193033635102177
871,10452,0.6981296067646727,0.7076674816176873,-0.2539363022227769,-0.25638535761026876,0.09197471330555639,0.2757596485547422,0.1196631990216775,0.3086262395277944,0.2313868084966142,0.31714937638596324,0.4716395231036309,-1.6503501408859234,0.03890842956867752,0.8892844637320245,85.0,0.17410681367821693,0.31838437331767655,-0.4549737521782009
872,10464,0.40535921886272475,0.46232427327812897,-0.41109980532815504,-0.331267201613883,0.13286298623618817,0.32618385187506493,0.15606432395545058,0.34677359428282095,0.14866522425641215,0.3702472007698124,0.5584881359647927,-1.372401272666913,0.04117235114632031,0.9116879277326732,158.0,1.0152915703914702,0.961837660346285,-5.505596824814945
873,10476,0.005967279287572872,0.04285834548963975,-0.58026801060416,-0.4409027917753516,0.15478911074660887,0.33702455015606225,0.15207588521942947,0.3373056651345844,-0.017841260784144053,0.9926554363569144,0.973609448764773,-5.527369115258591,0.03725540851071486,0.8820805068762468,159.0,0.9052094981254978,0.9057304311970361,-4.952353963413568
874,10488,-0.3251400843617592,-0.39092129009888776,-0.6493271979149426,-0.3225664508498965,0.11572373027103013,0.27475261358336467,0.1415249156259543,0.32079801029496674,0.1823084312808626,0.16026585965229495,0.3618296037751765,-0.1324215170413694,0.03649737276739247,0.9160173532477529,160.0,0.9651755807251012,0.9590000199372597,-5.819827988988375
875,10500,-0.5543488959330131,-0.594733602189523,-0.7546175005301369,-0.36116218113040965,0.14815117180553272,0.33239959197505103,0.1716880107882316,0.37040430864625146,0.13709075476289578,0.8071350614425787,0.8814246813520435,-3.7011731205747305,0.02198622450288948,0.895209206802798,157.0,0.5471101111355554,0.7159132684359725,-2.186652979574607
876,10512,-0.6492525751920678,-0.6935961980844283,-0.7223228994140445,-0.0965560433480023,0.19380729089270474,0.3826530479358575,0.23195712465693366,0.4335362175337996,0.16446933380749917,1.1384832574693644,1.0487312561839799,-3.908162485429968,0.03350762896322767,0.8317550574409234,160.0,1.168893112483787,1.062500488196922,-4.039263675183888
877,10524,-0.3721866858263197,-0.43471802066576487,-0.6207222969985948,-0.15376203733816268,0.15671426935770913,0.31170689574345667,0.2210729658313687,0.41784522948365177,0.29111970444523494,0.762141491773713,0.8320496474009046,-2.4474658125094484,0.0388958379887394,0.8354378630990967,87.0,0.06038019773574354,0.19518387325653033,0.7268766105856621
878,10536,-0.04095344599900303,-0.18760174330624257,-0.46621418996161973,-0.4228913913424562,0.23308646294125368,0.3861497094029081,0.2014829316638674,0.37879147288779563,-0.15685463287833357,5.552454477685789,2.346809464196437,-26.557939681704205,0.04141264452637783,0.8764814600684769,828.0,0.3860924808066936,0.5600180915485167,-0.9162540351100761
879,10548,0.5146902506453417,0.4225415547991778,-0.4038913800287307,-0.5407845865273543,0.3092429705260988,0.4842856368178065,0.15502444047591987,0.3224262062706332,-0.9948013976166155,0.12203422177496243,0.30248697333271374,0.21280656520790253,0.04256129339004474,0.8949986712984532,829.0,0.43452097470027445,0.5482949234229103,-1.8029191614322846
880,10560,0.8268759026224856,0.7851184645098238,-0.49323399800010215,-0.7168686820044381,0.2835843731353381,0.46775161389856806,0.17504963443491725,0.3550710069671406,-0.6200226527223831,1.1493992008936609,1.0414763596757428,-5.566133111926051,0.048286325117888926,0.8822276686288375,262.0,0.28303162438226165,0.44668887514614286,-0.616864984013958
881,10572,0.7630738594779671,0.7023204978568737,-0.4879515608045461,-0.7023389474920034,0.1775608282099551,0.33975047130793473,0.17132723611587294,0.34876075980768606,-0.03638412803126201,0.5836115212460579,0.685259394644961,-2.406414149186103,0.049410321246473425,0.8755863801220639,263.0,0.30199778871104627,0.46668286052176683,-0.7626957368692828
882,10584,0.5683174643121968,0.4930008491202845,-0.37584783620574147,-0.6896359975855183,0.07303146093938709,0.2254842427015365,0.14242546381496823,0.29870574034997815,0.48723030992361194,2.0932449022476116,1.4176990715346596,-13.697125402849638,0.0394336174749394,0.8470135575827539,554.0,0.2657662111288501,0.456027386560778,-0.8660020758234621
883,10596,-0.15278552169248247,-0.2336715127193699,-0.4055860262191768,-0.4708684902621885,0.11475185686775882,0.28477928084102294,0.085151298560068,0.2296225611881141,-0.3476230992156837,0.1911572396040749,0.33688971607775553,-1.2449127944799043,0.04002432122606448,0.7585200942970467,321.0,0.2496201542393733,0.4537096837905392,-1.931489694937354
884,10608,-0.6195838992942917,-0.6375098866736116,-0.4367598265769555,-0.1298777527249569,0.1245797354886424,0.3029880571068376,0.06240310717499755,0.20148031650821382,-0.9963707117865528,0.2211970276025465,0.4231932381127691,-2.5446476564418794,0.04448339515714281,0.7327515921950569,316.0,0.1581578919239281,0.35581435996579225,-1.534455399478821
885,10620,-0.6538355276509603,-0.6593878835081138,-0.5839190081046732,-0.2782762620082313,0.2133861868370322,0.4113869166413815,0.06994971879470949,0.2177136120846144,-2.0505653276932296,0.23869981753860803,0.43524329116793464,-2.412448565220846,0.03511454561765964,0.7647000809207517,835.0,0.17994493355204114,0.37499984111883533,-1.5724897348072102
886,10632,-0.5933075545571233,-0.6071500939236225,-0.5350125839717815,-0.18088100745676564,0.1269669438865229,0.312728495714461,0.0755925974972971,0.2256546240213719,-0.679621392703998,0.3165988057343571,0.505375600003332,-3.1882249878458992,0.04001812495438889,0.7527435465575457,182.0,2.4925131770160247,1.5237390858180688,-31.972979624164218
887,10644,-0.046316953089379075,-0.08310844422910352,-0.3815897151985651,-0.2908148116910884,0.05749911990520666,0.20565446463427034,0.05425455732239376,0.19201495249364373,-0.059802581440908664,0.07401070191569695,0.2257350048809798,-0.36413797417804705,0.03897008681825385,0.7338793257003372,319.0,0.09111050487249574,0.2525240128331438,-0.6793152385539705
888,10656,0.4718073480878092,0.4050904258674111,-0.48370920519311994,-0.6098990610448465,0.09526271558683812,0.2720695755031841,0.07956623364642072,0.22655718672029812,-0.197275668597938,0.17277118737474734,0.3569002353967885,-1.171413418190864,0.044253848643433166,0.8367615432006467,142.0,2.418175261882248,1.4990230390931953,-29.39197849464915
889,10668,0.5715965360134546,0.478715979234819,-0.4772819343061392,-0.6274681907004775,0.12487083953448755,0.31686298870072416,0.15439660168905678,0.31232750671903586,0.19123323850114204,7.108956273123237,2.6557700068164674,-45.04347631588514,0.044832393856954915,0.8578858190256832,143.0,2.6271932857984397,1.5148758456674563,-16.01587507145663
890,10680,0.6185144332980336,0.5613215608284807,-0.45605655778664306,-0.5858376870945412,0.154968690427468,0.3483934771754622,0.1830539239730654,0.349481269541705,0.15342601205167217,0.1937521678670014,0.3610480699379479,-0.05844312791410089,0.03215751219614553,0.8486761384637433,144.0,1.0254559322727919,0.8712662904665471,-4.601933627075253
891,10692,0.24619246658257202,0.20038201667277344,-0.6180174944139862,-0.5966988735387112,0.15231670484940332,0.3441079049467048,0.18550325080534738,0.35137613549287217,0.17890007755587756,0.09066947859326012,0.2418228372824906,0.5112243144008211,0.04844631282091468,0.8489504706961052,309.0,0.5924084559651567,0.6592106751855358,-2.1935206169879136
892,10704,-0.04804076381581586,-0.03435300479808462,-0.6297399726001431,-0.6067905273576831,0.21560353037252997,0.3917798040340685,0.23093760216856768,0.40585294104576536,0.0663991989699666,0.2597952094728903,0.42909398024209394,-0.12495846078482575,0.03411479227821664,0.8593380819383519,425.0,3.0623042985089253,1.7043869743174318,-12.260310446428146
893,10716,0.068074646880227,0.10091183530920232,-0.5803957476354729,-0.559910824851172,0.28919955583468826,0.4657564727842362,0.2534414592916073,0.42316059419664714,-0.1410901619767666,0.8710112633773515,0.9035510074260454,-2.436735512066218,0.0389671087608225,0.7610983730663647,426.0,2.552735556741027,1.5496824113156709,-9.072288740272262
894,10728,-0.03920012573815799,-0.009586607114335465,-0.599598471876546,-0.5599984197383459,0.308540222675202,0.4858714505304254,0.27089155089951444,0.4516618127050445,-0.13898060552524605,1.1760087390840832,1.0429041808263224,-3.3412529301082428,0.044903561657242595,0.8155797394646116,132.0,1.1304095609535167,1.0113267535344388,-3.1729229176765106
895,10740,0.21111056726616187,0.20315298765127102,-0.4411595715638586,-0.4117950509610118,0.2096444367101982,0.3873981018925497,0.2414812647017134,0.4082837047456607,0.1318397434717813,6.442979545549578,2.5154544456078467,-25.68107421711653,0.05613047255107827,0.8152817652066946,123.0,4.776699906721334,2.164707651321951,-18.780830254561117
896,10752,0.5243682514837213,0.48099019272713994,0.04460506593588827,0.019688197658211302,0.14947649031999805,0.3291625776615986,0.2051460435456463,0.38167991854475386,0.2713654734133901,0.34073429058802596,0.45130491490054947,-0.6609352278939291,0.08590328938119453,0.7179061768338486,599.0,0.33457257339322866,0.4705938630234579,-0.6308994685475575
897,10764,0.5487015683126473,0.5049443936730011,0.1252881494139168,0.10291698404034104,0.14680414152704455,0.33006048154818407,0.17865633673175005,0.34641589568521736,0.17828751998050385,10.26536607098779,3.1798395778014563,-56.458729193586294,0.10933872757164446,0.6946992915608082,135.0,1.5157401105126787,1.1722583284098937,-7.484110545647988
898,10776,0.6091619468637347,0.549122176853716,0.16079372631201727,0.06369221819146745,0.16530926945787916,0.3382685923035728,0.1899151785405134,0.36580944205203664,0.12956262512416938,1.0416312917924988,0.9617631124255932,-4.484718492736452,0.09212718492780228,0.5705771253848101,136.0,0.38441840368903984,0.5651996000119255,-1.0241583987297482
899,10788,0.789893344484504,0.7594429353038582,0.06266905855141923,-0.24822506637293773,0.20871792618700913,0.3904119048516923,0.2772229098379068,0.4213644427929931,0.2471115525443146,6.030004893274237,2.3959076521902567,-20.75146670525896,0.05805296898290032,0.5731718806219426,845.0,0.1354468493741394,0.299663867341388,0.5114153824684416
900,10800,0.5031303266426755,0.46047742433050465,-0.1539759475690923,-0.5872706559432408,0.3506745885239858,0.5393566871846124,0.3250745837634224,0.46664254941619043,-0.0787511729283461,1.3584198304711377,1.1307857070060576,-3.1787943392699898,0.03816471307982301,0.7033057838058404,846.0,0.21853588114969633,0.40323892083847684,0.32773618097212154
901,10812,0.5814160223521764,0.5397387232007483,-0.1685854897013849,-0.563188833888617,0.2971572843122463,0.496866574436478,0.3165913438786855,0.45310924775822586,0.061385315619640224,0.10008266007640015,0.24802234531693865,0.6838743003827963,0.025344939192615813,0.7367643750549147,315.0,0.16080522788840845,0.31672764707050244,0.49207320099684293
902,10824,0.7443484399070656,0.7124560308324117,-0.20905048759539124,-0.5783299593799374,0.2542026860595404,0.45374639663558114,0.31556835987552023,0.449229768577965,0.19446079397879523,1.017816196218934,0.9425642007438514,-2.225342986288055,0.035642815183303374,0.7279651232274097,316.0,0.14359657125125863,0.3034726497497554,0.544958907452249
903,10836,0.8656272198524523,0.8485345156780861,-0.3693528013568518,-0.6144054413679689,0.164391769167818,0.35097319854223946,0.2832810250555479,0.39665039716654704,0.4196866199012701,3.112638780258667,1.7274226858202748,-9.98781247225548,0.03355760771919174,0.7631878110852652,270.0,0.6093581656567886,0.7487167485303208,-1.1510730044036692
904,10848,0.8767907717946061,0.8644415312263665,-0.5993083384982676,-0.7017289278543686,0.08180034574550572,0.226231321011588,0.32751890161238495,0.45383232384856775,0.7502423666457103,0.2664644892219248,0.4144112080158316,0.18641492777939694,0.02031493305395187,0.8005813822202397,271.0,0.4450418437907656,0.6061241434112256,-0.35882796870596434
905,10860,0.832025515292235,0.8195924226340151,-0.7218842505160779,-0.7461574543432438,0.0883348654612729,0.22978686999416287,0.3406041757395737,0.47647073434842885,0.7406524295556087,0.2741616402756845,0.47354094275181396,0.19507258042159537,0.02257245346383059,0.8144041709499265,262.0,1.0353665667469025,0.9850129514456941,-2.0397941085095352
906,10872,0.7657770362514463,0.7403632622732443,-0.8269155176510978,-0.8176217520600008,0.05108122777955237,0.1617749208615466,0.2626773992165671,0.43092852624570316,0.805536266416899,6.493746717786364,2.5344592996153548,-23.721375866952787,0.023678214997063546,0.8959868489740683,838.0,0.42161671352338953,0.5691987552253442,-0.60507418902752
907,10884,0.10040710742060432,0.0738786832638944,-0.8498828224065869,-0.7529899540713392,0.06724563035714279,0.2118647516193345,0.232557656244054,0.41586573521231707,0.7108431885528941,2.025459011343835,1.4075979212165601,-7.70949184841392,0.017298349665784127,0.8856609452627465,839.0,0.16996248708239198,0.355986795670605,0.2691597867497104
908,10896,-0.4377650950406604,-0.44614159904416295,-0.8857710979601201,-0.6259411374375318,0.2582471536748888,0.4617307349125934,0.3121617379242312,0.4846796884349388,0.17271362149588199,0.26491371898582955,0.4718424822456899,0.15135749580517077,0.023292039361923172,0.7860910746203513,840.0,0.12740772261678457,0.2887382931942363,0.5918534940764927
909,10908,-0.6390767751810607,-0.6354653837101414,-0.8731473308493598,-0.6268778494268235,0.46148785181888446,0.6139902829812639,0.34484095404466836,0.5340116336362898,-0.3382628901992495,2.7288580323869147,1.641085292260351,-6.913381518001011,0.02886461366978935,0.7009525931170834,249.0,0.3229718439042534,0.5286793896245676,0.06341796090026541
910,10920,-0.48434490156941695,-0.4906527034559678,-0.8679212515125286,-0.7234348948506669,0.36399974185317563,0.521742589559447,0.35570455918090527,0.558364147025184,-0.02332042831098935,12.130630210769036,3.4751427016305017,-33.103105787293565,0.041511886568222155,0.7462019038987021,847.0,0.0874760685411081,0.25715038239035015,0.7540766170033282
911,10932,-0.24644193419225768,-0.28537089008228855,-0.8330246351851586,-0.7362645073901686,0.25576206765761983,0.42100044390195246,0.3230684046058464,0.5293180558568675,0.20833463126901075,0.16826313708755722,0.33750285401432156,0.4791717955432889,0.05412248196968948,0.8166226584763129,591.0,0.6475805390949319,0.7461234283327274,-1.0044688055614737
912,10944,0.32447853650341774,0.2690607991128455,-0.8695957620838578,-0.852729519895434,0.2159929342774334,0.40118029210755735,0.35558176921734647,0.5565538956392968,0.3925646560765901,0.23991627042143815,0.4603534999425472,0.3252852334091648,0.05858081023513587,0.8794867921152753,144.0,2.803366838919718,1.5251625785333214,-6.883887987536793
913,10956,0.42548244606015856,0.3678050602875845,-0.8804486882383976,-0.8919621753164182,0.21717550078447412,0.4108832530413271,0.4007466859322013,0.5866756245036141,0.45807287144673714,0.33315750070335065,0.46965556563490346,0.1686581264462046,0.06508662310540134,0.8880200666143216,145.0,0.59319287150906,0.6337953293608394,-0.4802190319533095
914,10968,0.5576073153872768,0.5052526576805348,-0.9057731340909354,-0.899755129674206,0.18641548786812795,0.39388776583398916,0.445934272774369,0.613010179568988,0.581966448310087,1.1208629566862425,0.7698726827318991,-1.5135160608150198,0.06088145254607355,0.9070081843585851,466.0,0.19425267665871077,0.40515933600309845,0.5643916861330873
915,10980,0.10786928395299872,0.0821293852826319,-0.8699330278013847,-0.7691463250793767,0.2682319476427428,0.47340474467785426,0.37437348746244187,0.5603436260133102,0.2835177793682505,0.17158845241050613,0.28189828725784133,0.5416650533306786,0.06592052870012581,0.8707087751664463,539.0,0.5300560683937471,0.6511658122800427,-0.4158483069582317
916,10992,-0.6565111128648848,-0.6846703942588152,-0.88945198366327,-0.5296024504206026,0.3080799716624629,0.510515354043474,0.400218337112427,0.5824358861770456,0.2302202495636303,1.3374789872086692,1.125505630010864,-2.341873330588929,0.054669778075428666,0.9060205720087972,440.0,0.09246379806788241,0.24117612331793417,0.7689666127369171
917,11004,-0.822509364566573,-0.829117120148283,-0.9054989700170819,-0.3258987473854675,0.42870269504374847,0.6234348678778496,0.4854151102476325,0.6624280145665121,0.11683281794617484,0.09720535486187627,0.2638562730707758,0.7997479830978328,0.026159170184229488,0.865874343855243,561.0,0.9328620608246337,0.9434975102039872,-0.9217820812144435
918,11016,-0.654577683384058,-0.6666858511761203,-0.8943545535971007,-0.5714206235334814,0.2364917522828185,0.4255254751978547,0.4740933420645408,0.6408742160625148,0.5011704841646487,1.9255185662680088,1.365721179266363,-3.0614756534713745,0.027954340017131856,0.8580367742206836,582.0,1.6092783127770685,1.239639230175034,-2.394433479637411
919,11028,-0.3318517689614794,-0.37512980794260536,-0.855088191582794,-0.7822864262593962,0.1209277512445538,0.2876164962680261,0.4169474843026398,0.5671923274965627,0.7099688670701301,1.1263909544907011,1.0353332780308802,-1.7015175697117635,0.028689366342935056,0.88982743293283,583.0,0.7128009122471423,0.7808194990302749,-0.7095700036164707
920,11040,0.1376717235825832,0.0517283429820524,-0.7952660649753204,-0.8660578871403564,0.22504175341803828,0.4121454260719902,0.3266726248325006,0.46861690730690875,0.31110923808376334,43.43099086825522,6.447866833257818,-131.94958795682436,0.014025272179448045,0.9103607488976924,828.0,1.437001531548144,1.1838504318954264,-3.398904047392884
921,11052,0.5133012013212337,0.4582005629646437,-0.7516901149262648,-0.9159564846725451,0.36122742710748235,0.544868112476186,0.22037679371529242,0.37743890712694117,-0.6391355052299954,0.026923758081334355,0.13984854190177967,0.877828524376675,0.0056741741561813315,0.9163992167330213,303.0,2.9878208890220708,1.4187491124061953,-12.557783642510357
922,11064,0.610022573604501,0.5642324173206744,-0.5801491125203385,-0.9014212974904041,0.8001045381192475,0.7865938255560206,0.19746233896920093,0.33712489626483105,-3.0519348767768992,0.18013468049533968,0.39082610414816843,0.08775171288011496,0.011200826514501291,0.9143963473567283,364.0,0.6707299352327538,0.7177320039902485,-2.396748659689332
923,11076,0.7569026433164793,0.7287116484615265,-0.39506731413648866,-0.8905231908044973,1.2524338767420051,1.0130965029167711,0.13759493638711057,0.2581237879494438,-8.102325344432725,0.8662037895379758,0.9243263808285214,-5.295317344389709,0.010270798824434789,0.9146599977812407,365.0,0.6347300433504391,0.7180082243595711,-3.613033444520699
924,11088,0.4644938294285326,0.4077600989417107,-0.199833862771094,-0.700430941837471,0.10381968633330241,0.2590816655477226,0.04200341321736906,0.15026377169798066,-1.4716964260983287,0.04706070290491306,0.17582630712083408,-0.12040187451844342,0.012537766359094746,0.8772218490112929,279.0,0.45017926227546406,0.601444470853169,-9.717682868908092
925,11100,0.11339502450028159,0.0840260775292768,-0.2070472138773935,-0.38848578016994323,0.09414075289388155,0.2775159217730946,0.02351298070030051,0.11653435839428114,-3.003777917134869,0.28623132191168016,0.481657775339021,-11.173332065382162,0.008711943691854301,0.7488926436671153,265.0,0.273118967882768,0.5007898359811569,-10.615667590765188
926,11112,0.04462318966951703,0.04641088873624192,-0.22071778403906003,-0.14446906379459165,0.10417712171217924,0.2930171031287239,0.025443674019340366,0.12410741914603711,-3.0944213336875652,3.080570548264568,1.7405431087359762,-120.07412419774559,0.011516705561018777,0.7616544450699769,912.0,0.24003860839313418,0.41956758843371716,-8.434117423870267
927,11124,0.17130048481827095,0.19550966058397035,-0.14999653382983963,0.17209546610765583,0.036625995522520806,0.1609673327731826,0.028085727486448588,0.1344791911147199,-0.30407857657213655,0.735164182929162,0.8236445245569092,-25.175721575447174,0.012943634047509606,0.7739304120103301,309.0,0.4046305517808367,0.6044427326643513,-13.406981338691391
928,11136,0.20209694851609336,0.2561127676490827,0.13235599610088808,0.6044857915903635,0.04271680140275441,0.1714023062047545,0.034502127585068626,0.14818428581425439,-0.23809180455412915,1.0545044737901834,1.0009175862366269,-29.563462244181657,0.02234924898298098,0.8649428751678813,310.0,0.033432206425006994,0.15381427637461922,0.03101029516001963
929,11148,0.2791136418117038,0.3079156167035714,0.16122027797253569,0.6556313168000037,0.03594349662401807,0.15981304514852668,0.04063342648483637,0.16360476444133423,0.11542048669138194,0.044915070722942034,0.17399734124505828,-0.10537246322811322,0.019801793696818386,0.7543545869637338,311.0,0.04414415036189086,0.16724047750712767,-0.08639989734472975
930,11160,0.12988092154428832,0.12444053189959366,-0.005477319493685431,0.5222019635273654,0.0878492728695212,0.25902810513579755,0.09283280367600294,0.23241743234614523,0.05368286434475078,0.2168001699955092,0.43571750885200977,-1.3353831987253826,0.006675309028602608,0.7858542595723093,664.0,31.20946441089662,5.579727790473604,-335.19004462928
931,11172,0.1488839270558033,0.15495667206296623,-0.0760444317702436,0.37864334468219824,0.11859084763626887,0.30224862382530154,0.11720151315545331,0.28355321181991894,-0.01185423671939101,0.04797367667310358,0.19264104983029887,0.5906735725376477,0.009233747192803411,0.7537254204417376,497.0,0.2705101481865211,0.5036135775299061,-1.3080772671230179
932,11184,0.1374842686047692,0.16745529381936766,-0.15622537486916344,-0.07081506748777397,0.12391582174774997,0.3221785773589544,0.12573789526505333,0.3068198282008027,0.014491045149614301,1.7028543539916856,1.2975628256727685,-12.542888962807098,0.011373745326295315,0.6779111681421315,909.0,0.13083014120306385,0.3076066168728981,-0.04049889595556033
933,11196,0.3086142278231321,0.3281994691316216,-0.11468526162565251,-0.4272354506725083,0.12403271975510077,0.3185199665321928,0.13147305241006196,0.32179286920528494,0.05659207357379159,0.2781125608722855,0.5149106756092002,-1.115357906233573,0.011178229345724322,0.6561450467821107,445.0,0.026524067636791812,0.12965750814127086,0.7982547210202152
934,11208,0.49915440439220055,0.5051468717675668,0.000994534338027143,-0.4110618288151032,0.13122436620900482,0.3307907745443962,0.14531156157289776,0.34830947570724546,0.09694476620723591,0.7240659065958792,0.8373873161891446,-3.9828513213839525,0.009931906385091173,0.7622239915662588,626.0,1.0584400195921693,1.0217944140789863,-6.283935346474043
935,11220,0.5280196645885387,0.5298314964498324,0.045733963141777766,-0.5120202303463929,0.1180170564875732,0.303849491858826,0.13851076272529897,0.337124885260921,0.14795750044615552,0.04428756650556823,0.16594029363259086,0.6802590236731176,0.011674263833651003,0.7731528621306355,557.0,0.028150612123351487,0.1325527255764132,0.7967622763064188
936,11232,0.6944874203624154,0.6919954223904362,-0.07405642865904755,-0.6851716531364543,0.09786357258345335,0.2705294876025961,0.13065948542612357,0.3150300636314892,0.25100292363552446,0.060450483576427114,0.19109291433321277,0.5373433212347485,0.011400608843795412,0.8742228779230402,558.0,0.1667910495866108,0.3753185944477689,-0.27653227044825957
937,11244,0.8625648634288988,0.8632430229895861,0.07970850587945867,-0.7292200353322593,0.06015394738223095,0.21250571434511847,0.07754278847830795,0.24125458283808862,0.22424833356284846,0.1596293731167637,0.37129601750407265,-1.058597275766255,0.009465597116107545,0.8709346707443507,559.0,0.42074672271661434,0.6313093649331555,-4.425994228132708
938,11256,0.9460602987635996,0.9460670285816937,0.1981667124644723,-0.6709196145571571,0.0950683139646787,0.2845323906296781,0.05172861739067809,0.19147008289036607,-0.8378282420865701,0.25938568249278615,0.48723830397784873,-4.014355603858252,0.008200000760172887,0.8671966175652811,646.0,2.4732937731151865,1.5690905754789746,-46.81287221415072
939,11268,0.7978379349178883,0.8160533570523609,0.012183571340301232,-0.6057482694491755,0.07251734706413444,0.24287147536375006,0.05106561770363645,0.19020854452895786,-0.42008165817154874,0.1422660238346714,0.33861690438563546,-1.7859454214443087,0.0108129861612748,0.8449103654255326,917.0,0.09904765864700985,0.2879766305528176,-0.9396154027126657
940,11280,0.7023354876530702,0.7415503918369316,-0.012945962122016078,-0.5191490474309043,0.032452722935956836,0.1548890225693928,0.04336344288417937,0.16477527112399798,0.25161101661978913,1.4694273002745066,1.204464913040801,-32.8863153509107,0.013353593879292988,0.894522423035298,646.0,2.4277335204089985,1.5529886220099312,-54.985718820650376
941,11292,0.5426146250091158,0.6083933474997311,-0.0936123798231,-0.41886293200732166,0.018681904855956135,0.10926203451466421,0.02815921032901806,0.13041509291889267,0.3365614789025374,0.6606570311851361,0.8010811373315049,-22.461489987321453,0.013555487148747117,0.8235452508265899,647.0,1.905379843283391,1.3751218093892892,-66.66453394894734
942,11304,0.18996643449863393,0.2813643530674621,-0.24747118538843835,-0.2822460642582178,0.023247914521711946,0.11914647764810606,0.020707905870903626,0.11003052708932233,-0.12265888528966373,0.5306729487746471,0.7159316113048465,-24.626586873774034,0.01434269165112369,0.8754509411526654,916.0,0.0641624772825174,0.22396243824777187,-2.0984532034536216
943,11316,0.05978766957334397,0.10626232665781127,-0.21390810976947652,-0.270979010817109,0.027963293954696676,0.1339897141103758,0.023189276806894664,0.11760743187360813,-0.2058717564828325,0.3209070573364365,0.5332194991511989,-12.838597038137214,0.01709366305951702,0.8484985967499007,581.0,2.494272397856897,1.5681469520256113,-106.56145690215301
944,11328,0.5221236004534846,0.5487813770377362,-0.21973546534274194,-0.4574541166475363,0.02784576378231093,0.12831833271198115,0.030770066588087966,0.13997661398891362,0.0950372595849085,0.7511046339456137,0.8425073383548922,-23.41023752078552,0.025721755088077374,0.8612366427997638,630.0,0.7044328392083193,0.8227955742854105,-21.893445394135963
945,11340,0.45471992101917036,0.48174970373595893,-0.29752350911724446,-0.6827472400352413,0.02814151631528606,0.1228407235866363,0.03240365230725259,0.14899582447604032,0.13153258007933188,1.7264422028074393,1.3031924473632812,-52.279247241553286,0.025433661070555263,0.8073901299890434,583.0,0.11159125013299198,0.28961716667631454,-2.443786184189355
946,11352,0.7144041472131628,0.7173625318383626,-0.034390816756292936,-0.622628203094812,0.03678828358317361,0.15727910118331073,0.025894100908551397,0.13393431937179326,-0.42072063877006305,3.9324842771642072,1.9733134369826684,-150.86795985125414,0.012927080818753297,0.7643592761041248,474.0,0.04058708259014006,0.1545373047068374,-0.5674258292836256
947,11364,0.5718522148514756,0.5931152670906339,-0.001445921850914408,-0.3595824645350181,0.0815771314681254,0.24980344829056633,0.02710786825555496,0.14096891846381132,-2.009352513413096,0.5035965703446814,0.6692083451105497,-17.57750545329156,0.013701259015713497,0.8096054512536132,475.0,0.05056264265099535,0.1825273000796804,-0.8652386153837097
948,11376,0.3690873987951132,0.40260839876979804,-0.04904840457405878,-0.1833982938964474,0.05620738493538623,0.2003359500602527,0.027970457330483863,0.14529711263721212,-1.0095268472470806,0.04257041425337797,0.1712510184728234,-0.5219777692723748,0.017958176678614084,0.7997894167554676,102.0,0.23229329742109678,0.4543086159810029,-7.304951709457027
949,11388,0.44798787106980786,0.4539519037056401,-0.14500950098007145,-0.1514000272645432,0.06021420735048488,0.2051076819529379,0.053964315542233784,0.1929162375163634,-0.11581527061822516,1.5929135165054769,1.2397481999349371,-28.51790457267681,0.047463162346360714,0.8413687812842086,103.0,0.5466475656074743,0.7020007927747207,-9.129797072653588
950,11400,0.7629641343097866,0.779189154538292,-0.15761792370582145,-0.1768119701300098,0.051303235800240994,0.18787001084880287,0.056760242072430675,0.20112134818167185,0.0961413495246567,0.11185828325250828,0.28626069959109496,-0.9707154016321502,0.04735271887479105,0.8006417088280064,156.0,0.43671061783598414,0.6200361362557921,-6.693952701588304
951,11412,0.5921257123484241,0.5507649537112127,-0.29735091420182846,-0.37978507109464954,0.052936909383506585,0.1898239348772289,0.06816188602909719,0.2194328482976221,0.2233649555866355,0.3860883238250628,0.5901242843561464,-4.664284636435207,0.0358281973502228,0.8334403037202451,85.0,0.19348691619653605,0.37173011007988277,-1.8386379466369176
952,11424,0.43595006754261395,0.40407509068307745,-0.5350621817560833,-0.6540688639517693,0.0824221380029825,0.24475553489432697,0.10296700938297448,0.27093273247855415,0.199528679167301,0.12287543475864006,0.3062331496066645,-0.1933476119678137,0.03339889398419014,0.8647083398352814,694.0,0.5482951424377452,0.7057842664433032,-4.324959379935195
953,11436,0.43352326268776614,0.39591851216471785,-0.5532994387873104,-0.6804684095415229,0.08176746186472582,0.24054423563483388,0.10106753184725095,0.2628186534919903,0.1909621183951975,12.131788216364285,3.4777482215776745,-119.03645478054949,0.022001345665347935,0.8356275514586341,695.0,0.3120691641899394,0.5254283689765363,-2.0877291498677053
954,11448,-0.29743690193736255,-0.36493600511039975,-0.559779150508877,-0.3936271982648222,0.10752290422984172,0.28166507287408327,0.09821088592907644,0.25316739309131137,-0.09481655941368872,0.2687971222192286,0.4778071935221293,-1.7369381680696985,0.03676168571870586,0.8877459617292646,146.0,2.527563646763691,1.5757286042192638,-24.73608437448559
955,11460,-0.20833900836648575,-0.20971345187565135,-0.5613640081342118,-0.29048543744073824,0.11415914494087476,0.27754697501511155,0.09971005463522525,0.2555122602704218,-0.1449110659753361,0.10258087053551465,0.2645250294904132,-0.028791639025691707,0.04181147338356548,0.7878677890229231,163.0,1.6976585052698978,1.2848789780181618,-16.02595100845682
956,11472,0.16707151733730083,0.23620173517371562,-0.6192189906007785,-0.5630257147031218,0.09566738991353976,0.26230368944456445,0.0901681024446059,0.24288920876511463,-0.060989278024480065,12.952853181528372,3.5927203522664426,-142.6522764742206,0.02830175053677332,0.797415003794869,138.0,0.2806696997407958,0.44973639253042247,-2.112738231496256
957,11484,0.5162076984258619,0.5321446029401731,-0.7740123560631041,-0.7759338449483816,0.0883531590328895,0.2521986804175979,0.11883690929101197,0.2799557906661806,0.2565175284344765,0.21856495943801135,0.4334906494594937,-0.8392009750336225,0.02967230157501804,0.8882220164565366,139.0,3.872947888855868,1.9089460452535958,-31.590446116127595
958,11496,0.8291538333706713,0.8313944939665711,-0.7541812816776375,-0.7506645569647676,0.05785690357278509,0.1984603843718342,0.10310425541824006,0.24487125196991508,0.4388504786917874,0.5752838067729871,0.7358347076060329,-4.579632037876239,0.028565947273305435,0.8653621058910519,140.0,3.7791015664420917,1.891235743595111,-35.653206515213675
959,11508,0.45168732611835316,0.4406378010586316,-0.4649901748294395,-0.36439402132030463,0.0702983241263685,0.22957408848684271,0.06820982943313045,0.1949880273877617,-0.030618676378387777,6.713076028998548,2.5651034627550007,-97.41801518620885,0.04262093310793133,0.8541400535921856,101.0,0.10495044246391977,0.2389964936109184,-0.5386410336476213
960,11520,-0.02694402634063374,-0.007982789924610679,-0.42357284044538074,-0.1892557436521349,0.0794209487472178,0.24550517098650856,0.06792190641899197,0.19570725455494728,-0.16929799139163348,0.11619968047058128,0.26819266425386673,-0.7107835541861371,0.042591721773309554,0.8237244657306315,190.0,0.7857285011517584,0.8551928251044084,-10.568116128908553
961,11532,0.6083259723800047,0.5873034541315435,-0.335289640766583,-0.2783180312872099,0.07025375692683111,0.22784110113577263,0.09228205563344621,0.24431740195349125,0.23870619867977105,0.7256541072910301,0.8010689244431268,-6.863436746287952,0.060836580009435925,0.8054674236766548,313.0,0.07601195163389184,0.22964397340917617,0.17630842624681986
962,11544,0.5492653183312999,0.4959151748728376,-0.3211051179440544,-0.5497593425983126,0.09035251946765674,0.2485180753724795,0.11933675304237862,0.29220447509567826,0.2428776788021797,0.17310445953827874,0.3542899582356847,-0.4505544614307233,0.05999715559557945,0.8202551180372148,314.0,0.12711369830778613,0.3062709654293834,-0.06516806488480364
963,11556,0.8029827551484351,0.7751997780917932,-0.29867197083158664,-0.6455497335946899,0.053093241676831916,0.19319950480112807,0.11149253192521905,0.2762404097378183,0.5237955335659348,0.16509202174382473,0.30814343936050775,-0.48074511263728636,0.03650863129708362,0.8123322998286832,695.0,0.24481260608602284,0.43692231187779496,-1.1957758233549227
964,11568,0.5539398054926458,0.4572373865727598,-0.05241375381519768,-0.37113622127595347,0.18397652772410972,0.3728783369329338,0.07253942417386898,0.21500336496745237,-1.536228124490461,0.06597363798102826,0.21262403589257062,0.09051334867372607,0.03178094523675584,0.8574637872006038,564.0,1.5173752514057506,1.2157083844922763,-19.9179390198738
965,11580,0.31770274496892376,0.2426786926711971,-0.12451629153694745,-0.1593871885589343,0.1290135832361801,0.2948092313952627,0.07258192903190547,0.21834053478747542,-0.7774890383454602,0.03885198572433891,0.1593520782799544,0.46471544305111534,0.028082564310430953,0.8353059765758393,935.0,0.06342776227374382,0.217503286441693,0.12612184437999263
966,11592,0.6637030834859602,0.6357141315350958,-0.2510441840319989,-0.20119512001023496,0.07492687894761367,0.22076731868641483,0.07668425584286596,0.2266430814070981,0.022917049607331985,0.6623144314236534,0.7887681007806701,-7.636902375121235,0.035767226188019946,0.8104132359841512,672.0,1.7205558180778528,1.288642449661968,-21.436884849002787
967,11604,0.5536683097880857,0.543358330018528,-0.3206593252676897,-0.2133185101269699,0.07023826025652216,0.20386289495889584,0.09376048894411629,0.2626263363244467,0.25087570417443106,0.060567578993139796,0.21046714132184088,0.3540180978659394,0.03825844178133511,0.8402034345431965,595.0,0.9145435512929504,0.9306363022479099,-8.7540399116097
968,11616,0.518121324836205,0.5680516786968234,-0.39806390125578506,-0.38131386080444574,0.04958859057952429,0.17479340143165603,0.07562524717234337,0.2288046173337661,0.3442852429094717,0.08333402206131814,0.2505071882799648,-0.10193388024778471,0.022538578960165943,0.8926060058993873,584.0,0.06987251044899645,0.22544587438096508,0.07606899730505257
969,11628,0.8243631203741731,0.8172167507481468,-0.5011442215119729,-0.5624529925286909,0.035503771976425215,0.15617172457109987,0.04625956582052816,0.17785216544446478,0.23250961511035095,2.9737498913900633,1.71639888267049,-63.283999182509206,0.018401117099930028,0.9192353265946498,921.0,0.1555495797911018,0.35836711551139094,-2.362538688637563
970,11640,0.751706805694352,0.7733712023932562,-0.6010553512710894,-0.6625584609733084,0.04866639816110578,0.18665937385905398,0.04231754526330365,0.17171884648453975,-0.15002885583979375,0.02307438606206274,0.1294255590295235,0.45473240665327364,0.012742154915611939,0.8977609749232011,922.0,0.2440395186721466,0.44202153445206754,-4.766863771367416
971,11652,0.5594876280135009,0.5982783803059755,-0.5882116755084977,-0.5498260803974037,0.04401547748857662,0.18055817465806165,0.045740017779602724,0.18416369089145423,0.03770309621075707,0.36734850660881174,0.5874283070917152,-7.031227892802152,0.015243950492849604,0.8850502371521708,923.0,0.3972037386878037,0.552735555934019,-7.6839436880353045
972,11664,0.17121845540418354,0.14643729295868566,-0.44091180012779474,-0.2793012171177725,0.061119690650859676,0.2096718005643024,0.05862818156170026,0.21103799048906333,-0.042496782652850174,2.9537877320365324,1.7011810536295375,-49.381704725533204,0.01863465921974987,0.8584460699767155,402.0,0.08731399132852762,0.2514997426650745,-0.4892836346397411
973,11676,0.39583591624020303,0.33373310848374343,-0.2862908475262534,-0.30567918348220785,0.07233355316512034,0.23207634174114458,0.06929674518751765,0.23277127682430163,-0.043823241183768014,0.19593654745031255,0.4163038005370392,-1.82750000624281,0.018236806863622414,0.8707834512125731,403.0,0.07944894831160508,0.23952933508760713,-0.14650331839706876
974,11688,0.6493504251205146,0.6168787962680522,-0.2802061353193377,-0.5134790461786957,0.04188514231273636,0.1659175548921141,0.05985338775614593,0.2166277230238723,0.3002043178677808,2.009362151964824,1.4093130754276877,-32.571402176119875,0.009353229820656216,0.8808051010561919,404.0,0.078095988315504,0.24177962043348644,-0.3047881037859026
975,11700,0.6989038949544195,0.6793078005357241,-0.4219751753244138,-0.7091817811942024,0.03784830297050988,0.15881029190379192,0.0652759074923717,0.23070205025258483,0.42017959727434007,1.364711890419747,1.1631046885136032,-19.90682370948624,0.008584449526238882,0.8657405786452601,965.0,0.12424286362200418,0.33044282951336856,-0.9033494652912104
976,11712,0.8698458141964542,0.8520674592094776,-0.39632806843832474,-0.5267515016247449,0.03674280093772722,0.1612726334739843,0.06701164637014491,0.23556742290756194,0.45169529584790347,5.06548485694983,2.1951614059927507,-74.59111186390146,0.01551046929990072,0.8464001732226849,966.0,0.06699212216153326,0.22618855803851867,0.00029135545340586155
977,11724,0.7922423335539147,0.7857781903848844,-0.18936893890403408,-0.12452851047736396,0.05089854538595305,0.19493208446182314,0.07515884418492842,0.24792380443736833,0.3227870127869832,0.17800655343762956,0.3659548312488089,-1.3684046151593847,0.017025394521612367,0.8852985000375623,967.0,0.06725529367078074,0.22343255731503286,0.10515795712213172
978,11736,0.449248053686882,0.4659315322372148,-0.13233190916023885,0.09523109022096297,0.06167072460827641,0.21983830531362955,0.07450005259539115,0.24485971375904228,0.1722056232200353,6.782310503924798,2.5984147774779873,-90.0376606142742,0.013945141620960605,0.8344567847474843,968.0,0.07619979609172352,0.23749611797125894,-0.022815332836926272
979,11748,0.38623784224915614,0.4008816525498801,-0.2784346249019107,-0.16248991124493423,0.04979559701958875,0.19375004396602014,0.06371287766475912,0.22195463511766533,0.21843748321021605,0.13905340376513992,0.3487334269485477,-1.1825007574889863,0.013355834847169793,0.8691803035691132,959.0,0.02295326631633479,0.12278821044210862,0.6397389796595123
980,11760,0.5854085201579631,0.6000385633425326,-0.5082636479756759,-0.5480517316277627,0.028772063093669545,0.1466337553322504,0.05015502089823498,0.19282648962710874,0.42633733216763403,0.12608962725350406,0.29391005976371315,-1.5139981001970098,0.010483737118425051,0.8270869906787748,960.0,0.014508001127182086,0.10172299695538391,0.7107368142340333
981,11772,0.8166407423530527,0.8023692948318706,-0.6251828530478933,-0.7104321989337099,0.030043630992353958,0.1461879129177835,0.05831705925073943,0.20635209832938725,0.4848225994527833,0.03792401662365227,0.16120515524283818,0.3496925751932285,0.010332836796579757,0.7945196590144199,495.0,0.13936285316673547,0.33699866345060164,-1.389744183902216
982,11784,0.4585181543547681,0.48189964434172594,-0.5390004055413528,-0.5080904149076436,0.04569195188179222,0.18217274721822463,0.049251885573531856,0.18362394299691306,0.07228015029850476,0.2691027828335847,0.49000751082259936,-4.46380670912225,0.00785239434994848,0.7712794649918041,662.0,0.051958569049361344,0.18846084219468132,-0.05495593608875082
983,11796,0.30795181859685794,0.309161097469268,-0.4818625766290609,-0.29819802420008923,0.038568441136257924,0.16685251529206205,0.04755285768908767,0.1769508834783868,0.18893536560036173,2.242577220570192,1.4835341544815224,-46.1596730365337,0.016798246493634452,0.7768205307142546,947.0,0.04959199982307728,0.1735499370111737,-0.04288158973162082
984,11808,0.7629663352659432,0.7514997948728174,-0.5619712963442791,-0.5721836103362994,0.028236598294806806,0.1415738188422238,0.05570918742198299,0.19201623261516365,0.4931428799899428,0.033235453609310774,0.16557503839497514,0.4034116247727574,0.023095564701655948,0.7698038106838322,476.0,0.12309783597334333,0.30199548685784106,-1.2096505382659486
985,11820,0.8672292910531665,0.8489370472872555,-0.6898234727639515,-0.7800900321848908,0.0333119883828772,0.1484004306685087,0.06642544486166896,0.21267002744061797,0.49850560350405715,3.4474584648327946,1.848245004388581,-50.899666942571926,0.02071949690590321,0.7775497562714406,683.0,1.4296482091537874,1.185953429169289,-20.522598939774223
986,11832,0.8008658296509268,0.7535098204328059,-0.5869681632224852,-0.7982541453395892,0.06211468993307908,0.2028253848395798,0.09796883464503046,0.2565006998512104,0.36597500462122834,0.9336806198056548,0.9476891672948815,-8.530384057222388,0.02739860481740051,0.778162794855459,298.0,0.9421472775816057,0.9435893224651926,-8.616806007699068
987,11844,0.8400881167348622,0.7948232533589474,-0.4528646193235885,-0.698335257446886,0.1369692904359539,0.2981514694622084,0.1689916076407305,0.3383915461716422,0.18949057679156933,0.08876506830319048,0.2312343811570804,0.4747368254410509,0.04893066208504305,0.7839674123828154,85.0,0.351229809690731,0.49772188055178085,-1.0783861080097639
988,11856,0.4137557393892456,0.27215674634102993,-0.4180316159473107,-0.6256661936830413,0.19462566826985164,0.3806889669834653,0.21638285881975408,0.38520169782833824,0.10054951056925487,0.132333254202544,0.2934127872924672,0.38843004975372386,0.04208797781920006,0.7856311288159764,604.0,1.653311527469905,1.2605804192487458,-6.640676976391674
989,11868,-0.09277425019039627,-0.22086421837263398,-0.5786883943114084,-0.5919459707649785,0.25573514449877577,0.4594521528824725,0.2938314294496667,0.47250022096769423,0.1296535398621026,1.0711816707481867,1.006251454864079,-2.6455653255149136,0.04114721783227989,0.7103312826652608,355.0,0.696365040728229,0.794461998677439,-1.3699474288114444
990,11880,-0.5330936853542773,-0.5885753920235965,-0.667672956746153,-0.2907799168795811,0.3479795016162437,0.5514550338499513,0.3503926216899108,0.5541205499177896,0.00688690321739327,1.319022437738714,1.1294933304844517,-2.764412707599813,0.036637594767635034,0.6972221623819822,944.0,0.4593992215499785,0.6473153430011109,-0.31109844532210484
991,11892,-0.4780023336850748,-0.5295835838020138,-0.6347961593932812,-0.33544327756205716,0.34150432713469975,0.5516934842049078,0.34848546704498873,0.552494914185163,0.02003280070611302,1.350101758609299,1.1408206041382596,-2.8741981697475025,0.03471070435698907,0.7347501769864223,495.0,0.7217915444297948,0.8112559678844521,-1.071224233682643
992,11904,-0.12942309074291203,-0.23695861391888373,-0.4236355557997359,-0.7852539879470368,0.28999905511001567,0.511923411413916,0.3380873093028555,0.5351744439245454,0.1422362001460482,0.6688339530969468,0.7931247188811669,-0.9782876632550899,0.019357050543639485,0.8166111894676751,792.0,9.281690750254322,3.036260430804203,-26.4535319571545
993,11916,0.4315531653564831,0.3302611463097864,-0.29777342805678614,-0.8428719014362219,0.27497487595440756,0.5145409046921555,0.32011430347342035,0.5131642405283636,0.14101034233467424,1.7988522341515905,1.334997169352983,-4.619405989151473,0.005638701674171677,0.8834317619913306,551.0,0.5128486826527242,0.705180526648696,-0.60207987299545
994,11928,0.7524950431183101,0.6943752810785262,-0.2731574388981105,-0.9354981547273693,0.2282484509403742,0.46684314426137996,0.25312672045196155,0.4442579858980589,0.0982838535069187,0.5054929424567883,0.6164503169704908,-0.9969955821109013,0.0026368076095726195,0.8062504379151543,880.0,5.143019889280183,2.2586961902223086,-19.317965168186287
995,11940,0.9329047520122803,0.9261834202258095,-0.35307007181639544,-0.9445091992250275,0.2597752648811445,0.4567002331559839,0.2092269287696102,0.39961449676739386,-0.24159574682279783,2.548291588607783,1.5931616439132343,-11.17955835605573,0.003607307755233645,0.8682630149865211,139.0,4.0874091972888795,1.9421649952712792,-18.535770186588753
996,11952,0.7250139250026272,0.6625604498575933,-0.33840824356967814,-0.9414063721765237,0.2187583334331941,0.406617333920734,0.14095666466106122,0.334681308654172,-0.5519545241738777,0.28721677097415726,0.5056396804867598,-1.0376246250206562,0.003952357852356008,0.8357435692315516,362.0,0.9043458854181038,0.9341212999602074,-5.415772447458642
997,11964,0.3825194725292976,0.28670797245199264,-0.44097069887410534,-0.9143726409680406,0.14878000368273855,0.341061214036491,0.08715886737096715,0.27443272616015896,-0.706997901309323,3.896191391779402,1.9675772801896805,-43.7021801602396,0.005530249441055205,0.8771935254326441,363.0,1.0789457206599122,1.0176286884399752,-11.379070004061479
998,11976,-0.13915714940190435,-0.2306326011247129,-0.5979152986805266,-0.8813597794635855,0.030358879564612837,0.12113884905380437,0.08034285722530574,0.2636109551031821,0.622133433971892,0.4104824192672589,0.5827195629857307,-4.109133947229954,0.005084934702877401,0.8787813279113099,364.0,1.7000296505910528,1.2822073446437088,-20.159686240976644
999,11988,-0.285472244195166,-0.3585769859241317,-0.7127926098657048,-0.7578576796767742,0.0811615142505524,0.25380613184360823,0.08337781060371328,0.27037760593216437,0.026581369037077862,0.17745404416488364,0.3708705868497053,-1.1283125915635472,0.005088575315275342,0.849043543672615,333.0,4.713219990146058,2.141168386924445,-55.52846909770202
1000,12000,-0.5316852776272133,-0.5857337551075185,-0.8133292710966324,-0.4669546531824635,0.027369172839217703,0.12182238970354989,0.08438410757828871,0.2730827307292617,0.67565962804281,0.8411043706382407,0.9110802987744658,-8.967568476776183,0.009235834115084237,0.7955055411201623,334.0,0.36321391972215555,0.5925597932033223,-3.3042929545137163
1001,12012,-0.7923899869977997,-0.7847707074155039,-0.9217695971783328,-0.4614516937004432,0.019974870983310994,0.11627802316211833,0.0834816352506832,0.27398529098287466,0.7607273632897898,0.16632143959116202,0.39869282347893503,-0.9923117113329532,0.0037769933981683635,0.7302729798972839,555.0,0.027209278972805444,0.13839235030009747,0.6740686871897041
1002,12024,-0.6769621546919129,-0.6523304022093156,-0.8581898636996527,-0.346747149484586,0.016790574107415305,0.10947100764557272,0.07070906336487454,0.2572994297326088,0.762540001120193,0.19666473668130255,0.4026061970322995,-1.7813228930281348,0.003487232693041482,0.8159966452983646,964.0,1.1481881102764486,1.0607965217829471,-15.238202793771173
1003,12036,-0.45762347163187644,-0.4088499372394237,-0.6872631867432065,-0.4727364402589304,0.026868333088453912,0.1413808073211667,0.06257870466595276,0.24052639237495016,0.5706473435032255,0.4153870994294099,0.635571005311545,-5.637834733824553,0.003766118487811874,0.8106081541867535,171.0,0.24390768005433458,0.4819214747198558,-2.8976147134448054
1004,12048,-0.18084611915471724,-0.12752719420917438,-0.5519075531441852,-0.5846862555499293,0.03659719373110966,0.15439060955514075,0.06082988326293732,0.23349563945511104,0.398368174192967,3.2841338559094346,1.8071697325053298,-52.98882390935649,0.006786802634059433,0.8846930765908406,590.0,0.49211243154638257,0.6922364394859125,-7.089978233547242
1005,12060,0.11427433751730846,0.14966548021137002,-0.4041522888537578,-0.5619077905950329,0.04412400485136484,0.17662634797034385,0.04975567889436804,0.20905466777407133,0.1131865581607141,0.3631408377419614,0.5787329525527477,-6.298480209925668,0.012627281545724432,0.8308119889346061,603.0,0.9095636229393039,0.9390908675040214,-17.280599182865526
1006,12072,0.62597467662275,0.6262812117080631,-0.2516553728147597,-0.6015293578477252,0.04209033481407609,0.1814352516000301,0.04215101505201516,0.18191113795792152,0.0014395913802832672,0.5514150122391935,0.7271061385995126,-12.081891659281201,0.013565024683682585,0.8564568706545854,964.0,0.8578049779858231,0.9162191312462752,-19.350754944507866
1007,12084,0.6632234928468965,0.6767634451990077,-0.02503407543716635,-0.491907765229696,0.04865223816020682,0.19605862590643877,0.03947774850824593,0.17596114658246895,-0.23239647646178607,0.09066896039197832,0.26481362674573683,-1.2967105222082207,0.01814050571493723,0.7976254234847979,965.0,0.5355596518703877,0.7163526451578128,-12.566114383613403
1008,12096,0.8398102226122338,0.8400090523275285,0.16048523142548576,-0.43129039187202317,0.037540943733080576,0.1717718592833036,0.03302566769568767,0.15386760507455705,-0.13672020438764632,0.027951758012588316,0.14500326359134652,0.15363533993778666,0.019834267740353854,0.8541768214189168,916.0,0.5146221435845709,0.7010772134073175,-14.582490211144702
1009,12108,0.6635931084922407,0.6802847726794622,0.2588904007410415,-0.026092267051605205,0.05762721295503807,0.19115201360986228,0.026722576153044072,0.14016122597420433,-1.1564991573042454,0.7940756127002303,0.8730652290437398,-28.71553371772407,0.022944937145953317,0.8222399210679893,917.0,0.5316356238940358,0.7105676748971407,-18.89462471167755
1010,12120,-0.03239761419565948,0.0547538371126887,-0.17261801829010828,-0.15211006900960353,0.09901944491257007,0.26197901745692365,0.039356508247480486,0.16451245312829527,-1.5159611287139292,56.36287133131668,7.500746984314866,-1431.110566742793,0.032419219376985234,0.902275427108513,974.0,0.0446334375379898,0.17591040448898324,-0.13408022015893972
1011,12132,-0.4355603640331032,-0.3844721885595701,-0.37734369993548184,0.15851571258097003,0.12651370174003776,0.2913717482439551,0.06511790799095755,0.20527390023751424,-0.9428403897374251,1.8255471459152852,1.336071758411352,-27.034487013446217,0.036680269515446305,0.8807147843601097,85.0,0.21001148484474952,0.3976776570826056,-2.2250956967768722
1012,12144,-0.2513185141729594,-0.19828291902750592,-0.4062181641874823,0.08207589406631108,0.11744248099983502,0.26923457548995267,0.0952178279808763,0.2461263733706907,-0.2334085274810338,1.5335812921886987,1.2185140732303608,-15.106031031255046,0.03219584976765148,0.8274006427197502,648.0,3.9034694465604676,1.9650059208043862,-39.995153211691054
1013,12156,-0.08197817932013544,-0.05685400799049247,-0.41829716291591884,-0.08775696146556658,0.08318516726441548,0.2425628887982044,0.09604689420466525,0.2510866192916289,0.13391090931938787,6.5131623529718325,2.5421238754882216,-66.81231612854663,0.04564519802534821,0.838974110229032,877.0,2.6269417965396817,1.6055849188725173,-26.35061678248503
1014,12168,-0.26394414800479593,-0.31238086828620626,-0.5563061951449596,-0.21975146315506489,0.07411131000893098,0.22835643840482683,0.09735001650384664,0.25523532991308695,0.2387129178760583,0.07744978287592079,0.2608588184297807,0.2044194170952146,0.03649434096914627,0.8516855837468161,978.0,0.2593867622591811,0.46856146544694366,-1.6644757913208141
1015,12180,-0.5739043590590605,-0.6005176786296752,-0.7258606358089459,-0.5074194429642385,0.10359736123447771,0.2891680059700068,0.11652131257853397,0.2978044674009929,0.11091491383042629,1.6080139160494402,1.2609848240441313,-12.800169947155874,0.016642722766884856,0.7677016490289725,817.0,8.491737955844219,2.9005686561928847,-71.87712237296408
1016,12192,-0.4972966811245517,-0.5326578599621783,-0.7831178144314305,-0.7853441842417973,0.12203258610895631,0.3122876446012798,0.11922300216573503,0.30465701719607347,-0.023565787576088848,0.23710874362595458,0.47126030752545733,-0.9887835343748808,0.012575856137743974,0.8208857570230307,290.0,0.9358213966358564,0.9583045549262327,-6.849335947227251
1017,12204,-0.06591134817604623,-0.0676992350388164,-0.7243164468950374,-0.8911428919797934,0.11406496471785295,0.2882781395659691,0.10772208515793005,0.2756186199004357,-0.05888188620396351,17.57983008192687,4.182973485143332,-162.19615477321378,0.015302444759399911,0.7525173436314727,619.0,2.5713628094623178,1.5887651429620275,-22.87034010428292
1018,12216,0.6756535983027828,0.6311998776515031,-0.6835218636977081,-0.9356824629234777,0.05513101037380723,0.18614456816397265,0.08496016942496808,0.2447763805379389,0.3510958046935657,0.5949176240801755,0.7562623877609748,-6.002312119981969,0.021125469172769043,0.7168045108462022,620.0,3.565094537044486,1.8726389773226262,-40.96195183194605
1019,12228,0.6290690329859308,0.5841868710346605,-0.7152879730686288,-0.9507702662291635,0.05537879347130742,0.19663447851445304,0.06086759652755152,0.21708926444950524,0.09017610961128741,0.8438783748266991,0.9015457096559691,-12.864164563237196,0.017738393025169188,0.780662750526072,181.0,4.096484457325455,2.0186144216039823,-66.30156423165477
1020,12240,0.5612126071795681,0.5329609732130275,-0.7568392937196758,-0.9433798673730376,0.18704249873631545,0.35595122410122376,0.06703461689192099,0.2359379387677336,-1.790237453551522,1.4764893262429986,1.208278857601737,-21.025774065711786,0.013009112815548859,0.8934898864776445,836.0,0.09820117792006436,0.25133835532904414,-0.46493233605545625
1021,12252,0.14065006481848444,0.06955250942675997,-0.8062620238287134,-0.9342932975870454,0.05795107096644622,0.19570918554948882,0.06023201243873316,0.21185465773702933,0.03786925556583498,2.438391192498325,1.5464220680711658,-39.48330935278992,0.0163160779252723,0.9107581307074637,837.0,0.1298308596153286,0.29794556338513273,-1.1555125648074607
1022,12264,0.020468424292958285,-0.03323678340203711,-0.7955542853845143,-0.88741378467575,0.030923986092913774,0.1462898956274216,0.04111106653947974,0.16928680373294908,0.2477941173523951,0.08965475843086014,0.26204735529168705,-1.1807937856528965,0.013196633801625902,0.9108013265646673,278.0,3.5988997515876093,1.8635033763273097,-86.54089967798615
1023,12276,0.1532023147490432,0.10861480946253933,-0.6752533456939279,-0.6902082644724199,0.03207517750633461,0.14332224208905586,0.035603077207457166,0.15196760931455303,0.09908974105147372,0.717543800531813,0.8347739262885959,-19.15398265578913,0.016890688891817104,0.8774950234619313,279.0,1.2583133990905946,1.1023666524702103,-34.342827019093654
1024,12288,-0.0256699852428545,-0.029669769942208053,-0.6170513169102956,-0.5990082444367414,0.04445313012946642,0.16494915598870447,0.033145001032551864,0.14925992305175914,-0.34117148120794405,1.9666712054867512,1.3912692460238378,-58.33537921918524,0.016160913102629033,0.8275798222500543,972.0,0.03619324245806253,0.1664181241790957,-0.09196685263388504
1025,12300,0.1855213333445767,0.15120910178070665,-0.5158186868061666,-0.5787375600895531,0.024915398963867397,0.12813566371424576,0.024063987742814597,0.12021639854542995,-0.03538113591780023,0.2806331947853278,0.5143140039252982,-10.661957186174334,0.011447804582961253,0.8793254128469136,685.0,4.485207760255921,2.113322169303221,-185.38672061305323
1026,12312,0.6540247166744976,0.6183040212932575,-0.3843207687464778,-0.6009562319912264,0.011752577431132978,0.08925527602366136,0.017384228474049322,0.10704976046217472,0.32395173886049133,0.2413341160419106,0.47938990770244916,-12.882359887421362,0.008289708411122799,0.9176616429346265,440.0,0.3200712155826292,0.5548665575050326,-17.41158588432166
1027,12324,0.6350859928749695,0.591270431316923,-0.2877074151925313,-0.5651160960730841,0.023214249981769748,0.11387039811496504,0.024303123297373486,0.11814332748268706,0.044803842793383564,10.285401688505226,3.2053660763653617,-422.21316328987234,0.010176059406057883,0.8801836761329918,441.0,0.3943528329332277,0.616202081380323,-15.226426048533714
1028,12336,0.2880130052221508,0.2270681947678541,-0.37298575231630987,-0.5949724548842822,0.028733531624853557,0.12736097891194476,0.02723022733004626,0.1311330424098716,-0.055207188562415244,3.3235317528209793,1.8202054436336255,-121.0530299853113,0.009817753639387751,0.8673395850590443,976.0,0.39682332134620374,0.61872878488716,-13.572897851217814
1029,12348,0.20036238665422174,0.13271666905157933,-0.38700927674465213,-0.5120677268696728,0.03306302138595108,0.14119729444724494,0.026793275870558835,0.12887407419685934,-0.23400443998270504,25.510042133854427,5.0486082249504625,-951.1061275633541,0.00931561474413496,0.8574220938177287,977.0,0.25226124982204345,0.4905429294318621,-8.415095453081003
1030,12360,-0.06505450593716318,-0.13265305879966743,-0.576889371730338,-0.5293294056472834,0.03400454993350766,0.13698818786770814,0.030040038374361658,0.14032789608438107,-0.13197425082284875,10.018293572545762,3.1632101216241053,-332.49802845445424,0.011722115707271111,0.8569730989401082,968.0,0.15706221838356194,0.3711602236485556,-4.228429352394243
1031,12372,0.16821905574421905,0.1207605043973219,-0.7469211853975712,-0.7257858057708066,0.028639071980071745,0.12878519891707718,0.029793011920997817,0.13870225790644117,0.038731899412720594,1.5184219217198491,1.2263626985270843,-49.96570718483419,0.011783035745966685,0.8965643069435109,969.0,0.25506906631866155,0.4818843056433478,-7.561372277332303
1032,12384,0.14577878176601497,0.15866055947060123,-0.799767990239258,-0.7883803083969978,0.037535204690571054,0.1494666496578884,0.029937949497069245,0.13942276947444493,-0.25376671819977314,1.3801153097623815,1.1663431001923248,-45.09919292894415,0.009040347733382855,0.8307447717962774,102.0,0.6578408190215345,0.7994299674789257,-20.973476142243253
1033,12396,0.3694170627254358,0.3478714390199958,-0.7393450287242617,-0.7462927436270558,0.022420304026127297,0.11631293299283413,0.026799587151012223,0.12535485141192876,0.1634086040284214,0.3321394111804916,0.5577253379932496,-11.393452530030736,0.01272280055547917,0.8233507338582278,971.0,0.3601415682055997,0.5810117272537235,-12.438325231513767
1034,12408,0.5383781442579103,0.5594090460563369,-0.6471389849177318,-0.6376493500198077,0.019524317643131155,0.11232469710192804,0.017753201736438736,0.10984334630239515,-0.09976318260706596,24.890486866640426,4.986504937181133,-1401.02805308928,0.01217599637113035,0.7293348717568136,986.0,0.7766562029123977,0.8661993559549424,-42.74738790458839
1035,12420,-0.1736740924078862,-0.10587260221482593,-0.3035778106436375,0.052288095536190585,0.02794758941972547,0.13612682888947866,0.014530333221674073,0.09577158283186044,-0.9233963181269402,2.0819966685656666,1.439333371542681,-142.2862300404832,0.007517192585402706,0.7897246385985482,491.0,1.1146304796970579,1.043270934697212,-75.71059312214719
1036,12432,-0.3699863649483669,-0.27639885633080635,-0.1901922844833016,0.12387192836679535,0.029612774872822403,0.14517352592920274,0.01564741680555153,0.10154464554928733,-0.8925024648359927,0.8560523506959017,0.9023390833332456,-53.7088609790329,0.010451497970336497,0.7938188295758165,566.0,2.5734765745964374,1.5942812860254008,-163.4665446429085
1037,12444,-0.12068939572121488,0.045529488704423124,-0.19789393804077357,-0.22443406962291085,0.02944871168087092,0.14524952233751526,0.01646786203045796,0.10470361270304811,-0.7882534858747523,2.6997937194425585,1.6308406669934454,-162.94318305856484,0.011083071439212189,0.7812282223615624,545.0,1.2781083701130318,1.111641577378149,-76.61228310931438
1038,12456,-0.12597836834281217,-0.12155748952261453,-0.3824716730460906,-0.6198054111532972,0.061565784316548716,0.21353047003498773,0.041829814689411375,0.15060864073003366,-0.4718158512935804,0.045464188634337536,0.17914117769231522,-0.08688477278495221,0.02946405399574448,0.8390561017812802,296.0,1.409990849260477,1.1662543008343824,-32.7077957368383
1039,12468,0.3896101571377936,0.3334080858951842,-0.4298579670260735,-0.6745012233945128,0.0839625516850141,0.26383948939236346,0.06827284612439913,0.2039123656787519,-0.22980886913703502,0.45067979715999745,0.6247963269622232,-5.601157308409543,0.04883054090456162,0.8116219688178773,619.0,3.0688145125236628,1.7326972991920757,-43.949268804936196
1040,12480,0.5206974495817268,0.45217040139322556,-0.3939751805796576,-0.7542023158502095,0.09544971269576956,0.29016190568260913,0.08748593994689553,0.2478340628142291,-0.0910291728443231,4.28615171226438,2.0587608271799125,-47.99246341601975,0.045281452635535756,0.762438903913842,986.0,1.3674179783128089,1.142848590163697,-14.630145588455006
1041,12492,0.403747123265328,0.2991990721399585,-0.3778797753646417,-0.7723969342222179,0.0946195963321298,0.28109478512391617,0.0918019718126397,0.2578468609544149,-0.030692418298384982,10.727610046555053,3.272241699347508,-115.85598723793456,0.0146350704209917,0.8077039139337631,1011.0,0.2624665943425376,0.4887517437204104,-1.8590518172987656
1042,12504,-0.23047455889539098,-0.2530928331513936,-0.6667667832170805,-0.7736270983896354,0.14456558617307227,0.35690966418824277,0.12048337343211434,0.31231981559733457,-0.19987996729297186,0.7837759373483565,0.8779771237468009,-5.50526222018485,0.010982273143915191,0.8639744402699313,562.0,3.1528587175161444,1.7716655050306522,-25.168413347860024
1043,12516,-0.4920316747422002,-0.4603746359026879,-0.7764449086634805,-0.6464619752002772,0.19100290289957053,0.40251430919742276,0.12418097586490391,0.324405687856905,-0.5381011589678759,25.211337425954063,5.018051847125759,-202.0209317519086,0.015887807368488945,0.8369256250694654,179.0,4.7572252288534225,2.1763037146196638,-37.308808541082755
1044,12528,-0.35425201702087145,-0.23867427025347868,-0.7786021167513264,-0.7480031681599932,0.19680785953527363,0.39654434933268806,0.12169133443699032,0.31331212221188137,-0.6172709457564323,1.057109768801968,1.0067027219678562,-7.68681220148277,0.0166661769139962,0.8993214776122647,180.0,5.120236807854173,2.258311782794878,-41.07560736796213
1045,12540,0.07010602995050015,0.3188488900002829,-0.7002913768053367,-0.8013705454243331,0.17885877699582625,0.38287478372101474,0.09959025212158013,0.27426220888439473,-0.795946623144149,0.34367810695611073,0.5658780348709418,-2.450921145741727,0.016404218565464895,0.9016572299422502,181.0,5.348375435453061,2.308803079277863,-52.7038045543227
1046,12552,0.21300011704235214,0.24862342792740402,-0.6631899746938135,-0.8159688217769127,0.11575093345254073,0.3094799004348299,0.0827506939391666,0.24936995837562126,-0.39879109095609433,47.845641877415595,6.91099506318491,-577.190219318147,0.008062398708129009,0.8816628074126083,262.0,6.084429916217165,2.4611285831725707,-72.52723737507358
1047,12564,0.37133768582754545,0.3223417566538515,-0.8149810663324837,-0.880032779537652,0.0930400717286617,0.27151082051853126,0.0809986357320103,0.2472045786456715,-0.1486622075523758,0.8655983458074044,0.9263502956298373,-9.686579323030791,0.0053208310578226475,0.9162899546210735,837.0,0.17124465595367724,0.36051899514188207,-1.1141671635094235
1048,12576,0.1353679394761307,0.07156156770013868,-0.8664616378515974,-0.874926538450753,0.07873205830205932,0.25058065042305744,0.0904235251941062,0.2620840320076677,0.12929673850858592,0.5941100286005002,0.7550321769344664,-5.570303771337863,0.006967444508633175,0.9068903180484154,838.0,0.2592829007567046,0.4494357692988681,-1.867427477529981
1049,12588,-0.2136804235447507,-0.2812839203786952,-0.8916370423666942,-0.7139271277057331,0.04426848750247013,0.19200452817073455,0.062122056956523716,0.21131363400026648,0.2873950144076597,20.112036136378247,4.479488061793287,-322.75032511324775,0.006772182528291291,0.8515049652426668,431.0,0.12579130630648797,0.3337011245142438,-1.0249056851823717
1050,12600,-0.7140828510523228,-0.7393925240767477,-0.9250495169156576,-0.7166403076334393,0.07198247800139472,0.25143859757649567,0.06441887684532428,0.2165456729809306,-0.11741280702908474,0.11397508457003104,0.3038491160344332,-0.7692808405166054,0.008150833914348935,0.6934760361102612,142.0,6.970344240500607,2.6331574808193157,-107.20344255981134
1051,12612,-0.6275764417245727,-0.6413790169663508,-0.8801024960602835,-0.6321647670171509,0.08374500294603374,0.269582266619217,0.06516081977449825,0.21961105050538812,-0.2852048705932442,0.02857209447692566,0.12958464202927827,0.5615141955579293,0.007042843529118216,0.7584513411297048,143.0,8.699258618721787,2.942184797768175,-132.50443792492592
1052,12624,-0.41401203953341875,-0.4029738135473108,-0.8321455936986141,-0.611887010134219,0.029589637319422896,0.1496815912127833,0.06665713234712856,0.22375975837586867,0.5560919547914283,0.5043314801220741,0.6993424797655211,-6.566054259515405,0.005509628701269102,0.8282840010805059,912.0,0.8093922604376816,0.8839689767083075,-11.142620480920652
1053,12636,-0.290262676525571,-0.26359563140689113,-0.7010208428678631,-0.5546954327587609,0.030820219379819266,0.15636357791313432,0.06080363822383217,0.21401875375390503,0.49311882841018573,4.755601572188153,2.178756700670736,-77.21245095041337,0.004663042339468144,0.8103002235624824,913.0,1.0029138319895237,0.9879764841028837,-15.494306283080746
1054,12648,0.027850245865284777,0.08921670820084213,-0.37503437662992783,-0.3438389569645313,0.03836919211758409,0.16480186400472877,0.048146532139963026,0.19174316249055942,0.2030746470785475,2.052716738440846,1.4298862540993598,-41.63477860614246,0.007466776502881938,0.8563933872372803,914.0,1.1401951844465086,1.0603660227578608,-22.681771744887797
1055,12660,0.21654127440642615,0.3288838840871273,0.0948931214686841,-0.03183751678178658,0.03654964280762991,0.16199643933692673,0.03490977063333492,0.16901628987775053,-0.04697459033801543,0.009401304917809,0.0705117786458715,0.730697029878741,0.005659114981912232,0.7062477328998632,915.0,0.81174719665592,0.8945060894384766,-22.252722144235243
1056,12672,0.3556023131907796,0.4354853334597528,0.30403814747399593,-0.10479296803073762,0.05582515780164574,0.19495786867255313,0.04242047665548752,0.18443548838331048,-0.3159955333605191,1.7969614667916205,1.3356628483732012,-41.36070898932639,0.007935547706656646,0.7363814257966461,916.0,0.866378164064368,0.922969619835494,-19.423583900307097
1057,12684,0.6026083154436263,0.6525652103124194,0.6866420431383113,0.028002174343398828,0.048726317792378175,0.18186731218719993,0.04014174886316856,0.17758037284323508,-0.21385637577654837,2.7147753583141037,1.6431299547023908,-66.62972304888798,0.0073245813350242585,0.7710451755693019,441.0,0.21854095942731097,0.455426845253124,-4.444231146287446
1058,12696,0.8505858797034923,0.8515040629218334,0.7134184992850632,-0.01653455462522836,0.04692633917142307,0.18125995508719056,0.043397692482472564,0.18389574476806766,-0.0813095463629927,19.253576025424643,4.384892883869005,-442.6543724807665,0.008363206725397044,0.7715508380778386,824.0,2.845568208610645,1.6808317012379441,-64.56957399889203
1059,12708,0.8890648453879572,0.8890856053479914,0.6573539035523748,0.17483260538786888,0.03962372541279037,0.16271270387956405,0.042876221543497545,0.180377803938642,0.0758578068127469,0.09960174972708372,0.27592010277869555,-1.3230066955885706,0.01569105017515462,0.7787995129729421,129.0,6.556056482865344,2.555637535362586,-151.90658194342714
1060,12720,0.8388353376657592,0.8730520783888899,0.5848337334649512,0.3059782127319363,0.03167216790877133,0.1378550238019674,0.03778693392990531,0.16260989452710603,0.16182223285109232,0.045639085062908355,0.16709919364082373,-0.20780069501189935,0.017408997041383458,0.7587897200921655,646.0,5.788314502676924,2.401338242087861,-152.18296301611124
1061,12732,0.7644201623528482,0.8207502073785057,0.4996807711631878,0.28513630910620197,0.026096823880044955,0.12205339941064047,0.032143296644916344,0.14132276171931107,0.18810991391661358,0.6409690870986634,0.7825275945661015,-18.940987826462926,0.0168486516213696,0.7049176243617954,693.0,0.4989119114382452,0.6906777442446405,-14.521491679888134
1062,12744,0.6047799426013037,0.7427920067173697,0.2898862558307703,0.16551821554827867,0.024778995356469376,0.12354218720519083,0.028898388399072154,0.12824458697166016,0.14254750077118628,0.05993051416856547,0.21708778518119523,-1.0738358603585545,0.018239119910748156,0.8001797884511307,438.0,0.16893036133309797,0.3852944185537683,-4.845667204698579
1063,12756,0.03314892709609531,0.15864615686568734,-0.16100799042896816,-0.26635758971266554,0.05282262830628064,0.20611064880834892,0.02037277515576041,0.10948565259541812,-1.592804755484921,3.22471530386269,1.7908232152693706,-157.28551972954457,0.014249502477254013,0.7827039650940883,439.0,0.1951463967062678,0.42310823870744,-8.578783215063858
1064,12768,-0.5211063586764061,-0.4741593999897785,-0.43309527710126855,-0.24927055034291243,0.06749419132905715,0.23500687306965998,0.024553025805309173,0.11886896778970306,-1.7489154234694237,0.09123447261497837,0.27266117400205486,-2.7158138201952475,0.012522062637361742,0.8724671968162292,440.0,0.26788011691114505,0.5018888703863862,-9.910269024896335
1065,12780,-0.687132544445595,-0.6624469474930959,-0.7322437224953935,-0.3576902130622967,0.10427705790447143,0.28681249644872703,0.03529046696461479,0.1410560970929332,-1.9548222756312192,0.40981384480431776,0.6294234162825829,-10.612593429699636,0.011213539971360266,0.8308666285655614,441.0,0.38155608868281116,0.6021061773408851,-9.811874183058887
1066,12792,-0.6404480640748272,-0.6291249573036644,-0.7510589694232408,-0.4234781695037785,0.09207002905088962,0.25129381172504783,0.04969506592497866,0.16604193929424302,-0.8526996058297143,9.454667085355776,3.0688474720962216,-189.2536380498792,0.013091590534393856,0.790149329845502,1028.0,0.031329697564585535,0.14014019857708707,0.36956120328159137
1067,12804,-0.3057864413929054,-0.31209733456639444,-0.7682901197555398,-0.651402743386932,0.036517448710258686,0.14824149460819208,0.05280363838943407,0.17515089339132595,0.3084293085840506,0.6852014725895921,0.8183489435878509,-11.976406427453679,0.01287876867162665,0.8299575286595403,1029.0,0.031108860106484382,0.13649671078921938,0.4108576405843045
1068,12816,0.04640805440207015,-0.021283089726040767,-0.8412299509594466,-0.8018173497319218,0.02851671775226049,0.136815028344451,0.05679667756066817,0.19066496302319774,0.49791574125440774,0.9487200743883556,0.9643049359606682,-15.703795277020685,0.013045001126178126,0.8211398390529224,878.0,8.034904375709502,2.8277780279260427,-140.46785905085568
1069,12828,0.18184331583994093,0.0956047682474617,-0.8000989207188478,-0.7957383792061101,0.03553946073562736,0.15789916499069773,0.06291548456382594,0.21132004530611195,0.435123785789592,4.759032630576924,2.1757876321771357,-74.64167491627634,0.017003854234675535,0.7722633632252657,497.0,1.5010010171259673,1.2150759249666454,-22.85741805108797
1070,12840,0.6149186382458159,0.5397960176461217,-0.8067064188338089,-0.8086971989630429,0.03237979215858015,0.155266382499707,0.06574071272908444,0.22150976553254392,0.5074621065941842,4.519938484788126,2.1194421433235924,-67.7540231487094,0.021910891216307966,0.7827399116427727,498.0,0.6772780435642626,0.8067630206050533,-9.30226195379575
1071,12852,0.8953600359827392,0.8776531456363735,-0.7239036972778679,-0.7235672965436419,0.03515989179676266,0.15542385423598387,0.0597964719538345,0.2068033856393016,0.4120072531384855,4.385612582337202,2.0860822711701763,-72.34233005791859,0.02818756042912469,0.8237307632626594,185.0,3.45359368761516,1.8493699492196345,-56.755810247157825
1072,12864,0.5672551444591956,0.5036598366227596,-0.3473519377373936,-0.32221724690717046,0.033747498142754344,0.1539062773866924,0.05033705950651509,0.18651240638239278,0.32956953636939346,0.2177095678775587,0.42455331254102574,-3.3250354711200547,0.026918248740611782,0.7197803475219694,186.0,3.1926886989908967,1.7786809942235546,-62.426205866825995
1073,12876,-0.07003066695866955,-0.060541085555748504,-0.2817370833925994,0.18060808771691342,0.04238807328279641,0.1801733399942412,0.034532820108082826,0.164415022523104,-0.2274721019056003,0.0873918380725104,0.25940429367725254,-1.5306892920701625,0.018794697822929085,0.7523455464493158,187.0,1.0731964981075883,1.0262219792483747,-30.07758053783721
1074,12888,-0.26115871325795453,-0.2260085522700073,-0.28997340276294725,0.14904674113571345,0.03223555433916847,0.14161105397034496,0.03182356861888637,0.1574765795695443,-0.012945930898447422,0.2742091094625422,0.4882613183754286,-7.616541807313432,0.018176128507625258,0.7680769982566182,566.0,2.383829180127645,1.535234864285385,-73.90766383481302
1075,12900,-0.018570715124106244,0.026547499518129763,-0.3076810134358611,-0.12915232686895073,0.032737941867250264,0.15594633445199216,0.029690030950635184,0.15125479589852625,-0.10265772109442262,0.7735830748182784,0.8561916691454388,-25.055313856172603,0.018905775627928095,0.7705230111404154,289.0,0.8520744403088486,0.90487355375315,-27.699008152789393
1076,12912,0.7007283884966662,0.7316110618218828,-0.424470047764229,-0.46142841424426423,0.030534012480001645,0.15259783409117714,0.030688532140204727,0.15125736164352108,0.005035094526422368,4.411531952242479,2.0930138254364086,-142.75180709483908,0.01669491437691709,0.7982240177024624,290.0,0.9764893186162159,0.9753731521640009,-30.81935565230008
1077,12924,0.6832009604646342,0.6477491385872524,-0.520373986207365,-0.6336110071676339,0.0341311798330785,0.1651135222672261,0.03997686633252145,0.17290474931832542,0.14622673150064902,0.4443936833976505,0.652348849516095,-10.116271087914994,0.007245627861472797,0.8175214780545254,235.0,1.730115395421032,1.3090853190731697,-42.27791430749467
1078,12936,0.7765615791293524,0.7581274251302473,-0.5824491831145682,-0.7144370999721393,0.04093301024926397,0.18177104988401604,0.04174322507907536,0.1786778140225694,0.01940949287642668,0.5889702555829596,0.753358067965596,-13.109361566272293,0.006442676329759252,0.859218966358405,200.0,12.144199474823338,3.475537225964466,-289.9262389721504
1079,12948,0.481615204265881,0.4000434025114755,-0.6974843241365193,-0.7872172201849236,0.044683815227593945,0.18376024301047703,0.05475751993965856,0.2021277620379759,0.18396933833317486,11.9594298073419,3.4501139455571526,-217.407075786502,0.013799047062333893,0.8347558085231694,293.0,0.718272020801306,0.8371333973690811,-12.117321996920682
1080,12960,0.35621755179824705,0.2966081501893742,-0.30548241004310284,-0.2965384115194218,0.12059010374704883,0.2558460669410833,0.10040267700539336,0.2585776331335008,-0.2010646264000615,0.3830807155516175,0.5755592307990238,-2.815443242923089,0.041313784774578526,0.8204974707701161,406.0,0.14251375265013091,0.33506133905212016,-0.41942184113751724
1081,12972,-0.5334962434804125,-0.5375051134785214,-0.44424082947315324,0.03667804061133377,0.22706112220691657,0.39406803896594605,0.17271158680189444,0.3456966693586082,-0.3146837824341382,2.284078379784292,1.4796397576748033,-12.224812660682696,0.04868122656227294,0.7571181517964353,407.0,0.27642203752949673,0.4725500747717105,-0.6004834571206934
1082,12984,-0.7167393849788745,-0.7105531103805673,-0.4724342220395032,0.02414978010097399,0.31302980824216153,0.4976981659427814,0.23455570137492993,0.4259644421762705,-0.334564908920262,3.156597046808053,1.7543681444596082,-12.457771558331604,0.02434386341347303,0.8146687853000258,1020.0,0.8068989856988156,0.7430574741793993,-2.4401167013587655
1083,12996,-0.4777875865258285,-0.47036768908456766,-0.3793549272226467,-0.07511621925244565,0.3216479950797139,0.5212228424749367,0.2541897388422644,0.4577989857844166,-0.2653854421688919,1.1749226759006741,1.0217825076991287,-3.622227007478708,0.014542366095910473,0.848960641125458,922.0,3.7111619259753934,1.8505228345851266,-13.599967500176424
1084,13008,0.1676185070971322,0.14774942006582853,-0.24243522297548845,-0.45905616392421716,0.2701198512689353,0.45815790207932355,0.2427845097567485,0.4283900767550734,-0.11259096199990148,6.257783229999571,2.4812045563873326,-24.775051448996443,0.04227675973823666,0.8346606234504916,923.0,5.092558472639828,2.1966283610988637,-19.97563175567577
1085,13020,0.4681111428501451,0.4177028650789274,-0.06069013805198991,-0.7073783677558508,0.2490572759210134,0.4484031468053528,0.25267797561511723,0.4447131174315432,0.014329304662543785,3.850649793903671,1.947567958118347,-14.239356673369256,0.04439750284433335,0.7503254644859018,1023.0,0.21162701650973592,0.4025969311941804,0.16246354279769415
1086,13032,0.48306714217014246,0.43320556985253283,0.10328466569641094,-0.7712659306238987,0.25464281034399205,0.45881639710243793,0.27379948928178643,0.47005152303428915,0.06996608718316089,5.978442632517086,2.4358084228756463,-20.835112432822136,0.04228844035585433,0.5891677402000892,314.0,1.0921274936048047,1.022875909885453,-2.9887857222436924
1087,13044,0.6343334145686572,0.5788606415086271,0.009820793221953564,-0.80871609557726,0.20238717892858554,0.3885008765031888,0.23059606582332873,0.4086375576295816,0.12233030426614233,2.480502094254504,1.5598995861117797,-9.756914197117924,0.0391570111373644,0.7023270794088657,791.0,11.418145529952197,3.3722405341940016,-48.515786356477626
1088,13056,0.5822868088186646,0.5387108273578082,0.008781225469084308,-0.8384814056040637,0.0927739967357218,0.25367325507761274,0.16280311523528324,0.3330569538072258,0.430146059541645,1.5992597047516155,1.251369668118713,-8.823274588083672,0.028028780176382512,0.8799284499377089,301.0,6.099664717896089,2.449637425636723,-36.46651106203249
1089,13068,0.4758733966286539,0.4398062054338669,-0.17697804789204377,-0.8528963244276883,0.38834823527323514,0.48375692611338017,0.11584794233065719,0.2873288481721505,-2.3522238501638486,2.5300351709552062,1.5386442650749397,-20.839275865029116,0.014030658542564927,0.9320599235587393,165.0,77.0470174269397,8.737678680418245,-664.070228066973
1090,13080,0.21141921375261266,0.1711735424780369,-0.32629903936262894,-0.83748495681982,1.180392602497554,0.8874884292395557,0.09458498170980616,0.25548917425846324,-11.479704295118303,0.17727429962886362,0.3993902110744498,-0.8742330592477621,0.011835142125151875,0.9580515107565214,276.0,15.801302127972239,3.9195152152538153,-166.05931367044954
1091,13092,0.07228607551126036,0.018284061059534482,-0.40742678364018187,-0.7911916483925158,1.3925675693752388,1.0050517086124047,0.09998633246265173,0.27091606373289223,-12.927579250848208,0.17255254299542652,0.38701962074150026,-0.7257612990243514,0.01382765985903589,0.9438782003234951,277.0,15.681520928439571,3.9127103989060186,-155.8366449914257
1092,13104,0.04970441897081129,0.003122712507796338,-0.5169280276339987,-0.6208364268008468,0.8281755764922248,0.8107521830689386,0.08898557950735768,0.24909175294022531,-8.30685152669875,2.357935145746271,1.5269106561173078,-25.49794673249622,0.018591175889629098,0.9473648458039257,305.0,12.106648975019871,3.4111069381851107,-135.0518079675915
1093,13116,-0.30621453447862823,-0.32652961403407965,-0.8199575258387468,-0.5861588941461943,0.18047752475588855,0.3805333958476657,0.050648454956439784,0.1901982946925376,-2.563337221463286,4.366741807223058,2.073890617652075,-85.21668343049508,0.00846811444597741,0.8881498026306051,306.0,17.782893388574248,4.180064792613078,-350.1043605154082
1094,13128,-0.7208654027641822,-0.7308848656015712,-0.9097312842979683,-0.6491812621250418,0.04643602030535179,0.1932293042877249,0.05793772519684045,0.20805722886716646,0.19851840665839415,1.8253717874242938,1.3194898842682359,-30.50575520910921,0.00888466323543163,0.8241442392585624,307.0,19.433625744087355,4.385540497240669,-334.4226573111493
1095,13140,-0.6044867049265137,-0.6037912259256403,-0.8363212464285523,-0.4771179732626687,0.07436739817083513,0.22859600229369467,0.0632962824973214,0.2165392612547969,-0.17490941389776293,0.4254811180448874,0.6446722790315451,-5.722055407644092,0.00820912439188051,0.881576323018073,202.0,26.42945748012508,5.1209921452687075,-416.5514965076114
1096,13152,-0.5192877552207223,-0.5034169394952062,-0.578826259909481,-0.08078453749710862,0.09666766229014416,0.2768178809556518,0.0621707871686192,0.2136533701860916,-0.5548727415653072,0.4786392573434361,0.6463722138388064,-6.6987807158573345,0.010363740434339517,0.8733650652809952,203.0,9.284423523731784,3.0370721999791708,-148.33739697634246
1097,13164,-0.18595967370630903,-0.14993422041039037,-0.293342045550833,-0.013079712636157785,0.06734170071104074,0.23811802016093045,0.059559676974243476,0.20878158683659728,-0.1306592670098361,0.6904524012142489,0.8241218870803083,-10.592614941696786,0.0077454013303997525,0.7882490297924701,204.0,3.856988229050707,1.9608306328193454,-63.75838058555385
1098,13176,0.037546072879974815,0.07781027414361406,0.009499768455446792,0.14140257211140214,0.07151186402733538,0.24456356728846232,0.07236607103581877,0.2310597426222812,0.011803971063464092,4.080265047100589,2.016943548549844,-55.383675232015776,0.006579750317846584,0.6671284626228691,414.0,1.3982753748965584,1.1768096039418503,-18.322250812876923
1099,13188,0.43715009070750765,0.46631606379040585,-0.0028461988146583016,-0.10255110273162125,0.05120573054702531,0.19994455802889105,0.07250694044225318,0.23069820572335076,0.2937816678693377,0.12196290727573644,0.3203897603697311,-0.6820859704164672,0.006723423745001618,0.6913073655075905,92.0,5.444704104573847,2.3302617536600865,-74.09217836753409
1100,13200,0.5782232894014139,0.5969598002766319,0.017317904596895927,-0.1956687704544258,0.041426794060658946,0.16673780400434152,0.07422616597568676,0.23737895976409207,0.44188422618745327,0.9087642240512642,0.9458194354715603,-11.243178831962512,0.005707523198669699,0.7904632736811973,461.0,0.07815129388935822,0.24901645504031147,-0.05288065013296195
1101,13212,0.618815029991576,0.6189323298617422,0.38584124418667815,-0.0647785301326446,0.03401314921686156,0.1502486047492356,0.06523227951321316,0.21465593297959001,0.4785840772286363,5.361396665409834,2.300886091709488,-81.1893195426944,0.006798629884916489,0.7638352655417602,462.0,0.08292911501531634,0.25551360739874196,-0.2712895461290541
1102,13224,0.8620929459294829,0.8610996747872146,0.5811209554487565,0.12069349424905577,0.03916723503044201,0.16407163969350916,0.07783753541149799,0.23818793203134678,0.4968078726622128,1.2542161014840982,1.0859776231428366,-15.113255575905967,0.023310790741118657,0.7764776594320189,463.0,0.0749852544484891,0.24989963906458415,0.036644029746444984
1103,13236,0.8917170440670837,0.8903904974047422,0.5694562242179274,0.15867767166362604,0.032944564282136865,0.15061960617159104,0.0652254147190375,0.21500978074363622,0.49491215312240466,1.390550927433434,1.16196792690561,-20.31915808313857,0.026778238072706455,0.8118949424710087,464.0,0.5432199160509119,0.7091682040125229,-7.328347445407058
1104,13248,0.9072385575839966,0.9053683168274164,0.6006513198239187,0.19559139017007843,0.034857425108102226,0.16652059468232774,0.07430655234062514,0.23124820574679344,0.5308970203823485,0.8019615390774978,0.8668554704330135,-9.792608643733919,0.029976162950187495,0.7869011129022873,355.0,0.16559347248951897,0.35430437481032717,-1.228517772301288
1105,13260,0.8897021823372963,0.8893106823254593,0.5714781707622967,0.14753833575252953,0.05183167277694919,0.19693275425003634,0.07386190273314544,0.22809308331330685,0.2982624213701742,1.0603982677942172,0.999682669330888,-13.356498120896157,0.03327489445473001,0.7296158795185994,356.0,0.30396593668341265,0.5113166251207923,-3.1153277323711333
1106,13272,0.9464010437957051,0.9462851559364776,0.5674422788247734,0.08359346940199275,0.06851027847685537,0.21835364993506504,0.07440601951576996,0.22908667001116553,0.07923742026900149,2.6944109596864245,1.6284600269314695,-35.21227122780515,0.03202518686362315,0.5516606166827748,952.0,0.1713393907664674,0.36732436865121315,-1.3027624899374293
1107,13284,0.9251719771071373,0.9271424401779016,0.4747510852171037,-0.3357702725601274,0.1123398804449627,0.2957140925443782,0.0947522429769117,0.26244941683634604,-0.18561710958479982,12.783174709970739,3.57177257884313,-133.91157895951463,0.022250496076281923,0.6430395364097311,1073.0,0.057698035950677296,0.20172529222698576,0.39106416758137763
1108,13296,0.9018570767643751,0.9090246669710775,0.35557751133385473,-0.49556083198335954,0.09955066288388996,0.2911385885322816,0.10955978143706656,0.2969031865047395,0.09135759876379501,0.8289536341500807,0.900996524711642,-6.56622205043599,0.014111525029640812,0.7486706212176559,1074.0,0.027472268459084393,0.13975523931377226,0.7492486010948731
1109,13308,0.9225946875467778,0.9316175268672111,0.25519424007917924,-0.5049744357011934,0.08165748759231864,0.26075363848781247,0.09163466085538252,0.26498017963740506,0.10887990603042463,0.5780844559389613,0.7501403878770774,-5.308578550329248,0.013582868502876813,0.7170581437832966,1075.0,0.018238921541597845,0.11457217982707124,0.8009604513036563
1110,13320,0.9502198433495952,0.952225138520183,0.026936963211328567,-0.5942044443036816,0.03672771969758454,0.1615683639226533,0.09240631796403637,0.2693070918553009,0.6025410328341553,0.07636756760584006,0.24525517225522736,0.1735676814267011,0.012722728952367883,0.7678797703423432,962.0,0.03781089480280444,0.15517809860696963,0.5908191600327581
1111,13332,0.9228235236319057,0.9327450997977044,-0.17251264614768172,-0.6935598064468504,0.024459510567156777,0.12162431834823366,0.08074026348369602,0.24287766352396614,0.6970593169776327,0.12017889412754623,0.28637301813055593,-0.48846299160039397,0.010343338817652778,0.842930558497222,847.0,1.538501699727141,1.2324136826058087,-18.0549501988907
1112,13344,0.89708480235565,0.9144656538112196,-0.35168521451565077,-0.8136715602601675,0.01917221364542933,0.109751389210655,0.05841291560677673,0.19624828226534427,0.6717812585406184,112.38923626901116,10.575696803694763,-1923.0477059147586,0.010812324855402466,0.889669936801829,404.0,0.07757274330211777,0.22231948738739882,-0.3280067001674922
1113,13356,0.7645248409983952,0.7978406616304838,-0.4408341580974151,-0.8615709057242489,0.032552568506299805,0.155055571003525,0.055845797770491645,0.1893034267832825,0.41709905121097124,0.14651718180479165,0.3372620448217858,-1.623602628203654,0.0082436578589056,0.8670734415539721,1003.0,0.021196843578104002,0.12286146902935356,0.6204397748024615
1114,13368,0.7527742580981416,0.7682951494235126,-0.4593419428213998,-0.834189917383169,0.021101504492304596,0.11721206375115648,0.03910868002319771,0.16116502705290445,0.46043935822461846,11.715907769170233,3.4116667280208657,-298.57308101988673,0.0061963659325638,0.8371691587135222,1096.0,0.2511327048143654,0.4918018265880888,-5.421405802123813
1115,13380,0.444504525975538,0.46393167008217884,-0.5095898416596264,-0.7921118842945457,0.04887637604653814,0.19067416129179293,0.025875242264847862,0.13725995342625696,-0.8889243836351581,0.8846008920861639,0.9345943715933966,-33.187153999632905,0.005079390772258453,0.7482285924941969,310.0,0.07349158405248596,0.25616447531386255,-1.840227863386077
1116,13392,0.1995798207031996,0.25525169589547075,-0.6272499104681534,-0.7273398127838214,0.019297124578568702,0.10901044121834855,0.028031036351777255,0.14014584617611522,0.31158005232492214,0.013150276213333917,0.09153255376875451,0.5308672840952544,0.009262000099502746,0.6355929893839192,450.0,1.4784553630254218,1.2049182897842845,-51.74351417020238
1117,13404,0.2032053019349004,0.27367217066478794,-0.4728100513524337,-0.7069314839326651,0.015317712271776359,0.1017773335217903,0.02130267359372229,0.12057537680605733,0.2809488346903859,0.04585624101639068,0.1762637631731241,-1.1526049683221031,0.008932948058882199,0.6104400620963446,475.0,0.2970984899681907,0.5342050951905508,-12.946535333280561
1118,13416,0.6812935184871616,0.7198400122454186,-0.5120058467873031,-0.6794423149649754,0.01389452045422518,0.09566808623237882,0.021585902686321958,0.12102793980536121,0.3563150609851711,30.032276742638363,5.479109645008829,-1390.2912134857581,0.008824911635658048,0.5535109932668043,473.0,0.35637934135738947,0.5874716118775486,-15.509818770896779
1119,13428,0.5181723402430847,0.540105666048015,-0.4923581735554997,-0.49372220865349153,0.015688074088244727,0.09858717221279335,0.03022412042624167,0.14348558112980478,0.48094191437168254,0.9328031168383908,0.9555122788431976,-29.862870571032317,0.013162319460691154,0.6006446688357633,393.0,0.07920338792483714,0.24475468567379366,-1.6205357445594974
1120,13440,0.34216996305471875,0.3670180255258582,-0.38527188983531374,-0.2943836191110389,0.029444779498175692,0.12991437686351823,0.054179031860548815,0.19146367922612478,0.4565281348333523,2.1824308797658083,1.4703349114304627,-39.281836068668746,0.009860902692146862,0.6179619567258937,394.0,0.17209044174206356,0.38118874429563676,-2.176329215055124
1121,13452,0.2317549106895785,0.22848694204223313,-0.23798033933463517,-0.06513344118230747,0.07062998536611356,0.20109021331059881,0.0905891106701895,0.24747124525886652,0.22032587754108468,2.6721015909644983,1.6046392275117742,-28.49694031871997,0.016704475245054754,0.6705226403105694,370.0,0.4961837942552322,0.6838328946922876,-4.477300644463808
1122,13464,0.15226931185436743,0.12005644142181376,-0.3236588403357358,-0.21084320886438496,0.13266957627593462,0.2808149527053334,0.1496162102645095,0.3156518606519797,0.11326736560573603,0.9012520228617444,0.9180419045857097,-5.023759198741921,0.03878785446890926,0.5845616688253903,926.0,0.07798111065584523,0.23305557112956943,0.47879236803297676
1123,13476,0.12379915416903954,0.060953718148490564,-0.11524356395813615,-0.2145261375851249,0.21511554262453658,0.3689432264275801,0.22628843036459778,0.39636706436762775,0.049374542578510705,5.68335147584208,2.3672215085480466,-24.115519457556964,0.06480911660713197,0.6745271275256246,372.0,0.6398833653363033,0.7451626832338911,-1.8277334563915528
1124,13488,0.19218395759330287,0.09110223976515891,0.06500751592141721,-0.3634551730456592,0.2941745722557415,0.45861466456278316,0.29483107160465527,0.4834002033077898,0.0022266966142363565,2.200424610597776,1.4533650572852794,-6.46334027353931,0.06922266717180302,0.7420706091483616,373.0,0.7876382658400338,0.8267754925756955,-1.671490021567989
1125,13500,0.16835798543699282,0.08325464257421308,0.03618370059168778,-0.11821176946507346,0.3756129852083467,0.5638140545496684,0.3587018462779407,0.5615038752179496,-0.04714539137694418,0.5642654758710041,0.7104648375884999,-0.5730765863797145,0.04109402936172613,0.6367453577051457,340.0,0.2474794569291361,0.4577777985910029,0.31006918560052177
1126,13512,-0.03324322559505104,-0.11268555252281874,-0.0470221956413316,-0.05651806421919469,0.41274857639904106,0.6157354392677857,0.3970132289891834,0.6148947822727198,-0.039634315082952565,3.99755373826358,1.992213044334442,-9.069069356811012,0.0131117684476339,0.635028599552281,598.0,9.010567752785567,2.991039278635453,-21.69588793231638
1127,13524,0.4297880497508595,0.3759012178786755,0.09780620011339457,-0.21387626406335683,0.4231096426202065,0.6326201106795147,0.41361248641358517,0.6308562851714746,-0.022961483317321285,3.618759563705557,1.8962429740184994,-7.74915454096576,0.009729975038091573,0.7211331855299835,211.0,8.223914480998133,2.8607542701435635,-18.883138810211744
1128,13536,0.7056303014976393,0.6663495305313896,0.20837379982206278,-0.4897145148075195,0.5058393501682767,0.6835724281313971,0.4015705064099208,0.6130909410464375,-0.25965264404134025,0.17262217204149063,0.386066785111274,0.5701323446665704,0.013516125012609995,0.8164327535574769,274.0,12.5150169144127,3.5279630594458653,-30.16517950060168
1129,13548,0.8745354733473052,0.8785079838820137,0.30762992795849375,-0.7072012736972147,0.6355343994944681,0.7531463240736275,0.3464180753256462,0.547891087389845,-0.8345878715971777,55.40611186141934,7.437381960133676,-158.94001412696343,0.01260848679935244,0.864553812174676,1089.0,0.09682648550557993,0.2784614993262384,0.7204923980523841
1130,13560,0.9374255229062456,0.9251722291729124,0.2206283711850276,-0.8175417505185703,0.929256958825869,0.8691082506471525,0.26590382306905297,0.4575246225857735,-2.4947107871576137,9.95060265387844,3.1518530125688473,-36.42181116100144,0.013318334548942594,0.9035526434222281,139.0,5.204137734459977,2.2339392490921774,-18.571503991157382
1131,13572,0.8576168381309939,0.82426683812112,-0.04586091441186335,-0.8888678246162112,1.1547797918811138,0.9396747963985179,0.21031682987364406,0.4039529473872025,-4.49066754465105,0.9320049084729285,0.9226587019794998,-3.4314328483976597,0.011429168535778534,0.9148648104209669,139.0,6.438982273185309,2.466641150559363,-29.61563012838191
1132,13584,0.47504129903257164,0.396735703722985,-0.2112732786664729,-0.8458292724855612,0.18469221176854048,0.3780105620927454,0.17297994471122563,0.3714863529103033,-0.0677088148968219,16.335335907933107,4.014860148012247,-93.4348544867642,0.008181590440050405,0.9338250530773955,303.0,9.702944140769214,2.9788625229451884,-55.09288496980041
1133,13596,0.13360016662452648,0.05755237578573327,-0.30264570579705796,-0.8439260480981743,0.6513772766030097,0.7023830208759081,0.13658374922542507,0.3310825966424598,-3.769068650531346,1.876669377842127,1.3662335055457673,-12.740063429835802,0.0076530803204820025,0.9231583239514738,304.0,14.920808571592218,3.762377845307359,-108.24292718723164
1134,13608,-0.2618143522774481,-0.3352396394202815,-0.4982438390747538,-0.7463973729182182,1.8140646307008326,1.2596387223223262,0.11178411020598547,0.30267753194183167,-15.228287073699843,0.8145071910439903,0.8878978768688655,-6.286430866990768,0.008483860291037263,0.9000191535224967,305.0,13.375947566936437,3.6056635878029546,-118.65875599213942
1135,13620,-0.49668360084963104,-0.5226772026781948,-0.7655904135952879,-0.4300875507786303,1.2659765178082878,1.0876885276177775,0.10153529311515318,0.29176858080382817,-11.468339618348459,0.26536507938218346,0.49147687641551824,-1.6135255165041746,0.0087911473833954,0.8723454307702433,169.0,34.32636601190534,5.85404938555175,-337.073244866444
1136,13632,-0.8065540390247031,-0.8189656971215603,-0.9015013714073871,-0.29163093315442984,0.19942863273615283,0.4345392444402641,0.11434686790135283,0.3117005867671524,-0.7440672962568606,10.712924769124527,3.270647351820967,-92.68795985183066,0.008994431889777034,0.7443419846933598,500.0,0.4103205920889385,0.629626462738654,-2.588385056973511
1137,13644,-0.8173064948809584,-0.8102150725505456,-0.8953995841171838,-0.06995282305624571,0.08278225965173477,0.2700958706396239,0.13907176337936308,0.3556274118774813,0.4047514920342279,4.104067396025896,2.0231024887114786,-28.510428977812907,0.0065790707136865155,0.7273980309204525,505.0,0.7281757593239121,0.848116035784964,-4.235971282952513
1138,13656,-0.7342301347677135,-0.7160236549094597,-0.7827055288147631,0.03187843774951235,0.0703299121204333,0.23244421916957722,0.1560092220275331,0.37592095603880843,0.5491938796539784,20.673564569701387,4.542288888369252,-131.51501610624555,0.008605936455050525,0.7267359878935596,502.0,1.1902181198878927,1.0820069448659786,-6.62915233099386
1139,13668,-0.524981909738557,-0.47711990463544085,-0.5719795151907862,0.053848170990634055,0.07818240573620014,0.24516358340705893,0.14494723821032895,0.3622107304224046,0.4606147264237501,0.03103623102223772,0.14396937527652395,0.785879114321572,0.008756503517347962,0.7602497947927812,421.0,0.9466739267968425,0.9610789530951832,-5.53116222485833
1140,13680,-0.04256078753970833,0.024198397478220047,-0.40205348622183673,-0.34107978329817906,0.058776714965086005,0.2142276727404691,0.1361646951947838,0.34056462458848114,0.568341008798163,7.840719827938367,2.797367119635317,-56.5826194647754,0.009724601295486916,0.7838953437336329,422.0,1.2035994875419647,1.0883785613247188,-7.83929190176803
1141,13692,0.2650974281300947,0.31219745566724477,-0.2856517922116077,-0.5068109941051828,0.07025183985838389,0.2319764966720562,0.12151624742706181,0.3043980379984018,0.42187286600870855,3.797915777499483,1.9417556142809065,-30.25438661837481,0.016057949713549475,0.8137819066435518,669.0,23.189973714930986,4.810198342203877,-189.83846157157214
1142,13704,0.7484982952541337,0.7736262962039558,-0.13099555215661926,-0.5788295840369146,0.062254620245469384,0.22328924842920916,0.10467748094898464,0.26921991211814644,0.40527208258087866,0.12051056719250976,0.30263367836119526,-0.15125589668365724,0.016565839549939124,0.8796908925472079,670.0,23.83021242882222,4.874751621039673,-226.6536673674451
1143,13716,0.7914303400330024,0.7912487883219739,0.16215681432128068,-0.561746727441594,0.06052270394980474,0.2127142728229036,0.08443931687519261,0.22655205992989502,0.2832402464925,2.2608396460461653,1.4970493567158196,-25.77472686554119,0.01137134783083537,0.8841238800296225,465.0,0.8868833730098092,0.933071865646068,-9.503204026634734
1144,13728,0.9293402985742335,0.9392954956331825,0.4017657713832286,-0.41457270840647936,0.04760611803388552,0.19064762453658182,0.06686480358988052,0.19804186842070767,0.288024259730416,23.82918556330932,4.880235902720077,-355.3786070391701,0.011681453567350663,0.8513622909560411,466.0,0.9296500207319124,0.9554722219689787,-12.903428572586249
1145,13740,0.8322645995408082,0.8866360218291319,0.5041493308701734,-0.0024405488063098534,0.02471038408526382,0.12809595504558716,0.034731986868641984,0.14392660458095544,0.2885410161324874,4.339240449002682,2.07957724157679,-123.93499048625968,0.011762765000276985,0.7940512503096087,671.0,13.292200180024073,3.643360010871437,-381.7077394188764
1146,13752,0.6829379830252142,0.7121049548662866,0.35082677662804157,0.018492923531276198,0.0615450149794238,0.2190225215675369,0.01804805271055756,0.1050561778620531,-2.4100640089233476,0.08080639070393036,0.2553402870049812,-3.4772913731940234,0.011937836270975246,0.840888093840931,1004.0,0.20007873362034373,0.42363507823101315,-10.085890363302395
1147,13764,0.2854393299959495,0.33711912689751783,0.04230675503643361,-0.02501434813944172,0.10291312516210735,0.29482815842336735,0.01693713009421156,0.09937798623273003,-5.076184370649605,2.395295446870554,1.5355213640562813,-140.4227459756698,0.012498923194947109,0.7747162189659321,1111.0,0.0325941356663241,0.1390304126244187,-0.9244190417751759
1148,13776,0.40842366836519334,0.4658347235900295,0.06400292553368514,-0.05496883525443989,0.02003971042898161,0.10800946347800171,0.017154185931143776,0.09901644826397507,-0.16821110074358625,0.07920002903565831,0.2515693551139428,-3.6169506004869074,0.009492175757406166,0.770106141625667,258.0,2.2006510137409743,1.4795840389494295,-127.28653149582851
1149,13788,0.7249738480134899,0.7632991118265607,0.06370349875578965,-0.3640970337060855,0.02127551391928579,0.12335426736506225,0.023260624047615953,0.118226661697199,0.08534208386956943,0.11920747671012673,0.326874456394185,-4.124861502688043,0.007556831916207805,0.8119177438418578,259.0,2.5839345434169925,1.6039752706924115,-110.08620895671228
1150,13800,0.8904770690900422,0.9011164091151763,-0.013699093702592544,-0.536087242907337,0.02947645434552352,0.15004701983050742,0.032163801480589935,0.14528813994208611,0.08355191275161189,0.08904627646923072,0.2819572313411945,-1.7685246261381127,0.006766066325002298,0.765292491868039,260.0,3.7801254080300524,1.9409635424315084,-116.52732059085943
1151,13812,0.9012246082243487,0.9071979146260919,-0.22662863227205027,-0.6749895596992821,0.040829214397356685,0.17310503345137965,0.02910382337371865,0.13492149548975885,-0.40288146588418017,0.0383863887299183,0.15737266536465022,-0.3189465946450869,0.007972390413082144,0.7248065429801547,233.0,1.7767976327349342,1.3290970346484932,-60.05031665150287
1152,13824,0.8368162983160138,0.8538262084065468,-0.369019885663769,-0.7296666843895676,0.03837491258843109,0.16645650663449066,0.02810012833969961,0.12933048329192617,-0.3656490149981044,0.9660910818891059,0.9767301848819008,-33.38030852422197,0.008025175371523837,0.7612620599967015,830.0,3.2062291832881797,1.787447903044172,-113.10016155543488
1153,13836,0.652298095585603,0.649232808722256,-0.47159074337603824,-0.7744777540790259,0.024533888328432247,0.13258426275173177,0.027536627469431602,0.12671638681126757,0.1090452759450189,0.3397533783144736,0.5751282134084137,-11.33823490881858,0.007053221111352245,0.7844411093607896,169.0,24.952937776315203,4.988408618845241,-905.1726169631864
1154,13848,0.8502592656477471,0.8517038499592365,-0.45059865424836176,-0.8052172123762189,0.01862411683364223,0.10880507013010528,0.02845834869221273,0.13528303475758652,0.34556579388815745,0.021487202375270156,0.11530898608724738,0.2449596212464057,0.011284271023019663,0.8326379234709567,170.0,17.544916877742413,4.180911732243862,-615.5121197823878
1155,13860,0.6203605585448714,0.6371424176636227,-0.46570983972680907,-0.6519663555782209,0.025662390979295475,0.12782317543622712,0.03043491426448554,0.14420993864073947,0.1568108010331778,3.765407188725322,1.9333206472232114,-122.71998672324733,0.012202825019275665,0.8090588194919068,405.0,0.15561901258162467,0.35388727867469705,-4.113174008944598
1156,13872,0.7252396517860052,0.7584690968114282,-0.4278746830303571,-0.6073145787107287,0.022000969344687638,0.11425340577905828,0.026255631583530004,0.1343791917843082,0.1620476058748207,0.22998049183641986,0.4639006295117109,-7.7592824078429405,0.011693280981186634,0.8325594902956199,406.0,0.06015460496281329,0.19992969122263807,-1.2911124712973159
1157,13884,0.7495695370319009,0.8014099633391663,-0.2665000673743178,-0.5335444185098722,0.02000507634672614,0.10606152123453434,0.01904141074321045,0.11588692463258946,-0.05060893945892664,17.811982433833137,4.214639510259583,-934.4339693651277,0.00987079999482531,0.7337175916260096,407.0,0.012004927930291403,0.09113215889452503,0.36953579268952164
1158,13896,0.6628264786106125,0.6654946225650824,-0.4616561479149427,-0.6237669461677294,0.02032913228670454,0.11326968037230153,0.02144892078463769,0.12328306261035497,0.05220721868371003,0.22659118225506225,0.4591601265292485,-9.564222998919046,0.013413003766164555,0.7710010333165065,408.0,0.11903974559592446,0.318265514462864,-4.549917722722162
1159,13908,0.8385435930048797,0.8346999489506718,-0.4697627367243845,-0.5783507475025887,0.02042708814160868,0.1091155253530025,0.0230164084783748,0.13266124616181812,0.11249888700919308,0.9109309056533277,0.9352816168920058,-38.5774565136519,0.01654442250380945,0.6676324294684631,409.0,0.14919433065826135,0.35835926717614264,-5.482085630277102
1160,13920,0.8862147059817497,0.8858034831289607,-0.437375730670708,-0.5093660784655536,0.021773236272907434,0.11523812620352893,0.02403794202021679,0.13879200243338993,0.09421379523274731,2.9523434091844662,1.711610779073227,-121.82014020590603,0.01780165162740746,0.6586865081179496,410.0,0.22706129312476234,0.4545776715000717,-8.445953939559196
1161,13932,0.8306368531226245,0.816558501551263,-0.4656515573172746,-0.5103165815644878,0.016473626876245314,0.09660227484637438,0.021032659733519476,0.1267061300209875,0.21675969254656324,2.74815484919707,1.6504203782242017,-129.66130884138116,0.012727664136505924,0.5846025159864138,411.0,0.4876683773952874,0.6858867718869062,-22.18624384999186
1162,13944,0.44838723476010717,0.4401915192658288,-0.3756399999033872,-0.4163555219745735,0.016389518643741316,0.10258623780130073,0.01731151094597478,0.11237026491809228,0.053258915707056875,0.04398422677111132,0.17830771439529838,-1.5407503081837235,0.01320113456848051,0.7061174603474785,562.0,2.609377444715365,1.6099789172869634,-149.73077404153966
1163,13956,0.6216944053772101,0.6206459256069816,-0.1728287079004394,-0.29190805020601035,0.028000443383723334,0.1342108227664311,0.02696340112804869,0.12923817523604764,-0.03846110699276206,0.3068295655173126,0.52611446445855,-10.379483028130787,0.017760811756153634,0.6981269104838539,355.0,0.24812413379395915,0.4732519699992737,-8.202256518590598
1164,13968,0.6780126166423388,0.6762467389445731,-0.07269994777282665,-0.3080247414345497,0.04249858902011022,0.16758508107685827,0.0489915983103056,0.17045859527492724,0.13253311821079217,1.163069402755405,1.057466738286958,-22.740180824244476,0.034370427564070674,0.6690990880298975,696.0,0.8881868874192352,0.9217443848048422,-17.129371525982673
1165,13980,0.8747285926392342,0.8720011453600143,0.1738991135285085,-0.07086110332649233,0.034381041036129135,0.14157964926606237,0.04729679455018426,0.15801375040951657,0.2730788341343273,7.3271658335580545,2.6984940299641913,-153.91886719265014,0.03264523875855921,0.6580860429627081,411.0,0.3196589331116694,0.5206129245612141,-5.758574997561309
1166,13992,0.8826601105228309,0.9053598569335952,0.18767633601058945,0.11133521390789591,0.03611857325758693,0.14904694585695621,0.045855056946075175,0.14953684592032182,0.21233173257069982,0.6962551092219816,0.8034872683383926,-14.18382389189412,0.02525816735211445,0.6584718678735306,339.0,0.13637964686407705,0.32927907920091,-1.9741462762647393
1167,14004,0.7092028766650355,0.7713905759952884,0.10951801185885583,0.026206427526923294,0.04248343490130439,0.1525438529567544,0.047318097958648636,0.1520611990966883,0.10217365587199345,0.1462835035948785,0.3512620589665962,-2.0914916259465013,0.0209393839014801,0.7754329234875759,413.0,0.3856216657758575,0.5810717996455828,-7.14955973320933
1168,14016,0.677041566618688,0.7211668611173413,0.0435604976874453,-0.0712036892465171,0.04793252695798224,0.17175256269683684,0.0568199636319653,0.17713550172979287,0.15641398033178677,0.11411218822840825,0.2961734821285893,-1.0083115323257963,0.02281277050565862,0.771886320202971,414.0,0.5863034096845406,0.7305155744579198,-9.318616419435774
1169,14028,0.638011070270344,0.6855094113025942,0.008784484120901409,-0.04073484099008768,0.05243311170772578,0.17488617105566492,0.06003230101690049,0.18714445308647137,0.1265850080781572,2.457247509610931,1.5565403497543193,-39.93208935834657,0.02800509170500066,0.7684306249196371,92.0,4.756718911308046,2.1735148188953355,-78.23599180329468
1170,14040,0.5904723212424252,0.5625080874701355,-0.11735244191166053,-0.1106436742143648,0.04960441529533827,0.1690864402998254,0.06585197302739716,0.2026546757820038,0.24672848792699398,3.462035419685735,1.8523468289949465,-51.57299455925769,0.026159666968932554,0.7131655886055032,1077.0,0.07292225395716832,0.24917179778121093,-0.10736627324483705
1171,14052,0.7492526259357997,0.8749218617222643,-0.4093329173846338,-0.4049871335051128,0.04770785838323742,0.17129833126587185,0.05614958659604826,0.18642009733310577,0.150343550586443,1.2038590489940408,1.0885790438437248,-20.44021215427376,0.013019082391796423,0.8248563738125553,461.0,0.06891806920775471,0.21944736840840953,-0.2274011864693779
1172,14064,0.3149824671525226,0.44730420004721905,-0.690446006417498,-0.6595809960933654,0.07317347005053426,0.21817537729964442,0.08334723396563214,0.23421870897367347,0.12206480564541566,3.052885204371362,1.7415522089631479,-35.62851253864292,0.008969446316092726,0.8926150167574736,462.0,0.058693380448919176,0.1978934944991606,0.2957969010330789
1173,14076,0.08121792771591005,0.20966208570060008,-0.7303720626259107,-0.6666372770186033,0.10961427933802496,0.2772413945538976,0.09050055382547871,0.2495468802326192,-0.2112000944149488,0.06616109967129999,0.21498448507286216,0.2689425989714376,0.011085000485794387,0.8655218078146816,405.0,0.14593091901643224,0.32781224519521995,-0.6124864749208658
1174,14088,0.07551265261654472,0.20559136668747335,-0.7260086484679256,-0.6353548880264639,0.14203737591893234,0.3232115410687231,0.08869762162695875,0.24179176896126903,-0.6013662295964146,22.460804778395403,4.73674002522368,-252.2289408261728,0.011825487075170749,0.890696687459112,1080.0,0.05577063521048024,0.2105290325588326,0.37122738820395473
1175,14100,-0.14632029209128553,-0.06830020134469081,-0.7419980182178233,-0.5553245743814941,0.13949660328089733,0.3197593247569941,0.07973966361219258,0.21699054310096433,-0.7494004484308814,6.851612356815107,2.614751214704736,-84.92477126737543,0.010278984906767541,0.8747794624085126,1081.0,0.09418010634764615,0.27403328432498314,-0.18109485394475078
1176,14112,-0.49470357246451274,-0.47194451336292204,-0.8063243637641753,-0.6144476181350524,0.15932053909890867,0.36450599948588874,0.11548780298736135,0.2730865715523178,-0.37954428933369044,0.6936128779919719,0.8197637996348168,-5.005940541339061,0.018015381794095803,0.8295521043464481,450.0,2.3596521186240182,1.5214939129581464,-19.432046134622993
1177,14124,-0.13084684462685617,-0.11457172477828469,-0.818483581714199,-0.7016800124632274,0.11285869352633687,0.303866457100127,0.10541614815430175,0.250093034007467,-0.07060156818802721,0.047770132080059376,0.1657602758115682,0.546842367925108,0.016014761196989198,0.8204384578697795,1083.0,0.1251339901607832,0.30924199986924594,-0.187047642621315
1178,14136,0.3510466756932718,0.27857233938339976,-0.8064216705273951,-0.8191550935858447,0.03932948849711254,0.15984294103749921,0.0946322246285445,0.22871487807952404,0.5843964500307293,0.05813090175085587,0.20074528109704842,0.385717687827435,0.015681532551485557,0.8345533349542776,1084.0,0.07452083403479248,0.23124806214352966,0.21252158736301852
1179,14148,0.8794299926395561,0.8513856416528438,-0.7561683718723083,-0.8439494832596974,0.028197243983868348,0.12940242150867198,0.0687202573019086,0.18894701709504352,0.5896807565782323,94.02594068052795,9.684250932290851,-1367.2419765607676,0.01694274751971957,0.8170124269077027,1085.0,0.05136691120032823,0.18711712533160382,0.25252155307483715
1180,14160,0.6301878691802384,0.5319491703703059,-0.7563428164730107,-0.8586345631288103,0.03439115651347874,0.14126296451543324,0.06948371998533014,0.19832648283125975,0.5050472755238259,62.64760472692516,7.9122445894997355,-900.6155833359488,0.014792607252073871,0.5950389188316082,412.0,0.523329919376692,0.7046896349330898,-6.5316911571110605
1181,14172,0.6888831540960884,0.6312506619924622,-0.7644875059197905,-0.8241386005113622,0.030657173545463084,0.1327816686213302,0.08285955015519184,0.22953154211801635,0.6300103791531125,0.18255273003230849,0.3766550604358061,-1.2031585941559695,0.013779212588167633,0.7403933047905238,1167.0,0.04676577406876662,0.175302105634267,0.43560188317246906
1182,14184,0.5652589133116636,0.48546707672278866,-0.6834500254052575,-0.6751506044275786,0.039428831535545286,0.15474434631596357,0.10288853625525127,0.27119683525715527,0.6167811014656854,6.805276148050804,2.6014432136803656,-65.14221949049715,0.01756443961470602,0.7486249210110293,1168.0,0.06419188099072161,0.21485268700381402,0.37610269008521
1183,14196,0.04298768125490988,-0.03884295025665833,-0.6300061581233325,-0.31980242979296253,0.04612051663594529,0.1751745647702009,0.07388628979866219,0.23250717817216676,0.37579059983087193,0.15617104663232215,0.35421215568621095,-1.113667461959226,0.010430350064747473,0.6579500125215146,1169.0,0.04455090208290452,0.18280943353178009,0.3970342508156205
1184,14208,-0.5341389663511423,-0.557046586418096,-0.7531863648446933,-0.3391977231783527,0.08593231183379192,0.27083689847851655,0.10445808710608133,0.278231433737845,0.1773512782545572,0.05976322412090439,0.22015816453765705,0.427873649838021,0.011440148905534487,0.6737720758567698,361.0,1.389378594868161,1.1707686628101108,-12.300823644771437
1185,14220,-0.5638225644342938,-0.5483697786455867,-0.7791940497057557,-0.46552924450762284,0.09426248678287841,0.2876638060628278,0.10221368990164544,0.2729122133770815,0.07779000177391138,0.27133531080844053,0.5058684939454364,-1.6545887451038257,0.00871480381458117,0.5989809867392817,996.0,0.9378275453196034,0.9478137934031492,-8.175165735842457
1186,14232,-0.3526549983519281,-0.31903911678486996,-0.7336531248042214,-0.5494248222308451,0.06861387936702079,0.23336168452058437,0.10066205201476955,0.26956991481804626,0.3183739254892849,0.3001897831976984,0.5208524743237717,-1.982154418565333,0.00848913185386531,0.6461481559293177,1015.0,0.093557072198321,0.2536661099729098,0.07058250526629517
1187,14244,-0.11659468156912388,-0.07176666551156535,-0.7110732922622874,-0.7464732950175748,0.04623220591095733,0.17699389752446756,0.0922387866947971,0.24675842488897995,0.49877695091619045,10.775000431914057,3.2700600718551747,-115.81637213601641,0.008328256620167914,0.7775198760177823,910.0,0.12501655325626176,0.3330267263125243,-0.35535773762854106
1188,14256,0.16319317244960344,0.24830034841550014,-0.4941789981572818,-0.6479566390610674,0.11357253846440354,0.27773875847518453,0.08847761461455256,0.23954305578096788,-0.2836302036303253,4.377561397415097,2.08839612284828,-48.47648528371478,0.01070195728343953,0.8502441823678306,911.0,0.27948732835048073,0.5053220296352743,-2.158847913882518
1189,14268,0.6130448037897811,0.7004240973465105,-0.4906845380300142,-0.7428561389307008,0.13104664604118454,0.3111227065563027,0.06494367771430991,0.1925572625416257,-1.0178507077727335,0.01779976760787447,0.108739104347722,0.7259199319420062,0.007587695704215795,0.847007095914754,144.0,3.594509189905404,1.8820427683529066,-54.3481003296088
1190,14280,0.5940194491420434,0.6459791905673723,-0.47890568294125657,-0.7028209837510492,0.2090359373965474,0.4024779863479729,0.06592068827345347,0.1913816246746365,-2.1710217667846625,0.210553349277435,0.4387978052803912,-2.194040517356456,0.012933663527434469,0.8842264640415812,670.0,15.780910602913268,3.9537256947550423,-238.39238221316182
1191,14292,0.7395856558674155,0.7313847909434061,-0.2252362622869039,-0.3872820395675837,0.10993802724274372,0.27910657851539283,0.041153763148359904,0.1595406702191411,-1.6713967042677376,10.874709353428269,3.277159460996401,-263.2458069806347,0.028415639487971687,0.8812435799592171,671.0,9.584111962015408,3.082401822701304,-231.8854332826028
1192,14304,0.48671203871200697,0.5349124620724228,-0.21095184873383457,-0.3643769125345088,0.03849586955144045,0.1533637622604255,0.04115393627381849,0.1587265679520096,0.06458839574160158,1.578920403744914,1.2392376595865395,-37.36620616894426,0.025760464834697468,0.8229918356990817,1144.0,0.25068172665828575,0.46978873480988154,-5.091318336850457
1193,14316,0.4972796796416042,0.61764834564207,-0.16806241409339126,-0.30294919354864414,0.04326743663345563,0.15362570459949182,0.04009138503915731,0.15575221568734912,-0.07922030109950717,0.72820269748495,0.833564560382492,-17.163570472152895,0.026189181032732906,0.7002594258309623,219.0,0.11070324872190898,0.28007414396505487,-1.7612727426050503
1194,14328,-0.0014993793845573104,0.08763941563852112,-0.21093828979972615,-0.152268868509219,0.0570814960081243,0.18969862159692172,0.04910231057256935,0.18388805120105312,-0.162501221276794,1.6008477742989349,1.246635303823044,-31.602290108792495,0.036399063842021025,0.7182561438365649,566.0,2.558168973447441,1.5845523983430305,-51.09874939931124
1195,14340,-0.34339076424693077,-0.32351609852534924,-0.29108412167714093,0.16003520690561382,0.07870432656800345,0.22721417756806547,0.060548921907482976,0.20427262241795435,-0.29984686908647884,20.55214236141028,4.524836148807365,-338.4303600122454,0.03635723462324072,0.7257057315169704,567.0,2.909833171531859,1.6925822449997678,-47.05755544215966
1196,14352,-0.4098045711020638,-0.38456074032950127,-0.4361117181650048,0.09404185724143975,0.12588766125309206,0.30597961646732674,0.0805976517101638,0.24630073311245582,-0.5619271601832161,3.6919552891895338,1.9121349099788842,-44.80723148691885,0.03340154301405558,0.8508736591477298,234.0,1.8037819367548533,1.3295835677307923,-21.380080541817904
1197,14364,-0.14761302089996184,-0.11884895420191811,-0.45883813564195586,-0.02256862744865475,0.11191719877017071,0.2899101163250575,0.0791191079970802,0.24062253877036333,-0.41454070455775205,1.824992596203719,1.3404137209454696,-22.06639498856671,0.024989980832860473,0.7487365459583128,403.0,0.06165483532864735,0.21341951826658223,0.22073394291903992
1198,14376,0.028676337724496664,0.04030763514767744,-0.4460417038273492,-0.2985554326531371,0.08567907164102355,0.24620031061412964,0.07593074975297567,0.2278161590692554,-0.12838437549690918,0.20571135922656128,0.3968877635003177,-1.7091969972086254,0.03729404791317735,0.6813807015650412,478.0,0.9886154082441172,0.9682678405473114,-12.019961102193305
1199,14388,0.3832692083438105,0.3576848504686279,-0.6672053073065994,-0.6636083258382961,0.07023434137916304,0.21979919785900887,0.09643340299184275,0.2628083917728756,0.2716803597078895,2.6568951582961544,1.6065716283174254,-26.551606350767273,0.04162801279586008,0.8312839800534657,1013.0,0.1495907002003958,0.30880635374817866,-0.5512332403435933
1200,14400,0.537095367358306,0.47751363848138956,-0.7092190783791951,-0.7225504245880194,0.08335448418849772,0.24515019863850415,0.12099167870814356,0.2947339610228991,0.3110725871523312,1.783513908242443,1.303059939276784,-13.74079810517085,0.05664373108750177,0.8276132681474425,1014.0,0.1717336902572794,0.3341896088377324,-0.41938430882950084
1201,14412,0.40930835575613034,0.2983426947699976,-0.7441145230109436,-0.7665666639039989,0.08478123925466824,0.2463174918402865,0.1314557263079294,0.3102454649861921,0.3550586069101941,6.4529270389604845,2.523411630079382,-48.08821563120635,0.06227432752369469,0.7996577709857066,289.0,0.9812490821344226,0.9557653042326653,-6.464483364048278
1202,14424,0.7022656893396275,0.6480742414433905,-0.8031800665695553,-0.8193879382593633,0.05517121440297689,0.19169936676443952,0.11511394600919986,0.27904168815164465,0.5207251917281366,0.32354729508901575,0.5178049650131344,-1.8106698302493949,0.04916689131090224,0.7335459269432633,190.0,2.135032029946571,1.4359336712154445,-17.54711878069005
1203,14436,0.3968313474408672,0.3277193936167448,-0.6685723887532653,-0.6837484474011549,0.07189104557672422,0.22152724687501177,0.09498822438504312,0.2391751112823701,0.24315833839247747,2.767622201673762,1.6411890478920728,-28.136476859015303,0.0605462440838322,0.796066669362808,191.0,1.5263240870590538,1.2080330614513162,-15.06856109734155
1204,14448,0.3052575904358796,0.2823127338480608,-0.4994264774653096,-0.5212542842833026,0.07445816976949132,0.2256815214818119,0.0932922420788979,0.24043664750412913,0.20188251337639063,3.2681131614063466,1.7866800223349524,-34.03092099172063,0.058648886717873126,0.7774137101489619,1119.0,0.07760294102009774,0.24700121543198575,0.16817369493094192
1205,14460,0.8079549020922675,0.7780098807499075,-0.35504476306963373,-0.5569315665197321,0.07367564704406722,0.21795553306891394,0.12447372435209719,0.2849903926045496,0.40810281505145707,1.7256642685073014,1.287068813246717,-12.863683098498262,0.05860734406448905,0.6969099687432951,1120.0,0.11135326610127827,0.2861602169912064,0.10540745301157095
1206,14472,0.8543142993820504,0.8496696233977549,-0.2965950533667513,-0.5741352832950674,0.07978779877440148,0.22190448153987857,0.15369038450556435,0.3185403183826723,0.48085367193864514,0.12158969263750907,0.305985239359402,0.20886597409022079,0.05195107813076706,0.736543187971682,234.0,2.403082043370134,1.5284080793243224,-14.635864605980803
1207,14484,0.7684921083012499,0.7505410157748871,-0.3630111908163238,-0.621121688467552,0.0755852885270575,0.23630125411444805,0.13235978483224012,0.29581344546419935,0.4289406814701434,0.3140941056425618,0.5334743597710542,-1.3730327609754087,0.01710740781414471,0.8132812932122877,143.0,5.337057181843263,2.2789579046942934,-39.32234706793861
1208,14496,0.8595198773072648,0.8490756469467394,-0.43006107500011737,-0.6367251392971075,0.08997898025806075,0.24852928922192286,0.12841109846658205,0.2872455151802953,0.2992896927715555,4.337489870705341,2.0750115312216466,-32.77815408871483,0.021443208042758576,0.7992063484006258,144.0,2.1876731512873677,1.4388305794275866,-16.036480315264118
1209,14508,0.8844902441493744,0.8800938019412564,-0.4772148821729244,-0.6589725523655693,0.09776101831395415,0.2606925905326086,0.1391645926539788,0.3089788000636288,0.2975151477141258,0.050784959330935533,0.1912923457991941,0.6350726980015088,0.026855019987117333,0.8017020102355582,615.0,0.1274203622761032,0.30619008493509886,0.08439093704730372
1210,14520,0.7749429611506836,0.7520443570613736,-0.4352814152799536,-0.4881780713426782,0.07991037740713064,0.22990857358132363,0.1425694473537215,0.3233223586953306,0.43949858198671954,2.522105954270392,1.5714608205882665,-16.690367754691003,0.043478309531824806,0.7803907315823041,616.0,3.4070218071200222,1.8158360703866727,-22.89727862707527
1211,14532,0.7644937298217368,0.7447916381763864,-0.49081686427015264,-0.47368737083114043,0.06601867828219342,0.20547820292926752,0.1555142412246278,0.3499287106412323,0.5754814622614868,0.06789540515839476,0.21747439258420062,0.5634135843525397,0.04338765852196981,0.7612086346827954,493.0,0.9705700315107378,0.9489362528979384,-5.2410363441173695
1212,14544,0.7078809213267766,0.7051502470943302,-0.595221012220886,-0.6369695335099357,0.08363994132886758,0.23845853126442018,0.1733120379025411,0.3718478928658754,0.517402585872881,0.922598600770618,0.9229182428895466,-4.323338251261142,0.024758936121829365,0.8098598927215146,90.0,1.2119783864408742,1.0172917691756012,-5.993042151650242
1213,14556,0.47809016984016667,0.4655729664561972,-0.7254319369492483,-0.8077602661119136,0.096383318013017,0.2453554514550302,0.19109531111250053,0.3862799103246349,0.49562698607358935,4.859442841522389,2.2004726215194275,-24.429419556304897,0.014532407825647948,0.8492969316809458,91.0,14.581901412544202,3.8153168535893824,-75.30695555873493
1214,14568,0.020448536561808405,0.01178362836567054,-0.7988459537010493,-0.8127372334477956,0.16564473317221962,0.34873034131191777,0.264812466833856,0.4587925698841299,0.37448287404027114,1.585758665119735,1.140741162613743,-4.988232669252101,0.016482870408947633,0.8241298007573696,662.0,0.1897357383431473,0.38058260207464356,0.2835090409010541
1215,14580,-0.26488315444834026,-0.2611003118503689,-0.8061780246351066,-0.719870547898865,0.30254854093798794,0.4911459059298538,0.28015112093650973,0.4822425170589598,-0.07994763657059978,4.4182134035568374,2.0956205633355163,-14.770821793563806,0.01867987242241141,0.7530791394012409,1049.0,0.26346090736793404,0.49044103935681294,0.0595757515186176
1216,14592,-0.32327946279273484,-0.2895914951063464,-0.7249426540490655,-0.7500487684426234,0.40130869678312814,0.594862783018339,0.31107806581802466,0.5181373107039374,-0.29005783717932343,0.05473481307576279,0.18458463183300564,0.82404798315873,0.02413474410345828,0.8384225734313099,900.0,1.593237924799441,1.2392350897552094,-4.12166590919804
1217,14604,-0.3124491020397196,-0.2702173379097934,-0.5919652281278457,-0.6746258543616817,0.3947533732441285,0.592129748040665,0.33804043141226386,0.5572782466930757,-0.16776970019512039,0.26074508385292416,0.47077293185974217,0.22865710837137299,0.013149031984123937,0.8609724571384499,403.0,0.2999997765035757,0.5204491037653073,0.11253285516694589
1218,14616,-0.07117339922684335,-0.005485649850389856,-0.4948438102693817,-0.6089488674410186,0.385496490623102,0.5841560059192675,0.3756740856094275,0.5995755874532859,-0.026146080844890784,0.33872542195727684,0.5673759195291953,0.09835297420691569,0.009291559785303218,0.9168656665293526,912.0,0.2438929924332037,0.4117284858204722,0.35078568957570055
1219,14628,0.009871709394459322,0.08876975243387705,-0.31497569485427224,-0.5855812812590294,0.3845005671407177,0.567944897440633,0.37302862986084245,0.5975858447210197,-0.030753503515681402,6.696091819794703,2.573798993184297,-16.950610982038206,0.00941673140166144,0.9308539452289976,913.0,0.2801114024050978,0.4414974695733855,0.24908872943722105
1220,14640,0.4801222547005036,0.5576735016501093,-0.051227854131369,-0.6828982136103241,0.35761445108104684,0.5400477909063023,0.3157807659850661,0.5355308531542882,-0.13247698910819383,0.23192890631028104,0.41819724239398925,0.2655382110218536,0.01165190310632386,0.9402624449952482,914.0,0.2692181714654637,0.46844992069064717,0.14745228188408555
1221,14652,0.6894959006349978,0.7416293632667952,0.40426749567282133,-0.5697456970618292,0.33134757599538045,0.5439343175110315,0.24968545683786805,0.4782617493714665,-0.32705997454444957,0.8637690784426423,0.9059898695819343,-2.4594288725575484,0.010924061359923944,0.9126905045082676,671.0,6.064469812272412,2.4456070453160246,-23.288438297831433
1222,14664,0.8717419177186787,0.8779481375066207,0.40842075109796083,-0.5274395146273239,0.34845426971523247,0.5694010986437691,0.2378426716516574,0.4564361596417281,-0.465062039942,0.7084269436722531,0.8169000806933397,-1.9785527498186277,0.030710615541235928,0.9206239122510099,560.0,0.9260479878005871,0.9325902687793456,-2.8935317256983644
1223,14676,0.8405841018597682,0.8588165681085445,0.2817744283706197,-0.39730746879834145,0.26526865391211457,0.4788088655221183,0.24193640339463918,0.46004384392827813,-0.0964396022677767,1.524339637149008,1.1423204457244196,-5.300579886948854,0.06348910726568986,0.9216226564227419,561.0,1.1592030772649964,1.0307419045069812,-3.791354508871243
1224,14688,0.3999616217658869,0.49750529592110787,0.014898469913237379,-0.35136138358080093,0.1494412550396125,0.353532110310162,0.26137576237462506,0.47753996104424873,0.42825128970672843,0.7123385262256934,0.7053453470331807,-1.7253427010753648,0.05412817805196931,0.9345485282307401,562.0,1.4042866517902814,1.1188069942715317,-4.372673575515175
1225,14700,-0.07201277369624799,0.01977232345160757,-0.1877776444550108,-0.028957093446898566,0.291773517067926,0.455377767555359,0.27053312916050165,0.48511173739518626,-0.07851307517617512,1.90058397853193,1.3197087310538878,-6.025328041817582,0.053970227338325204,0.9241150323386635,563.0,1.7179286155748348,1.228875894442497,-5.350159852531863
1226,14712,-0.34443587280812965,-0.28015344760188,-0.4268548283554816,0.46945210775226653,0.5914131490452057,0.6573646424085451,0.2785639584953432,0.49160916075660555,-1.1230784924213104,0.5213946702071272,0.6149095483678644,-0.8717233665956947,0.0659095153859299,0.9198055230735007,694.0,0.9450280653526051,0.8883095274031121,-2.392499411830419
1227,14724,-0.6344625712920636,-0.6055202636913263,-0.5928453974727513,0.5324009033675919,0.7554294539940555,0.7882127284791767,0.3032384502326421,0.5238090895755103,-1.4912060242178922,0.2674919386834984,0.42636110183775267,0.1178825162894721,0.08253491722909281,0.8870275029157845,917.0,0.7193469387534198,0.784626466421144,-1.3722154568510114
1228,14736,-0.7137010316885957,-0.7009321355425354,-0.7904493388279741,0.3355392110087155,0.6233285094741559,0.7447553526136508,0.31444173417734145,0.5364372646235389,-0.9823339007620595,0.6054970862311951,0.7230133911607761,-0.9256257055550454,0.051359666626774624,0.9101501228640282,128.0,12.272367210150874,3.492419054164424,-38.02906604385219
1229,14748,-0.8649459987597826,-0.8588469432874056,-0.9656404772675967,-0.49210898347889237,0.6177840805418972,0.7741759194821013,0.32748127947428846,0.5593474657378126,-0.8864714390197723,7.4782539585020995,2.716707253710576,-21.835668562511646,0.010891679414174163,0.8691224152798093,129.0,6.573844963068948,2.5579350654055526,-19.07395651324576
1230,14760,-0.6597484013600382,-0.6621316532590408,-0.9201019663760698,-0.7695297207490818,0.16526486956726483,0.36524721288729683,0.3188211416666595,0.546810313809932,0.48163767087925435,1.7448011840132498,1.3109813884685333,-4.472664625978633,0.01348946569184605,0.7345551261222005,130.0,3.4521204282247964,1.8528492457075458,-9.827765091670518
1231,14772,-0.1624642335195628,-0.23036430430077792,-0.8437315867157252,-0.8919287761570712,0.19509994914044856,0.3339317850632131,0.26888551557320306,0.47935020845650167,0.27441257397394714,0.2149307302445529,0.43472331380442897,0.20066080991246693,0.015517519682728161,0.876378502108445,301.0,1.7486069272579805,1.2304558924938354,-5.503165198505938
1232,14784,0.3268620279427252,0.23846499669343899,-0.6750251978186952,-0.8572897706766744,0.5834528939860083,0.635989962739834,0.21542736421046918,0.41054138794652645,-1.7083508918392738,0.4193843710055812,0.6135468964936542,-0.9467553369675412,0.009179173464811105,0.8957470707140079,302.0,0.5540257317422443,0.6410334087239652,-1.5717518931391177
1233,14796,0.609877257536218,0.5448854876507632,-0.5516160246859787,-0.8604177736133527,0.7509259131916625,0.7489758817951528,0.15810491611479072,0.3336095074255128,-3.74954183364203,0.11987212260894602,0.28915889011300516,0.24181913153216628,0.009910074024351742,0.9189309550874445,363.0,0.9391066049977849,0.8114205112081946,-4.939768528866962
1234,14808,0.8285627544051992,0.8012190645727965,-0.43365644356175337,-0.8790109641803062,0.5356735976066958,0.6161325723785611,0.11927973525556328,0.27598014984550634,-3.490901966364916,0.734630206194713,0.6505968206546161,-5.158885284417575,0.014847278904051414,0.8985378422551135,304.0,6.389429600170457,2.3631610693103324,-52.56676543991952
1235,14820,0.7980624980816086,0.7631811275710795,-0.4258626552277861,-0.8774268233508287,0.2307958394536006,0.3893326771186749,0.09285993796483138,0.23196871215671444,-1.4854188416646297,2.5616088855439605,1.5918156924122036,-26.585726866564485,0.019868198038052023,0.8692695232629866,971.0,0.28163310937532765,0.4870288220116865,-2.0328806538939306
1236,14832,0.2806855563515696,0.21462500240311064,-0.43895874987742406,-0.7430035262375985,0.14177761785849002,0.27598772463434124,0.0748069764668306,0.20860722740049625,-0.8952459323276378,0.08808625718685333,0.25684549417966424,-0.17751393449126707,0.03837267534201783,0.7966864455299885,882.0,1.385273356316145,1.1486325402647453,-17.517970137857063
1237,14844,-0.4139558033501695,-0.363483618551988,-0.5683710700874328,0.056264508641918995,0.6488234373358779,0.790670157663619,0.04952177413361897,0.18407650951135482,-12.101780957710268,2.7816929672139965,1.6451705108956074,-55.17110888855619,0.01850702030637849,0.7391314779176303,321.0,0.20561275696426917,0.37559557168437824,-3.151966696699671
1238,14856,-0.5572217657824683,-0.5130341122127745,-0.5098913543923217,0.1891487978316053,0.4952483230045398,0.6614320418855324,0.10997145018133624,0.2564045523477645,-3.50342631826629,0.13049778165748027,0.3037970297711171,-0.18665145764921132,0.03871233078653132,0.7400206346540658,464.0,0.16357229405643564,0.3163933574456744,-0.4874069023070522
1239,14868,-0.47676935637715306,-0.430250551897432,-0.45407781975830064,0.45143387017570785,0.24087217929317586,0.43188534161503844,0.16413968798339584,0.325396705332839,-0.46748286323988975,0.08166144218691901,0.23989417008228525,0.5024881356227522,0.05108422223036635,0.7024883574993056,87.0,0.9604947505733615,0.9434076506693001,-4.851691095395063
1240,14880,-0.32966713978470263,-0.3126103523036327,-0.435040129885985,0.4423037591066173,0.3667028384187647,0.5584932365135875,0.28989159805759146,0.4440900299351593,-0.2649653900832045,0.13874834556718066,0.32713670614165996,0.5213785204646871,0.03239066913283782,0.7709671302937309,138.0,1.2390476509102535,1.057654247462252,-3.27417579264956
1241,14892,-0.3581129640550288,-0.3410795340809653,-0.388911186058358,0.37877107347068245,0.4152001533069334,0.6074981630673817,0.3571950679201365,0.5291347142118434,-0.1623904991873122,0.20397370619506794,0.3908561475729953,0.4289571035155686,0.021433745002005705,0.7611607011654673,303.0,8.739686462246924,2.908975050946413,-23.46754517954595
1242,14904,-0.24868509110730108,-0.21476362268993848,-0.3526131940200077,0.18511636123435643,0.3936083817954385,0.60634307482167,0.3831220426712116,0.5719705158676309,-0.027370753849383922,0.5193113722316612,0.6979950307995714,-0.3554724458319014,0.014446230284897285,0.7502110367285145,1092.0,1.1442248289566763,1.0280122796772935,-1.98658051877905
1243,14916,-0.17903910644096352,-0.12390627650085505,-0.2734877804683557,-0.054065625717761946,0.3821386740937332,0.6021996688317808,0.393597670306878,0.5887461177476278,0.029113475707847836,5.069382956707807,2.2461000265269058,-11.879606103245834,0.014728737398117215,0.8374559817598308,199.0,2.969528073444539,1.7160302402313676,-6.54457736279098
1244,14928,0.2984288791751227,0.363008651491627,-0.06657757645224804,-0.4937669821990638,0.3632367273058505,0.590227864197114,0.4009050004588351,0.5982166120295309,0.09395810256762405,0.13926269819727705,0.27402901159024556,0.6526291813823946,0.0116780038318448,0.895983855060457,200.0,7.430451543083138,2.7085658747798576,-17.534195219762783
1245,14940,0.7891537722264099,0.7892273186242451,0.31250427371191075,-0.729321695184811,0.2466100950939338,0.4073541297546289,0.3461044938277813,0.5409500738388718,0.28746924847313615,5.66268632168537,2.376567334821085,-15.361204268278225,0.010864607950028074,0.890314586305442,557.0,0.051063867800786394,0.1888659219453912,0.85246112456952
1246,14952,0.889119878679076,0.9137944950272895,0.21190275106838707,-0.8118278442342817,0.23724018551234824,0.4049845129002332,0.291653903366994,0.4675374170197813,0.18656948261781314,2.0634470816564794,1.4313541849099247,-6.074985309077117,0.010651915261006954,0.9398541376752719,558.0,0.16535889978442694,0.37173933406960247,0.43303039021441625
1247,14964,0.8505480869877543,0.8637883608743271,0.32886822538557153,-0.8026723170895995,0.09014501492056348,0.2503086484708078,0.1661855849291764,0.34559794357793683,0.4575641746606317,0.08088250754647434,0.22273217624221062,0.5133001001203312,0.006822916553907452,0.9405269912656653,559.0,0.46717030048645325,0.6537972182492408,-1.8111361204135004
1248,14976,0.8068136482017233,0.8145177344684317,0.24365465086809418,-0.8383361692934623,0.33926585721051195,0.5226279687658755,0.0941982086856995,0.254148145906113,-2.601616866648727,44.41502716311793,6.65929652029381,-470.5060698374055,0.007408503450835608,0.9503789797664267,560.0,0.4664392866329566,0.6604249668560608,-3.951678945289413
1249,14988,0.7418945658970459,0.7679316598027575,0.12646438224752624,-0.7737353609510498,0.3647233636041608,0.5705242007413822,0.06684439557788804,0.2099559356795977,-4.456304308701243,0.6522007379926053,0.7984939197038797,-8.756999556270229,0.006496152319864538,0.9179436696848738,645.0,0.8439218894670262,0.9114411900398798,-11.625170474967888
1250,15000,0.526405919431562,0.5920477754014786,0.03211873375534257,-0.5344865841656615,0.17254589530036127,0.39055116295211184,0.046278016799768375,0.17180474117133968,-2.72846347428667,0.02545821563904501,0.12778299817127406,0.44988533650447116,0.008298800310566762,0.905728691241772,128.0,8.299847391900425,2.878710017533607,-178.3475167229285
1251,15012,-0.20758789301634953,-0.14287816011854443,-0.27314845901180107,0.028764357078612027,0.04303533256222117,0.16621205928839397,0.05810039826985764,0.18532906608412825,0.2592936736451288,0.10385063169590415,0.27971224577930126,-0.7874340759860441,0.028028400427235933,0.8102513226796563,129.0,4.111734639790755,2.018048487063807,-69.7694742589039
1252,15024,-0.380673222142291,-0.34397981094918145,-0.4328121841809444,0.5297434585217377,0.143635894965186,0.31397193212569696,0.1051092632594292,0.23817894966959158,-0.3665388806947103,0.8076223656225239,0.8683485756161102,-6.683645956390749,0.036064417037183896,0.853880647749967,694.0,0.554669214252314,0.7026566538429889,-4.277072610463335
1253,15036,-0.596062390521393,-0.5960854853362976,-0.5260921052503846,0.6786651865470977,0.16955990939778023,0.35503063518443406,0.14644194392371226,0.29933137559537926,-0.1578643717411392,0.46603245270662497,0.6098189749798227,-2.1823700247341757,0.036341504675325466,0.7951058009833846,111.0,3.1155630896070696,1.7514933364011964,-20.27507328931728
1254,15048,-0.641708133627792,-0.6707556096671642,-0.5075847902136685,0.7520791429273137,0.2178106185802669,0.4132364657923499,0.20993638352399277,0.38195170350437946,-0.03750771983444312,0.3503666707481762,0.5407658154520252,-0.6689182926128392,0.04045073665101558,0.8392459088411253,74.0,12.983204012453673,3.5963653017386292,-60.84351561419498
1255,15060,-0.485795668254134,-0.514736161698075,-0.645035121464085,0.016915293273986394,0.1845729406175304,0.36316710870904195,0.20977243229301074,0.3818593965947416,0.12012775654086716,0.09107353836934722,0.22449063575453054,0.5658460104894267,0.023520581713186994,0.817228641216126,565.0,1.4621167907464478,1.1798576248637902,-5.970014004052539
1256,15072,-0.2363884282869661,-0.2830892831693885,-0.7528602576742999,-0.45257995673507095,0.16541339826814228,0.3353100014830722,0.20642562302891304,0.3701376331687957,0.1986779749480343,1.601128057893803,1.2444991944770318,-6.756440476720957,0.0328025358803119,0.8430491016981569,866.0,0.5164909135764473,0.6732244337839186,-1.5020678440878674
1257,15084,0.04977239710006965,-0.012826896688246374,-0.8528114748370793,-0.7968696274884629,0.13545561155602553,0.3092079129598365,0.20699081063710392,0.37356839429927485,0.345596013952976,0.5832326058673011,0.6760529495908931,-1.8176739057746087,0.036196710052383,0.8720753903219013,689.0,0.706129546576825,0.784287030953471,-2.4114052909083514
1258,15096,0.47678178831404755,0.409828723696688,-0.8351218276973598,-0.8453164522017608,0.08895708671173126,0.2350765878684244,0.17736597757110678,0.33154028635575084,0.4984546194826571,0.4530234114210346,0.6329255689166122,-1.5541731149617775,0.02783710710582631,0.8384973638413158,68.0,16.00088171596095,3.9927035428597604,-89.2139290470526
1259,15108,0.8366794528398187,0.7973047998757007,-0.7508067093220823,-0.8518427663306384,0.052715262451479165,0.17712168640129067,0.14799759232386342,0.3028608619716175,0.6438099997186288,0.266210363643928,0.4272113127530543,-0.7987479354487022,0.03604885263305295,0.9024195934664709,957.0,0.12597568142330276,0.2709105092937873,0.14879911595027895
1260,15120,0.36998910839613686,0.26267317859295913,-0.8035871834396408,-0.8511194187222125,0.05256702248661317,0.19254775332134955,0.15533697923832143,0.3091672626532288,0.6615936350483314,0.22086875385967383,0.39426923153516846,-0.4218684755084112,0.02988807034451627,0.87869647255444,166.0,56.0960676657906,7.455767409610292,-360.12500668451116
1261,15132,-0.3346522362732709,-0.3680998023523135,-0.8481782425093393,-0.6965789485928129,0.1240596677291318,0.2578604258787959,0.09386717906338633,0.23647255440812462,-0.32165117740842275,2.755524894911671,1.6501814597847657,-28.355573720298217,0.029283752417790028,0.9106105280208,969.0,0.05490716009216243,0.18923266668228833,0.4150547546008079
1262,15144,-0.5902354072290209,-0.5893967233826222,-0.5798527577376009,-0.20254575302676658,0.3670363672859211,0.4441352273178725,0.09590090416125356,0.24945457974192886,-2.8272461609826327,0.2977366412923742,0.505335194629595,-2.104628093930604,0.058388034966861645,0.9004786032961843,838.0,0.3132233912194376,0.49986352427932157,-2.2661151003619833
1263,15156,0.1145154867265732,0.11704268691432243,-0.4403299652717442,-0.5088657585856742,0.4531267084557278,0.5291864929741718,0.18445800492550826,0.34495948977089497,-1.456530464149382,5.837920859781587,2.339536679451998,-30.649051295654964,0.10626943517835259,0.8451962663257216,881.0,2.5530625664384696,1.5207317219068637,-12.840887889194624
1264,15168,0.43153092026814677,0.3889961196761682,-0.2959036240995744,-0.6795049426010965,0.9748071713075841,0.8560855590202925,0.3847959619541706,0.49250659674154473,-1.5333092539668702,11.046614973993252,3.287290396913489,-27.70772062651975,0.16435273685626817,0.8341656095322056,314.0,0.43431545815390643,0.48879544449452794,-0.12869026989850174
1265,15180,0.8238590146953237,0.792656511325192,-0.30965828336401363,-0.8292923232808525,0.9173435509443055,0.8803761128171526,0.5121811588845089,0.6030807088040783,-0.7910529019501793,0.6677083442997291,0.7295721361443253,-0.3036565924329324,0.09933803729097011,0.8858373545279439,307.0,6.455387186693103,2.3487885154418406,-11.603718576357707
1266,15192,0.7981742689378551,0.7624936783364508,-0.2896374874490254,-0.803172085810004,0.95367282682916,0.89688665419242,0.5532863847056034,0.6423139538425036,-0.7236513552318788,4.820225234611173,2.1645550272692886,-7.711989609460483,0.10670185902056478,0.8858485987011893,308.0,2.6898984746309216,1.4287354781255555,-3.861674801671077
1267,15204,0.5622164560132755,0.4834675793664904,-0.2631570812435114,-0.6582998255792402,0.6581525147079557,0.7634817215894996,0.5579322010757666,0.64538189374965,-0.1796281222681737,1.8994326635604137,1.3505492970541126,-2.404414837319047,0.043541925292102074,0.8898120331179338,537.0,0.8592936334594824,0.8956328917364633,-0.5401398804418376
1268,15216,-0.005769430094014055,-0.1233790487492066,-0.40726615895805074,-0.4694591593418743,0.6061435804157655,0.7377927752561256,0.6347775637943965,0.7257355632409294,0.04510868847895433,0.7197405006345616,0.7982933927200554,-0.1338467861597019,0.03999955531178286,0.9157200841139705,538.0,1.5519431331099567,1.2232406933754516,-1.4448613524290042
1269,15228,-0.32845276200368867,-0.34524577318022515,-0.6216937921926147,-0.013737586190323768,0.7362581423860922,0.8113452186778318,0.6434328337077453,0.7357573335413288,-0.1442657318922418,0.2654197428401604,0.44788821958196484,0.5874942512481153,0.041704180687566185,0.7617279471620412,425.0,0.19235790617439802,0.3794035223831257,0.7010443109252811
1270,15240,-0.30211589344757434,-0.263886650292265,-0.6708953654482981,-0.4247688182286966,0.7429975043132431,0.7786538567882143,0.5928840564833059,0.6935535821811738,-0.2531919119571804,0.13681278726547763,0.29990006654141405,0.7692419187707911,0.042002126165101794,0.9305007366520764,164.0,17.216101685426118,4.140293568918987,-28.03788944425912
1271,15252,0.5205116648635418,0.5482235993314443,-0.8138748282590353,-0.8507054745907433,0.3833904215062046,0.5371144508908327,0.44272864954505065,0.6047178827857858,0.1340284350240767,1.6572162366713994,1.277430064372814,-2.743187251094683,0.01837267247478211,0.940560349663701,1089.0,0.6027288196796273,0.729543211816659,-0.3613955643010529
1272,15264,0.623126584948367,0.602217860277831,-0.9322378326388192,-0.9589586815481882,0.0903309152713947,0.2485532846690525,0.4845369932084947,0.6232960484833143,0.8135727167635979,0.2042532927233495,0.3839060195145648,0.578456762669801,0.010532676067343209,0.9390619756637171,303.0,6.467978297386633,2.0359006488051907,-12.348781182953935
1273,15276,0.687103556074708,0.6527623298777068,-0.9707050900915564,-0.9785974407892863,0.2093057186232355,0.4084027486234184,0.5171349500896759,0.6443088233269649,0.5952589965405742,2.15154767292769,1.3612074250694854,-3.1605149150228424,0.01090960277518221,0.9493304760880484,837.0,0.6858587964815512,0.7168284540172484,-0.3262665699980576
1274,15288,0.383576174417936,0.3496799650875098,-0.9756142100537706,-0.973511053722878,0.07551431384875833,0.2353053892882687,0.5252762394640769,0.6510690649897509,0.8562388545771588,11.192711099740395,3.3344202523316713,-20.308237949540555,0.018696217767530447,0.9198082349347859,168.0,71.64055478872314,8.364624870065928,-135.38643709035037
1275,15300,-0.19716332822060154,-0.23450452569496355,-0.9822757051480315,-0.9528832563865081,0.0871484152246671,0.22752829070616354,0.4950712261709427,0.630776799650871,0.8239679249818173,8.625247163681493,2.930838091991669,-16.42223483758535,0.022328214721301393,0.9053887339370965,924.0,0.043738885657825646,0.1710480558818915,0.9116513274339981
1276,15312,-0.6865577037666774,-0.6905072621338766,-0.9758201660840078,-0.8544591745069655,0.32616695772173987,0.5430971471186983,0.514275997132782,0.6568382786311893,0.3657744877454856,0.0765721313353634,0.23622887737763712,0.8511069313709521,0.023616658988723206,0.813995962640325,1093.0,1.1815129598006486,1.06084728488867,-1.29742971942669
1277,15324,-0.6767883361644297,-0.6753082149932282,-0.9795142891238727,-0.8988663175394771,0.29676000764987676,0.509684690839886,0.4985417112650945,0.6274357815190198,0.40474387409466406,0.22218345982521748,0.4346768737852247,0.5543332587730585,0.03171759247591347,0.8249800507450752,669.0,12.251050111195179,3.4879715526060346,-23.57377153078533
1278,15336,-0.3752519651710287,-0.3813297326714364,-0.9769960846595103,-0.9444107709746623,0.04795149116197221,0.1766916116435732,0.45854549548640755,0.583064086288657,0.8954269715132473,5.815752475189074,2.3970791838950567,-11.683043520076335,0.03499515128456204,0.881037796171966,256.0,1.8966434382273927,1.3631966878112194,-3.13621648646991
1279,15348,0.27285475621227573,0.26955155107777035,-0.9639316891752069,-0.9546047963278623,0.040110483566158456,0.17181129681676416,0.2976696989798248,0.47709124352937937,0.8652517078371587,0.15671587283972285,0.34085846155994454,0.47352426741176434,0.035591793023920154,0.9087962887602161,257.0,1.754942958270262,1.3074216264218346,-4.89560497519503
1280,15360,0.826601211054956,0.8144525545977126,-0.9527671541945205,-0.9621516763474738,0.03751912390004704,0.17665648334304307,0.2587471735196001,0.4512079695842205,0.8549969710211928,6.782361590222703,2.5079996649386747,-25.21231180215748,0.02547130560093104,0.9182255944312822,284.0,0.33155147601940227,0.5416363131168719,-0.2813723586212904
1281,15372,0.810801081264269,0.7921401733028762,-0.9563676738092002,-0.962756814813106,0.030416465424219954,0.14898611720564145,0.23863586089457656,0.43254006260742484,0.8725402573184204,0.2889841108669308,0.4904756332382663,-0.2109835872262169,0.02198538389236666,0.9178953479581705,685.0,3.072227091273375,1.7434426656269786,-11.874121599982868
1282,15384,0.3896405441314643,0.35506462999971555,-0.9592945883139513,-0.9466180556213103,0.031609327111625285,0.15969676663237883,0.24372918997998555,0.4363233908455179,0.8703096370433884,0.5593395466900184,0.7014788705840868,-1.2949222731013466,0.015211553298691121,0.9269787559310976,1248.0,0.04660377698726671,0.1908423944154214,0.8087886929296664
1283,15396,-0.21530365125336254,-0.263287189752089,-0.9604123412355275,-0.8928389547353622,0.05270285937059409,0.20947975110115957,0.24130102443842213,0.4383080010179699,0.7815887458694011,0.10899353669655293,0.29899749485154953,0.5483088521890337,0.0050557013541694465,0.9306053097317326,1249.0,0.0438977506873164,0.17945680258602378,0.8180788880218007
1284,15408,-0.5825518201258864,-0.5792118963473069,-0.9566634773989643,-0.7698896149382111,0.09789742821890736,0.2947208099901041,0.24407406435810536,0.4444400367997334,0.5989027819224894,0.10728971434807266,0.29527544894910895,0.5604214866899695,0.01799564263725914,0.9066703145380864,976.0,0.26556710464454697,0.49572578854000304,-0.08805950088538306
1285,15420,-0.6322444245647505,-0.6271307763741012,-0.952495564362454,-0.8229231873033844,0.053516329341569455,0.20862997056190494,0.23781694994326355,0.42450674742899946,0.7749683975244954,0.141726459834879,0.3437842473774375,0.404052318942401,0.01807778770740285,0.8976302181957679,967.0,0.30973231779031046,0.526279130904275,-0.30239799082531293
1286,15432,-0.3308645513580004,-0.3327517358215122,-0.9466760144290916,-0.8947812492205346,0.021905918076358607,0.10951902537378343,0.22348801090422202,0.4023234629224595,0.9019816857838222,0.1883764609824157,0.40664214230607587,0.15710708498297798,0.019937282958286607,0.8962003126325314,828.0,2.1697374260296565,1.4651792867318336,-8.708518220959597
1287,15444,0.25425522989592825,0.24837058567308526,-0.9392159385080332,-0.9192354884820307,0.039477156484228414,0.14944599108579731,0.16954531938236286,0.3408133442066874,0.7671586769364094,0.16586940047824797,0.3594949192536346,0.02168104031126261,0.01869137826957245,0.9337722290033167,921.0,0.3765787462935427,0.5401688938146397,-1.2211096576737273
1288,15456,0.7681598121536725,0.7505830160519898,-0.9488936946829706,-0.948092570065314,0.07321996630881886,0.21054040416165307,0.17170201321744405,0.34306846747017733,0.5735637285970967,0.22996649700221952,0.44436445392176144,-0.3393348900981674,0.02193331159397132,0.9198054169859571,303.0,4.2251767816629044,1.8522354882413017,-23.607613518847476
1289,15468,0.7779024555156198,0.7754928935936126,-0.9528939477078923,-0.9570184766999701,0.04887157432996087,0.16978561340514278,0.13073460800757417,0.30167496723793225,0.6261772221236975,0.220868052347562,0.44459945837495607,-0.6894382880986334,0.014848276354759772,0.9226934531019033,1133.0,0.5754706249302254,0.6782532368033034,-3.4018231568559507
1290,15480,0.05343723955249544,0.046771528963879906,-0.9430942186576724,-0.9409982476588727,0.056312559805768186,0.1815292067017397,0.14737399255299338,0.31492878731261514,0.6178935046119547,0.20505118015962245,0.41991899129152555,-0.3913661196760294,0.02095920354278633,0.9155631615713321,415.0,0.03394880993626982,0.13755243954619165,0.7696417844955761
1291,15492,-0.46149828687934596,-0.48212887726862746,-0.9608805762564667,-0.8841988205393811,0.08590715421043166,0.24364422380202985,0.15699444217732222,0.3353172032879986,0.45280130290598974,0.039183616164906565,0.17051622196546734,0.7504139915943686,0.019915377508842244,0.8681214973857643,839.0,0.06322366368193155,0.20228448340378652,0.5972872491210763
1292,15504,-0.684591096138193,-0.6879441128998212,-0.9549638940507923,-0.7678472005672914,0.16185632048652893,0.3502448414873494,0.17377991592031697,0.37743506034343394,0.06861319601084026,0.20596244464336497,0.40649154942568566,-0.18519130103506676,0.01926110312478999,0.8275501228393162,1264.0,1.460425019714537,1.177533715036064,-7.403876892104053
1293,15516,-0.7420218772902036,-0.732920983133527,-0.9257945535086151,-0.7090239334299788,0.1902692729305188,0.3871152654277155,0.17607035307576382,0.383835048056203,-0.08064344511563015,0.35456690999154084,0.5682232733631397,-1.013779740868522,0.020034354952138057,0.839938641375325,1265.0,1.1149576433558772,1.0125867110165414,-5.3324553161775405
1294,15528,-0.5714729265803496,-0.5410421871285995,-0.7703634557238147,-0.45476539750678174,0.12740028382882998,0.2907580331804061,0.19954266634696413,0.42099393564425003,0.3615386315059719,2.3848526003256616,1.537942711766119,-10.951592328524306,0.017548157707509313,0.8779757819284364,1266.0,0.9127190758264263,0.888452929261219,-3.574054724914788
1295,15540,-0.32636833162016055,-0.27492164684338094,-0.576043176505975,-0.3553275633589668,0.1514121428202979,0.3314449827921798,0.18709034552591086,0.407197810794292,0.19070039453570697,0.4735968828877234,0.6686178623713549,-1.5313806629435782,0.018364245657446383,0.8726298144076134,1267.0,0.23713131445602964,0.4142448713257109,-0.2674695414637973
1296,15552,0.09928687281137716,0.14931931328844594,-0.42292670061578114,-0.626398529232484,0.12312569327373785,0.31020281054411525,0.17024548998228473,0.375001727841902,0.2767755945455591,0.11620588096997662,0.27495625701728904,0.31742167747252104,0.018306985704067084,0.9021077549350389,628.0,1.102291876886435,1.0398680362572277,-5.474719988183748
1297,15564,0.3851693255842736,0.42733800260230104,-0.027672411809063716,-0.49062353782685303,0.09380900991431888,0.2649682004911823,0.1126012481345055,0.3041172700656928,0.1668919175544017,1.201875473836829,1.0870639734866543,-9.673731363982336,0.01624662152105311,0.9052383326247886,645.0,1.0490987174872608,1.0150228000409889,-8.316936844555057
1298,15576,0.8940399713451801,0.8941009672617498,0.09662419767903832,-0.710091624652024,0.04745350180958399,0.17970089609143397,0.0974585867694564,0.2741673342429449,0.5130906020437395,0.033545452837189536,0.14884358985355242,0.6557978732387826,0.0125333763447441,0.9169011770015003,646.0,2.917188415078972,1.7039529809616896,-28.932595082460413
1299,15588,0.6873518283058991,0.7128310415725732,0.023446926623339814,-0.5573734613646012,0.06810186321756037,0.2149655330020816,0.104717774612504,0.27867886272542985,0.3496628106397083,1.290342385360169,1.0798965489376837,-11.32209517567511,0.02555874467861229,0.9017414441296652,85.0,0.11306229691571912,0.2526363432182224,-0.07968582539204117
1300,15600,0.24588285072613866,0.30765815951889747,-0.18542020436627282,-0.3902551749245275,0.13238832462341713,0.2959903795367634,0.16363782189036213,0.3374838587837539,0.19096744814827882,0.579335802016422,0.7018032120298245,-2.5403539067183307,0.031745677682624505,0.9332726958988458,646.0,3.3006112275848136,1.8005797350822483,-19.17022219836337
1301,15612,0.01479196196235176,0.08978018119795177,-0.3339751410227197,-0.1888154267835442,0.14858478851363838,0.295132259449543,0.14258494743097128,0.30772110802723157,-0.042079063679367534,1.1525953394723534,1.0435303017023405,-7.083569550918773,0.030439550110713528,0.9349221723935888,581.0,4.070851096740015,2.001425165270192,-27.55035661257869
1302,15624,-0.2955438460215438,-0.2318437068296835,-0.5522640571247123,0.07936299417085957,0.28802244518516157,0.46167082528810516,0.1423559503138043,0.3087121293239677,-1.0232553999341465,7.352191314068945,2.7027388097350262,-50.64653319978576,0.03537970079714577,0.9175064324983376,648.0,2.8578132370493923,1.6767870003642338,-19.075123173634346
1303,15636,-0.5682692646086005,-0.5344317084202866,-0.679538648510355,-0.0013911032005007678,0.34539442049069474,0.5337182680370796,0.1498698756814417,0.32710824339386957,-1.3046287248870039,0.34037029214549036,0.516229305445904,-1.2711054546343248,0.04026086189935811,0.9059988971232944,581.0,3.9816119740253284,1.9762279493578927,-25.56712668854485
1304,15648,-0.6728721571708434,-0.6650481077638541,-0.784457415430663,-0.26462127827634974,0.17368389626295744,0.358209762889476,0.14654002126788465,0.3142146797145169,-0.18523182104260805,3.0514764261745553,1.7297798262639021,-19.823502001519834,0.03979751283199546,0.8638358023500067,876.0,1.2449909373836592,1.089267960361025,-7.495910718531528
1305,15660,-0.6549647271972342,-0.6467736116743226,-0.8790758179308888,-0.6930350653380739,0.1731858503049853,0.3492293647856722,0.144737467615671,0.30763521211777506,-0.19655161277834976,0.04759782897041524,0.17318252402310755,0.6711436937890591,0.04150654867019018,0.7717410772990259,631.0,1.3859367762829102,1.1516191747298308,-8.575521798979246
1306,15672,-0.08491919383075969,-0.11112792259328536,-0.870862932816847,-0.7880476118244412,0.06304760040987813,0.1862125466849254,0.12899591855968806,0.2797647597334401,0.5112434477474945,2.5444754582778355,1.5709153403572624,-18.725240043935763,0.04624629656003804,0.7946354385275741,130.0,2.401867045561694,1.5323135455590309,-17.619713494658512
1307,15684,0.7825954366044284,0.7781457734802874,-0.9198925477128674,-0.9485582663365498,0.05674740067048677,0.20825438261680798,0.10868989571080946,0.2637109470976539,0.47789626349928394,0.41544983420768444,0.5914341155006854,-2.822340903823013,0.018978398089395783,0.8452000037874041,139.0,4.013003029517082,1.953861255715809,-35.92158321868718
1308,15696,0.8070073819410087,0.7932926637182188,-0.9458801647447341,-0.9732332239654422,0.1447361018533099,0.33762883057089604,0.20712733812280884,0.3492107561450027,0.3012216389924649,14.396480938582377,3.7908718638521584,-68.50546011481349,0.011060983652366387,0.8900880974014147,664.0,24.658556024444486,4.928065273927507,-118.05022411780364
1309,15708,0.5417600889460732,0.5147672747028839,-0.9405017941641614,-0.9674297033518018,0.11844666268948176,0.30643279218521435,0.20275763816880443,0.34406974532794526,0.41582145186131125,0.014580291757014145,0.0969612025832133,0.9280900493382379,0.01093137246140189,0.8978126996550331,665.0,6.2102530834189125,2.4781219030840784,-29.628947641659796
1310,15720,0.05048878899312727,0.04527430405877614,-0.9598651002373227,-0.9484859813422891,0.07002139815273324,0.23471159277902404,0.21965528635544446,0.36688764243639077,0.6812214296567161,0.07870256412718243,0.21790317663385636,0.6416996584374184,0.012571413139444211,0.8638688670031971,666.0,2.733064115160609,1.6450307163152313,-11.442514635126907
1311,15732,-0.37185417488574896,-0.37800818724272267,-0.9629413064234525,-0.9361948681516398,0.1294309045458996,0.33372108319448074,0.24329316072419213,0.4144093356405262,0.4680043443858737,0.050610001497066175,0.1767267702602055,0.791979349742429,0.013112525125164125,0.8600863077037136,667.0,2.552303759678416,1.5887785334699214,-9.490651492549846
1312,15744,-0.6617104534282289,-0.6575121865951867,-0.9497831704855035,-0.8636674867312895,0.3987778241335133,0.6070422755432274,0.2586635333136181,0.45102463558080064,-0.5416855210510594,0.506890772171943,0.6959338372489957,-0.9596530120748037,0.013327195474675785,0.8647461637207555,216.0,1.4691130329183772,1.1997658856105469,-4.679629494340599
1313,15756,-0.7111877898563665,-0.7031132406180142,-0.9157779376667997,-0.8671673431065019,0.45084794342401996,0.65179805500655,0.2722063424997997,0.48015918779224026,-0.65627273517461,0.06261405936542278,0.20371962821520234,0.7699757515184685,0.012654675484326921,0.9220049687044131,669.0,6.386906623283787,2.5036754993947556,-22.46347467377064
1314,15768,-0.42742721546456813,-0.39062973625162883,-0.7890053998904033,-0.757821754934677,0.20556045952927302,0.40584392958143684,0.25812763283726914,0.4693348543525744,0.2036479889045275,0.6932638326269028,0.7935566446973746,-1.6857404804233247,0.01659138909606711,0.9430230841600247,670.0,6.189788503333409,2.445976300860284,-22.979565594341558
1315,15780,0.1908635231942628,0.30113708622745256,-0.21155672802299896,-0.43526606823392433,0.15728630499100543,0.34437962261133553,0.16444956078612552,0.39519783979330103,0.04355898404883085,0.4419239840640915,0.5171661546950399,-1.6872919693524429,0.006275878017719835,0.9544078957640444,671.0,3.149494696856094,1.7385002599926205,-18.151736750164762
1316,15792,0.5580414228336388,0.611418407970734,-0.19036047483599255,-0.6742598570997148,0.1552796166716303,0.34409716326737416,0.15312468954345046,0.36534790505853404,-0.014073022022802917,0.09216355673423945,0.2786831531182835,0.3981143275520749,0.02498676192402795,0.9297111350946076,238.0,0.08625109200569385,0.20466166768129715,0.4367264203907538
1317,15804,0.7148131684697646,0.736292454452467,-0.05168296648218687,-0.651338851242358,0.13790286210234634,0.3242458163320848,0.12349983761346947,0.3100659776516554,-0.11662383341713811,0.07841105286544549,0.22283015347168747,0.3650918545265066,0.03158380147355087,0.8929631696364286,127.0,12.279931989086101,3.4962758696175174,-98.43277842615393
1318,15816,0.8112637115446222,0.819016624939532,-0.04606849635039872,-0.591576970896454,0.10085122955589183,0.27057506109644586,0.107627094513124,0.28652884909672605,0.06295686962362357,0.8878855908384741,0.9122600074981564,-7.249647496803936,0.034009733846586426,0.9005546554592043,560.0,0.22444544338363825,0.4284097780925448,-1.0853990753812415
1319,15828,0.5334019168600406,0.5980469268408084,-0.14927448048016412,-0.4987163194164918,0.08095210725259452,0.2347425198688884,0.1063477156445112,0.2847224472453235,0.23879787391773089,0.39509375112247,0.5739050726774009,-2.715112719892837,0.03167408019234471,0.8730717762217338,561.0,0.3186305461591689,0.519181076773417,-1.9961202666943603
1320,15840,0.22402935598959436,0.31531283401041493,-0.18654074220989417,-0.3494717824960792,0.0626522245172605,0.21194118349064764,0.09156960300904025,0.25333533476441134,0.3157967004500922,0.15294981547433859,0.3320282800320188,-0.6703120953711958,0.03976735983628123,0.8729211008494431,1224.0,0.20724881077138269,0.3882899890178918,-1.2632926643890978
1321,15852,-0.35259382097350667,-0.31700040959546033,-0.34195067457074996,0.03029034395404604,0.08024418361819766,0.23782044492681298,0.06951944672230531,0.22087387143362963,-0.15426959507793825,0.39253567118243304,0.5913628455253599,-4.6464153512385185,0.032442239327310544,0.8600955215170775,1225.0,0.06238314333372137,0.1990735538805217,0.10265190137501856
1322,15864,-0.647676476858546,-0.6328135627859759,-0.7034016507121,-0.026472513554149226,0.17982381005830456,0.3814371567816911,0.05298319065484862,0.18931112065596126,-2.393978502158183,0.3101514049851135,0.5189253315596535,-4.853769868363539,0.020918615980455826,0.9388523738460725,694.0,0.3956254934829284,0.606506971636143,-6.467000167282749
1323,15876,-0.6923987523444183,-0.671449926454355,-0.7883918355254477,-0.05725096970035968,0.31602419847152124,0.5427200087639409,0.06398967949212891,0.21113158485616104,-3.938674501571679,2.747368159362139,1.6352484767668276,-41.93455102709306,0.02032273095063688,0.8821936642006432,695.0,0.24532422850089391,0.47180991435611874,-2.8338093024996343
1324,15888,-0.5686435385644123,-0.5594569769469934,-0.8295595245076645,-0.6430305711868485,0.10759683515474616,0.27988439576211366,0.07567986837029823,0.23891228935124126,-0.4217365525568786,0.03466473508010879,0.14040656889342537,0.5419556636846171,0.025266826844546623,0.7955120589690612,86.0,2.768831738672187,1.6520597132175887,-35.58610669252774
1325,15900,-0.17892885062112374,-0.17833849825771303,-0.7767665818401132,-0.7210295892606223,0.05059270030449385,0.17751977572823976,0.0751034970962558,0.23783023820974566,0.3263602593677879,0.05245617230546515,0.18843734622752464,0.30154820569493435,0.03070581074598784,0.822269549785306,583.0,0.18413996989208256,0.3806129100335833,-1.451816187148796
1326,15912,0.0962398974939826,0.049332015417674915,-0.5976140974558829,-0.5146101857465305,0.10951609206023864,0.2798718443815448,0.06644265972451584,0.21564823076808404,-0.6482797725785454,0.0835579066924371,0.23382112573337674,-0.2575942480160245,0.0326960690989683,0.8375373205920612,584.0,0.0689627850831386,0.20857114691673911,-0.03792932686728223
1327,15924,0.4918049390194628,0.44086110268855144,-0.5015260269925763,-0.4820685348734276,0.265301731744231,0.4609043630376195,0.06435559737865658,0.20879311767332198,-3.1224344509343,1.159956784879595,1.036503277777103,-17.024178659311033,0.032358234035143665,0.8633827336186637,921.0,0.42398130671986267,0.5521038479861641,-5.588103039821604
1328,15936,0.5164162005845437,0.47456022542850285,-0.32780017854832,-0.37629372359693286,0.2720367844698444,0.4769099664541005,0.0837665127808027,0.23395075352752984,-2.247560098170743,0.06061257697978206,0.20625626608513,0.276410405929265,0.036541003802697904,0.8793019084320188,830.0,0.6281930508036707,0.7294388368188529,-6.499333921748712
1329,15948,0.6439133204357297,0.6066606788898721,-0.12131325884141282,-0.37498781178265866,0.12653450009944198,0.31419293961325756,0.09509749366620687,0.2572173674631003,-0.3305766032444484,2.8601373529486147,1.6714990774096272,-29.07584367036764,0.032319871042388114,0.8562504384138321,587.0,0.06749600076851597,0.22537915057141406,0.29024416768093186
1330,15960,0.44804640153269265,0.41552775350938,0.19662380487341366,-0.2917944119285321,0.06378691437113478,0.1850233273568848,0.08383970960989579,0.24991353876386993,0.2391801609531593,0.10720639620744853,0.25722058462762504,-0.2787066737978625,0.031967081401249896,0.8456753077539848,832.0,0.21133811685091156,0.37830498606227697,-1.520740086460973
1331,15972,0.797238417054044,0.7785714634154616,0.41961229691910673,-0.13891934179685225,0.04266369556636184,0.16282899947113927,0.08473517435321376,0.2504507227474013,0.4965054843869129,2.709090973478376,1.6340531182311853,-30.97126806142729,0.030752019969650893,0.7984676894604703,833.0,0.13388123916234715,0.29450863994377197,-0.5799960309784791
1332,15984,0.7968610496458447,0.7875492469943307,0.3876712084803207,-0.2901702764287091,0.03601357032844995,0.15587206471786044,0.08028300115774906,0.23764690817995987,0.5514172389035825,0.17402920907078134,0.3729763406302576,-1.1676968543917439,0.019768709476447276,0.755142481194701,540.0,0.4074592134792192,0.6165470588113319,-4.075286269861755
1333,15996,0.8028874015113099,0.7733601681667405,0.07427391924617005,-0.519393848720126,0.10019792128646532,0.28662069481443525,0.11732491419713278,0.289951920939489,0.14597916416874757,0.1004628155415768,0.2645073010051297,0.14372138067131923,0.024551860732338306,0.7568163999221165,1251.0,0.02968505152372649,0.1417523523345699,0.7469842468936412
1334,16008,0.892792613934779,0.886232264817973,-0.0008160154715443093,-0.4453011971106934,0.0762578712950983,0.23994934516143762,0.11820974050938043,0.2916621730713806,0.3548935056747974,1.5447327680571,1.2216852637263085,-12.067728271804462,0.027404121740235838,0.7239715370623158,130.0,2.217489758656064,1.4783409861585326,-17.758942783400297
1335,16020,0.910969426087397,0.919031500898703,-0.04400605020547159,-0.3798402733519088,0.058035076612432505,0.19731907533360657,0.09531054542806494,0.24963406268254318,0.39109490611157893,0.2582606466357774,0.4651352782700661,-1.7096754664015439,0.024184205866441533,0.7790843600481987,245.0,1.4835200741654326,1.1930698298440223,-14.565119971799033
1336,16032,0.854246501744619,0.8653820560072683,-0.3530751838644087,-0.5587534763400193,0.06957996563357736,0.21896536423540128,0.09830908652994683,0.2545071282932065,0.2922326095219898,0.20759058602580407,0.38050399295294474,-1.1116113815437396,0.026718053791070204,0.7952701669363157,246.0,1.5437779545970995,1.2155185027153208,-14.703308911601322
1337,16044,0.8526276939135778,0.8618045870288676,-0.5141799036274578,-0.6134831351381519,0.0647065893808837,0.2170096643987277,0.0955788235024218,0.2487366296396216,0.32300286810661427,0.06691203961672476,0.20326847895910397,0.29992819366489354,0.024459235230562988,0.830766329632052,247.0,1.8508961264994588,1.336540786646093,-18.36512774142444
1338,16056,0.7200110970415192,0.6960497261784219,-0.6807850163639177,-0.7373271506206767,0.06545660807771195,0.2151593460435246,0.08206188045670619,0.22203925029427363,0.20235061988074687,0.03128041816623967,0.13770792261312187,0.6188191399934779,0.023948269362821066,0.7507816293963989,830.0,0.7799278582430473,0.8647740078757321,-8.504143140547674
1339,16068,0.5614178934723036,0.4977849553273286,-0.7278350746230274,-0.7643070984108864,0.044445770954903235,0.18366510329796132,0.0917615035040756,0.24584688980059188,0.5156381569867241,0.6768412662231722,0.8084067202412404,-6.376091720130875,0.020666899019454125,0.7611083979271036,1329.0,0.09968140839327887,0.2711082098757236,-0.08630966785381311
1340,16080,-0.41720053927643375,-0.42774410129905993,-0.7006894146138604,-0.3062331473003203,0.08524972216675135,0.2534621058926619,0.061157205769170477,0.21013671463626865,-0.39394403479640294,0.039969028647013766,0.1718281191994764,0.34645430339195993,0.02215785065010867,0.7493494251013492,1330.0,0.137765302221337,0.3373150638137523,-1.2526421946305613
1341,16092,-0.460111283653068,-0.426235160385875,-0.8111468669296455,-0.5006733336454738,0.1284124140384313,0.30452074406751467,0.12028072885796066,0.2863455227349102,-0.06760588547873958,0.7514716349933812,0.8349987805070078,-5.247647832935839,0.030761370481347965,0.7784081895068502,491.0,0.07460330676779246,0.22991146136737037,0.3797567783622978
1342,16104,-0.286385394879217,-0.2719953421526698,-0.5795609432427262,0.06995226030542183,0.14555605155864199,0.3301902301964831,0.18914511175094656,0.37780044486644804,0.2304530092731114,1.150529941176683,1.053111892140383,-5.082789719100024,0.03856160363418231,0.8396839623805836,1256.0,0.08370700447128364,0.23248967001754864,0.5574455839942438
1343,16116,-0.3174320556588911,-0.30629607057959557,-0.4200485042962351,0.20789400696017796,0.18537749677327328,0.3737196201199374,0.23615168622092605,0.4234349620184608,0.21500667753078073,0.6473837052489659,0.7728279160490011,-1.7413892977385799,0.046754290412397426,0.8593986400649274,541.0,0.11105709668510107,0.2706583603228509,0.5297213479085461
1344,16128,-0.026129789939186143,0.026219086365443456,-0.17231215132026334,0.18315220877880498,0.191002476134135,0.3852882428223165,0.26334289796931654,0.4576143722708052,0.27470048515836676,0.2717052497868766,0.46412944755020236,-0.03175461302371785,0.0461467485355526,0.875194178095177,632.0,0.3147713679824183,0.5108472715284581,-0.19529089415236078
1345,16140,-0.035220429753808,0.08383726762373862,-0.026144927607733792,0.06158910885563915,0.29073162624224896,0.49453659763900903,0.3202628195025082,0.530483441136459,0.0922092464749188,0.07115160988212628,0.20790806730567415,0.7778336867431186,0.031588927717981476,0.8185977428535616,633.0,0.1432922794037738,0.3288016856324244,0.5525790985467435
1346,16152,0.2367576125438547,0.3724972624482924,0.025398080588585722,-0.1720587034733815,0.3573046705836975,0.5699834457498639,0.3547868962099613,0.5715230923055851,-0.007096582203662383,0.4348463257954044,0.6447523201811519,-0.22565497892025954,0.01596277286058095,0.8110760800136162,974.0,0.497804140964047,0.6909666899400766,-0.40310746051186963
1347,16164,0.49704854660510744,0.6068812972557407,0.058924511157680264,-0.3916901797961608,0.3845053697507323,0.5814417894793967,0.3581311353695791,0.5639449000638393,-0.07364406994084982,1.3807035205955895,1.1589802687830286,-2.8553015480509694,0.03362549350291398,0.8206756160753467,1041.0,1.5043967489442414,1.2098176372234537,-3.2006868444759915
1348,16176,0.9566656814612765,0.9570678700855182,0.4373354380616258,-0.5194597267998202,0.1899080040877302,0.3905508974128639,0.3016626362765237,0.4838591779186034,0.3704622938001241,0.049834778052445156,0.18869768484663568,0.8347996335656123,0.035191587226737715,0.8811165419387348,1220.0,2.4690636337609564,1.557666407907148,-7.184850680339647
1349,16188,0.789102494519524,0.7948037213240319,0.3215629608150225,-0.6385612239505367,0.10725305051423908,0.29392249734897224,0.23101452893423638,0.39366963879233197,0.5357302806492696,0.42178631592311694,0.5748842686464845,-0.8257999523622523,0.03428074254760866,0.8590397830347416,283.0,0.40951511358422577,0.6103788145859919,-0.7726812052622183
1350,16200,0.8051261697092397,0.8426129136340538,-0.08578111666540819,-0.7228466915410934,0.13567536390963456,0.3303299095416783,0.24068449912919263,0.39033631117085377,0.43629371895359215,3.1006053225637875,1.7457996321335667,-11.882447078153838,0.049817440863529475,0.9135006169896733,1280.0,1.1541362441119993,1.0453258930988822,-3.7952246542162724
1351,16212,0.37727477984519414,0.4656345833150674,-0.4317309173776655,-0.7772482014944913,0.11077093104800345,0.29761275786141594,0.28228527543037973,0.4240670064300581,0.6075922455426728,0.9970759634292355,0.9107202517613298,-2.532157183576319,0.0502835229295208,0.9194790908127163,9.0,0.3088734092443817,0.46342886079717605,-0.09418887957745947
1352,16224,-0.09605627769396376,-0.046494061604207645,-0.6689250865187133,-0.7174127169200486,0.11366611398918768,0.27589666674123986,0.3505755444378301,0.46862203268361524,0.6757728375735438,0.30524827409865035,0.4581337649834136,0.12929387419725724,0.046311402151284944,0.9325607318423557,1282.0,0.7520053939581253,0.8225894404577107,-1.145059476878266
1353,16236,-0.654792948877402,-0.6502796501211972,-0.7763092944072907,-0.5634073429767278,0.5818992335772131,0.6718791522108031,0.441443882421066,0.5280526713232803,-0.31817260754828025,0.12020396342838817,0.3239684635645153,0.7277027313887815,0.042620370359079576,0.9397729418393749,1283.0,0.43753695079729865,0.609532287241051,0.008850347188730123
1354,16248,-0.6759629543943383,-0.6710328109838081,-0.8382032085944748,-0.3466643334967024,0.8638997619122566,0.8532912925562206,0.5868953227663855,0.6416947268845142,-0.47198270015202204,0.09185591850795637,0.26059000892272066,0.8434884127633102,0.01685307774561876,0.8897282771421675,740.0,5.737749613699463,2.389155388164742,-8.776444607965265
1355,16260,-0.731005003882979,-0.7499073147123975,-0.8388694421009253,-0.14857766010962448,0.6314902386603053,0.7361944280747718,0.6598412511257796,0.7256573575743895,0.042966414144468223,1.4936783627257506,1.1961792156160365,-1.2636935174594353,0.031878367608627806,0.780119578022478,565.0,1.3961021029165352,1.139226234876293,-1.1158151305857182
1356,16272,-0.73143220729403,-0.7501193888097201,-0.858964816527818,-0.35433523572063497,0.4511447240645844,0.6409779112501969,0.7417012524129272,0.8237827777587569,0.39174334329771543,0.20222211101169624,0.4140028565224785,0.7273536880869211,0.029191245425874143,0.8016199955140529,1036.0,0.04144090008340638,0.14948241919409494,0.9441272345859071
1357,16284,-0.6322949440968906,-0.6526348487163707,-0.8318964363366059,-0.6328659417133065,0.4274128356575039,0.6335425621223425,0.7242551561157562,0.8214379127192958,0.4098587603438596,0.08347087360112587,0.26507059497639796,0.8847493553945995,0.011006040104208784,0.7837010458630029,1037.0,0.025002247815689858,0.12914934302359748,0.9654786747397435
1358,16296,-0.23684645947170055,-0.3335764821839363,-0.6340366874294692,-0.8833253572048276,0.30739857554339983,0.48524111283692256,0.674564477488292,0.7653418812113004,0.5443006772488472,0.5825020297280599,0.7416700462857077,0.13647686890217248,0.009618346383930935,0.7837091471279728,273.0,0.9345922087382801,0.9366369370070482,-0.3854749841233691
1359,16308,0.4149583960535321,0.295595067785716,-0.4810393815591027,-0.9129815383189792,0.40986257060753883,0.531555511146714,0.5550624263365005,0.6559446908816622,0.26159193784256596,5.131745508414225,2.2540538735811224,-8.245348387720195,0.011173761774538387,0.8645178213511173,274.0,1.3250789614556862,1.0311022960246348,-1.3872611414204634
1360,16320,0.8660507844001397,0.8294895181688156,-0.3706503089643348,-0.9319110025898072,0.4608764567692208,0.6002531736615866,0.4333902207352838,0.5605269532921187,-0.06342144958255913,0.15403675232211483,0.34132755843823986,0.644577230974944,0.016380060483513727,0.8829344365455774,275.0,1.280680059833458,1.0486098012996719,-1.9550275907487578
1361,16332,0.8920534303710302,0.8616931597992266,-0.2467170326058825,-0.9218733164966938,0.5084031199348089,0.6596741268356814,0.27891432983097886,0.4385913303017513,-0.8227931144409091,3.876324036695884,1.9490403101923395,-12.897902051303435,0.015609042066079416,0.8892203397518694,247.0,2.015763470903155,1.373797502209257,-6.227177865420901
1362,16344,0.7844622468009054,0.7210881446342838,-0.3301788702712121,-0.9271459654082223,1.6783550564350307,1.2107823377160374,0.22552685646129786,0.40170551451946124,-6.441929900366652,0.16457497706967053,0.33070965638958827,0.27026439488410614,0.016374855370112823,0.8916935053343057,277.0,2.1361381582838646,1.3976314537705132,-8.47176842617164
1363,16356,0.3316877792502368,0.2043237861628157,-0.4739301789858938,-0.8079392838190593,1.4384482038297888,1.1187476961843323,0.15861195353916274,0.34163641680004747,-8.068977285338224,0.7374681674637272,0.8418834585998002,-3.649511912616596,0.015566941571047904,0.9105304512321323,1289.0,0.17187097217135935,0.36861470582466155,-0.08359406927626578
1364,16368,-0.0025260498369404074,-0.09606928379524209,-0.5653155215420831,-0.6342987624551115,0.029650978370394564,0.13668519571013152,0.11415884662679503,0.282022445073955,0.7402656101867537,0.8263586448068859,0.8794694180283903,-6.238673735977685,0.020809204612393006,0.8775745630896699,839.0,0.06179481669649093,0.21612688075959885,0.4586944549421662
1365,16380,-0.4387608848604867,-0.46566973204978007,-0.7897040326054618,-0.5000159870567983,0.08029780778277591,0.2506208101319427,0.07829849111044658,0.24071228356476823,-0.02553454918446807,0.06472339212921217,0.2224201329373556,0.17337625270563128,0.018713660521737643,0.7266275553916642,1134.0,0.4701167154927755,0.6487624486012429,-5.004160601634538
1366,16392,-0.6908683276511524,-0.68191713002456,-0.8461261040175154,-0.3691177729111817,0.06535586462943678,0.2323408092829327,0.08558573842681028,0.2563122478834399,0.2363696822534671,5.704004567427063,2.383793008518329,-65.64667118932337,0.014881405938694003,0.6613944173121586,376.0,0.036984304351537434,0.16099050825388855,0.5678683735005099
1367,16404,-0.5500739747968939,-0.5480029024976163,-0.8026475496662732,-0.3965399599466092,0.020338973460951797,0.12480530384888287,0.0748242311149134,0.2351174225966112,0.7281766460157051,5.719126965594161,2.384294277109616,-75.43415616006601,0.01160395823822941,0.5577878214281838,600.0,0.05672119499959447,0.20376031965445357,0.24194082378897674
1368,16416,-0.28576927321866874,-0.2524227670968572,-0.7816654125239864,-0.5638629702420329,0.026655916867135913,0.12123978173465798,0.07067178317105481,0.21798284322014752,0.622820938271536,0.3172294259749496,0.5195040714682861,-3.4887706484938095,0.012823149910616723,0.742462930226291,267.0,0.06696724097140852,0.21827569751073844,0.05241897166624154
1369,16428,-0.0800761599587187,-0.02668512583873569,-0.5957464422311748,-0.3797841417867962,0.032863669039597754,0.14270491750405728,0.049074047285469,0.18280856458189568,0.3303248691018643,0.02572579139115718,0.13230283332910253,0.47577604020496833,0.01021267324630875,0.7975686206100115,525.0,0.09108287644663393,0.26592752806719616,-0.8560294388762164
1370,16440,0.2385352766138157,0.3488787217399977,-0.3352578722249719,-0.24495288974757076,0.04597538915148638,0.1768636855408817,0.03549579755327802,0.15377273272558853,-0.2952347128552002,10.327951672571674,3.2066664596389742,-289.96265993375016,0.008935292187481193,0.8361840110420152,1294.0,0.17148645228329548,0.3676923201638557,-3.831176198418981
1371,16452,0.22004688598940542,0.2984353563729474,-0.05409181720499054,-0.22425379304704324,0.04510783575515485,0.1823589732096424,0.03501369474834553,0.15756246890722136,-0.2882912266003086,0.07019757713857355,0.19381569613973304,-1.0048606022045283,0.005152199168169846,0.835180784742046,1295.0,0.2059414602443714,0.4163156165927527,-4.881740322594849
1372,16464,0.5252896565133092,0.5857037210500368,0.04925955029319372,-0.5863762377150978,0.08789293233069201,0.26305329428785157,0.0561124786226456,0.20157647081268718,-0.5663705202147424,1.6555464836382643,1.2480397062544526,-28.504069759095028,0.0046692456821548645,0.8056913568987529,966.0,0.021809220555531306,0.11266877781873043,0.6113302942435046
1373,16476,0.8535790906929033,0.8618001917368842,0.4388751143361599,-0.45370436017935534,0.05147972712962636,0.20161247271106938,0.0531837387777308,0.19814955707704363,0.032040087576880594,1.0382973137792635,1.0132563225779203,-18.52283419032626,0.00543833596300937,0.7257654683641992,1285.0,0.14507413818785522,0.3615300996494632,-1.7277912670667854
1374,16488,0.9637530178360965,0.9659872874607095,0.5785302264609988,-0.4649821350999939,0.020583924662774977,0.11738990033560584,0.05443877580594616,0.20293544543407382,0.6218885462055768,2.8685100000561157,1.6919690656115283,-51.692404588253034,0.004469622028614643,0.7476578799420287,584.0,0.06763641312194234,0.22988643012800003,-0.24243082473126898
1375,16500,0.9809247605504072,0.9808261319536036,0.6380106541411782,-0.3038513835005906,0.03756821197639975,0.17542768341911655,0.05595329367300347,0.21176876198040484,0.32857907890191307,0.2445411624626558,0.4860764694923519,-3.3704516107984333,0.0037830982122860207,0.7307604808333227,133.0,1.6805161163063471,1.2939442766579212,-29.034266188643837
1376,16512,0.9715532048830908,0.9735909721224144,0.6105036730161651,0.012432938222362504,0.01187315090961483,0.08363299248516705,0.05285416827430655,0.19743033235517143,0.775360178822706,1.3101652278740819,1.1375847601801503,-23.78830470048242,0.004011853881851927,0.7271084752202449,124.0,13.164541884707692,3.6264234332045557,-248.0729173219671
1377,16524,0.9208788206433385,0.9366270510875482,0.5258884247005338,0.08896100407925743,0.0189033518265321,0.10963601890818464,0.05347149445287018,0.1981495625789986,0.6464779595192813,0.012174269177489963,0.08803685666343133,0.7723222568948326,0.006661187487640138,0.7932605159320709,535.0,0.21316435841565087,0.41967199581443926,-2.9865045964543615
1378,16536,0.8213105983011508,0.8456011710859849,0.412047810821554,0.037397226273950264,0.021461683634650557,0.11792828573275393,0.04700864642966609,0.17307269358957086,0.5434524228056357,0.05726608054513973,0.21217584086405777,-0.21820313696589255,0.006421883734977202,0.8843665846295554,423.0,0.12268525620662006,0.335308030532194,-1.6098444759557293
1379,16548,0.5360678204504191,0.5887165257660328,0.14789052449121615,-0.0037496047397219457,0.03186772940982776,0.13944298411049474,0.03291778342549898,0.14953556809128316,0.03189929291708693,0.7449081420081581,0.8553799034366714,-21.62935302718872,0.0057001031430904455,0.8859396609851752,1247.0,0.1026041213297724,0.2708308442369129,-2.1169814809065346
1380,16560,0.37677452546155377,0.43808799171076,-0.07695962748408282,0.03469251976351427,0.03342994662096647,0.15107451749368372,0.024171634257567607,0.12797920628760429,-0.38302384790140076,0.01822069273937226,0.11689121681773214,0.24619524914134583,0.004304952197918341,0.9014273334817595,672.0,1.3907136322468747,1.17623921808054,-56.534944366100234
1381,16572,0.17844103747850246,0.2337552546424401,-0.5492698075995961,-0.31530963680487345,0.030125920486215107,0.14844683148372997,0.017444924175314343,0.10849591569950037,-0.7269161037022542,0.9790278246435759,0.9857958542245517,-55.121070794275006,0.003970977424156858,0.7979150122591756,1297.0,0.13617750453299982,0.36027992668129283,-6.80613909034351
1382,16584,-0.011856996995084048,0.018305011178075384,-0.6099711766260526,-0.2679196957058669,0.021597790684042693,0.12654203128989228,0.017269062938738512,0.10678437733280557,-0.25066373089612415,0.46765670174491347,0.6743007990204197,-26.08060671293583,0.005469900807856622,0.7922934291089427,954.0,0.030255566927868294,0.15040860595447136,-0.7520097665518402
1383,16596,-0.00070205449998592,0.03301740552960973,-0.6288571997333939,-0.2521647339213188,0.022839884644568646,0.13210431871662995,0.01788425703731365,0.11066001309186492,-0.27709440749568715,0.7998333006991597,0.8875737519756506,-43.72275806763403,0.005231458979047911,0.7484798940707967,761.0,2.896983279614113,1.698015038713855,-160.98510643018926
1384,16608,0.28959535769158434,0.32651859858028504,-0.5887748452513027,-0.43622984198831194,0.01379186290935134,0.10144917473322136,0.016862896790202045,0.10659719960252001,0.18211781279685513,0.03666688926825066,0.1647431588631036,-1.1744122450868257,0.005923461259021635,0.7095672288776218,108.0,2.314249229115611,1.5175177043593835,-136.23912669976573
1385,16620,0.5233437041665243,0.5342499134354499,-0.6191707253795847,-0.5729047393825434,0.009593042893235992,0.06868415669050931,0.01861673696667368,0.11598051357414829,0.4847086838897302,0.04429632101669983,0.18701453383826605,-1.3793815799189653,0.006778847489620637,0.7749913320939038,1259.0,0.022804105090053105,0.12703060239286423,-0.22492492271203846
1386,16632,0.5998802324680547,0.6058533527949486,-0.5239053436825488,-0.47274716784909193,0.008654588182886048,0.06807390001149854,0.01415457508615757,0.10362413265567025,0.38856601980586614,0.2608689484656839,0.5018136952100091,-17.43000915801422,0.008069930889335795,0.7711944145537057,610.0,0.504716490380798,0.7021984801582724,-34.657480871635926
1387,16644,0.8557223633628452,0.850994829167899,-0.4055531198984259,-0.39345022955054165,0.011171346561822615,0.08139772290572002,0.012749473738187968,0.09902542875353719,0.12377978956405511,0.31030404641778986,0.5458239853248938,-23.338576853438983,0.009058390455675787,0.8110451167573626,119.0,1.9696207304198257,1.4000217312104375,-153.48643378277666
1388,16656,0.9014741748314294,0.8953028441100251,-0.35531783683531,-0.34305173136143075,0.014076082041533131,0.09512769231583358,0.016883551453426904,0.11093052954520875,0.1662842927116458,1.4604090393042752,1.20191217511506,-85.49892431297988,0.010978478842891489,0.7811255450063875,766.0,1.851502665321354,1.3565328843184217,-108.66310437876203
1389,16668,0.7667268924901013,0.7416217647694465,-0.5373816086311022,-0.496803499559438,0.012591227267342386,0.08871772210430308,0.016138438452062438,0.10786387189923126,0.21979891023884846,0.2506901741990087,0.4888013724830907,-14.533731776073498,0.008497274865153037,0.7738348535660492,767.0,0.9645605706640441,0.97637908614325,-58.767899696688225
1390,16680,0.5023575268759095,0.4684290820476452,-0.5237292245620442,-0.3948422903572262,0.020339141108111913,0.1170417031689785,0.01600551203492063,0.10669464411543081,-0.27075854016642675,0.018956289486090495,0.1070582245254422,-0.18436007824878686,0.009698346540911795,0.7747463555167621,72.0,5.914636269533842,2.4298773428780343,-368.53746038423276
1391,16692,0.524579994756986,0.5009146361814945,-0.5738570441275362,-0.4862789991991766,0.02668342060833886,0.1330930548649151,0.015345815858369931,0.1032702982644312,-0.7388075586600475,0.016905186942378102,0.11545049651782674,-0.10161539134836262,0.009575062031940371,0.7786216259528979,871.0,0.05703988547083473,0.2147090233485427,-2.7169666309871676
1392,16704,0.7308784615879439,0.7061396590686551,-0.5301961783261083,-0.5474183752651137,0.03403138218266774,0.14791970950760208,0.016549354982194002,0.10804977562128014,-1.056357013266271,0.26920252125264604,0.5043069144355052,-15.26664734319192,0.010833177181705123,0.8068812631922104,1254.0,0.024107906008283057,0.13292767155812366,-0.4567278322461237
1393,16716,0.6849093033576265,0.6614390030213478,-0.4921071124729995,-0.5332795396049651,0.030716630168682972,0.12893901853172465,0.026080946697097977,0.12680870327291052,-0.17774214737767968,0.14671924246898194,0.303279522844037,-4.625533619349307,0.021446134539183384,0.8000979032768737,711.0,1.4114182191649993,1.177901961925851,-53.11683232043289
1394,16728,0.6960259705084526,0.6714604158653988,-0.17059557418559593,-0.2624433319527072,0.05508124065155798,0.16516059260655597,0.054021385485180894,0.1734342389706818,-0.019619177791502906,0.09810455867827178,0.23605235443769376,-0.8160318880600304,0.04773888483850802,0.7892567291860815,762.0,2.9085967765321636,1.6903419246092903,-52.84158052240344
1395,16740,-0.0280016748885963,-0.06548121874804858,-0.09507956069633487,-0.17424095480354854,0.0584087119894599,0.18031357509838075,0.05251886865472783,0.171627831005996,-0.11214718606094443,0.06540411084262028,0.21418440451348214,-0.24534500681275628,0.037113372509647254,0.8225784467710056,763.0,1.3136952713673518,1.1262266449437857,-24.0137770484721
1396,16752,-0.29248016155159295,-0.3354682265329373,-0.2811773058600897,-0.2293649557762744,0.07951994654877301,0.2279416156645434,0.0640256565952943,0.20130083754123354,-0.2420012660146229,0.09068671746986318,0.24175426538899186,-0.4164121430740373,0.032585449073504434,0.8007196341034255,444.0,0.10850987272627437,0.27501188266465376,-0.6947873477060058
1397,16764,-0.1245950946986977,-0.22681408363199232,-0.32126008670237843,-0.2236306466816934,0.07487819484899473,0.21829416651371486,0.06952392037658249,0.21978669277577856,-0.07701341413732621,0.14627132213777083,0.3554321685642159,-1.10389922411566,0.02214720939949983,0.7808236874309537,71.0,4.21685309519812,2.045632525808847,-59.65326972870863
1398,16776,-0.21334892363040595,-0.2741943215780874,-0.3195233359207919,0.02530196708510868,0.08108594753852383,0.2314207453171821,0.0705075470017972,0.2243828327669017,-0.15003217366868515,0.08231462159341776,0.23184034293914324,-0.16745830898527214,0.017847965330341848,0.8309543137299681,94.0,4.65028283761239,2.149657445225744,-64.95439829290694
1399,16788,-0.37733692512961636,-0.42275883126907465,-0.28940288228594924,-0.022792229572913957,0.07505293071113787,0.2164883810607481,0.06767404121244561,0.21031106944919908,-0.1090357449694499,0.7251155140104592,0.7973446963300247,-9.714825079444298,0.02032539044619832,0.8630141333379728,833.0,0.08630378678690225,0.27180180807133786,-0.27528643539955366
1400,16800,0.2316635051676033,0.19422040738433294,-0.36630042832627946,-0.37121966698351666,0.07428278740838759,0.21687410962410672,0.07692753322415079,0.22654437175021133,0.03437970392287193,37.790932948934774,6.127887961245255,-490.25366907086277,0.05007225025813318,0.8779352854408543,834.0,0.34563681818789704,0.5357373088011834,-3.493018347290344
1401,16812,0.3774788962940669,0.3467140011515824,-0.8245038420182609,-0.8319123575066855,0.038344123407589005,0.16742200410017744,0.064277065815979,0.21030722755631848,0.40345560394175894,0.07187263014822846,0.2211234187314551,-0.11816912044484207,0.029754889118074498,0.9054263451327422,137.0,0.15367317545391943,0.34072395851237786,-1.3907932557761051
1402,16824,0.32866405295329226,0.2976255222261997,-0.9431025510927116,-0.9386492908066449,0.08571953721223863,0.22683668972194426,0.12923225735567298,0.2826442479020647,0.33670169533353156,0.3336095355840251,0.5184860343236565,-1.5814726323774182,0.02161362309702323,0.8988652780584659,664.0,20.84034077032885,4.538864580875275,-160.26268469467396
1403,16836,-0.42806462569675113,-0.45200681361674183,-0.9376713454381458,-0.9174709641891033,0.28108491519828815,0.4149868754508893,0.13604414481933033,0.2939173012254972,-1.0661301930456117,0.5706433361606535,0.6591049117285108,-3.194545358188555,0.02025804870427273,0.9237323647326919,665.0,5.100967570044952,2.2435685644429095,-36.49494384208267
1404,16848,-0.6892845757092942,-0.6957369978496285,-0.9381552360717984,-0.891681879633535,0.3764201937303166,0.5082356842812407,0.14487326583617444,0.30934034040128106,-1.598272300674025,0.9044898759957025,0.941708199594524,-5.24331805302517,0.013581581929566934,0.9043153619304213,666.0,2.166698913179445,1.4604944025266156,-13.955822944100614
1405,16860,-0.5802635511796347,-0.5968325796482427,-0.9398458705857948,-0.844684028719433,0.2958626374693227,0.4987983064443428,0.14964462403201967,0.3232300531993895,-0.9771016792826219,0.08183403085554505,0.2662619773120164,0.45314419823036933,0.013179715522784996,0.8851355750216665,1275.0,0.6277847715974681,0.7776231327450396,-3.1951708967716757
1406,16872,-0.6648704237390543,-0.66272366734016,-0.9332231328560818,-0.7833335197019488,0.4281639131139351,0.6093277729552853,0.15014942985305946,0.3262120968914154,-1.8515853409030498,0.022860765613934124,0.13154409480557758,0.8477465706243019,0.01192603211395157,0.8625093857671576,1312.0,0.3140063498416175,0.5383909736689579,-1.0912923222479973
1407,16884,-0.6075382171505418,-0.6213377347765473,-0.9382706747463022,-0.8753904122194208,0.42248299929113786,0.5739130248039872,0.1390687916527951,0.30484034707302726,-2.0379425482169027,5.411712980665723,2.320319844842213,-37.913928253413104,0.01162020852789377,0.9076442404670805,669.0,5.707750789753059,2.379022034938704,-40.04264315464297
1408,16896,0.15313388350729398,0.13163522778525832,-0.9360117989714919,-0.9163901347956357,0.15355756244101132,0.3205497316272551,0.13925149864971115,0.3043954767237454,-0.10273543861303236,0.2602342169598347,0.4908149784469034,-0.8688072981854007,0.01162506763842653,0.9184254116284062,670.0,5.927634336266579,2.4213406331394203,-41.5678315403816
1409,16908,0.7615167830486956,0.7508062365750962,-0.8714381427988926,-0.8705196786440146,0.015385951814885945,0.0991196481428421,0.07636604917409173,0.24829175378838483,0.7985236635744952,0.13449120497497635,0.3122868495635676,-0.7611387053476693,0.007663217931519354,0.9383084401732016,1221.0,0.684311297724743,0.8209137152538217,-7.960936242291625
1410,16920,0.8491654077128508,0.85537389056973,-0.7766302161452522,-0.7695441829870833,0.018269047139484202,0.11519980075679219,0.06077586475362704,0.21808156510360088,0.6994029255931908,0.16731669764396084,0.3375941706526221,-1.7530122084190594,0.00979766293513899,0.9430144025722526,646.0,2.373984744668131,1.5365847357989393,-38.061307548510925
1411,16932,0.4724901899944746,0.46296824373613865,-0.7867595404059166,-0.7110287833991523,0.01659669910066168,0.11130817595729939,0.0495186958669985,0.19688802238360537,0.6648397375965132,0.18238383020735285,0.41480479926556224,-2.683130724953152,0.008136645798086532,0.9224400756070791,1301.0,0.022702906075388374,0.12143971097376002,0.5415285948489887
1412,16944,-0.1908385368510246,-0.2093274223483587,-0.7768963512667609,-0.5275569342591588,0.03352644222193349,0.16051552382314466,0.04197785755133523,0.17443294435884327,0.2013303160854839,0.0240899266599699,0.13535706151235838,0.42612777151597037,0.010240273878039632,0.9146367716073565,648.0,1.8823442725755895,1.3666945483528696,-43.84136119318734
1413,16956,-0.502378765373443,-0.5262998922177093,-0.7894147982046692,-0.29923516402837286,0.03305769244721184,0.1650183872425093,0.043775604456667484,0.18227651667331654,0.24483755604254587,0.45285778421636796,0.6591908040169202,-9.344980722416798,0.00903728542919447,0.8675582181296164,649.0,1.7556578724149434,1.3200118862110435,-39.10585106032815
1414,16968,-0.7613372612693518,-0.7617579444486302,-0.5765951672640515,0.2834014195486711,0.09028597877174083,0.24711767010421623,0.08091024508583229,0.23449306472175255,-0.11587820153013317,0.6122660516189143,0.7356067667634536,-6.567225274987142,0.024886076177117196,0.8320689244393317,772.0,0.026348747251458065,0.11943597925409714,0.6743459715947414
1415,16980,-0.6250213533679901,-0.6513141650171426,-0.47667257911847716,0.21501861355330917,0.05681042566082825,0.18628025194415745,0.07249191244451345,0.21834438248797516,0.216320500520497,0.09134267975243764,0.2536508160538866,-0.2600395916213811,0.02442847725989428,0.8959206490901855,1259.0,0.049425099006396994,0.1837891076731923,0.31819843980212537
1416,16992,-0.32869800172413977,-0.39012022647894923,-0.34447826315143404,0.007755871045115998,0.05563884623176331,0.18545904651267517,0.05930935882619669,0.18425599352179375,0.061887578403766685,0.6476959014035819,0.7483878216906171,-9.920635701047193,0.025094951098463176,0.9031151324724268,1260.0,0.0831646337960085,0.2600000558035441,-0.4022177181128965
1417,17004,0.18993538142817804,0.0953546587643204,-0.2239497131671695,-0.19826388898723113,0.043790622293295486,0.17492638821256934,0.05489244036131129,0.16747910479566547,0.20224675738483777,3.575015223148936,1.8831769464644317,-64.1276423423259,0.026584808199791334,0.9334999123230565,1261.0,0.0712019734232919,0.2388863702877244,-0.29711801761095913
1418,17016,0.427749150299457,0.3444625392260845,-0.02054827687387443,-0.1695517066417932,0.05538675632427099,0.2042355883509948,0.05539009542776893,0.16855730823666132,6.0283403958028003e-05,0.055753852379339115,0.20917350861132178,-0.006567184056299968,0.026338839244229216,0.8594335334412373,68.0,16.19106165816375,4.018815115580927,-291.30969062470007
1419,17028,0.8408078271479155,0.8088227161637902,0.15110548330781662,-0.3127497060476777,0.053736262935607494,0.1910174019353564,0.06469615421052556,0.1893867511401251,0.16940560700492113,0.22625323005821477,0.43849358297767466,-2.4971666062556332,0.020491446194923792,0.8459330132905116,959.0,0.041030378754970585,0.16307829835654378,0.3657987981564558
1420,17040,0.9724018122980325,0.9673290216886505,0.2589841034824712,-0.6040536644871896,0.08917596592249549,0.2151939610979189,0.13224592713934794,0.26884170043668704,0.3256808141355423,5.799148424279758,2.4026096472641947,-42.85124403997091,0.02175019930687196,0.8404286375005997,72.0,7.65050740113104,2.7574399604888358,-56.85060883629087
1421,17052,0.8897883791341853,0.8766087147111029,0.3589376678625868,-0.6738279036219362,0.05867078084741876,0.16901242086608442,0.11128482280734639,0.25224558455394624,0.47278721961045667,0.2337351973348774,0.4339451691697107,-1.1003331041782234,0.016200715774728154,0.8791949885923899,1399.0,0.1302121545473308,0.31262717084828845,-0.17008008156467969
1422,17064,0.45580300673720786,0.41573135963435587,0.07253342714822973,-0.7835234319180504,0.10504188982017718,0.27205008030441874,0.1130827498335446,0.25603531951292235,0.07110598234658605,0.0741417212964638,0.23395211716334885,0.3443586983372898,0.019403131596026666,0.7764765811208887,98.0,2.560404743610483,1.5876493426793379,-21.64186843156312
1423,17076,0.6330731183892825,0.6017190230387183,0.04121397307309084,-0.7328844512668172,0.08389540248641546,0.23819981397383586,0.11209849839215087,0.25206738418016505,0.2515920936520787,1.6886119326062177,1.290417875576425,-14.063644534282666,0.02239873560122598,0.8253655164443581,87.0,0.21951299554294093,0.4038760901777994,-0.958215307889541
1424,17088,0.6569246682014129,0.618365051872976,0.06966504819566947,-0.5663184461835333,0.06541002224939597,0.19706619359776545,0.11188785896785566,0.2503558494814403,0.4153966046647861,0.07848741158687081,0.23855919869951073,0.2985171732580967,0.022316676804624312,0.8047288354173384,100.0,0.08252339095031899,0.24975667766166965,0.2624455261582296
1425,17100,0.7526247644081443,0.7154932843990259,0.02754689046756291,-0.32973620271773013,0.06005145060494929,0.181495507768943,0.1112138883651001,0.24386227596017007,0.4600364083323071,0.6858135826730654,0.809519682739766,-5.16661815133765,0.02513552783925449,0.8541654658109407,123.0,8.17990038997094,2.8542533259904452,-72.55106911753178
1426,17112,0.6231758397076184,0.5655078576371494,-0.10627189018851096,-0.3508397888475396,0.06338084602284756,0.2000570448792621,0.10633632304821766,0.23746100629189595,0.40395864549399696,2.4494770923239564,1.5483070219262351,-22.035187056573825,0.039588372429495054,0.8361185290953538,124.0,15.634167399175098,3.94777681254468,-146.025653614954
1427,17124,0.40320319491004225,0.3447199040402981,-0.44992552909261374,-0.4137101620573167,0.029820709123319866,0.14416410327632548,0.04747330113020035,0.17703293474398524,0.3718425217253475,0.3848022780985923,0.5953654012096611,-7.10565663093942,0.025922132300346536,0.8013147369619856,897.0,0.11030315813383124,0.2892470015845518,-1.3234777339649
